Attendance_ID,Employee_ID,Attendance_Date,Attendance_Status,Check_In_Time,Working_Hours,Late_Minutes
ATT-E0001-20260601,E0001,2026-06-01,Present,10:05,7.34,50
ATT-E0001-20260602,E0001,2026-06-02,Present,08:24,8.83,0
ATT-E0001-20260603,E0001,2026-06-03,Present,08:00,9.66,0
ATT-E0001-20260604,E0001,2026-06-04,Present,11:30,9.09,135
ATT-E0001-20260605,E0001,2026-06-05,Present,08:36,9.14,0
ATT-E0001-20260608,E0001,2026-06-08,Present,08:52,9.32,0
ATT-E0001-20260609,E0001,2026-06-09,Present,08:48,7.38,0
ATT-E0001-20260610,E0001,2026-06-10,Present,09:53,8.83,38
ATT-E0001-20260611,E0001,2026-06-11,Present,10:23,9.59,68
ATT-E0001-20260612,E0001,2026-06-12,Present,08:55,9.08,0
ATT-E0001-20260615,E0001,2026-06-15,Absent,,0,0
ATT-E0001-20260616,E0001,2026-06-16,Present,09:37,10.5,22
ATT-E0001-20260617,E0001,2026-06-17,Present,08:47,9.61,0
ATT-E0001-20260618,E0001,2026-06-18,Absent,,0,0
ATT-E0001-20260619,E0001,2026-06-19,Present,08:19,9.14,0
ATT-E0001-20260622,E0001,2026-06-22,Present,08:00,9.99,0
ATT-E0001-20260623,E0001,2026-06-23,Present,11:04,9.3,109
ATT-E0001-20260624,E0001,2026-06-24,Present,11:44,8.22,149
ATT-E0001-20260625,E0001,2026-06-25,Present,10:55,7.88,100
ATT-E0001-20260626,E0001,2026-06-26,Present,11:34,8.89,139
ATT-E0001-20260629,E0001,2026-06-29,Present,10:17,8.59,62
ATT-E0001-20260630,E0001,2026-06-30,Present,08:58,7.46,0
ATT-E0001-20260701,E0001,2026-07-01,Present,09:01,8.93,0
ATT-E0001-20260702,E0001,2026-07-02,Present,10:44,10.07,89
ATT-E0001-20260703,E0001,2026-07-03,Present,08:30,7.13,0
ATT-E0001-20260707,E0001,2026-07-07,Present,09:00,8.29,0
ATT-E0001-20260708,E0001,2026-07-08,Leave,,0,0
ATT-E0001-20260709,E0001,2026-07-09,Present,11:05,8.4,110
ATT-E0001-20260710,E0001,2026-07-10,Present,10:07,8.11,52
ATT-E0001-20260713,E0001,2026-07-13,Present,11:51,7.34,156
ATT-E0001-20260714,E0001,2026-07-14,Present,10:52,7.12,97
ATT-E0001-20260715,E0001,2026-07-15,Present,08:07,10.35,0
ATT-E0001-20260716,E0001,2026-07-16,Present,09:29,7.02,14
ATT-E0001-20260717,E0001,2026-07-17,Present,11:27,7.16,132
ATT-E0001-20260720,E0001,2026-07-20,Present,08:08,9.41,0
ATT-E0001-20260721,E0001,2026-07-21,Present,10:49,8.48,94
ATT-E0001-20260722,E0001,2026-07-22,Leave,,0,0
ATT-E0001-20260723,E0001,2026-07-23,Present,10:21,7.55,66
ATT-E0001-20260724,E0001,2026-07-24,Absent,,0,0
ATT-E0001-20260727,E0001,2026-07-27,Present,08:03,9.87,0
ATT-E0001-20260728,E0001,2026-07-28,Present,08:27,9.1,0
ATT-E0001-20260729,E0001,2026-07-29,Present,11:57,7.15,162
ATT-E0001-20260730,E0001,2026-07-30,Present,09:14,8.9,0
ATT-E0001-20260731,E0001,2026-07-31,Leave,,0,0
ATT-E0001-20260803,E0001,2026-08-03,Present,10:00,8.92,45
ATT-E0001-20260804,E0001,2026-08-04,Present,08:49,9.8,0
ATT-E0001-20260805,E0001,2026-08-05,Present,11:02,8.08,107
ATT-E0001-20260806,E0001,2026-08-06,Present,10:02,7.04,47
ATT-E0001-20260807,E0001,2026-08-07,Leave,,0,0
ATT-E0001-20260810,E0001,2026-08-10,Present,11:03,8.32,108
ATT-E0001-20260811,E0001,2026-08-11,Present,09:26,7.32,11
ATT-E0001-20260812,E0001,2026-08-12,Present,10:16,7.68,61
ATT-E0001-20260813,E0001,2026-08-13,Present,10:53,8.99,98
ATT-E0001-20260814,E0001,2026-08-14,Present,11:32,8.8,137
ATT-E0001-20260817,E0001,2026-08-17,Absent,,0,0
ATT-E0001-20260818,E0001,2026-08-18,Present,09:30,10.02,15
ATT-E0001-20260819,E0001,2026-08-19,Present,11:02,8.55,107
ATT-E0001-20260820,E0001,2026-08-20,Present,11:11,10.44,116
ATT-E0001-20260821,E0001,2026-08-21,Absent,,0,0
ATT-E0001-20260824,E0001,2026-08-24,Absent,,0,0
ATT-E0001-20260825,E0001,2026-08-25,Absent,,0,0
ATT-E0001-20260826,E0001,2026-08-26,Present,11:33,9.76,138
ATT-E0001-20260827,E0001,2026-08-27,Present,08:21,9.93,0
ATT-E0001-20260828,E0001,2026-08-28,Present,08:24,8.69,0
ATT-E0001-20260831,E0001,2026-08-31,Leave,,0,0
ATT-E0002-20260601,E0002,2026-06-01,Present,09:24,7.03,9
ATT-E0002-20260602,E0002,2026-06-02,Present,10:10,7.67,55
ATT-E0002-20260603,E0002,2026-06-03,Present,08:38,10.48,0
ATT-E0002-20260604,E0002,2026-06-04,Leave,,0,0
ATT-E0002-20260608,E0002,2026-06-08,Present,11:49,9.5,154
ATT-E0002-20260609,E0002,2026-06-09,Present,09:35,8.73,20
ATT-E0002-20260610,E0002,2026-06-10,Leave,,0,0
ATT-E0002-20260611,E0002,2026-06-11,Absent,,0,0
ATT-E0002-20260612,E0002,2026-06-12,Present,09:15,9.69,0
ATT-E0002-20260615,E0002,2026-06-15,Present,08:43,9.81,0
ATT-E0002-20260616,E0002,2026-06-16,Present,08:08,7.84,0
ATT-E0002-20260617,E0002,2026-06-17,Present,10:45,8.22,90
ATT-E0002-20260618,E0002,2026-06-18,Present,09:22,7.37,7
ATT-E0002-20260619,E0002,2026-06-19,Present,11:44,8.03,149
ATT-E0002-20260622,E0002,2026-06-22,Present,10:40,8.5,85
ATT-E0002-20260623,E0002,2026-06-23,Present,10:29,10.09,74
ATT-E0002-20260624,E0002,2026-06-24,Present,09:42,9.31,27
ATT-E0002-20260625,E0002,2026-06-25,Absent,,0,0
ATT-E0002-20260626,E0002,2026-06-26,Present,08:42,9.97,0
ATT-E0002-20260629,E0002,2026-06-29,Present,08:41,10.25,0
ATT-E0002-20260630,E0002,2026-06-30,Present,10:49,7.02,94
ATT-E0002-20260701,E0002,2026-07-01,Present,10:29,8.58,74
ATT-E0002-20260702,E0002,2026-07-02,Present,08:14,7.79,0
ATT-E0002-20260703,E0002,2026-07-03,Present,11:06,7.99,111
ATT-E0002-20260706,E0002,2026-07-06,Present,10:41,8.11,86
ATT-E0002-20260707,E0002,2026-07-07,Present,11:31,7.27,136
ATT-E0002-20260708,E0002,2026-07-08,Present,10:12,9.07,57
ATT-E0002-20260709,E0002,2026-07-09,Present,09:44,7.05,29
ATT-E0002-20260710,E0002,2026-07-10,Present,09:16,10.13,1
ATT-E0002-20260713,E0002,2026-07-13,Present,11:00,8.06,105
ATT-E0002-20260714,E0002,2026-07-14,Present,09:37,7.18,22
ATT-E0002-20260715,E0002,2026-07-15,Present,08:38,8.19,0
ATT-E0002-20260716,E0002,2026-07-16,Present,08:48,7.97,0
ATT-E0002-20260717,E0002,2026-07-17,Present,10:23,9.25,68
ATT-E0002-20260720,E0002,2026-07-20,Present,11:15,8.28,120
ATT-E0002-20260721,E0002,2026-07-21,Present,10:31,9.79,76
ATT-E0002-20260722,E0002,2026-07-22,Present,09:26,7.87,11
ATT-E0002-20260723,E0002,2026-07-23,Present,09:58,8.89,43
ATT-E0002-20260724,E0002,2026-07-24,Present,10:29,7.3,74
ATT-E0002-20260727,E0002,2026-07-27,Absent,,0,0
ATT-E0002-20260728,E0002,2026-07-28,Present,11:44,8.99,149
ATT-E0002-20260729,E0002,2026-07-29,Present,10:37,8.92,82
ATT-E0002-20260730,E0002,2026-07-30,Present,08:16,8.42,0
ATT-E0002-20260731,E0002,2026-07-31,Present,08:30,7.27,0
ATT-E0002-20260803,E0002,2026-08-03,Present,11:55,7.4,160
ATT-E0002-20260804,E0002,2026-08-04,Present,11:06,7.3,111
ATT-E0002-20260805,E0002,2026-08-05,Present,11:15,10.37,120
ATT-E0002-20260806,E0002,2026-08-06,Present,11:36,10.32,141
ATT-E0002-20260807,E0002,2026-08-07,Present,11:41,7.3,146
ATT-E0002-20260810,E0002,2026-08-10,Present,09:07,9.81,0
ATT-E0002-20260811,E0002,2026-08-11,Absent,,0,0
ATT-E0002-20260812,E0002,2026-08-12,Leave,,0,0
ATT-E0002-20260813,E0002,2026-08-13,Leave,,0,0
ATT-E0002-20260814,E0002,2026-08-14,Present,10:26,9.23,71
ATT-E0002-20260817,E0002,2026-08-17,Leave,,0,0
ATT-E0002-20260818,E0002,2026-08-18,Present,10:06,9.6,51
ATT-E0002-20260819,E0002,2026-08-19,Present,09:46,9.64,31
ATT-E0002-20260820,E0002,2026-08-20,Present,10:52,10.12,97
ATT-E0002-20260821,E0002,2026-08-21,Present,08:36,7.48,0
ATT-E0002-20260824,E0002,2026-08-24,Present,09:38,9.66,23
ATT-E0002-20260825,E0002,2026-08-25,Present,08:27,10.16,0
ATT-E0002-20260826,E0002,2026-08-26,Present,09:09,8.96,0
ATT-E0002-20260827,E0002,2026-08-27,Present,08:36,9.8,0
ATT-E0002-20260828,E0002,2026-08-28,Present,09:19,10.19,4
ATT-E0002-20260831,E0002,2026-08-31,Present,11:37,8.26,142
ATT-E0003-20260601,E0003,2026-06-01,Absent,,0,0
ATT-E0003-20260602,E0003,2026-06-02,Present,08:57,8.53,0
ATT-E0003-20260603,E0003,2026-06-03,Leave,,0,0
ATT-E0003-20260604,E0003,2026-06-04,Absent,,0,0
ATT-E0003-20260605,E0003,2026-06-05,Present,10:46,9.67,91
ATT-E0003-20260608,E0003,2026-06-08,Present,09:04,7.6,0
ATT-E0003-20260609,E0003,2026-06-09,Present,09:47,9.2,32
ATT-E0003-20260610,E0003,2026-06-10,Leave,,0,0
ATT-E0003-20260611,E0003,2026-06-11,Present,11:13,9.55,118
ATT-E0003-20260612,E0003,2026-06-12,Present,09:41,10.47,26
ATT-E0003-20260615,E0003,2026-06-15,Present,11:30,9.23,135
ATT-E0003-20260616,E0003,2026-06-16,Present,11:22,9.7,127
ATT-E0003-20260617,E0003,2026-06-17,Present,08:37,10.26,0
ATT-E0003-20260618,E0003,2026-06-18,Present,09:10,8.57,0
ATT-E0003-20260619,E0003,2026-06-19,Present,08:57,9.25,0
ATT-E0003-20260622,E0003,2026-06-22,Present,11:20,9.79,125
ATT-E0003-20260623,E0003,2026-06-23,Present,11:02,7.39,107
ATT-E0003-20260624,E0003,2026-06-24,Present,09:42,9.12,27
ATT-E0003-20260625,E0003,2026-06-25,Absent,,0,0
ATT-E0003-20260626,E0003,2026-06-26,Leave,,0,0
ATT-E0003-20260629,E0003,2026-06-29,Leave,,0,0
ATT-E0003-20260630,E0003,2026-06-30,Present,10:39,10.35,84
ATT-E0003-20260701,E0003,2026-07-01,Present,11:50,8.25,155
ATT-E0003-20260702,E0003,2026-07-02,Present,08:56,7.98,0
ATT-E0003-20260703,E0003,2026-07-03,Present,11:33,9.95,138
ATT-E0003-20260706,E0003,2026-07-06,Present,08:22,7.63,0
ATT-E0003-20260707,E0003,2026-07-07,Present,09:41,9.36,26
ATT-E0003-20260708,E0003,2026-07-08,Absent,,0,0
ATT-E0003-20260709,E0003,2026-07-09,Absent,,0,0
ATT-E0003-20260710,E0003,2026-07-10,Leave,,0,0
ATT-E0003-20260713,E0003,2026-07-13,Present,08:13,7.14,0
ATT-E0003-20260714,E0003,2026-07-14,Present,09:16,7.94,1
ATT-E0003-20260715,E0003,2026-07-15,Absent,,0,0
ATT-E0003-20260716,E0003,2026-07-16,Present,08:38,9.91,0
ATT-E0003-20260717,E0003,2026-07-17,Present,10:10,7.57,55
ATT-E0003-20260720,E0003,2026-07-20,Leave,,0,0
ATT-E0003-20260721,E0003,2026-07-21,Present,09:44,10.45,29
ATT-E0003-20260722,E0003,2026-07-22,Present,09:43,10.28,28
ATT-E0003-20260723,E0003,2026-07-23,Present,11:17,10.09,122
ATT-E0003-20260724,E0003,2026-07-24,Leave,,0,0
ATT-E0003-20260727,E0003,2026-07-27,Present,10:54,9.47,99
ATT-E0003-20260728,E0003,2026-07-28,Present,09:17,9.77,2
ATT-E0003-20260729,E0003,2026-07-29,Present,08:03,9.9,0
ATT-E0003-20260730,E0003,2026-07-30,Present,10:36,9.2,81
ATT-E0003-20260731,E0003,2026-07-31,Present,09:47,9.25,32
ATT-E0003-20260803,E0003,2026-08-03,Present,09:44,9.31,29
ATT-E0003-20260804,E0003,2026-08-04,Absent,,0,0
ATT-E0003-20260805,E0003,2026-08-05,Present,09:34,9.83,19
ATT-E0003-20260806,E0003,2026-08-06,Present,11:26,8.55,131
ATT-E0003-20260807,E0003,2026-08-07,Present,10:38,10.18,83
ATT-E0003-20260810,E0003,2026-08-10,Present,10:06,8.32,51
ATT-E0003-20260811,E0003,2026-08-11,Absent,,0,0
ATT-E0003-20260812,E0003,2026-08-12,Absent,,0,0
ATT-E0003-20260813,E0003,2026-08-13,Leave,,0,0
ATT-E0003-20260814,E0003,2026-08-14,Present,10:11,8.73,56
ATT-E0003-20260817,E0003,2026-08-17,Present,08:44,8.79,0
ATT-E0003-20260818,E0003,2026-08-18,Present,09:51,7.78,36
ATT-E0003-20260819,E0003,2026-08-19,Absent,,0,0
ATT-E0003-20260820,E0003,2026-08-20,Leave,,0,0
ATT-E0003-20260821,E0003,2026-08-21,Present,11:36,10.13,141
ATT-E0003-20260824,E0003,2026-08-24,Present,11:27,8.43,132
ATT-E0003-20260825,E0003,2026-08-25,Present,09:16,8.81,1
ATT-E0003-20260826,E0003,2026-08-26,Present,09:02,7.86,0
ATT-E0003-20260827,E0003,2026-08-27,Present,11:52,9.41,157
ATT-E0003-20260828,E0003,2026-08-28,Present,08:16,9.94,0
ATT-E0003-20260831,E0003,2026-08-31,Present,08:03,9.18,0
ATT-E0004-20260601,E0004,2026-06-01,Present,11:22,9.88,127
ATT-E0004-20260602,E0004,2026-06-02,Present,11:12,8.74,117
ATT-E0004-20260603,E0004,2026-06-03,Absent,,0,0
ATT-E0004-20260604,E0004,2026-06-04,Present,11:32,9.7,137
ATT-E0004-20260605,E0004,2026-06-05,Present,11:04,10.5,109
ATT-E0004-20260608,E0004,2026-06-08,Present,10:17,7.38,62
ATT-E0004-20260609,E0004,2026-06-09,Present,10:14,9.27,59
ATT-E0004-20260610,E0004,2026-06-10,Present,08:58,7.59,0
ATT-E0004-20260611,E0004,2026-06-11,Leave,,0,0
ATT-E0004-20260612,E0004,2026-06-12,Present,08:45,8.95,0
ATT-E0004-20260615,E0004,2026-06-15,Present,11:20,10.4,125
ATT-E0004-20260616,E0004,2026-06-16,Present,11:12,10.29,117
ATT-E0004-20260617,E0004,2026-06-17,Absent,,0,0
ATT-E0004-20260618,E0004,2026-06-18,Present,10:26,9.85,71
ATT-E0004-20260619,E0004,2026-06-19,Present,09:32,9.34,17
ATT-E0004-20260622,E0004,2026-06-22,Present,10:30,8.08,75
ATT-E0004-20260623,E0004,2026-06-23,Present,09:03,10.39,0
ATT-E0004-20260624,E0004,2026-06-24,Present,10:09,8.72,54
ATT-E0004-20260625,E0004,2026-06-25,Present,11:20,8.25,125
ATT-E0004-20260626,E0004,2026-06-26,Leave,,0,0
ATT-E0004-20260629,E0004,2026-06-29,Absent,,0,0
ATT-E0004-20260630,E0004,2026-06-30,Leave,,0,0
ATT-E0004-20260701,E0004,2026-07-01,Present,08:05,10.12,0
ATT-E0004-20260702,E0004,2026-07-02,Present,11:56,8.38,161
ATT-E0004-20260703,E0004,2026-07-03,Present,11:45,10,150
ATT-E0004-20260706,E0004,2026-07-06,Present,11:42,9.21,147
ATT-E0004-20260707,E0004,2026-07-07,Present,11:56,9.58,161
ATT-E0004-20260708,E0004,2026-07-08,Absent,,0,0
ATT-E0004-20260709,E0004,2026-07-09,Present,10:51,8.57,96
ATT-E0004-20260710,E0004,2026-07-10,Absent,,0,0
ATT-E0004-20260713,E0004,2026-07-13,Present,11:41,10.22,146
ATT-E0004-20260714,E0004,2026-07-14,Present,08:49,7.12,0
ATT-E0004-20260715,E0004,2026-07-15,Present,09:28,7.73,13
ATT-E0004-20260716,E0004,2026-07-16,Present,09:29,7.48,14
ATT-E0004-20260717,E0004,2026-07-17,Present,10:04,10.42,49
ATT-E0004-20260720,E0004,2026-07-20,Present,10:35,8.19,80
ATT-E0004-20260721,E0004,2026-07-21,Absent,,0,0
ATT-E0004-20260722,E0004,2026-07-22,Absent,,0,0
ATT-E0004-20260723,E0004,2026-07-23,Present,10:58,7.46,103
ATT-E0004-20260724,E0004,2026-07-24,Present,08:11,9.89,0
ATT-E0004-20260727,E0004,2026-07-27,Present,08:38,9.14,0
ATT-E0004-20260728,E0004,2026-07-28,Present,11:18,7.74,123
ATT-E0004-20260729,E0004,2026-07-29,Present,11:29,9.59,134
ATT-E0004-20260730,E0004,2026-07-30,Present,10:53,8.59,98
ATT-E0004-20260731,E0004,2026-07-31,Present,10:52,9.08,97
ATT-E0004-20260803,E0004,2026-08-03,Present,10:02,7.75,47
ATT-E0004-20260804,E0004,2026-08-04,Leave,,0,0
ATT-E0004-20260805,E0004,2026-08-05,Present,11:55,7.83,160
ATT-E0004-20260806,E0004,2026-08-06,Absent,,0,0
ATT-E0004-20260807,E0004,2026-08-07,Present,08:38,9.59,0
ATT-E0004-20260810,E0004,2026-08-10,Present,11:45,9.59,150
ATT-E0004-20260811,E0004,2026-08-11,Present,08:50,7.1,0
ATT-E0004-20260812,E0004,2026-08-12,Present,11:53,9.02,158
ATT-E0004-20260813,E0004,2026-08-13,Present,11:38,7.87,143
ATT-E0004-20260814,E0004,2026-08-14,Leave,,0,0
ATT-E0004-20260817,E0004,2026-08-17,Present,09:35,7.69,20
ATT-E0004-20260818,E0004,2026-08-18,Present,11:53,8.9,158
ATT-E0004-20260819,E0004,2026-08-19,Present,10:43,7.61,88
ATT-E0004-20260820,E0004,2026-08-20,Leave,,0,0
ATT-E0004-20260821,E0004,2026-08-21,Present,08:40,7.68,0
ATT-E0004-20260824,E0004,2026-08-24,Present,10:22,7.34,67
ATT-E0004-20260825,E0004,2026-08-25,Absent,,0,0
ATT-E0004-20260826,E0004,2026-08-26,Present,08:58,10.11,0
ATT-E0004-20260827,E0004,2026-08-27,Present,11:05,8.36,110
ATT-E0004-20260828,E0004,2026-08-28,Present,11:59,10.38,164
ATT-E0004-20260831,E0004,2026-08-31,Present,08:06,7.08,0
ATT-E0005-20260601,E0005,2026-06-01,Present,09:54,8.23,39
ATT-E0005-20260602,E0005,2026-06-02,Present,11:32,7.9,137
ATT-E0005-20260603,E0005,2026-06-03,Present,09:28,9.56,13
ATT-E0005-20260604,E0005,2026-06-04,Present,08:23,10.12,0
ATT-E0005-20260605,E0005,2026-06-05,Present,09:19,9.65,4
ATT-E0005-20260608,E0005,2026-06-08,Leave,,0,0
ATT-E0005-20260609,E0005,2026-06-09,Present,11:34,9.28,139
ATT-E0005-20260610,E0005,2026-06-10,Absent,,0,0
ATT-E0005-20260611,E0005,2026-06-11,Present,08:22,10.49,0
ATT-E0005-20260612,E0005,2026-06-12,Present,11:37,8.55,142
ATT-E0005-20260615,E0005,2026-06-15,Leave,,0,0
ATT-E0005-20260616,E0005,2026-06-16,Present,11:35,8.04,140
ATT-E0005-20260617,E0005,2026-06-17,Present,09:21,9.44,6
ATT-E0005-20260618,E0005,2026-06-18,Absent,,0,0
ATT-E0005-20260619,E0005,2026-06-19,Absent,,0,0
ATT-E0005-20260622,E0005,2026-06-22,Present,11:10,9.63,115
ATT-E0005-20260623,E0005,2026-06-23,Present,09:19,10.41,4
ATT-E0005-20260624,E0005,2026-06-24,Present,11:32,8.99,137
ATT-E0005-20260625,E0005,2026-06-25,Present,11:05,7.19,110
ATT-E0005-20260626,E0005,2026-06-26,Present,08:13,8.7,0
ATT-E0005-20260629,E0005,2026-06-29,Present,10:07,10.26,52
ATT-E0005-20260630,E0005,2026-06-30,Leave,,0,0
ATT-E0005-20260701,E0005,2026-07-01,Absent,,0,0
ATT-E0005-20260702,E0005,2026-07-02,Present,11:17,8.65,122
ATT-E0005-20260703,E0005,2026-07-03,Present,09:33,8.86,18
ATT-E0005-20260706,E0005,2026-07-06,Leave,,0,0
ATT-E0005-20260707,E0005,2026-07-07,Present,11:34,8.45,139
ATT-E0005-20260708,E0005,2026-07-08,Present,09:17,8.37,2
ATT-E0005-20260709,E0005,2026-07-09,Leave,,0,0
ATT-E0005-20260710,E0005,2026-07-10,Present,08:40,8.44,0
ATT-E0005-20260713,E0005,2026-07-13,Present,10:04,10.04,49
ATT-E0005-20260714,E0005,2026-07-14,Present,08:10,8.7,0
ATT-E0005-20260715,E0005,2026-07-15,Present,09:05,8.15,0
ATT-E0005-20260716,E0005,2026-07-16,Present,08:22,9.13,0
ATT-E0005-20260717,E0005,2026-07-17,Present,10:53,7.67,98
ATT-E0005-20260720,E0005,2026-07-20,Present,08:47,10.28,0
ATT-E0005-20260721,E0005,2026-07-21,Absent,,0,0
ATT-E0005-20260722,E0005,2026-07-22,Present,10:44,7.41,89
ATT-E0005-20260723,E0005,2026-07-23,Present,09:38,10.45,23
ATT-E0005-20260724,E0005,2026-07-24,Present,10:05,9.38,50
ATT-E0005-20260727,E0005,2026-07-27,Leave,,0,0
ATT-E0005-20260728,E0005,2026-07-28,Present,08:12,9.66,0
ATT-E0005-20260729,E0005,2026-07-29,Leave,,0,0
ATT-E0005-20260730,E0005,2026-07-30,Absent,,0,0
ATT-E0005-20260731,E0005,2026-07-31,Leave,,0,0
ATT-E0005-20260803,E0005,2026-08-03,Present,11:39,10.44,144
ATT-E0005-20260804,E0005,2026-08-04,Present,08:54,10.21,0
ATT-E0005-20260805,E0005,2026-08-05,Present,11:09,9.83,114
ATT-E0005-20260806,E0005,2026-08-06,Leave,,0,0
ATT-E0005-20260807,E0005,2026-08-07,Present,10:15,10.34,60
ATT-E0005-20260810,E0005,2026-08-10,Present,11:30,10.02,135
ATT-E0005-20260811,E0005,2026-08-11,Present,11:59,8.71,164
ATT-E0005-20260812,E0005,2026-08-12,Present,09:37,8.83,22
ATT-E0005-20260813,E0005,2026-08-13,Absent,,0,0
ATT-E0005-20260814,E0005,2026-08-14,Present,09:45,10.2,30
ATT-E0005-20260817,E0005,2026-08-17,Absent,,0,0
ATT-E0005-20260818,E0005,2026-08-18,Present,11:33,8.86,138
ATT-E0005-20260819,E0005,2026-08-19,Leave,,0,0
ATT-E0005-20260820,E0005,2026-08-20,Absent,,0,0
ATT-E0005-20260821,E0005,2026-08-21,Absent,,0,0
ATT-E0005-20260824,E0005,2026-08-24,Present,09:50,7.96,35
ATT-E0005-20260825,E0005,2026-08-25,Present,09:19,9.43,4
ATT-E0005-20260826,E0005,2026-08-26,Present,11:47,8.63,152
ATT-E0005-20260827,E0005,2026-08-27,Present,09:12,9.56,0
ATT-E0005-20260828,E0005,2026-08-28,Present,11:15,10.49,120
ATT-E0005-20260831,E0005,2026-08-31,Present,08:42,9.22,0
ATT-E0006-20260601,E0006,2026-06-01,Leave,,0,0
ATT-E0006-20260602,E0006,2026-06-02,Absent,,0,0
ATT-E0006-20260603,E0006,2026-06-03,Present,09:12,9.88,0
ATT-E0006-20260604,E0006,2026-06-04,Present,08:50,7.68,0
ATT-E0006-20260605,E0006,2026-06-05,Present,10:09,8.02,54
ATT-E0006-20260608,E0006,2026-06-08,Present,10:53,7.8,98
ATT-E0006-20260609,E0006,2026-06-09,Present,08:47,10.37,0
ATT-E0006-20260610,E0006,2026-06-10,Present,11:49,7.45,154
ATT-E0006-20260611,E0006,2026-06-11,Present,11:06,8.32,111
ATT-E0006-20260612,E0006,2026-06-12,Present,10:20,10.03,65
ATT-E0006-20260615,E0006,2026-06-15,Present,10:32,7.81,77
ATT-E0006-20260616,E0006,2026-06-16,Absent,,0,0
ATT-E0006-20260617,E0006,2026-06-17,Present,10:07,7.75,52
ATT-E0006-20260618,E0006,2026-06-18,Present,08:51,9.49,0
ATT-E0006-20260619,E0006,2026-06-19,Present,10:26,9.22,71
ATT-E0006-20260622,E0006,2026-06-22,Present,11:55,8.79,160
ATT-E0006-20260623,E0006,2026-06-23,Present,11:49,7.17,154
ATT-E0006-20260624,E0006,2026-06-24,Present,09:17,10.41,2
ATT-E0006-20260625,E0006,2026-06-25,Present,08:53,10.05,0
ATT-E0006-20260626,E0006,2026-06-26,Present,08:14,8.78,0
ATT-E0006-20260629,E0006,2026-06-29,Present,09:05,7.28,0
ATT-E0006-20260630,E0006,2026-06-30,Absent,,0,0
ATT-E0006-20260701,E0006,2026-07-01,Present,11:41,7.89,146
ATT-E0006-20260702,E0006,2026-07-02,Present,10:11,8.7,56
ATT-E0006-20260703,E0006,2026-07-03,Present,11:59,8.34,164
ATT-E0006-20260706,E0006,2026-07-06,Present,10:09,8.78,54
ATT-E0006-20260707,E0006,2026-07-07,Present,11:27,8.41,132
ATT-E0006-20260708,E0006,2026-07-08,Present,09:05,7.78,0
ATT-E0006-20260709,E0006,2026-07-09,Present,11:30,7.36,135
ATT-E0006-20260710,E0006,2026-07-10,Present,11:34,8.44,139
ATT-E0006-20260713,E0006,2026-07-13,Absent,,0,0
ATT-E0006-20260714,E0006,2026-07-14,Present,09:12,8.97,0
ATT-E0006-20260715,E0006,2026-07-15,Present,10:53,9.33,98
ATT-E0006-20260716,E0006,2026-07-16,Present,09:28,7.86,13
ATT-E0006-20260717,E0006,2026-07-17,Absent,,0,0
ATT-E0006-20260720,E0006,2026-07-20,Present,10:35,9.9,80
ATT-E0006-20260721,E0006,2026-07-21,Present,11:25,7.33,130
ATT-E0006-20260722,E0006,2026-07-22,Absent,,0,0
ATT-E0006-20260723,E0006,2026-07-23,Leave,,0,0
ATT-E0006-20260724,E0006,2026-07-24,Present,08:01,8.8,0
ATT-E0006-20260727,E0006,2026-07-27,Present,11:32,10.29,137
ATT-E0006-20260728,E0006,2026-07-28,Present,09:19,9.27,4
ATT-E0006-20260729,E0006,2026-07-29,Present,08:37,7.94,0
ATT-E0006-20260730,E0006,2026-07-30,Present,08:56,8.2,0
ATT-E0006-20260731,E0006,2026-07-31,Present,11:15,7.49,120
ATT-E0006-20260803,E0006,2026-08-03,Present,09:23,10.03,8
ATT-E0006-20260804,E0006,2026-08-04,Leave,,0,0
ATT-E0006-20260805,E0006,2026-08-05,Leave,,0,0
ATT-E0006-20260806,E0006,2026-08-06,Present,09:57,7.22,42
ATT-E0006-20260807,E0006,2026-08-07,Present,10:03,7.5,48
ATT-E0006-20260810,E0006,2026-08-10,Present,08:16,7.08,0
ATT-E0006-20260811,E0006,2026-08-11,Present,08:38,8.87,0
ATT-E0006-20260812,E0006,2026-08-12,Present,08:14,7.71,0
ATT-E0006-20260813,E0006,2026-08-13,Present,10:26,9.72,71
ATT-E0006-20260814,E0006,2026-08-14,Leave,,0,0
ATT-E0006-20260817,E0006,2026-08-17,Present,11:15,9.29,120
ATT-E0006-20260818,E0006,2026-08-18,Present,09:26,10.47,11
ATT-E0006-20260819,E0006,2026-08-19,Absent,,0,0
ATT-E0006-20260820,E0006,2026-08-20,Present,10:40,9.45,85
ATT-E0006-20260821,E0006,2026-08-21,Present,11:00,7.28,105
ATT-E0006-20260824,E0006,2026-08-24,Present,09:30,8.78,15
ATT-E0006-20260825,E0006,2026-08-25,Present,09:51,9.01,36
ATT-E0006-20260826,E0006,2026-08-26,Leave,,0,0
ATT-E0006-20260827,E0006,2026-08-27,Present,10:46,9.75,91
ATT-E0006-20260828,E0006,2026-08-28,Present,09:53,8.51,38
ATT-E0006-20260831,E0006,2026-08-31,Present,10:38,7.49,83
ATT-E0007-20260601,E0007,2026-06-01,Present,10:42,7.02,87
ATT-E0007-20260602,E0007,2026-06-02,Leave,,0,0
ATT-E0007-20260603,E0007,2026-06-03,Present,08:05,9.3,0
ATT-E0007-20260604,E0007,2026-06-04,Absent,,0,0
ATT-E0007-20260605,E0007,2026-06-05,Present,08:11,9.55,0
ATT-E0007-20260608,E0007,2026-06-08,Present,08:28,8.99,0
ATT-E0007-20260609,E0007,2026-06-09,Present,11:25,9.13,130
ATT-E0007-20260610,E0007,2026-06-10,Present,08:21,7.33,0
ATT-E0007-20260611,E0007,2026-06-11,Absent,,0,0
ATT-E0007-20260612,E0007,2026-06-12,Present,09:46,8.85,31
ATT-E0007-20260615,E0007,2026-06-15,Present,08:11,9.47,0
ATT-E0007-20260616,E0007,2026-06-16,Present,10:22,7.63,67
ATT-E0007-20260617,E0007,2026-06-17,Present,09:49,9.05,34
ATT-E0007-20260618,E0007,2026-06-18,Leave,,0,0
ATT-E0007-20260619,E0007,2026-06-19,Present,09:21,10.4,6
ATT-E0007-20260622,E0007,2026-06-22,Leave,,0,0
ATT-E0007-20260623,E0007,2026-06-23,Present,09:33,8.86,18
ATT-E0007-20260624,E0007,2026-06-24,Leave,,0,0
ATT-E0007-20260625,E0007,2026-06-25,Present,10:43,9.46,88
ATT-E0007-20260626,E0007,2026-06-26,Present,11:30,9.16,135
ATT-E0007-20260629,E0007,2026-06-29,Present,08:10,10.28,0
ATT-E0007-20260630,E0007,2026-06-30,Present,11:00,7.2,105
ATT-E0007-20260701,E0007,2026-07-01,Present,08:17,9.33,0
ATT-E0007-20260702,E0007,2026-07-02,Leave,,0,0
ATT-E0007-20260703,E0007,2026-07-03,Present,10:09,9.49,54
ATT-E0007-20260706,E0007,2026-07-06,Present,10:03,8.6,48
ATT-E0007-20260707,E0007,2026-07-07,Present,09:44,10.26,29
ATT-E0007-20260708,E0007,2026-07-08,Present,09:20,8.69,5
ATT-E0007-20260709,E0007,2026-07-09,Present,08:26,8.12,0
ATT-E0007-20260710,E0007,2026-07-10,Absent,,0,0
ATT-E0007-20260713,E0007,2026-07-13,Present,08:25,9.92,0
ATT-E0007-20260714,E0007,2026-07-14,Present,08:22,7.47,0
ATT-E0007-20260715,E0007,2026-07-15,Present,08:41,7.53,0
ATT-E0007-20260716,E0007,2026-07-16,Present,10:00,9.55,45
ATT-E0007-20260717,E0007,2026-07-17,Present,11:40,9.7,145
ATT-E0007-20260720,E0007,2026-07-20,Present,10:08,7.93,53
ATT-E0007-20260721,E0007,2026-07-21,Present,10:57,8.72,102
ATT-E0007-20260722,E0007,2026-07-22,Present,08:37,7.53,0
ATT-E0007-20260723,E0007,2026-07-23,Present,10:29,8.89,74
ATT-E0007-20260724,E0007,2026-07-24,Present,09:07,9.56,0
ATT-E0007-20260727,E0007,2026-07-27,Present,09:22,8.91,7
ATT-E0007-20260728,E0007,2026-07-28,Present,11:25,7.34,130
ATT-E0007-20260729,E0007,2026-07-29,Present,09:55,8.67,40
ATT-E0007-20260730,E0007,2026-07-30,Present,10:49,10.44,94
ATT-E0007-20260731,E0007,2026-07-31,Present,11:59,8.39,164
ATT-E0007-20260803,E0007,2026-08-03,Present,08:07,9.77,0
ATT-E0007-20260804,E0007,2026-08-04,Present,11:57,10.4,162
ATT-E0007-20260805,E0007,2026-08-05,Present,08:16,9.41,0
ATT-E0007-20260806,E0007,2026-08-06,Leave,,0,0
ATT-E0007-20260807,E0007,2026-08-07,Present,09:10,9.66,0
ATT-E0007-20260810,E0007,2026-08-10,Absent,,0,0
ATT-E0007-20260811,E0007,2026-08-11,Leave,,0,0
ATT-E0007-20260812,E0007,2026-08-12,Present,10:47,8.79,92
ATT-E0007-20260813,E0007,2026-08-13,Present,11:19,9.66,124
ATT-E0007-20260814,E0007,2026-08-14,Present,09:53,8.01,38
ATT-E0007-20260817,E0007,2026-08-17,Present,09:34,7.91,19
ATT-E0007-20260818,E0007,2026-08-18,Leave,,0,0
ATT-E0007-20260819,E0007,2026-08-19,Leave,,0,0
ATT-E0007-20260820,E0007,2026-08-20,Present,09:53,8.22,38
ATT-E0007-20260821,E0007,2026-08-21,Present,08:22,8.9,0
ATT-E0007-20260824,E0007,2026-08-24,Present,11:47,7.03,152
ATT-E0007-20260825,E0007,2026-08-25,Present,10:10,8.83,55
ATT-E0007-20260826,E0007,2026-08-26,Absent,,0,0
ATT-E0007-20260827,E0007,2026-08-27,Present,09:18,7.99,3
ATT-E0007-20260828,E0007,2026-08-28,Present,09:10,7.32,0
ATT-E0007-20260831,E0007,2026-08-31,Present,10:30,7.12,75
ATT-E0009-20260601,E0009,2026-06-01,Present,11:55,7.52,160
ATT-E0009-20260602,E0009,2026-06-02,Present,11:14,9.85,119
ATT-E0009-20260603,E0009,2026-06-03,Present,08:57,9.38,0
ATT-E0009-20260604,E0009,2026-06-04,Present,08:29,9.21,0
ATT-E0009-20260605,E0009,2026-06-05,Present,09:31,10.14,16
ATT-E0009-20260608,E0009,2026-06-08,Present,10:27,8.61,72
ATT-E0009-20260609,E0009,2026-06-09,Present,09:41,10.05,26
ATT-E0009-20260610,E0009,2026-06-10,Present,08:27,8.74,0
ATT-E0009-20260611,E0009,2026-06-11,Present,09:02,7.54,0
ATT-E0009-20260612,E0009,2026-06-12,Present,09:01,9.91,0
ATT-E0009-20260615,E0009,2026-06-15,Present,09:10,9.59,0
ATT-E0009-20260616,E0009,2026-06-16,Present,09:37,8.3,22
ATT-E0009-20260617,E0009,2026-06-17,Leave,,0,0
ATT-E0009-20260618,E0009,2026-06-18,Absent,,0,0
ATT-E0009-20260619,E0009,2026-06-19,Present,09:59,7.54,44
ATT-E0009-20260622,E0009,2026-06-22,Present,10:44,10.38,89
ATT-E0009-20260623,E0009,2026-06-23,Present,08:08,8.36,0
ATT-E0009-20260624,E0009,2026-06-24,Present,08:21,9.07,0
ATT-E0009-20260625,E0009,2026-06-25,Leave,,0,0
ATT-E0009-20260626,E0009,2026-06-26,Present,09:33,7.53,18
ATT-E0009-20260629,E0009,2026-06-29,Present,08:30,8.65,0
ATT-E0009-20260630,E0009,2026-06-30,Present,11:47,8.03,152
ATT-E0009-20260701,E0009,2026-07-01,Absent,,0,0
ATT-E0009-20260702,E0009,2026-07-02,Present,09:20,9.46,5
ATT-E0009-20260703,E0009,2026-07-03,Present,11:35,7.3,140
ATT-E0009-20260706,E0009,2026-07-06,Present,10:30,10.25,75
ATT-E0009-20260707,E0009,2026-07-07,Present,11:41,8.92,146
ATT-E0009-20260708,E0009,2026-07-08,Present,11:32,9.29,137
ATT-E0009-20260709,E0009,2026-07-09,Present,08:38,9.97,0
ATT-E0009-20260710,E0009,2026-07-10,Leave,,0,0
ATT-E0009-20260713,E0009,2026-07-13,Present,08:30,8.3,0
ATT-E0009-20260714,E0009,2026-07-14,Present,09:34,8.37,19
ATT-E0009-20260715,E0009,2026-07-15,Present,09:12,8.87,0
ATT-E0009-20260716,E0009,2026-07-16,Present,08:49,10.02,0
ATT-E0009-20260717,E0009,2026-07-17,Present,08:29,9,0
ATT-E0009-20260720,E0009,2026-07-20,Present,08:44,7.96,0
ATT-E0009-20260721,E0009,2026-07-21,Present,11:42,8.46,147
ATT-E0009-20260722,E0009,2026-07-22,Present,10:27,9.46,72
ATT-E0009-20260723,E0009,2026-07-23,Present,08:09,8.19,0
ATT-E0009-20260724,E0009,2026-07-24,Present,10:30,10.34,75
ATT-E0009-20260727,E0009,2026-07-27,Present,11:37,8,142
ATT-E0009-20260728,E0009,2026-07-28,Present,09:09,9.33,0
ATT-E0009-20260729,E0009,2026-07-29,Present,08:59,7.98,0
ATT-E0009-20260730,E0009,2026-07-30,Present,11:19,8.59,124
ATT-E0009-20260731,E0009,2026-07-31,Present,09:13,8.63,0
ATT-E0009-20260803,E0009,2026-08-03,Present,08:39,10.21,0
ATT-E0009-20260804,E0009,2026-08-04,Present,09:17,7.91,2
ATT-E0009-20260805,E0009,2026-08-05,Present,09:47,10.45,32
ATT-E0009-20260806,E0009,2026-08-06,Present,08:27,10.05,0
ATT-E0009-20260807,E0009,2026-08-07,Present,10:36,8.62,81
ATT-E0009-20260810,E0009,2026-08-10,Leave,,0,0
ATT-E0009-20260811,E0009,2026-08-11,Absent,,0,0
ATT-E0009-20260812,E0009,2026-08-12,Absent,,0,0
ATT-E0009-20260813,E0009,2026-08-13,Present,09:36,8.35,21
ATT-E0009-20260814,E0009,2026-08-14,Present,09:51,9.65,36
ATT-E0009-20260817,E0009,2026-08-17,Present,09:58,9.66,43
ATT-E0009-20260818,E0009,2026-08-18,Present,08:34,9.9,0
ATT-E0009-20260819,E0009,2026-08-19,Present,10:02,10.41,47
ATT-E0009-20260820,E0009,2026-08-20,Present,11:37,9.05,142
ATT-E0009-20260821,E0009,2026-08-21,Present,10:42,10.1,87
ATT-E0009-20260824,E0009,2026-08-24,Present,08:26,9.47,0
ATT-E0009-20260825,E0009,2026-08-25,Leave,,0,0
ATT-E0009-20260826,E0009,2026-08-26,Leave,,0,0
ATT-E0009-20260827,E0009,2026-08-27,Present,10:30,9.33,75
ATT-E0009-20260828,E0009,2026-08-28,Present,09:10,9.15,0
ATT-E0009-20260831,E0009,2026-08-31,Present,09:49,7.07,34
ATT-E0010-20260601,E0010,2026-06-01,Absent,,0,0
ATT-E0010-20260602,E0010,2026-06-02,Absent,,0,0
ATT-E0010-20260603,E0010,2026-06-03,Present,11:36,7.61,141
ATT-E0010-20260604,E0010,2026-06-04,Present,09:46,9.65,31
ATT-E0010-20260605,E0010,2026-06-05,Absent,,0,0
ATT-E0010-20260608,E0010,2026-06-08,Leave,,0,0
ATT-E0010-20260609,E0010,2026-06-09,Absent,,0,0
ATT-E0010-20260610,E0010,2026-06-10,Present,10:50,9.63,95
ATT-E0010-20260611,E0010,2026-06-11,Present,09:30,8.74,15
ATT-E0010-20260612,E0010,2026-06-12,Present,11:02,8.25,107
ATT-E0010-20260615,E0010,2026-06-15,Present,09:58,8.63,43
ATT-E0010-20260616,E0010,2026-06-16,Leave,,0,0
ATT-E0010-20260617,E0010,2026-06-17,Present,11:09,8.08,114
ATT-E0010-20260618,E0010,2026-06-18,Present,11:26,9.39,131
ATT-E0010-20260619,E0010,2026-06-19,Absent,,0,0
ATT-E0010-20260622,E0010,2026-06-22,Present,10:55,10.17,100
ATT-E0010-20260623,E0010,2026-06-23,Present,10:48,9.08,93
ATT-E0010-20260624,E0010,2026-06-24,Present,10:59,8.54,104
ATT-E0010-20260625,E0010,2026-06-25,Present,10:04,7.19,49
ATT-E0010-20260626,E0010,2026-06-26,Present,10:21,8.26,66
ATT-E0010-20260629,E0010,2026-06-29,Present,10:59,9.95,104
ATT-E0010-20260630,E0010,2026-06-30,Present,09:11,9.91,0
ATT-E0010-20260701,E0010,2026-07-01,Present,08:17,9.42,0
ATT-E0010-20260702,E0010,2026-07-02,Present,08:53,8.82,0
ATT-E0010-20260703,E0010,2026-07-03,Present,10:12,9.51,57
ATT-E0010-20260706,E0010,2026-07-06,Present,08:26,7.27,0
ATT-E0010-20260707,E0010,2026-07-07,Present,09:38,10.42,23
ATT-E0010-20260708,E0010,2026-07-08,Present,11:59,7.49,164
ATT-E0010-20260709,E0010,2026-07-09,Present,10:22,10.13,67
ATT-E0010-20260710,E0010,2026-07-10,Present,11:36,9.62,141
ATT-E0010-20260713,E0010,2026-07-13,Present,11:05,7.93,110
ATT-E0010-20260714,E0010,2026-07-14,Present,10:33,7.74,78
ATT-E0010-20260715,E0010,2026-07-15,Absent,,0,0
ATT-E0010-20260716,E0010,2026-07-16,Present,08:47,8.58,0
ATT-E0010-20260717,E0010,2026-07-17,Present,09:13,7.18,0
ATT-E0010-20260720,E0010,2026-07-20,Absent,,0,0
ATT-E0010-20260721,E0010,2026-07-21,Present,08:43,7.49,0
ATT-E0010-20260722,E0010,2026-07-22,Present,10:17,10.46,62
ATT-E0010-20260723,E0010,2026-07-23,Present,10:05,8.63,50
ATT-E0010-20260724,E0010,2026-07-24,Present,11:08,7.87,113
ATT-E0010-20260727,E0010,2026-07-27,Present,09:32,7.51,17
ATT-E0010-20260728,E0010,2026-07-28,Leave,,0,0
ATT-E0010-20260729,E0010,2026-07-29,Absent,,0,0
ATT-E0010-20260730,E0010,2026-07-30,Present,10:26,8.19,71
ATT-E0010-20260731,E0010,2026-07-31,Present,11:24,9.87,129
ATT-E0010-20260803,E0010,2026-08-03,Present,11:45,8.42,150
ATT-E0010-20260804,E0010,2026-08-04,Leave,,0,0
ATT-E0010-20260805,E0010,2026-08-05,Present,11:17,10.13,122
ATT-E0010-20260806,E0010,2026-08-06,Present,10:58,9.14,103
ATT-E0010-20260807,E0010,2026-08-07,Present,11:58,7.86,163
ATT-E0010-20260810,E0010,2026-08-10,Present,08:55,8.86,0
ATT-E0010-20260811,E0010,2026-08-11,Present,08:56,8.76,0
ATT-E0010-20260812,E0010,2026-08-12,Present,10:31,8.49,76
ATT-E0010-20260813,E0010,2026-08-13,Present,09:30,7.79,15
ATT-E0010-20260814,E0010,2026-08-14,Present,09:16,8.93,1
ATT-E0010-20260817,E0010,2026-08-17,Present,09:20,9.34,5
ATT-E0010-20260818,E0010,2026-08-18,Absent,,0,0
ATT-E0010-20260819,E0010,2026-08-19,Present,09:07,9.93,0
ATT-E0010-20260820,E0010,2026-08-20,Present,09:14,8.73,0
ATT-E0010-20260821,E0010,2026-08-21,Present,11:58,7.29,163
ATT-E0010-20260824,E0010,2026-08-24,Present,09:52,8.37,37
ATT-E0010-20260825,E0010,2026-08-25,Absent,,0,0
ATT-E0010-20260826,E0010,2026-08-26,Absent,,0,0
ATT-E0010-20260827,E0010,2026-08-27,Present,09:30,10,15
ATT-E0010-20260828,E0010,2026-08-28,Leave,,0,0
ATT-E0010-20260831,E0010,2026-08-31,Leave,,0,0
ATT-E0011-20260601,E0011,2026-06-01,Present,10:03,9.14,48
ATT-E0011-20260602,E0011,2026-06-02,Present,10:40,9.76,85
ATT-E0011-20260603,E0011,2026-06-03,Present,09:37,8.13,22
ATT-E0011-20260604,E0011,2026-06-04,Present,11:01,7.85,106
ATT-E0011-20260605,E0011,2026-06-05,Leave,,0,0
ATT-E0011-20260608,E0011,2026-06-08,Absent,,0,0
ATT-E0011-20260609,E0011,2026-06-09,Absent,,0,0
ATT-E0011-20260610,E0011,2026-06-10,Present,08:37,9.8,0
ATT-E0011-20260611,E0011,2026-06-11,Present,10:39,9.92,84
ATT-E0011-20260612,E0011,2026-06-12,Present,09:56,7.31,41
ATT-E0011-20260615,E0011,2026-06-15,Present,10:39,7.93,84
ATT-E0011-20260616,E0011,2026-06-16,Absent,,0,0
ATT-E0011-20260617,E0011,2026-06-17,Leave,,0,0
ATT-E0011-20260618,E0011,2026-06-18,Present,11:13,9.98,118
ATT-E0011-20260619,E0011,2026-06-19,Present,08:06,7.49,0
ATT-E0011-20260622,E0011,2026-06-22,Absent,,0,0
ATT-E0011-20260623,E0011,2026-06-23,Present,08:33,8.63,0
ATT-E0011-20260624,E0011,2026-06-24,Present,08:04,7.05,0
ATT-E0011-20260625,E0011,2026-06-25,Absent,,0,0
ATT-E0011-20260626,E0011,2026-06-26,Present,11:07,8.88,112
ATT-E0011-20260629,E0011,2026-06-29,Present,08:37,9.74,0
ATT-E0011-20260630,E0011,2026-06-30,Present,11:47,8.72,152
ATT-E0011-20260701,E0011,2026-07-01,Present,11:23,7.1,128
ATT-E0011-20260702,E0011,2026-07-02,Present,11:52,7.25,157
ATT-E0011-20260703,E0011,2026-07-03,Present,09:16,8.72,1
ATT-E0011-20260706,E0011,2026-07-06,Present,08:04,8.4,0
ATT-E0011-20260707,E0011,2026-07-07,Present,11:45,8.07,150
ATT-E0011-20260708,E0011,2026-07-08,Present,11:31,9.93,136
ATT-E0011-20260709,E0011,2026-07-09,Present,10:25,9.68,70
ATT-E0011-20260710,E0011,2026-07-10,Present,08:29,9.72,0
ATT-E0011-20260713,E0011,2026-07-13,Present,11:37,7.74,142
ATT-E0011-20260714,E0011,2026-07-14,Present,08:01,9.14,0
ATT-E0011-20260715,E0011,2026-07-15,Absent,,0,0
ATT-E0011-20260716,E0011,2026-07-16,Leave,,0,0
ATT-E0011-20260717,E0011,2026-07-17,Present,11:55,9.56,160
ATT-E0011-20260720,E0011,2026-07-20,Absent,,0,0
ATT-E0011-20260721,E0011,2026-07-21,Present,09:29,7.76,14
ATT-E0011-20260722,E0011,2026-07-22,Present,11:19,7.34,124
ATT-E0011-20260723,E0011,2026-07-23,Present,10:49,8.25,94
ATT-E0011-20260724,E0011,2026-07-24,Present,11:16,9.59,121
ATT-E0011-20260727,E0011,2026-07-27,Present,10:12,8.84,57
ATT-E0011-20260728,E0011,2026-07-28,Present,09:37,7.01,22
ATT-E0011-20260729,E0011,2026-07-29,Present,11:07,10.25,112
ATT-E0011-20260730,E0011,2026-07-30,Present,11:44,8.11,149
ATT-E0011-20260731,E0011,2026-07-31,Absent,,0,0
ATT-E0011-20260803,E0011,2026-08-03,Present,08:27,7.37,0
ATT-E0011-20260804,E0011,2026-08-04,Present,10:50,8.21,95
ATT-E0011-20260805,E0011,2026-08-05,Absent,,0,0
ATT-E0011-20260806,E0011,2026-08-06,Present,10:17,8.64,62
ATT-E0011-20260807,E0011,2026-08-07,Present,08:30,9.98,0
ATT-E0011-20260810,E0011,2026-08-10,Absent,,0,0
ATT-E0011-20260811,E0011,2026-08-11,Present,09:56,9.67,41
ATT-E0011-20260812,E0011,2026-08-12,Absent,,0,0
ATT-E0011-20260813,E0011,2026-08-13,Present,10:07,7.18,52
ATT-E0011-20260814,E0011,2026-08-14,Present,10:45,7.89,90
ATT-E0011-20260817,E0011,2026-08-17,Present,11:54,7.03,159
ATT-E0011-20260818,E0011,2026-08-18,Present,09:44,9.31,29
ATT-E0011-20260819,E0011,2026-08-19,Present,08:19,8.6,0
ATT-E0011-20260820,E0011,2026-08-20,Present,09:33,9.17,18
ATT-E0011-20260821,E0011,2026-08-21,Leave,,0,0
ATT-E0011-20260824,E0011,2026-08-24,Absent,,0,0
ATT-E0011-20260825,E0011,2026-08-25,Absent,,0,0
ATT-E0011-20260826,E0011,2026-08-26,Present,10:11,8.95,56
ATT-E0011-20260827,E0011,2026-08-27,Present,08:41,9.81,0
ATT-E0011-20260828,E0011,2026-08-28,Leave,,0,0
ATT-E0011-20260831,E0011,2026-08-31,Present,11:07,8.55,112
ATT-E0012-20260601,E0012,2026-06-01,Absent,,0,0
ATT-E0012-20260602,E0012,2026-06-02,Present,11:57,8.1,162
ATT-E0012-20260603,E0012,2026-06-03,Absent,,0,0
ATT-E0012-20260604,E0012,2026-06-04,Present,11:40,10.21,145
ATT-E0012-20260605,E0012,2026-06-05,Leave,,0,0
ATT-E0012-20260608,E0012,2026-06-08,Leave,,0,0
ATT-E0012-20260609,E0012,2026-06-09,Present,09:34,7.42,19
ATT-E0012-20260610,E0012,2026-06-10,Leave,,0,0
ATT-E0012-20260611,E0012,2026-06-11,Absent,,0,0
ATT-E0012-20260612,E0012,2026-06-12,Present,11:29,10.13,134
ATT-E0012-20260615,E0012,2026-06-15,Present,11:07,8.81,112
ATT-E0012-20260616,E0012,2026-06-16,Present,08:42,10.18,0
ATT-E0012-20260617,E0012,2026-06-17,Leave,,0,0
ATT-E0012-20260618,E0012,2026-06-18,Present,10:27,7.87,72
ATT-E0012-20260619,E0012,2026-06-19,Present,08:35,9.96,0
ATT-E0012-20260622,E0012,2026-06-22,Present,11:37,7.27,142
ATT-E0012-20260623,E0012,2026-06-23,Present,09:41,9.07,26
ATT-E0012-20260624,E0012,2026-06-24,Present,09:39,8.84,24
ATT-E0012-20260625,E0012,2026-06-25,Present,11:10,7.94,115
ATT-E0012-20260626,E0012,2026-06-26,Present,08:44,10.15,0
ATT-E0012-20260629,E0012,2026-06-29,Present,08:45,8.77,0
ATT-E0012-20260630,E0012,2026-06-30,Present,11:21,7.16,126
ATT-E0012-20260701,E0012,2026-07-01,Present,11:40,9.7,145
ATT-E0012-20260702,E0012,2026-07-02,Present,11:41,8.18,146
ATT-E0012-20260703,E0012,2026-07-03,Present,11:21,7.34,126
ATT-E0012-20260706,E0012,2026-07-06,Present,09:12,8.84,0
ATT-E0012-20260707,E0012,2026-07-07,Present,10:39,7.08,84
ATT-E0012-20260708,E0012,2026-07-08,Present,11:57,8.45,162
ATT-E0012-20260709,E0012,2026-07-09,Present,09:23,8.9,8
ATT-E0012-20260710,E0012,2026-07-10,Present,08:48,10.26,0
ATT-E0012-20260713,E0012,2026-07-13,Present,09:55,8.67,40
ATT-E0012-20260714,E0012,2026-07-14,Present,10:22,10.39,67
ATT-E0012-20260715,E0012,2026-07-15,Present,10:57,9.43,102
ATT-E0012-20260716,E0012,2026-07-16,Absent,,0,0
ATT-E0012-20260717,E0012,2026-07-17,Present,09:45,7.53,30
ATT-E0012-20260720,E0012,2026-07-20,Present,11:29,10.22,134
ATT-E0012-20260721,E0012,2026-07-21,Present,09:09,7.04,0
ATT-E0012-20260722,E0012,2026-07-22,Leave,,0,0
ATT-E0012-20260723,E0012,2026-07-23,Present,09:50,8.72,35
ATT-E0012-20260724,E0012,2026-07-24,Present,08:14,7.02,0
ATT-E0012-20260727,E0012,2026-07-27,Absent,,0,0
ATT-E0012-20260728,E0012,2026-07-28,Present,11:14,7.53,119
ATT-E0012-20260729,E0012,2026-07-29,Absent,,0,0
ATT-E0012-20260730,E0012,2026-07-30,Present,09:36,9.83,21
ATT-E0012-20260731,E0012,2026-07-31,Present,08:49,7.64,0
ATT-E0012-20260803,E0012,2026-08-03,Present,11:53,8.78,158
ATT-E0012-20260804,E0012,2026-08-04,Leave,,0,0
ATT-E0012-20260805,E0012,2026-08-05,Present,10:51,8.39,96
ATT-E0012-20260806,E0012,2026-08-06,Present,10:21,9.71,66
ATT-E0012-20260807,E0012,2026-08-07,Present,11:59,10.39,164
ATT-E0012-20260810,E0012,2026-08-10,Present,10:02,9.84,47
ATT-E0012-20260811,E0012,2026-08-11,Present,08:15,9.69,0
ATT-E0012-20260812,E0012,2026-08-12,Present,08:21,8.64,0
ATT-E0012-20260813,E0012,2026-08-13,Present,08:49,10.48,0
ATT-E0012-20260814,E0012,2026-08-14,Present,09:55,8.55,40
ATT-E0012-20260817,E0012,2026-08-17,Present,09:20,10.2,5
ATT-E0012-20260818,E0012,2026-08-18,Present,09:40,8.14,25
ATT-E0012-20260819,E0012,2026-08-19,Leave,,0,0
ATT-E0012-20260820,E0012,2026-08-20,Present,09:47,7.24,32
ATT-E0012-20260821,E0012,2026-08-21,Present,10:18,8.22,63
ATT-E0012-20260824,E0012,2026-08-24,Present,10:20,7.55,65
ATT-E0012-20260825,E0012,2026-08-25,Present,09:12,7.6,0
ATT-E0012-20260826,E0012,2026-08-26,Present,11:49,9.81,154
ATT-E0012-20260827,E0012,2026-08-27,Present,11:06,10.24,111
ATT-E0012-20260828,E0012,2026-08-28,Absent,,0,0
ATT-E0012-20260831,E0012,2026-08-31,Present,08:11,9.62,0
ATT-E0013-20260601,E0013,2026-06-01,Present,08:11,8.68,0
ATT-E0013-20260602,E0013,2026-06-02,Present,11:07,9.18,112
ATT-E0013-20260603,E0013,2026-06-03,Present,08:27,7.89,0
ATT-E0013-20260604,E0013,2026-06-04,Present,08:33,7.5,0
ATT-E0013-20260605,E0013,2026-06-05,Leave,,0,0
ATT-E0013-20260608,E0013,2026-06-08,Present,08:43,9.75,0
ATT-E0013-20260609,E0013,2026-06-09,Present,11:08,10.17,113
ATT-E0013-20260610,E0013,2026-06-10,Present,11:21,9.76,126
ATT-E0013-20260611,E0013,2026-06-11,Present,09:39,7.87,24
ATT-E0013-20260612,E0013,2026-06-12,Present,11:27,8.73,132
ATT-E0013-20260615,E0013,2026-06-15,Present,08:10,10.36,0
ATT-E0013-20260616,E0013,2026-06-16,Absent,,0,0
ATT-E0013-20260617,E0013,2026-06-17,Present,08:35,8.01,0
ATT-E0013-20260618,E0013,2026-06-18,Leave,,0,0
ATT-E0013-20260619,E0013,2026-06-19,Present,08:43,10.41,0
ATT-E0013-20260622,E0013,2026-06-22,Present,11:01,10.39,106
ATT-E0013-20260623,E0013,2026-06-23,Leave,,0,0
ATT-E0013-20260624,E0013,2026-06-24,Present,09:49,10.02,34
ATT-E0013-20260625,E0013,2026-06-25,Present,10:39,7.97,84
ATT-E0013-20260626,E0013,2026-06-26,Present,08:55,7.5,0
ATT-E0013-20260629,E0013,2026-06-29,Leave,,0,0
ATT-E0013-20260630,E0013,2026-06-30,Present,09:11,8.14,0
ATT-E0013-20260701,E0013,2026-07-01,Present,10:34,10.11,79
ATT-E0013-20260702,E0013,2026-07-02,Present,09:06,8.75,0
ATT-E0013-20260703,E0013,2026-07-03,Present,11:35,7.46,140
ATT-E0013-20260706,E0013,2026-07-06,Present,10:41,9.42,86
ATT-E0013-20260707,E0013,2026-07-07,Present,11:31,10.46,136
ATT-E0013-20260708,E0013,2026-07-08,Present,09:59,7.04,44
ATT-E0013-20260709,E0013,2026-07-09,Present,10:32,9.96,77
ATT-E0013-20260710,E0013,2026-07-10,Present,08:28,7.22,0
ATT-E0013-20260713,E0013,2026-07-13,Present,10:19,10.19,64
ATT-E0013-20260714,E0013,2026-07-14,Present,11:04,8.87,109
ATT-E0013-20260715,E0013,2026-07-15,Present,11:44,8.91,149
ATT-E0013-20260716,E0013,2026-07-16,Present,10:09,7.83,54
ATT-E0013-20260717,E0013,2026-07-17,Absent,,0,0
ATT-E0013-20260720,E0013,2026-07-20,Absent,,0,0
ATT-E0013-20260721,E0013,2026-07-21,Present,11:46,7.49,151
ATT-E0013-20260722,E0013,2026-07-22,Absent,,0,0
ATT-E0013-20260723,E0013,2026-07-23,Absent,,0,0
ATT-E0013-20260724,E0013,2026-07-24,Present,08:54,9.02,0
ATT-E0013-20260727,E0013,2026-07-27,Present,09:11,10.29,0
ATT-E0013-20260728,E0013,2026-07-28,Present,10:33,8.13,78
ATT-E0013-20260729,E0013,2026-07-29,Present,10:50,10.47,95
ATT-E0013-20260730,E0013,2026-07-30,Leave,,0,0
ATT-E0013-20260731,E0013,2026-07-31,Present,08:16,8.83,0
ATT-E0013-20260803,E0013,2026-08-03,Present,11:40,8,145
ATT-E0013-20260804,E0013,2026-08-04,Present,09:26,9.02,11
ATT-E0013-20260805,E0013,2026-08-05,Absent,,0,0
ATT-E0013-20260806,E0013,2026-08-06,Present,08:19,9.53,0
ATT-E0013-20260807,E0013,2026-08-07,Present,08:00,8.96,0
ATT-E0013-20260810,E0013,2026-08-10,Present,08:08,8.28,0
ATT-E0013-20260811,E0013,2026-08-11,Present,11:40,8.87,145
ATT-E0013-20260812,E0013,2026-08-12,Present,08:21,8.42,0
ATT-E0013-20260813,E0013,2026-08-13,Present,09:32,10.47,17
ATT-E0013-20260814,E0013,2026-08-14,Present,11:24,8.16,129
ATT-E0013-20260817,E0013,2026-08-17,Present,11:47,8.65,152
ATT-E0013-20260818,E0013,2026-08-18,Present,10:12,8.03,57
ATT-E0013-20260819,E0013,2026-08-19,Present,09:23,8.39,8
ATT-E0013-20260820,E0013,2026-08-20,Present,09:48,8.48,33
ATT-E0013-20260821,E0013,2026-08-21,Present,10:15,9.62,60
ATT-E0013-20260824,E0013,2026-08-24,Present,10:30,9.75,75
ATT-E0013-20260825,E0013,2026-08-25,Present,08:18,10.15,0
ATT-E0013-20260826,E0013,2026-08-26,Absent,,0,0
ATT-E0013-20260827,E0013,2026-08-27,Absent,,0,0
ATT-E0013-20260828,E0013,2026-08-28,Present,11:05,7.24,110
ATT-E0013-20260831,E0013,2026-08-31,Leave,,0,0
ATT-E0014-20260601,E0014,2026-06-01,Present,11:36,7.22,141
ATT-E0014-20260602,E0014,2026-06-02,Present,08:16,10.45,0
ATT-E0014-20260603,E0014,2026-06-03,Leave,,0,0
ATT-E0014-20260604,E0014,2026-06-04,Present,10:27,8.6,72
ATT-E0014-20260605,E0014,2026-06-05,Leave,,0,0
ATT-E0014-20260608,E0014,2026-06-08,Present,11:53,9.6,158
ATT-E0014-20260609,E0014,2026-06-09,Leave,,0,0
ATT-E0014-20260610,E0014,2026-06-10,Leave,,0,0
ATT-E0014-20260611,E0014,2026-06-11,Present,08:07,9.34,0
ATT-E0014-20260612,E0014,2026-06-12,Present,09:39,10.19,24
ATT-E0014-20260615,E0014,2026-06-15,Present,10:56,10.36,101
ATT-E0014-20260616,E0014,2026-06-16,Present,08:56,8.25,0
ATT-E0014-20260617,E0014,2026-06-17,Absent,,0,0
ATT-E0014-20260618,E0014,2026-06-18,Present,09:52,8.46,37
ATT-E0014-20260619,E0014,2026-06-19,Present,08:44,9.5,0
ATT-E0014-20260622,E0014,2026-06-22,Present,10:45,9.88,90
ATT-E0014-20260623,E0014,2026-06-23,Present,08:37,10.3,0
ATT-E0014-20260624,E0014,2026-06-24,Absent,,0,0
ATT-E0014-20260625,E0014,2026-06-25,Present,10:08,8.76,53
ATT-E0014-20260626,E0014,2026-06-26,Present,08:21,7.8,0
ATT-E0014-20260629,E0014,2026-06-29,Present,11:00,7.37,105
ATT-E0014-20260630,E0014,2026-06-30,Present,10:11,8.92,56
ATT-E0014-20260701,E0014,2026-07-01,Present,11:42,8.13,147
ATT-E0014-20260702,E0014,2026-07-02,Present,10:52,8.81,97
ATT-E0014-20260703,E0014,2026-07-03,Present,10:26,8.63,71
ATT-E0014-20260706,E0014,2026-07-06,Present,10:40,7.76,85
ATT-E0014-20260707,E0014,2026-07-07,Present,09:58,10.36,43
ATT-E0014-20260708,E0014,2026-07-08,Present,08:14,7.51,0
ATT-E0014-20260709,E0014,2026-07-09,Present,11:28,8.67,133
ATT-E0014-20260710,E0014,2026-07-10,Present,11:40,9.3,145
ATT-E0014-20260713,E0014,2026-07-13,Present,09:08,9.85,0
ATT-E0014-20260714,E0014,2026-07-14,Present,11:05,10.4,110
ATT-E0014-20260715,E0014,2026-07-15,Present,08:32,8.69,0
ATT-E0014-20260716,E0014,2026-07-16,Present,11:29,8.63,134
ATT-E0014-20260717,E0014,2026-07-17,Present,09:24,8.1,9
ATT-E0014-20260720,E0014,2026-07-20,Present,10:14,8.33,59
ATT-E0014-20260721,E0014,2026-07-21,Present,08:04,8.67,0
ATT-E0014-20260722,E0014,2026-07-22,Present,08:04,10.06,0
ATT-E0014-20260723,E0014,2026-07-23,Present,09:03,9.6,0
ATT-E0014-20260724,E0014,2026-07-24,Leave,,0,0
ATT-E0014-20260727,E0014,2026-07-27,Present,09:46,9.67,31
ATT-E0014-20260728,E0014,2026-07-28,Present,09:54,10.11,39
ATT-E0014-20260729,E0014,2026-07-29,Present,08:47,9.3,0
ATT-E0014-20260730,E0014,2026-07-30,Present,10:25,9.78,70
ATT-E0014-20260731,E0014,2026-07-31,Present,11:32,9.15,137
ATT-E0014-20260803,E0014,2026-08-03,Present,09:25,9.95,10
ATT-E0014-20260804,E0014,2026-08-04,Present,11:51,7.78,156
ATT-E0014-20260805,E0014,2026-08-05,Absent,,0,0
ATT-E0014-20260806,E0014,2026-08-06,Absent,,0,0
ATT-E0014-20260807,E0014,2026-08-07,Present,08:46,8.54,0
ATT-E0014-20260810,E0014,2026-08-10,Present,08:01,7.36,0
ATT-E0014-20260811,E0014,2026-08-11,Present,10:21,7.71,66
ATT-E0014-20260812,E0014,2026-08-12,Leave,,0,0
ATT-E0014-20260813,E0014,2026-08-13,Present,09:09,10.21,0
ATT-E0014-20260814,E0014,2026-08-14,Absent,,0,0
ATT-E0014-20260817,E0014,2026-08-17,Present,10:00,7.54,45
ATT-E0014-20260818,E0014,2026-08-18,Present,09:04,8.41,0
ATT-E0014-20260819,E0014,2026-08-19,Present,09:01,7.77,0
ATT-E0014-20260820,E0014,2026-08-20,Absent,,0,0
ATT-E0014-20260821,E0014,2026-08-21,Present,08:35,7.25,0
ATT-E0014-20260824,E0014,2026-08-24,Present,08:10,10.31,0
ATT-E0014-20260825,E0014,2026-08-25,Present,10:03,10.48,48
ATT-E0014-20260826,E0014,2026-08-26,Present,09:35,7.25,20
ATT-E0014-20260827,E0014,2026-08-27,Present,10:18,8.46,63
ATT-E0014-20260828,E0014,2026-08-28,Absent,,0,0
ATT-E0014-20260831,E0014,2026-08-31,Present,10:53,9.89,98
ATT-E0015-20260601,E0015,2026-06-01,Present,09:44,8.39,29
ATT-E0015-20260602,E0015,2026-06-02,Present,10:16,10.1,61
ATT-E0015-20260603,E0015,2026-06-03,Present,09:49,7.24,34
ATT-E0015-20260604,E0015,2026-06-04,Leave,,0,0
ATT-E0015-20260605,E0015,2026-06-05,Present,10:56,9.03,101
ATT-E0015-20260608,E0015,2026-06-08,Present,10:33,8.52,78
ATT-E0015-20260609,E0015,2026-06-09,Present,11:04,8.79,109
ATT-E0015-20260610,E0015,2026-06-10,Present,10:51,7.12,96
ATT-E0015-20260611,E0015,2026-06-11,Present,08:56,10.28,0
ATT-E0015-20260612,E0015,2026-06-12,Present,10:52,10.2,97
ATT-E0015-20260615,E0015,2026-06-15,Present,09:57,10.49,42
ATT-E0015-20260616,E0015,2026-06-16,Present,11:05,9.11,110
ATT-E0015-20260617,E0015,2026-06-17,Leave,,0,0
ATT-E0015-20260618,E0015,2026-06-18,Leave,,0,0
ATT-E0015-20260619,E0015,2026-06-19,Present,09:16,10.04,1
ATT-E0015-20260622,E0015,2026-06-22,Present,11:17,7.75,122
ATT-E0015-20260623,E0015,2026-06-23,Present,10:08,10.12,53
ATT-E0015-20260624,E0015,2026-06-24,Present,10:46,7.07,91
ATT-E0015-20260625,E0015,2026-06-25,Present,08:56,9.94,0
ATT-E0015-20260626,E0015,2026-06-26,Present,10:14,9.1,59
ATT-E0015-20260629,E0015,2026-06-29,Present,09:05,8.92,0
ATT-E0015-20260630,E0015,2026-06-30,Absent,,0,0
ATT-E0015-20260701,E0015,2026-07-01,Present,10:39,9.23,84
ATT-E0015-20260702,E0015,2026-07-02,Present,11:14,10.2,119
ATT-E0015-20260703,E0015,2026-07-03,Present,09:20,9.73,5
ATT-E0015-20260706,E0015,2026-07-06,Present,11:12,7.06,117
ATT-E0015-20260707,E0015,2026-07-07,Present,10:23,9.23,68
ATT-E0015-20260708,E0015,2026-07-08,Present,08:42,9.06,0
ATT-E0015-20260709,E0015,2026-07-09,Present,08:24,7.82,0
ATT-E0015-20260710,E0015,2026-07-10,Present,09:45,8.2,30
ATT-E0015-20260713,E0015,2026-07-13,Present,11:28,7.57,133
ATT-E0015-20260714,E0015,2026-07-14,Present,10:41,9.68,86
ATT-E0015-20260715,E0015,2026-07-15,Present,09:08,8.99,0
ATT-E0015-20260716,E0015,2026-07-16,Present,09:59,7.98,44
ATT-E0015-20260717,E0015,2026-07-17,Absent,,0,0
ATT-E0015-20260720,E0015,2026-07-20,Present,09:57,8.05,42
ATT-E0015-20260721,E0015,2026-07-21,Present,09:45,9.9,30
ATT-E0015-20260722,E0015,2026-07-22,Present,09:17,9.71,2
ATT-E0015-20260723,E0015,2026-07-23,Present,08:38,7.57,0
ATT-E0015-20260724,E0015,2026-07-24,Absent,,0,0
ATT-E0015-20260727,E0015,2026-07-27,Absent,,0,0
ATT-E0015-20260728,E0015,2026-07-28,Present,10:09,8.88,54
ATT-E0015-20260729,E0015,2026-07-29,Present,08:30,9.54,0
ATT-E0015-20260730,E0015,2026-07-30,Present,08:33,8.83,0
ATT-E0015-20260731,E0015,2026-07-31,Present,10:34,9.48,79
ATT-E0015-20260803,E0015,2026-08-03,Present,09:29,9.06,14
ATT-E0015-20260804,E0015,2026-08-04,Present,10:25,7.5,70
ATT-E0015-20260805,E0015,2026-08-05,Present,10:37,7.33,82
ATT-E0015-20260806,E0015,2026-08-06,Present,10:12,7.92,57
ATT-E0015-20260807,E0015,2026-08-07,Present,11:59,7.2,164
ATT-E0015-20260810,E0015,2026-08-10,Present,09:32,9.13,17
ATT-E0015-20260811,E0015,2026-08-11,Absent,,0,0
ATT-E0015-20260812,E0015,2026-08-12,Present,08:48,10.29,0
ATT-E0015-20260813,E0015,2026-08-13,Present,08:06,7.07,0
ATT-E0015-20260814,E0015,2026-08-14,Leave,,0,0
ATT-E0015-20260817,E0015,2026-08-17,Present,08:14,9.97,0
ATT-E0015-20260818,E0015,2026-08-18,Leave,,0,0
ATT-E0015-20260819,E0015,2026-08-19,Present,10:41,7.5,86
ATT-E0015-20260820,E0015,2026-08-20,Present,09:21,8.73,6
ATT-E0015-20260821,E0015,2026-08-21,Present,09:18,7.94,3
ATT-E0015-20260824,E0015,2026-08-24,Present,08:11,10.13,0
ATT-E0015-20260825,E0015,2026-08-25,Present,11:11,7.21,116
ATT-E0015-20260826,E0015,2026-08-26,Present,10:30,7.46,75
ATT-E0015-20260827,E0015,2026-08-27,Present,11:27,9.29,132
ATT-E0015-20260828,E0015,2026-08-28,Present,08:07,8.65,0
ATT-E0015-20260831,E0015,2026-08-31,Present,09:49,9.62,34
ATT-E0016-20260601,E0016,2026-06-01,Present,10:07,9.03,52
ATT-E0016-20260602,E0016,2026-06-02,Leave,,0,0
ATT-E0016-20260603,E0016,2026-06-03,Present,11:00,9.7,105
ATT-E0016-20260604,E0016,2026-06-04,Present,10:38,8.21,83
ATT-E0016-20260605,E0016,2026-06-05,Present,11:35,10.49,140
ATT-E0016-20260608,E0016,2026-06-08,Present,11:06,9.13,111
ATT-E0016-20260609,E0016,2026-06-09,Present,11:47,10.45,152
ATT-E0016-20260610,E0016,2026-06-10,Present,11:44,8.74,149
ATT-E0016-20260611,E0016,2026-06-11,Present,10:50,9.93,95
ATT-E0016-20260612,E0016,2026-06-12,Present,08:33,8.03,0
ATT-E0016-20260615,E0016,2026-06-15,Present,11:10,9.07,115
ATT-E0016-20260616,E0016,2026-06-16,Present,10:39,8.57,84
ATT-E0016-20260617,E0016,2026-06-17,Absent,,0,0
ATT-E0016-20260618,E0016,2026-06-18,Present,11:46,7.41,151
ATT-E0016-20260619,E0016,2026-06-19,Present,08:11,9.45,0
ATT-E0016-20260622,E0016,2026-06-22,Present,11:51,10.29,156
ATT-E0016-20260623,E0016,2026-06-23,Present,08:37,9.83,0
ATT-E0016-20260624,E0016,2026-06-24,Present,10:31,7.79,76
ATT-E0016-20260625,E0016,2026-06-25,Present,10:22,7.52,67
ATT-E0016-20260626,E0016,2026-06-26,Present,08:12,7.9,0
ATT-E0016-20260629,E0016,2026-06-29,Present,11:20,9.86,125
ATT-E0016-20260630,E0016,2026-06-30,Present,10:26,9.96,71
ATT-E0016-20260701,E0016,2026-07-01,Present,11:20,10.26,125
ATT-E0016-20260702,E0016,2026-07-02,Present,09:03,10.1,0
ATT-E0016-20260703,E0016,2026-07-03,Leave,,0,0
ATT-E0016-20260706,E0016,2026-07-06,Present,11:25,9.82,130
ATT-E0016-20260707,E0016,2026-07-07,Present,08:28,7.13,0
ATT-E0016-20260708,E0016,2026-07-08,Present,08:32,10.44,0
ATT-E0016-20260709,E0016,2026-07-09,Present,10:46,10.35,91
ATT-E0016-20260710,E0016,2026-07-10,Present,08:10,9.35,0
ATT-E0016-20260713,E0016,2026-07-13,Absent,,0,0
ATT-E0016-20260714,E0016,2026-07-14,Present,08:25,8.66,0
ATT-E0016-20260715,E0016,2026-07-15,Present,09:24,9.45,9
ATT-E0016-20260716,E0016,2026-07-16,Absent,,0,0
ATT-E0016-20260717,E0016,2026-07-17,Present,10:12,8.83,57
ATT-E0016-20260720,E0016,2026-07-20,Leave,,0,0
ATT-E0016-20260721,E0016,2026-07-21,Present,10:00,8.51,45
ATT-E0016-20260722,E0016,2026-07-22,Present,09:44,9.94,29
ATT-E0016-20260723,E0016,2026-07-23,Leave,,0,0
ATT-E0016-20260724,E0016,2026-07-24,Present,09:21,10.23,6
ATT-E0016-20260727,E0016,2026-07-27,Present,10:25,7.64,70
ATT-E0016-20260728,E0016,2026-07-28,Present,11:57,7.14,162
ATT-E0016-20260729,E0016,2026-07-29,Present,11:52,9.75,157
ATT-E0016-20260730,E0016,2026-07-30,Present,09:21,10.11,6
ATT-E0016-20260731,E0016,2026-07-31,Present,09:43,8.49,28
ATT-E0016-20260803,E0016,2026-08-03,Absent,,0,0
ATT-E0016-20260804,E0016,2026-08-04,Present,11:37,7.35,142
ATT-E0016-20260805,E0016,2026-08-05,Present,09:42,10.38,27
ATT-E0016-20260806,E0016,2026-08-06,Present,08:35,9.11,0
ATT-E0016-20260807,E0016,2026-08-07,Absent,,0,0
ATT-E0016-20260810,E0016,2026-08-10,Present,09:55,9.2,40
ATT-E0016-20260811,E0016,2026-08-11,Present,11:45,7.99,150
ATT-E0016-20260812,E0016,2026-08-12,Present,10:23,8.28,68
ATT-E0016-20260813,E0016,2026-08-13,Absent,,0,0
ATT-E0016-20260814,E0016,2026-08-14,Present,10:12,9.58,57
ATT-E0016-20260817,E0016,2026-08-17,Present,08:21,8.89,0
ATT-E0016-20260818,E0016,2026-08-18,Present,08:56,9.07,0
ATT-E0016-20260819,E0016,2026-08-19,Present,09:46,8.44,31
ATT-E0016-20260820,E0016,2026-08-20,Present,11:48,8.54,153
ATT-E0016-20260821,E0016,2026-08-21,Present,10:11,7.9,56
ATT-E0016-20260824,E0016,2026-08-24,Absent,,0,0
ATT-E0016-20260825,E0016,2026-08-25,Present,09:56,8.25,41
ATT-E0016-20260826,E0016,2026-08-26,Present,11:34,8.2,139
ATT-E0016-20260827,E0016,2026-08-27,Present,10:51,10.37,96
ATT-E0016-20260828,E0016,2026-08-28,Present,08:07,7.94,0
ATT-E0016-20260831,E0016,2026-08-31,Present,09:36,9.43,21
ATT-E0017-20260601,E0017,2026-06-01,Present,11:30,7.22,135
ATT-E0017-20260602,E0017,2026-06-02,Present,10:53,9.3,98
ATT-E0017-20260603,E0017,2026-06-03,Present,11:15,8.13,120
ATT-E0017-20260604,E0017,2026-06-04,Present,08:39,8.78,0
ATT-E0017-20260605,E0017,2026-06-05,Present,08:40,9.86,0
ATT-E0017-20260608,E0017,2026-06-08,Present,10:35,7.66,80
ATT-E0017-20260609,E0017,2026-06-09,Present,11:03,9.57,108
ATT-E0017-20260610,E0017,2026-06-10,Present,10:05,7.5,50
ATT-E0017-20260611,E0017,2026-06-11,Present,09:04,10.34,0
ATT-E0017-20260612,E0017,2026-06-12,Leave,,0,0
ATT-E0017-20260615,E0017,2026-06-15,Present,08:31,8.36,0
ATT-E0017-20260616,E0017,2026-06-16,Present,09:44,10.21,29
ATT-E0017-20260617,E0017,2026-06-17,Present,10:36,10.2,81
ATT-E0017-20260618,E0017,2026-06-18,Present,09:19,7.77,4
ATT-E0017-20260619,E0017,2026-06-19,Present,08:58,8.41,0
ATT-E0017-20260622,E0017,2026-06-22,Present,09:03,10.46,0
ATT-E0017-20260623,E0017,2026-06-23,Present,10:35,9.85,80
ATT-E0017-20260624,E0017,2026-06-24,Present,11:50,8.92,155
ATT-E0017-20260625,E0017,2026-06-25,Present,10:03,8.35,48
ATT-E0017-20260626,E0017,2026-06-26,Present,09:52,8,37
ATT-E0017-20260629,E0017,2026-06-29,Present,11:04,7.38,109
ATT-E0017-20260630,E0017,2026-06-30,Present,10:14,8.84,59
ATT-E0017-20260701,E0017,2026-07-01,Present,11:29,8.99,134
ATT-E0017-20260702,E0017,2026-07-02,Absent,,0,0
ATT-E0017-20260703,E0017,2026-07-03,Present,11:19,7.99,124
ATT-E0017-20260706,E0017,2026-07-06,Present,08:44,7.58,0
ATT-E0017-20260707,E0017,2026-07-07,Present,11:43,8.31,148
ATT-E0017-20260708,E0017,2026-07-08,Present,08:01,8.59,0
ATT-E0017-20260709,E0017,2026-07-09,Present,11:25,7.59,130
ATT-E0017-20260710,E0017,2026-07-10,Present,08:19,10.19,0
ATT-E0017-20260713,E0017,2026-07-13,Present,08:46,7.19,0
ATT-E0017-20260714,E0017,2026-07-14,Present,10:01,8.73,46
ATT-E0017-20260715,E0017,2026-07-15,Leave,,0,0
ATT-E0017-20260716,E0017,2026-07-16,Present,09:28,7.75,13
ATT-E0017-20260717,E0017,2026-07-17,Present,10:00,10.35,45
ATT-E0017-20260720,E0017,2026-07-20,Present,08:27,8.67,0
ATT-E0017-20260721,E0017,2026-07-21,Present,09:42,8.92,27
ATT-E0017-20260722,E0017,2026-07-22,Present,11:33,7.37,138
ATT-E0017-20260723,E0017,2026-07-23,Present,11:49,8.71,154
ATT-E0017-20260724,E0017,2026-07-24,Present,08:19,8.99,0
ATT-E0017-20260727,E0017,2026-07-27,Present,11:19,10.42,124
ATT-E0017-20260728,E0017,2026-07-28,Leave,,0,0
ATT-E0017-20260729,E0017,2026-07-29,Present,11:45,9.65,150
ATT-E0017-20260730,E0017,2026-07-30,Present,08:54,7.55,0
ATT-E0017-20260731,E0017,2026-07-31,Present,11:23,10.47,128
ATT-E0017-20260803,E0017,2026-08-03,Present,11:59,9.31,164
ATT-E0017-20260804,E0017,2026-08-04,Present,10:37,7.33,82
ATT-E0017-20260805,E0017,2026-08-05,Present,10:26,8.98,71
ATT-E0017-20260806,E0017,2026-08-06,Present,09:23,9.1,8
ATT-E0017-20260807,E0017,2026-08-07,Present,08:27,8.49,0
ATT-E0017-20260810,E0017,2026-08-10,Present,08:31,7.93,0
ATT-E0017-20260811,E0017,2026-08-11,Absent,,0,0
ATT-E0017-20260812,E0017,2026-08-12,Present,08:07,9.49,0
ATT-E0017-20260813,E0017,2026-08-13,Present,09:59,8.96,44
ATT-E0017-20260814,E0017,2026-08-14,Leave,,0,0
ATT-E0017-20260817,E0017,2026-08-17,Present,09:10,9.26,0
ATT-E0017-20260818,E0017,2026-08-18,Present,11:45,10.2,150
ATT-E0017-20260819,E0017,2026-08-19,Present,11:55,9.67,160
ATT-E0017-20260820,E0017,2026-08-20,Present,08:12,9.67,0
ATT-E0017-20260821,E0017,2026-08-21,Present,11:49,9.09,154
ATT-E0017-20260824,E0017,2026-08-24,Present,09:47,7.5,32
ATT-E0017-20260825,E0017,2026-08-25,Present,11:46,8.2,151
ATT-E0017-20260826,E0017,2026-08-26,Present,10:11,9.43,56
ATT-E0017-20260827,E0017,2026-08-27,Present,09:45,8.88,30
ATT-E0017-20260828,E0017,2026-08-28,Present,09:54,10.1,39
ATT-E0017-20260831,E0017,2026-08-31,Present,08:30,10.42,0
ATT-E0018-20260601,E0018,2026-06-01,Present,08:28,10.32,0
ATT-E0018-20260602,E0018,2026-06-02,Present,08:17,8.69,0
ATT-E0018-20260603,E0018,2026-06-03,Absent,,0,0
ATT-E0018-20260604,E0018,2026-06-04,Absent,,0,0
ATT-E0018-20260605,E0018,2026-06-05,Present,08:10,9.72,0
ATT-E0018-20260608,E0018,2026-06-08,Present,09:35,10.03,20
ATT-E0018-20260609,E0018,2026-06-09,Present,11:03,8.29,108
ATT-E0018-20260610,E0018,2026-06-10,Present,09:26,9.71,11
ATT-E0018-20260611,E0018,2026-06-11,Present,11:29,9.09,134
ATT-E0018-20260612,E0018,2026-06-12,Present,11:33,10.25,138
ATT-E0018-20260615,E0018,2026-06-15,Present,08:34,7.35,0
ATT-E0018-20260616,E0018,2026-06-16,Present,11:57,8.33,162
ATT-E0018-20260617,E0018,2026-06-17,Present,09:10,7.3,0
ATT-E0018-20260618,E0018,2026-06-18,Present,08:06,9.58,0
ATT-E0018-20260619,E0018,2026-06-19,Absent,,0,0
ATT-E0018-20260622,E0018,2026-06-22,Present,09:26,9.76,11
ATT-E0018-20260623,E0018,2026-06-23,Present,09:12,7.09,0
ATT-E0018-20260624,E0018,2026-06-24,Present,11:49,7.77,154
ATT-E0018-20260625,E0018,2026-06-25,Present,10:16,8.67,61
ATT-E0018-20260626,E0018,2026-06-26,Present,10:27,8.81,72
ATT-E0018-20260629,E0018,2026-06-29,Present,10:54,10.23,99
ATT-E0018-20260630,E0018,2026-06-30,Present,11:42,9.92,147
ATT-E0018-20260701,E0018,2026-07-01,Present,10:41,8.1,86
ATT-E0018-20260702,E0018,2026-07-02,Present,11:31,7.14,136
ATT-E0018-20260703,E0018,2026-07-03,Present,10:34,7.98,79
ATT-E0018-20260706,E0018,2026-07-06,Present,10:40,10.47,85
ATT-E0018-20260707,E0018,2026-07-07,Present,09:23,8.41,8
ATT-E0018-20260708,E0018,2026-07-08,Present,08:04,8.21,0
ATT-E0018-20260709,E0018,2026-07-09,Present,08:20,8.88,0
ATT-E0018-20260710,E0018,2026-07-10,Present,10:11,7.57,56
ATT-E0018-20260713,E0018,2026-07-13,Present,10:59,7.66,104
ATT-E0018-20260714,E0018,2026-07-14,Leave,,0,0
ATT-E0018-20260715,E0018,2026-07-15,Present,08:42,8.86,0
ATT-E0018-20260716,E0018,2026-07-16,Present,09:07,7.88,0
ATT-E0018-20260717,E0018,2026-07-17,Present,08:39,9.87,0
ATT-E0018-20260720,E0018,2026-07-20,Present,09:03,10.41,0
ATT-E0018-20260721,E0018,2026-07-21,Leave,,0,0
ATT-E0018-20260722,E0018,2026-07-22,Present,09:27,9.11,12
ATT-E0018-20260723,E0018,2026-07-23,Present,10:33,9.18,78
ATT-E0018-20260724,E0018,2026-07-24,Present,08:42,7.86,0
ATT-E0018-20260727,E0018,2026-07-27,Present,09:35,8.9,20
ATT-E0018-20260728,E0018,2026-07-28,Present,09:16,9.19,1
ATT-E0018-20260729,E0018,2026-07-29,Present,09:19,10.42,4
ATT-E0018-20260730,E0018,2026-07-30,Present,10:00,10.06,45
ATT-E0018-20260731,E0018,2026-07-31,Present,10:36,7.3,81
ATT-E0018-20260803,E0018,2026-08-03,Present,08:47,10.11,0
ATT-E0018-20260804,E0018,2026-08-04,Present,08:14,10.44,0
ATT-E0018-20260805,E0018,2026-08-05,Absent,,0,0
ATT-E0018-20260806,E0018,2026-08-06,Present,09:17,10.37,2
ATT-E0018-20260807,E0018,2026-08-07,Present,11:16,7.64,121
ATT-E0018-20260810,E0018,2026-08-10,Present,11:56,10.08,161
ATT-E0018-20260811,E0018,2026-08-11,Present,10:07,9.98,52
ATT-E0018-20260812,E0018,2026-08-12,Present,08:56,7.44,0
ATT-E0018-20260813,E0018,2026-08-13,Present,09:42,7.71,27
ATT-E0018-20260814,E0018,2026-08-14,Present,11:32,7.22,137
ATT-E0018-20260817,E0018,2026-08-17,Present,11:43,9.68,148
ATT-E0018-20260818,E0018,2026-08-18,Present,09:11,10.23,0
ATT-E0018-20260819,E0018,2026-08-19,Present,09:56,10.26,41
ATT-E0018-20260820,E0018,2026-08-20,Leave,,0,0
ATT-E0018-20260821,E0018,2026-08-21,Present,10:23,9.38,68
ATT-E0018-20260824,E0018,2026-08-24,Present,10:56,9.16,101
ATT-E0018-20260825,E0018,2026-08-25,Present,11:40,9.43,145
ATT-E0018-20260826,E0018,2026-08-26,Absent,,0,0
ATT-E0018-20260827,E0018,2026-08-27,Absent,,0,0
ATT-E0018-20260828,E0018,2026-08-28,Present,09:10,10.13,0
ATT-E0018-20260831,E0018,2026-08-31,Leave,,0,0
ATT-E0019-20260601,E0019,2026-06-01,Present,11:54,8.05,159
ATT-E0019-20260602,E0019,2026-06-02,Absent,,0,0
ATT-E0019-20260603,E0019,2026-06-03,Present,10:40,7.54,85
ATT-E0019-20260604,E0019,2026-06-04,Present,10:19,7.31,64
ATT-E0019-20260605,E0019,2026-06-05,Present,10:13,10.21,58
ATT-E0019-20260608,E0019,2026-06-08,Absent,,0,0
ATT-E0019-20260609,E0019,2026-06-09,Present,11:29,8.27,134
ATT-E0019-20260610,E0019,2026-06-10,Present,09:54,7.42,39
ATT-E0019-20260611,E0019,2026-06-11,Present,09:58,8.7,43
ATT-E0019-20260612,E0019,2026-06-12,Present,08:03,8.54,0
ATT-E0019-20260615,E0019,2026-06-15,Absent,,0,0
ATT-E0019-20260616,E0019,2026-06-16,Present,09:18,8.7,3
ATT-E0019-20260617,E0019,2026-06-17,Present,11:30,9.96,135
ATT-E0019-20260618,E0019,2026-06-18,Present,11:55,9.32,160
ATT-E0019-20260619,E0019,2026-06-19,Present,09:49,7.24,34
ATT-E0019-20260622,E0019,2026-06-22,Present,10:48,8.26,93
ATT-E0019-20260623,E0019,2026-06-23,Present,08:57,7.28,0
ATT-E0019-20260624,E0019,2026-06-24,Present,09:13,9.8,0
ATT-E0019-20260625,E0019,2026-06-25,Present,09:07,8.87,0
ATT-E0019-20260626,E0019,2026-06-26,Present,11:20,7.99,125
ATT-E0019-20260629,E0019,2026-06-29,Present,11:03,10.31,108
ATT-E0019-20260630,E0019,2026-06-30,Present,09:24,8.7,9
ATT-E0019-20260701,E0019,2026-07-01,Present,08:43,8.37,0
ATT-E0019-20260702,E0019,2026-07-02,Present,11:36,9.16,141
ATT-E0019-20260703,E0019,2026-07-03,Present,11:15,9.49,120
ATT-E0019-20260706,E0019,2026-07-06,Leave,,0,0
ATT-E0019-20260707,E0019,2026-07-07,Present,10:49,9.9,94
ATT-E0019-20260708,E0019,2026-07-08,Present,08:01,8.23,0
ATT-E0019-20260709,E0019,2026-07-09,Present,08:24,9.87,0
ATT-E0019-20260710,E0019,2026-07-10,Present,08:17,7.18,0
ATT-E0019-20260713,E0019,2026-07-13,Absent,,0,0
ATT-E0019-20260714,E0019,2026-07-14,Present,09:55,7.57,40
ATT-E0019-20260715,E0019,2026-07-15,Present,11:54,10.27,159
ATT-E0019-20260716,E0019,2026-07-16,Present,08:49,10.06,0
ATT-E0019-20260717,E0019,2026-07-17,Present,10:02,10.33,47
ATT-E0019-20260720,E0019,2026-07-20,Present,11:10,8.63,115
ATT-E0019-20260721,E0019,2026-07-21,Leave,,0,0
ATT-E0019-20260722,E0019,2026-07-22,Present,11:12,8.81,117
ATT-E0019-20260723,E0019,2026-07-23,Present,09:12,7.36,0
ATT-E0019-20260724,E0019,2026-07-24,Present,10:33,9.41,78
ATT-E0019-20260727,E0019,2026-07-27,Leave,,0,0
ATT-E0019-20260728,E0019,2026-07-28,Present,11:28,8.36,133
ATT-E0019-20260729,E0019,2026-07-29,Present,10:34,7.84,79
ATT-E0019-20260730,E0019,2026-07-30,Present,09:43,9.39,28
ATT-E0019-20260731,E0019,2026-07-31,Present,09:37,8.71,22
ATT-E0019-20260803,E0019,2026-08-03,Present,10:09,9.02,54
ATT-E0019-20260804,E0019,2026-08-04,Present,09:37,8.92,22
ATT-E0019-20260805,E0019,2026-08-05,Present,08:55,9.47,0
ATT-E0019-20260806,E0019,2026-08-06,Present,10:20,7.95,65
ATT-E0019-20260807,E0019,2026-08-07,Present,08:20,7.94,0
ATT-E0019-20260810,E0019,2026-08-10,Present,11:52,10.48,157
ATT-E0019-20260811,E0019,2026-08-11,Present,10:23,9.48,68
ATT-E0019-20260812,E0019,2026-08-12,Present,08:48,8.73,0
ATT-E0019-20260813,E0019,2026-08-13,Leave,,0,0
ATT-E0019-20260814,E0019,2026-08-14,Present,11:30,10.18,135
ATT-E0019-20260817,E0019,2026-08-17,Present,11:49,7.79,154
ATT-E0019-20260818,E0019,2026-08-18,Present,10:06,9.7,51
ATT-E0019-20260819,E0019,2026-08-19,Present,09:22,10.44,7
ATT-E0019-20260820,E0019,2026-08-20,Present,09:39,10.49,24
ATT-E0019-20260821,E0019,2026-08-21,Present,09:20,8.76,5
ATT-E0019-20260824,E0019,2026-08-24,Present,08:58,9.88,0
ATT-E0019-20260825,E0019,2026-08-25,Absent,,0,0
ATT-E0019-20260826,E0019,2026-08-26,Present,09:05,8.84,0
ATT-E0019-20260827,E0019,2026-08-27,Present,11:15,7.69,120
ATT-E0019-20260828,E0019,2026-08-28,Present,11:24,9.79,129
ATT-E0019-20260831,E0019,2026-08-31,Present,09:28,7.76,13
ATT-E0020-20260601,E0020,2026-06-01,Present,08:05,7.11,0
ATT-E0020-20260602,E0020,2026-06-02,Present,08:00,8.4,0
ATT-E0020-20260603,E0020,2026-06-03,Absent,,0,0
ATT-E0020-20260604,E0020,2026-06-04,Present,11:12,7.03,117
ATT-E0020-20260605,E0020,2026-06-05,Absent,,0,0
ATT-E0020-20260608,E0020,2026-06-08,Present,10:42,7.97,87
ATT-E0020-20260609,E0020,2026-06-09,Present,09:15,7.98,0
ATT-E0020-20260610,E0020,2026-06-10,Present,09:11,10.5,0
ATT-E0020-20260611,E0020,2026-06-11,Present,08:22,9.29,0
ATT-E0020-20260612,E0020,2026-06-12,Present,08:20,7.33,0
ATT-E0020-20260615,E0020,2026-06-15,Present,10:18,8.95,63
ATT-E0020-20260616,E0020,2026-06-16,Absent,,0,0
ATT-E0020-20260617,E0020,2026-06-17,Present,11:46,7.33,151
ATT-E0020-20260618,E0020,2026-06-18,Absent,,0,0
ATT-E0020-20260619,E0020,2026-06-19,Present,08:08,7.41,0
ATT-E0020-20260622,E0020,2026-06-22,Present,11:34,8.39,139
ATT-E0020-20260623,E0020,2026-06-23,Present,08:58,9.54,0
ATT-E0020-20260624,E0020,2026-06-24,Leave,,0,0
ATT-E0020-20260625,E0020,2026-06-25,Present,10:46,9.18,91
ATT-E0020-20260626,E0020,2026-06-26,Present,09:47,8.72,32
ATT-E0020-20260629,E0020,2026-06-29,Present,09:37,9.36,22
ATT-E0020-20260630,E0020,2026-06-30,Present,10:10,8,55
ATT-E0020-20260701,E0020,2026-07-01,Leave,,0,0
ATT-E0020-20260702,E0020,2026-07-02,Present,11:18,8.34,123
ATT-E0020-20260703,E0020,2026-07-03,Absent,,0,0
ATT-E0020-20260706,E0020,2026-07-06,Leave,,0,0
ATT-E0020-20260707,E0020,2026-07-07,Present,11:52,8.09,157
ATT-E0020-20260708,E0020,2026-07-08,Present,09:40,8.66,25
ATT-E0020-20260709,E0020,2026-07-09,Present,08:02,9.07,0
ATT-E0020-20260710,E0020,2026-07-10,Present,09:39,9.1,24
ATT-E0020-20260713,E0020,2026-07-13,Present,09:38,7.16,23
ATT-E0020-20260714,E0020,2026-07-14,Present,08:41,10.13,0
ATT-E0020-20260715,E0020,2026-07-15,Present,11:14,7.76,119
ATT-E0020-20260716,E0020,2026-07-16,Present,11:52,8.38,157
ATT-E0020-20260717,E0020,2026-07-17,Present,08:03,9.52,0
ATT-E0020-20260720,E0020,2026-07-20,Present,11:18,10.28,123
ATT-E0020-20260721,E0020,2026-07-21,Present,08:20,8.97,0
ATT-E0020-20260722,E0020,2026-07-22,Present,09:57,7.14,42
ATT-E0020-20260723,E0020,2026-07-23,Absent,,0,0
ATT-E0020-20260724,E0020,2026-07-24,Present,11:16,8.37,121
ATT-E0020-20260727,E0020,2026-07-27,Present,10:21,9.7,66
ATT-E0020-20260728,E0020,2026-07-28,Present,11:08,10.46,113
ATT-E0020-20260729,E0020,2026-07-29,Absent,,0,0
ATT-E0020-20260730,E0020,2026-07-30,Present,09:26,7.26,11
ATT-E0020-20260731,E0020,2026-07-31,Present,10:17,7.79,62
ATT-E0020-20260803,E0020,2026-08-03,Present,10:07,10.35,52
ATT-E0020-20260804,E0020,2026-08-04,Present,11:14,7.57,119
ATT-E0020-20260805,E0020,2026-08-05,Present,09:14,8.67,0
ATT-E0020-20260806,E0020,2026-08-06,Present,09:17,8.14,2
ATT-E0020-20260807,E0020,2026-08-07,Absent,,0,0
ATT-E0020-20260810,E0020,2026-08-10,Present,09:53,10.26,38
ATT-E0020-20260811,E0020,2026-08-11,Present,10:54,9.2,99
ATT-E0020-20260812,E0020,2026-08-12,Present,10:50,7.44,95
ATT-E0020-20260813,E0020,2026-08-13,Present,11:44,8.6,149
ATT-E0020-20260814,E0020,2026-08-14,Leave,,0,0
ATT-E0020-20260817,E0020,2026-08-17,Present,11:27,8.38,132
ATT-E0020-20260818,E0020,2026-08-18,Present,11:20,10.07,125
ATT-E0020-20260819,E0020,2026-08-19,Present,09:40,10.07,25
ATT-E0020-20260820,E0020,2026-08-20,Present,10:18,9.02,63
ATT-E0020-20260821,E0020,2026-08-21,Present,11:27,8.04,132
ATT-E0020-20260824,E0020,2026-08-24,Present,09:11,8.68,0
ATT-E0020-20260825,E0020,2026-08-25,Leave,,0,0
ATT-E0020-20260826,E0020,2026-08-26,Present,11:26,7.26,131
ATT-E0020-20260827,E0020,2026-08-27,Present,10:39,7.88,84
ATT-E0020-20260828,E0020,2026-08-28,Leave,,0,0
ATT-E0020-20260831,E0020,2026-08-31,Present,11:59,7.15,164
ATT-E0021-20260601,E0021,2026-06-01,Present,08:56,8.94,0
ATT-E0021-20260602,E0021,2026-06-02,Present,09:05,9.6,0
ATT-E0021-20260603,E0021,2026-06-03,Present,09:58,10.39,43
ATT-E0021-20260604,E0021,2026-06-04,Present,08:09,9.88,0
ATT-E0021-20260605,E0021,2026-06-05,Present,09:03,10.21,0
ATT-E0021-20260608,E0021,2026-06-08,Present,10:24,10.24,69
ATT-E0021-20260609,E0021,2026-06-09,Present,09:26,8.81,11
ATT-E0021-20260610,E0021,2026-06-10,Present,11:02,9.54,107
ATT-E0021-20260611,E0021,2026-06-11,Present,08:16,7.85,0
ATT-E0021-20260612,E0021,2026-06-12,Present,08:41,10.42,0
ATT-E0021-20260615,E0021,2026-06-15,Present,11:30,8.17,135
ATT-E0021-20260616,E0021,2026-06-16,Present,10:19,8.48,64
ATT-E0021-20260617,E0021,2026-06-17,Present,09:45,7.18,30
ATT-E0021-20260618,E0021,2026-06-18,Present,09:03,10.3,0
ATT-E0021-20260619,E0021,2026-06-19,Leave,,0,0
ATT-E0021-20260622,E0021,2026-06-22,Present,09:34,10.33,19
ATT-E0021-20260623,E0021,2026-06-23,Present,09:36,8.86,21
ATT-E0021-20260624,E0021,2026-06-24,Absent,,0,0
ATT-E0021-20260625,E0021,2026-06-25,Absent,,0,0
ATT-E0021-20260626,E0021,2026-06-26,Leave,,0,0
ATT-E0021-20260629,E0021,2026-06-29,Leave,,0,0
ATT-E0021-20260630,E0021,2026-06-30,Absent,,0,0
ATT-E0021-20260701,E0021,2026-07-01,Present,09:30,8.6,15
ATT-E0021-20260702,E0021,2026-07-02,Present,11:39,7.73,144
ATT-E0021-20260703,E0021,2026-07-03,Present,10:52,7.25,97
ATT-E0021-20260706,E0021,2026-07-06,Present,09:31,8.93,16
ATT-E0021-20260707,E0021,2026-07-07,Present,11:02,7.21,107
ATT-E0021-20260708,E0021,2026-07-08,Present,10:08,8.26,53
ATT-E0021-20260709,E0021,2026-07-09,Leave,,0,0
ATT-E0021-20260710,E0021,2026-07-10,Leave,,0,0
ATT-E0021-20260713,E0021,2026-07-13,Present,08:51,9.39,0
ATT-E0021-20260714,E0021,2026-07-14,Present,08:31,8.65,0
ATT-E0021-20260715,E0021,2026-07-15,Leave,,0,0
ATT-E0021-20260716,E0021,2026-07-16,Present,09:37,9,22
ATT-E0021-20260717,E0021,2026-07-17,Present,08:47,9.64,0
ATT-E0021-20260720,E0021,2026-07-20,Absent,,0,0
ATT-E0021-20260721,E0021,2026-07-21,Present,08:18,9.15,0
ATT-E0021-20260722,E0021,2026-07-22,Leave,,0,0
ATT-E0021-20260723,E0021,2026-07-23,Present,10:02,9.94,47
ATT-E0021-20260724,E0021,2026-07-24,Present,11:49,8.24,154
ATT-E0021-20260727,E0021,2026-07-27,Leave,,0,0
ATT-E0021-20260728,E0021,2026-07-28,Present,08:56,8.12,0
ATT-E0021-20260729,E0021,2026-07-29,Absent,,0,0
ATT-E0021-20260730,E0021,2026-07-30,Present,09:00,9.6,0
ATT-E0021-20260731,E0021,2026-07-31,Present,11:31,10.38,136
ATT-E0021-20260803,E0021,2026-08-03,Present,08:34,9.6,0
ATT-E0021-20260804,E0021,2026-08-04,Present,09:02,8.3,0
ATT-E0021-20260805,E0021,2026-08-05,Present,10:06,7.07,51
ATT-E0021-20260806,E0021,2026-08-06,Present,08:26,10.28,0
ATT-E0021-20260807,E0021,2026-08-07,Absent,,0,0
ATT-E0021-20260810,E0021,2026-08-10,Present,09:04,10.23,0
ATT-E0021-20260811,E0021,2026-08-11,Present,09:12,8.86,0
ATT-E0021-20260812,E0021,2026-08-12,Present,11:23,7.3,128
ATT-E0021-20260813,E0021,2026-08-13,Present,10:13,7.52,58
ATT-E0021-20260814,E0021,2026-08-14,Present,09:40,9.17,25
ATT-E0021-20260817,E0021,2026-08-17,Leave,,0,0
ATT-E0021-20260818,E0021,2026-08-18,Present,08:27,8.03,0
ATT-E0021-20260819,E0021,2026-08-19,Present,09:34,8.07,19
ATT-E0021-20260820,E0021,2026-08-20,Present,09:19,8.57,4
ATT-E0021-20260821,E0021,2026-08-21,Absent,,0,0
ATT-E0021-20260824,E0021,2026-08-24,Absent,,0,0
ATT-E0021-20260825,E0021,2026-08-25,Present,08:38,8.62,0
ATT-E0021-20260826,E0021,2026-08-26,Present,11:06,8.88,111
ATT-E0021-20260827,E0021,2026-08-27,Present,10:13,7.82,58
ATT-E0021-20260828,E0021,2026-08-28,Present,09:48,9.76,33
ATT-E0021-20260831,E0021,2026-08-31,Present,10:07,7.55,52
ATT-E0022-20260601,E0022,2026-06-01,Present,10:51,9.82,96
ATT-E0022-20260602,E0022,2026-06-02,Leave,,0,0
ATT-E0022-20260603,E0022,2026-06-03,Present,11:02,8.84,107
ATT-E0022-20260604,E0022,2026-06-04,Present,11:31,10.49,136
ATT-E0022-20260605,E0022,2026-06-05,Present,08:43,8.33,0
ATT-E0022-20260608,E0022,2026-06-08,Present,09:20,9.95,5
ATT-E0022-20260609,E0022,2026-06-09,Present,09:53,7.22,38
ATT-E0022-20260610,E0022,2026-06-10,Present,09:15,7.64,0
ATT-E0022-20260611,E0022,2026-06-11,Present,08:07,10.08,0
ATT-E0022-20260612,E0022,2026-06-12,Present,09:49,10.16,34
ATT-E0022-20260615,E0022,2026-06-15,Present,11:41,7.31,146
ATT-E0022-20260616,E0022,2026-06-16,Present,10:05,8.43,50
ATT-E0022-20260617,E0022,2026-06-17,Present,10:51,9.88,96
ATT-E0022-20260618,E0022,2026-06-18,Present,11:32,8.84,137
ATT-E0022-20260619,E0022,2026-06-19,Present,10:22,9.85,67
ATT-E0022-20260622,E0022,2026-06-22,Present,10:30,7.85,75
ATT-E0022-20260623,E0022,2026-06-23,Present,11:33,9.26,138
ATT-E0022-20260624,E0022,2026-06-24,Present,11:24,8.68,129
ATT-E0022-20260625,E0022,2026-06-25,Present,11:51,9.81,156
ATT-E0022-20260626,E0022,2026-06-26,Present,10:56,9.94,101
ATT-E0022-20260629,E0022,2026-06-29,Present,11:36,8.94,141
ATT-E0022-20260630,E0022,2026-06-30,Present,09:05,9.69,0
ATT-E0022-20260701,E0022,2026-07-01,Present,11:56,8.21,161
ATT-E0022-20260702,E0022,2026-07-02,Present,10:15,7.22,60
ATT-E0022-20260703,E0022,2026-07-03,Present,10:12,8.63,57
ATT-E0022-20260706,E0022,2026-07-06,Present,11:17,10.17,122
ATT-E0022-20260707,E0022,2026-07-07,Present,08:13,7.27,0
ATT-E0022-20260708,E0022,2026-07-08,Present,11:36,7.53,141
ATT-E0022-20260709,E0022,2026-07-09,Present,08:36,9.31,0
ATT-E0022-20260710,E0022,2026-07-10,Leave,,0,0
ATT-E0022-20260713,E0022,2026-07-13,Present,11:40,9.11,145
ATT-E0022-20260714,E0022,2026-07-14,Present,08:28,9.34,0
ATT-E0022-20260715,E0022,2026-07-15,Present,10:28,8.17,73
ATT-E0022-20260716,E0022,2026-07-16,Present,11:19,9.39,124
ATT-E0022-20260717,E0022,2026-07-17,Present,10:54,7.44,99
ATT-E0022-20260720,E0022,2026-07-20,Present,10:01,7.34,46
ATT-E0022-20260721,E0022,2026-07-21,Present,10:38,8.25,83
ATT-E0022-20260722,E0022,2026-07-22,Absent,,0,0
ATT-E0022-20260723,E0022,2026-07-23,Present,08:55,8.92,0
ATT-E0022-20260724,E0022,2026-07-24,Present,08:38,9.54,0
ATT-E0022-20260727,E0022,2026-07-27,Present,08:25,7.93,0
ATT-E0022-20260728,E0022,2026-07-28,Present,10:55,10.08,100
ATT-E0022-20260729,E0022,2026-07-29,Absent,,0,0
ATT-E0022-20260730,E0022,2026-07-30,Present,10:59,7.69,104
ATT-E0022-20260731,E0022,2026-07-31,Present,11:10,10.02,115
ATT-E0022-20260803,E0022,2026-08-03,Present,11:57,7.92,162
ATT-E0022-20260804,E0022,2026-08-04,Present,10:56,10.39,101
ATT-E0022-20260805,E0022,2026-08-05,Present,10:46,9.85,91
ATT-E0022-20260806,E0022,2026-08-06,Leave,,0,0
ATT-E0022-20260807,E0022,2026-08-07,Present,09:59,9.8,44
ATT-E0022-20260810,E0022,2026-08-10,Present,08:57,9.12,0
ATT-E0022-20260811,E0022,2026-08-11,Present,11:28,7.43,133
ATT-E0022-20260812,E0022,2026-08-12,Present,11:14,7.02,119
ATT-E0022-20260813,E0022,2026-08-13,Present,11:11,8.32,116
ATT-E0022-20260814,E0022,2026-08-14,Present,09:17,7.3,2
ATT-E0022-20260817,E0022,2026-08-17,Present,08:15,9.83,0
ATT-E0022-20260818,E0022,2026-08-18,Present,08:29,7.96,0
ATT-E0022-20260819,E0022,2026-08-19,Present,08:13,9.23,0
ATT-E0022-20260820,E0022,2026-08-20,Present,10:04,7.45,49
ATT-E0022-20260821,E0022,2026-08-21,Present,08:33,9.06,0
ATT-E0022-20260824,E0022,2026-08-24,Present,08:33,10.07,0
ATT-E0022-20260825,E0022,2026-08-25,Present,10:35,8.68,80
ATT-E0022-20260826,E0022,2026-08-26,Present,09:56,9.09,41
ATT-E0022-20260827,E0022,2026-08-27,Leave,,0,0
ATT-E0022-20260828,E0022,2026-08-28,Present,10:06,8.58,51
ATT-E0022-20260831,E0022,2026-08-31,Present,10:59,10.06,104
ATT-E0023-20260601,E0023,2026-06-01,Present,10:09,9.38,54
ATT-E0023-20260602,E0023,2026-06-02,Present,11:00,10.42,105
ATT-E0023-20260603,E0023,2026-06-03,Present,11:21,8.58,126
ATT-E0023-20260604,E0023,2026-06-04,Present,09:55,9.98,40
ATT-E0023-20260605,E0023,2026-06-05,Present,11:40,10.21,145
ATT-E0023-20260608,E0023,2026-06-08,Present,10:51,8.59,96
ATT-E0023-20260609,E0023,2026-06-09,Leave,,0,0
ATT-E0023-20260610,E0023,2026-06-10,Present,09:36,9.36,21
ATT-E0023-20260611,E0023,2026-06-11,Present,11:00,9.86,105
ATT-E0023-20260612,E0023,2026-06-12,Leave,,0,0
ATT-E0023-20260615,E0023,2026-06-15,Absent,,0,0
ATT-E0023-20260616,E0023,2026-06-16,Leave,,0,0
ATT-E0023-20260617,E0023,2026-06-17,Present,09:01,9.09,0
ATT-E0023-20260618,E0023,2026-06-18,Present,09:37,8.48,22
ATT-E0023-20260619,E0023,2026-06-19,Present,10:48,9.46,93
ATT-E0023-20260622,E0023,2026-06-22,Present,09:50,10.46,35
ATT-E0023-20260623,E0023,2026-06-23,Present,11:58,8.92,163
ATT-E0023-20260624,E0023,2026-06-24,Leave,,0,0
ATT-E0023-20260625,E0023,2026-06-25,Present,08:57,9.6,0
ATT-E0023-20260626,E0023,2026-06-26,Present,08:09,10.11,0
ATT-E0023-20260629,E0023,2026-06-29,Present,10:51,8.44,96
ATT-E0023-20260630,E0023,2026-06-30,Present,08:47,8.49,0
ATT-E0023-20260701,E0023,2026-07-01,Present,11:24,9.17,129
ATT-E0023-20260702,E0023,2026-07-02,Present,10:36,8.09,81
ATT-E0023-20260703,E0023,2026-07-03,Present,08:30,7.96,0
ATT-E0023-20260706,E0023,2026-07-06,Present,08:44,8.03,0
ATT-E0023-20260707,E0023,2026-07-07,Present,10:44,9.67,89
ATT-E0023-20260708,E0023,2026-07-08,Present,11:16,7.74,121
ATT-E0023-20260709,E0023,2026-07-09,Present,11:25,10.21,130
ATT-E0023-20260710,E0023,2026-07-10,Absent,,0,0
ATT-E0023-20260713,E0023,2026-07-13,Present,08:04,10.15,0
ATT-E0023-20260714,E0023,2026-07-14,Present,08:52,9.56,0
ATT-E0023-20260715,E0023,2026-07-15,Absent,,0,0
ATT-E0023-20260716,E0023,2026-07-16,Present,08:58,8.94,0
ATT-E0023-20260717,E0023,2026-07-17,Leave,,0,0
ATT-E0023-20260720,E0023,2026-07-20,Absent,,0,0
ATT-E0023-20260721,E0023,2026-07-21,Present,08:27,8.5,0
ATT-E0023-20260722,E0023,2026-07-22,Present,09:45,9.88,30
ATT-E0023-20260723,E0023,2026-07-23,Present,08:58,8.33,0
ATT-E0023-20260724,E0023,2026-07-24,Present,11:12,10.34,117
ATT-E0023-20260727,E0023,2026-07-27,Present,08:20,8.53,0
ATT-E0023-20260728,E0023,2026-07-28,Present,11:10,7.44,115
ATT-E0023-20260729,E0023,2026-07-29,Present,11:11,8.49,116
ATT-E0023-20260730,E0023,2026-07-30,Present,09:14,9.72,0
ATT-E0023-20260731,E0023,2026-07-31,Present,09:04,7.52,0
ATT-E0023-20260803,E0023,2026-08-03,Present,11:24,9.93,129
ATT-E0023-20260804,E0023,2026-08-04,Present,09:52,8.53,37
ATT-E0023-20260805,E0023,2026-08-05,Leave,,0,0
ATT-E0023-20260806,E0023,2026-08-06,Leave,,0,0
ATT-E0023-20260807,E0023,2026-08-07,Absent,,0,0
ATT-E0023-20260810,E0023,2026-08-10,Present,08:42,10.09,0
ATT-E0023-20260811,E0023,2026-08-11,Present,09:32,10.18,17
ATT-E0023-20260812,E0023,2026-08-12,Leave,,0,0
ATT-E0023-20260813,E0023,2026-08-13,Present,08:23,9.41,0
ATT-E0023-20260814,E0023,2026-08-14,Present,08:13,9.97,0
ATT-E0023-20260817,E0023,2026-08-17,Present,08:10,8,0
ATT-E0023-20260818,E0023,2026-08-18,Present,10:12,10.25,57
ATT-E0023-20260819,E0023,2026-08-19,Present,08:12,7.53,0
ATT-E0023-20260820,E0023,2026-08-20,Present,11:06,8.09,111
ATT-E0023-20260821,E0023,2026-08-21,Present,08:22,7.25,0
ATT-E0023-20260824,E0023,2026-08-24,Present,10:49,9.34,94
ATT-E0023-20260825,E0023,2026-08-25,Present,11:30,8.81,135
ATT-E0023-20260826,E0023,2026-08-26,Present,10:03,9.95,48
ATT-E0023-20260827,E0023,2026-08-27,Present,11:22,7.2,127
ATT-E0023-20260828,E0023,2026-08-28,Present,09:32,7.61,17
ATT-E0023-20260831,E0023,2026-08-31,Leave,,0,0
ATT-E0024-20260601,E0024,2026-06-01,Present,09:10,8.45,0
ATT-E0024-20260602,E0024,2026-06-02,Leave,,0,0
ATT-E0024-20260603,E0024,2026-06-03,Present,11:25,7.7,130
ATT-E0024-20260604,E0024,2026-06-04,Present,10:10,9.24,55
ATT-E0024-20260605,E0024,2026-06-05,Present,11:28,8.44,133
ATT-E0024-20260608,E0024,2026-06-08,Present,11:24,7.59,129
ATT-E0024-20260609,E0024,2026-06-09,Present,09:21,8.44,6
ATT-E0024-20260610,E0024,2026-06-10,Present,08:36,7.92,0
ATT-E0024-20260611,E0024,2026-06-11,Present,11:34,9.04,139
ATT-E0024-20260612,E0024,2026-06-12,Present,08:03,7.89,0
ATT-E0024-20260615,E0024,2026-06-15,Present,11:55,7.53,160
ATT-E0024-20260616,E0024,2026-06-16,Present,10:28,8.85,73
ATT-E0024-20260617,E0024,2026-06-17,Absent,,0,0
ATT-E0024-20260618,E0024,2026-06-18,Present,11:07,9.24,112
ATT-E0024-20260619,E0024,2026-06-19,Leave,,0,0
ATT-E0024-20260622,E0024,2026-06-22,Present,11:35,9.14,140
ATT-E0024-20260623,E0024,2026-06-23,Leave,,0,0
ATT-E0024-20260624,E0024,2026-06-24,Present,09:34,7.23,19
ATT-E0024-20260625,E0024,2026-06-25,Leave,,0,0
ATT-E0024-20260626,E0024,2026-06-26,Present,08:31,9.21,0
ATT-E0024-20260629,E0024,2026-06-29,Leave,,0,0
ATT-E0024-20260630,E0024,2026-06-30,Present,08:22,8.39,0
ATT-E0024-20260701,E0024,2026-07-01,Present,11:35,7.07,140
ATT-E0024-20260702,E0024,2026-07-02,Present,11:14,7.98,119
ATT-E0024-20260703,E0024,2026-07-03,Present,10:42,7.4,87
ATT-E0024-20260706,E0024,2026-07-06,Present,09:25,7.85,10
ATT-E0024-20260707,E0024,2026-07-07,Present,11:27,7.63,132
ATT-E0024-20260708,E0024,2026-07-08,Present,08:06,10.23,0
ATT-E0024-20260709,E0024,2026-07-09,Present,10:50,8.67,95
ATT-E0024-20260710,E0024,2026-07-10,Leave,,0,0
ATT-E0024-20260713,E0024,2026-07-13,Present,08:49,9.99,0
ATT-E0024-20260714,E0024,2026-07-14,Present,11:03,7.24,108
ATT-E0024-20260715,E0024,2026-07-15,Present,08:55,8.43,0
ATT-E0024-20260716,E0024,2026-07-16,Present,08:18,8.38,0
ATT-E0024-20260717,E0024,2026-07-17,Absent,,0,0
ATT-E0024-20260720,E0024,2026-07-20,Present,11:21,10.46,126
ATT-E0024-20260721,E0024,2026-07-21,Present,09:24,9.43,9
ATT-E0024-20260722,E0024,2026-07-22,Present,11:16,9.44,121
ATT-E0024-20260723,E0024,2026-07-23,Present,10:29,7.05,74
ATT-E0024-20260724,E0024,2026-07-24,Absent,,0,0
ATT-E0024-20260727,E0024,2026-07-27,Absent,,0,0
ATT-E0024-20260728,E0024,2026-07-28,Present,08:53,10.41,0
ATT-E0024-20260729,E0024,2026-07-29,Absent,,0,0
ATT-E0024-20260730,E0024,2026-07-30,Leave,,0,0
ATT-E0024-20260731,E0024,2026-07-31,Present,10:40,7.27,85
ATT-E0024-20260803,E0024,2026-08-03,Present,09:59,8.83,44
ATT-E0024-20260804,E0024,2026-08-04,Present,08:16,9.48,0
ATT-E0024-20260805,E0024,2026-08-05,Present,10:25,9.73,70
ATT-E0024-20260806,E0024,2026-08-06,Absent,,0,0
ATT-E0024-20260807,E0024,2026-08-07,Present,10:45,8.16,90
ATT-E0024-20260810,E0024,2026-08-10,Present,09:51,7.3,36
ATT-E0024-20260811,E0024,2026-08-11,Present,10:54,7.31,99
ATT-E0024-20260812,E0024,2026-08-12,Present,11:26,10.05,131
ATT-E0024-20260813,E0024,2026-08-13,Present,11:53,10.45,158
ATT-E0024-20260814,E0024,2026-08-14,Absent,,0,0
ATT-E0024-20260817,E0024,2026-08-17,Present,09:54,7.3,39
ATT-E0024-20260818,E0024,2026-08-18,Present,11:47,7.96,152
ATT-E0024-20260819,E0024,2026-08-19,Absent,,0,0
ATT-E0024-20260820,E0024,2026-08-20,Present,09:06,9.23,0
ATT-E0024-20260821,E0024,2026-08-21,Present,11:16,7.18,121
ATT-E0024-20260824,E0024,2026-08-24,Absent,,0,0
ATT-E0024-20260825,E0024,2026-08-25,Present,09:29,9.42,14
ATT-E0024-20260826,E0024,2026-08-26,Present,10:50,7.23,95
ATT-E0024-20260827,E0024,2026-08-27,Present,08:54,7.89,0
ATT-E0024-20260828,E0024,2026-08-28,Present,11:33,7.22,138
ATT-E0024-20260831,E0024,2026-08-31,Leave,,0,0
ATT-E0025-20260601,E0025,2026-06-01,Absent,,0,0
ATT-E0025-20260602,E0025,2026-06-02,Present,10:22,7.52,67
ATT-E0025-20260603,E0025,2026-06-03,Leave,,0,0
ATT-E0025-20260604,E0025,2026-06-04,Present,09:02,8.57,0
ATT-E0025-20260605,E0025,2026-06-05,Present,10:08,10.27,53
ATT-E0025-20260608,E0025,2026-06-08,Present,08:00,9.35,0
ATT-E0025-20260609,E0025,2026-06-09,Present,10:29,9.46,74
ATT-E0025-20260610,E0025,2026-06-10,Present,11:58,8.96,163
ATT-E0025-20260611,E0025,2026-06-11,Present,08:32,10.02,0
ATT-E0025-20260612,E0025,2026-06-12,Present,08:52,9.24,0
ATT-E0025-20260615,E0025,2026-06-15,Present,11:02,7.6,107
ATT-E0025-20260616,E0025,2026-06-16,Absent,,0,0
ATT-E0025-20260617,E0025,2026-06-17,Present,09:57,8.92,42
ATT-E0025-20260618,E0025,2026-06-18,Leave,,0,0
ATT-E0025-20260619,E0025,2026-06-19,Present,08:59,7.9,0
ATT-E0025-20260622,E0025,2026-06-22,Present,08:46,9.72,0
ATT-E0025-20260623,E0025,2026-06-23,Absent,,0,0
ATT-E0025-20260624,E0025,2026-06-24,Absent,,0,0
ATT-E0025-20260625,E0025,2026-06-25,Absent,,0,0
ATT-E0025-20260626,E0025,2026-06-26,Present,10:53,9.67,98
ATT-E0025-20260629,E0025,2026-06-29,Present,11:07,10.46,112
ATT-E0025-20260630,E0025,2026-06-30,Leave,,0,0
ATT-E0025-20260701,E0025,2026-07-01,Present,08:24,8.79,0
ATT-E0025-20260702,E0025,2026-07-02,Present,09:03,8.08,0
ATT-E0025-20260703,E0025,2026-07-03,Present,08:51,9.31,0
ATT-E0025-20260706,E0025,2026-07-06,Present,08:18,7.23,0
ATT-E0025-20260707,E0025,2026-07-07,Present,09:24,9.63,9
ATT-E0025-20260708,E0025,2026-07-08,Present,10:28,8.25,73
ATT-E0025-20260709,E0025,2026-07-09,Present,08:28,8.93,0
ATT-E0025-20260710,E0025,2026-07-10,Present,09:36,9.61,21
ATT-E0025-20260713,E0025,2026-07-13,Present,08:40,10.38,0
ATT-E0025-20260714,E0025,2026-07-14,Present,11:13,7.95,118
ATT-E0025-20260715,E0025,2026-07-15,Present,11:04,8.63,109
ATT-E0025-20260716,E0025,2026-07-16,Leave,,0,0
ATT-E0025-20260717,E0025,2026-07-17,Present,11:21,9.56,126
ATT-E0025-20260720,E0025,2026-07-20,Absent,,0,0
ATT-E0025-20260721,E0025,2026-07-21,Present,11:12,8,117
ATT-E0025-20260722,E0025,2026-07-22,Present,10:11,7.04,56
ATT-E0025-20260723,E0025,2026-07-23,Leave,,0,0
ATT-E0025-20260724,E0025,2026-07-24,Present,10:55,10.07,100
ATT-E0025-20260727,E0025,2026-07-27,Present,09:56,9.07,41
ATT-E0025-20260728,E0025,2026-07-28,Present,10:05,9.71,50
ATT-E0025-20260729,E0025,2026-07-29,Present,08:55,8.38,0
ATT-E0025-20260730,E0025,2026-07-30,Present,11:39,10.3,144
ATT-E0025-20260731,E0025,2026-07-31,Present,10:04,9.87,49
ATT-E0025-20260803,E0025,2026-08-03,Present,08:08,8.77,0
ATT-E0025-20260804,E0025,2026-08-04,Present,10:59,9.16,104
ATT-E0025-20260805,E0025,2026-08-05,Present,08:42,8.7,0
ATT-E0025-20260806,E0025,2026-08-06,Present,08:01,8.78,0
ATT-E0025-20260807,E0025,2026-08-07,Present,08:47,8.87,0
ATT-E0025-20260810,E0025,2026-08-10,Present,10:57,7.73,102
ATT-E0025-20260811,E0025,2026-08-11,Present,10:04,9.14,49
ATT-E0025-20260812,E0025,2026-08-12,Present,10:09,8.89,54
ATT-E0025-20260813,E0025,2026-08-13,Present,10:18,10.22,63
ATT-E0025-20260814,E0025,2026-08-14,Present,10:44,9.92,89
ATT-E0025-20260817,E0025,2026-08-17,Absent,,0,0
ATT-E0025-20260818,E0025,2026-08-18,Present,11:27,8.89,132
ATT-E0025-20260819,E0025,2026-08-19,Present,08:13,7.52,0
ATT-E0025-20260820,E0025,2026-08-20,Present,10:35,7.4,80
ATT-E0025-20260821,E0025,2026-08-21,Present,08:01,7.03,0
ATT-E0025-20260824,E0025,2026-08-24,Present,11:38,9.82,143
ATT-E0025-20260825,E0025,2026-08-25,Present,10:05,9.05,50
ATT-E0025-20260826,E0025,2026-08-26,Absent,,0,0
ATT-E0025-20260827,E0025,2026-08-27,Present,09:58,7.15,43
ATT-E0025-20260828,E0025,2026-08-28,Absent,,0,0
ATT-E0025-20260831,E0025,2026-08-31,Leave,,0,0
ATT-E0026-20260601,E0026,2026-06-01,Absent,,0,0
ATT-E0026-20260602,E0026,2026-06-02,Absent,,0,0
ATT-E0026-20260603,E0026,2026-06-03,Present,11:48,8.13,153
ATT-E0026-20260604,E0026,2026-06-04,Present,10:10,7.82,55
ATT-E0026-20260605,E0026,2026-06-05,Present,09:26,9.49,11
ATT-E0026-20260608,E0026,2026-06-08,Present,11:55,9.45,160
ATT-E0026-20260609,E0026,2026-06-09,Present,10:29,9.43,74
ATT-E0026-20260610,E0026,2026-06-10,Leave,,0,0
ATT-E0026-20260611,E0026,2026-06-11,Absent,,0,0
ATT-E0026-20260612,E0026,2026-06-12,Absent,,0,0
ATT-E0026-20260615,E0026,2026-06-15,Present,11:44,7.16,149
ATT-E0026-20260616,E0026,2026-06-16,Leave,,0,0
ATT-E0026-20260617,E0026,2026-06-17,Present,09:55,8.37,40
ATT-E0026-20260618,E0026,2026-06-18,Present,11:32,8.82,137
ATT-E0026-20260619,E0026,2026-06-19,Present,09:43,10.32,28
ATT-E0026-20260622,E0026,2026-06-22,Present,10:19,8.96,64
ATT-E0026-20260623,E0026,2026-06-23,Present,10:29,10.37,74
ATT-E0026-20260624,E0026,2026-06-24,Absent,,0,0
ATT-E0026-20260625,E0026,2026-06-25,Present,09:21,9.59,6
ATT-E0026-20260626,E0026,2026-06-26,Present,11:03,7.99,108
ATT-E0026-20260629,E0026,2026-06-29,Present,08:39,7.47,0
ATT-E0026-20260630,E0026,2026-06-30,Present,09:33,7.14,18
ATT-E0026-20260701,E0026,2026-07-01,Absent,,0,0
ATT-E0026-20260702,E0026,2026-07-02,Present,08:09,8.2,0
ATT-E0026-20260703,E0026,2026-07-03,Present,10:09,7.87,54
ATT-E0026-20260706,E0026,2026-07-06,Present,10:28,10.26,73
ATT-E0026-20260707,E0026,2026-07-07,Present,09:16,8.06,1
ATT-E0026-20260708,E0026,2026-07-08,Present,11:34,8.74,139
ATT-E0026-20260709,E0026,2026-07-09,Present,11:32,8.25,137
ATT-E0026-20260710,E0026,2026-07-10,Present,10:52,9.58,97
ATT-E0026-20260713,E0026,2026-07-13,Present,10:44,7.47,89
ATT-E0026-20260714,E0026,2026-07-14,Present,09:57,7.03,42
ATT-E0026-20260715,E0026,2026-07-15,Present,09:41,9.87,26
ATT-E0026-20260716,E0026,2026-07-16,Present,10:26,7.93,71
ATT-E0026-20260717,E0026,2026-07-17,Present,09:10,7.14,0
ATT-E0026-20260720,E0026,2026-07-20,Absent,,0,0
ATT-E0026-20260721,E0026,2026-07-21,Present,08:22,10.17,0
ATT-E0026-20260722,E0026,2026-07-22,Present,09:06,9.28,0
ATT-E0026-20260723,E0026,2026-07-23,Leave,,0,0
ATT-E0026-20260724,E0026,2026-07-24,Present,10:15,9.76,60
ATT-E0026-20260727,E0026,2026-07-27,Leave,,0,0
ATT-E0026-20260728,E0026,2026-07-28,Present,11:40,7.6,145
ATT-E0026-20260729,E0026,2026-07-29,Absent,,0,0
ATT-E0026-20260730,E0026,2026-07-30,Present,10:34,10.13,79
ATT-E0026-20260731,E0026,2026-07-31,Present,10:55,7.65,100
ATT-E0026-20260803,E0026,2026-08-03,Present,10:29,9.44,74
ATT-E0026-20260804,E0026,2026-08-04,Absent,,0,0
ATT-E0026-20260805,E0026,2026-08-05,Present,11:54,8.38,159
ATT-E0026-20260806,E0026,2026-08-06,Present,08:11,9.69,0
ATT-E0026-20260807,E0026,2026-08-07,Present,10:03,9.98,48
ATT-E0026-20260810,E0026,2026-08-10,Present,08:57,9.66,0
ATT-E0026-20260811,E0026,2026-08-11,Present,09:48,7.17,33
ATT-E0026-20260812,E0026,2026-08-12,Present,08:14,10.13,0
ATT-E0026-20260813,E0026,2026-08-13,Present,08:31,9.8,0
ATT-E0026-20260814,E0026,2026-08-14,Leave,,0,0
ATT-E0026-20260817,E0026,2026-08-17,Present,10:19,7.27,64
ATT-E0026-20260818,E0026,2026-08-18,Present,08:23,8.41,0
ATT-E0026-20260819,E0026,2026-08-19,Present,11:46,10.3,151
ATT-E0026-20260820,E0026,2026-08-20,Present,10:34,8.16,79
ATT-E0026-20260821,E0026,2026-08-21,Present,11:29,9.69,134
ATT-E0026-20260824,E0026,2026-08-24,Present,10:09,7.56,54
ATT-E0026-20260825,E0026,2026-08-25,Leave,,0,0
ATT-E0026-20260826,E0026,2026-08-26,Present,09:19,8.71,4
ATT-E0026-20260827,E0026,2026-08-27,Present,08:44,8.86,0
ATT-E0026-20260828,E0026,2026-08-28,Present,09:31,9.97,16
ATT-E0026-20260831,E0026,2026-08-31,Present,09:23,8.77,8
ATT-E0027-20260601,E0027,2026-06-01,Present,10:11,8.2,56
ATT-E0027-20260602,E0027,2026-06-02,Present,09:49,7.8,34
ATT-E0027-20260603,E0027,2026-06-03,Present,10:06,10.15,51
ATT-E0027-20260604,E0027,2026-06-04,Present,08:53,10.16,0
ATT-E0027-20260605,E0027,2026-06-05,Present,09:36,8.11,21
ATT-E0027-20260608,E0027,2026-06-08,Present,08:25,8.66,0
ATT-E0027-20260609,E0027,2026-06-09,Present,10:58,9.33,103
ATT-E0027-20260610,E0027,2026-06-10,Absent,,0,0
ATT-E0027-20260611,E0027,2026-06-11,Present,11:55,10.36,160
ATT-E0027-20260612,E0027,2026-06-12,Present,08:11,7.33,0
ATT-E0027-20260615,E0027,2026-06-15,Present,10:08,7.85,53
ATT-E0027-20260616,E0027,2026-06-16,Absent,,0,0
ATT-E0027-20260617,E0027,2026-06-17,Absent,,0,0
ATT-E0027-20260618,E0027,2026-06-18,Present,10:43,8.56,88
ATT-E0027-20260619,E0027,2026-06-19,Leave,,0,0
ATT-E0027-20260622,E0027,2026-06-22,Present,09:29,7.98,14
ATT-E0027-20260623,E0027,2026-06-23,Present,11:41,9.72,146
ATT-E0027-20260624,E0027,2026-06-24,Present,11:40,7.44,145
ATT-E0027-20260625,E0027,2026-06-25,Present,09:10,8.54,0
ATT-E0027-20260626,E0027,2026-06-26,Present,10:35,9.18,80
ATT-E0027-20260629,E0027,2026-06-29,Present,09:55,10,40
ATT-E0027-20260630,E0027,2026-06-30,Present,10:22,9.36,67
ATT-E0027-20260701,E0027,2026-07-01,Present,10:10,8.05,55
ATT-E0027-20260702,E0027,2026-07-02,Absent,,0,0
ATT-E0027-20260703,E0027,2026-07-03,Present,09:30,7.34,15
ATT-E0027-20260706,E0027,2026-07-06,Absent,,0,0
ATT-E0027-20260707,E0027,2026-07-07,Absent,,0,0
ATT-E0027-20260708,E0027,2026-07-08,Absent,,0,0
ATT-E0027-20260709,E0027,2026-07-09,Present,10:51,7.31,96
ATT-E0027-20260710,E0027,2026-07-10,Present,10:24,9.76,69
ATT-E0027-20260713,E0027,2026-07-13,Leave,,0,0
ATT-E0027-20260714,E0027,2026-07-14,Present,08:07,7.37,0
ATT-E0027-20260715,E0027,2026-07-15,Present,08:37,8.57,0
ATT-E0027-20260716,E0027,2026-07-16,Present,09:27,9.16,12
ATT-E0027-20260717,E0027,2026-07-17,Present,08:49,10.45,0
ATT-E0027-20260720,E0027,2026-07-20,Present,09:13,9.84,0
ATT-E0027-20260721,E0027,2026-07-21,Present,11:01,7.82,106
ATT-E0027-20260722,E0027,2026-07-22,Present,08:07,7.82,0
ATT-E0027-20260723,E0027,2026-07-23,Present,11:06,8.83,111
ATT-E0027-20260724,E0027,2026-07-24,Present,08:33,7.2,0
ATT-E0027-20260727,E0027,2026-07-27,Present,09:51,7.26,36
ATT-E0027-20260728,E0027,2026-07-28,Present,11:38,7.53,143
ATT-E0027-20260729,E0027,2026-07-29,Absent,,0,0
ATT-E0027-20260730,E0027,2026-07-30,Present,09:45,7.51,30
ATT-E0027-20260731,E0027,2026-07-31,Leave,,0,0
ATT-E0027-20260803,E0027,2026-08-03,Present,08:30,9.97,0
ATT-E0027-20260804,E0027,2026-08-04,Present,10:24,7.12,69
ATT-E0027-20260805,E0027,2026-08-05,Present,08:17,8.86,0
ATT-E0027-20260806,E0027,2026-08-06,Absent,,0,0
ATT-E0027-20260807,E0027,2026-08-07,Leave,,0,0
ATT-E0027-20260810,E0027,2026-08-10,Present,10:58,10.29,103
ATT-E0027-20260811,E0027,2026-08-11,Present,09:02,9.45,0
ATT-E0027-20260812,E0027,2026-08-12,Present,11:43,7.8,148
ATT-E0027-20260813,E0027,2026-08-13,Present,10:32,7.68,77
ATT-E0027-20260814,E0027,2026-08-14,Present,08:27,7.53,0
ATT-E0027-20260817,E0027,2026-08-17,Present,09:32,9.86,17
ATT-E0027-20260818,E0027,2026-08-18,Absent,,0,0
ATT-E0027-20260819,E0027,2026-08-19,Present,11:48,9.07,153
ATT-E0027-20260820,E0027,2026-08-20,Present,10:36,10.41,81
ATT-E0027-20260821,E0027,2026-08-21,Present,11:21,9.78,126
ATT-E0027-20260824,E0027,2026-08-24,Present,09:39,7.02,24
ATT-E0027-20260825,E0027,2026-08-25,Present,08:35,8.48,0
ATT-E0027-20260826,E0027,2026-08-26,Absent,,0,0
ATT-E0027-20260827,E0027,2026-08-27,Present,08:25,8.36,0
ATT-E0027-20260828,E0027,2026-08-28,Present,11:21,10.13,126
ATT-E0027-20260831,E0027,2026-08-31,Present,10:25,10.08,70
ATT-E0028-20260601,E0028,2026-06-01,Present,10:21,8.18,66
ATT-E0028-20260602,E0028,2026-06-02,Leave,,0,0
ATT-E0028-20260603,E0028,2026-06-03,Present,08:39,7.13,0
ATT-E0028-20260604,E0028,2026-06-04,Present,10:25,8.1,70
ATT-E0028-20260605,E0028,2026-06-05,Present,08:57,7.85,0
ATT-E0028-20260608,E0028,2026-06-08,Present,11:51,7.56,156
ATT-E0028-20260609,E0028,2026-06-09,Present,10:51,8.24,96
ATT-E0028-20260610,E0028,2026-06-10,Present,10:14,7.02,59
ATT-E0028-20260611,E0028,2026-06-11,Present,09:49,10.45,34
ATT-E0028-20260612,E0028,2026-06-12,Present,10:38,9.93,83
ATT-E0028-20260615,E0028,2026-06-15,Absent,,0,0
ATT-E0028-20260616,E0028,2026-06-16,Present,11:17,9.69,122
ATT-E0028-20260617,E0028,2026-06-17,Present,11:10,9.34,115
ATT-E0028-20260618,E0028,2026-06-18,Present,11:34,8.11,139
ATT-E0028-20260619,E0028,2026-06-19,Present,10:48,8.56,93
ATT-E0028-20260622,E0028,2026-06-22,Present,08:21,8.77,0
ATT-E0028-20260623,E0028,2026-06-23,Leave,,0,0
ATT-E0028-20260624,E0028,2026-06-24,Absent,,0,0
ATT-E0028-20260625,E0028,2026-06-25,Present,11:24,7.75,129
ATT-E0028-20260626,E0028,2026-06-26,Absent,,0,0
ATT-E0028-20260629,E0028,2026-06-29,Present,09:38,8.37,23
ATT-E0028-20260630,E0028,2026-06-30,Present,09:06,8.78,0
ATT-E0028-20260701,E0028,2026-07-01,Absent,,0,0
ATT-E0028-20260702,E0028,2026-07-02,Present,08:25,7.94,0
ATT-E0028-20260703,E0028,2026-07-03,Present,11:14,7.33,119
ATT-E0028-20260706,E0028,2026-07-06,Leave,,0,0
ATT-E0028-20260707,E0028,2026-07-07,Leave,,0,0
ATT-E0028-20260708,E0028,2026-07-08,Present,08:40,8.86,0
ATT-E0028-20260709,E0028,2026-07-09,Present,09:12,10.11,0
ATT-E0028-20260710,E0028,2026-07-10,Present,11:46,7.07,151
ATT-E0028-20260713,E0028,2026-07-13,Absent,,0,0
ATT-E0028-20260714,E0028,2026-07-14,Present,11:57,7.21,162
ATT-E0028-20260715,E0028,2026-07-15,Present,10:22,8.77,67
ATT-E0028-20260716,E0028,2026-07-16,Present,11:37,9.27,142
ATT-E0028-20260717,E0028,2026-07-17,Present,09:11,8.29,0
ATT-E0028-20260720,E0028,2026-07-20,Present,11:21,7.76,126
ATT-E0028-20260721,E0028,2026-07-21,Present,08:23,8.89,0
ATT-E0028-20260722,E0028,2026-07-22,Leave,,0,0
ATT-E0028-20260723,E0028,2026-07-23,Present,08:49,7.46,0
ATT-E0028-20260724,E0028,2026-07-24,Absent,,0,0
ATT-E0028-20260727,E0028,2026-07-27,Present,08:16,7.35,0
ATT-E0028-20260728,E0028,2026-07-28,Present,08:38,8.63,0
ATT-E0028-20260729,E0028,2026-07-29,Present,09:43,8.38,28
ATT-E0028-20260730,E0028,2026-07-30,Present,10:35,8.05,80
ATT-E0028-20260731,E0028,2026-07-31,Present,10:01,9.62,46
ATT-E0028-20260803,E0028,2026-08-03,Absent,,0,0
ATT-E0028-20260804,E0028,2026-08-04,Present,09:54,8.54,39
ATT-E0028-20260805,E0028,2026-08-05,Present,11:02,8.95,107
ATT-E0028-20260806,E0028,2026-08-06,Present,09:34,8.55,19
ATT-E0028-20260807,E0028,2026-08-07,Present,09:34,8.95,19
ATT-E0028-20260810,E0028,2026-08-10,Present,10:25,8.47,70
ATT-E0028-20260811,E0028,2026-08-11,Present,11:47,7.48,152
ATT-E0028-20260812,E0028,2026-08-12,Present,11:13,10.12,118
ATT-E0028-20260813,E0028,2026-08-13,Present,10:33,7.14,78
ATT-E0028-20260814,E0028,2026-08-14,Present,10:35,9.31,80
ATT-E0028-20260817,E0028,2026-08-17,Present,11:35,9.97,140
ATT-E0028-20260818,E0028,2026-08-18,Leave,,0,0
ATT-E0028-20260819,E0028,2026-08-19,Present,08:26,8.21,0
ATT-E0028-20260820,E0028,2026-08-20,Present,08:27,10.25,0
ATT-E0028-20260821,E0028,2026-08-21,Present,09:06,8.97,0
ATT-E0028-20260824,E0028,2026-08-24,Present,09:03,10.06,0
ATT-E0028-20260825,E0028,2026-08-25,Leave,,0,0
ATT-E0028-20260826,E0028,2026-08-26,Present,09:39,8.69,24
ATT-E0028-20260827,E0028,2026-08-27,Present,08:19,9.87,0
ATT-E0028-20260828,E0028,2026-08-28,Present,08:36,9.06,0
ATT-E0028-20260831,E0028,2026-08-31,Present,08:15,7.09,0
ATT-E0029-20260601,E0029,2026-06-01,Absent,,0,0
ATT-E0029-20260602,E0029,2026-06-02,Present,11:39,8.04,144
ATT-E0029-20260603,E0029,2026-06-03,Present,11:19,9.87,124
ATT-E0029-20260604,E0029,2026-06-04,Present,10:20,10.43,65
ATT-E0029-20260605,E0029,2026-06-05,Leave,,0,0
ATT-E0029-20260608,E0029,2026-06-08,Present,09:25,8.27,10
ATT-E0029-20260609,E0029,2026-06-09,Present,10:51,7.99,96
ATT-E0029-20260610,E0029,2026-06-10,Present,10:21,9.04,66
ATT-E0029-20260611,E0029,2026-06-11,Present,09:57,9.5,42
ATT-E0029-20260612,E0029,2026-06-12,Present,09:18,10.07,3
ATT-E0029-20260615,E0029,2026-06-15,Present,08:11,7.98,0
ATT-E0029-20260616,E0029,2026-06-16,Present,09:32,10.09,17
ATT-E0029-20260617,E0029,2026-06-17,Present,08:11,8.93,0
ATT-E0029-20260618,E0029,2026-06-18,Present,09:20,7.81,5
ATT-E0029-20260619,E0029,2026-06-19,Absent,,0,0
ATT-E0029-20260622,E0029,2026-06-22,Present,08:06,8.55,0
ATT-E0029-20260623,E0029,2026-06-23,Present,08:29,8.9,0
ATT-E0029-20260624,E0029,2026-06-24,Present,11:54,8.2,159
ATT-E0029-20260625,E0029,2026-06-25,Present,09:54,10.3,39
ATT-E0029-20260626,E0029,2026-06-26,Present,11:17,7.68,122
ATT-E0029-20260629,E0029,2026-06-29,Present,08:26,7.98,0
ATT-E0029-20260630,E0029,2026-06-30,Leave,,0,0
ATT-E0029-20260701,E0029,2026-07-01,Absent,,0,0
ATT-E0029-20260702,E0029,2026-07-02,Present,08:03,8.17,0
ATT-E0029-20260703,E0029,2026-07-03,Present,08:53,9.59,0
ATT-E0029-20260706,E0029,2026-07-06,Present,09:58,7.83,43
ATT-E0029-20260707,E0029,2026-07-07,Leave,,0,0
ATT-E0029-20260708,E0029,2026-07-08,Absent,,0,0
ATT-E0029-20260709,E0029,2026-07-09,Absent,,0,0
ATT-E0029-20260710,E0029,2026-07-10,Leave,,0,0
ATT-E0029-20260713,E0029,2026-07-13,Present,08:29,8.21,0
ATT-E0029-20260714,E0029,2026-07-14,Present,09:46,7.78,31
ATT-E0029-20260715,E0029,2026-07-15,Present,11:00,7.93,105
ATT-E0029-20260716,E0029,2026-07-16,Present,08:21,9.11,0
ATT-E0029-20260717,E0029,2026-07-17,Present,11:32,8.76,137
ATT-E0029-20260720,E0029,2026-07-20,Present,08:07,9.35,0
ATT-E0029-20260721,E0029,2026-07-21,Present,11:47,7.03,152
ATT-E0029-20260722,E0029,2026-07-22,Present,10:05,8.35,50
ATT-E0029-20260723,E0029,2026-07-23,Present,08:42,9.52,0
ATT-E0029-20260724,E0029,2026-07-24,Present,11:43,8.5,148
ATT-E0029-20260727,E0029,2026-07-27,Present,08:07,8.99,0
ATT-E0029-20260728,E0029,2026-07-28,Present,09:46,10.35,31
ATT-E0029-20260729,E0029,2026-07-29,Present,09:53,7.3,38
ATT-E0029-20260730,E0029,2026-07-30,Present,08:32,8.88,0
ATT-E0029-20260731,E0029,2026-07-31,Present,10:51,7.84,96
ATT-E0029-20260803,E0029,2026-08-03,Present,11:35,10.35,140
ATT-E0029-20260804,E0029,2026-08-04,Present,10:34,8,79
ATT-E0029-20260805,E0029,2026-08-05,Present,11:45,7.49,150
ATT-E0029-20260806,E0029,2026-08-06,Present,11:37,8.21,142
ATT-E0029-20260807,E0029,2026-08-07,Present,09:20,10.26,5
ATT-E0029-20260810,E0029,2026-08-10,Leave,,0,0
ATT-E0029-20260811,E0029,2026-08-11,Leave,,0,0
ATT-E0029-20260812,E0029,2026-08-12,Absent,,0,0
ATT-E0029-20260813,E0029,2026-08-13,Present,10:13,7.68,58
ATT-E0029-20260814,E0029,2026-08-14,Present,10:31,8.22,76
ATT-E0029-20260817,E0029,2026-08-17,Present,10:48,8.91,93
ATT-E0029-20260818,E0029,2026-08-18,Leave,,0,0
ATT-E0029-20260819,E0029,2026-08-19,Present,11:38,8.55,143
ATT-E0029-20260820,E0029,2026-08-20,Present,10:11,7.63,56
ATT-E0029-20260821,E0029,2026-08-21,Present,09:19,7.98,4
ATT-E0029-20260824,E0029,2026-08-24,Present,08:10,9.51,0
ATT-E0029-20260825,E0029,2026-08-25,Present,08:45,10.15,0
ATT-E0029-20260826,E0029,2026-08-26,Present,08:09,10.36,0
ATT-E0029-20260827,E0029,2026-08-27,Present,11:36,8.88,141
ATT-E0029-20260828,E0029,2026-08-28,Leave,,0,0
ATT-E0029-20260831,E0029,2026-08-31,Present,09:57,10.07,42
ATT-E0030-20260601,E0030,2026-06-01,Present,11:31,9.7,136
ATT-E0030-20260602,E0030,2026-06-02,Present,10:59,9.01,104
ATT-E0030-20260603,E0030,2026-06-03,Present,11:35,10.32,140
ATT-E0030-20260604,E0030,2026-06-04,Present,08:23,9.29,0
ATT-E0030-20260605,E0030,2026-06-05,Absent,,0,0
ATT-E0030-20260608,E0030,2026-06-08,Leave,,0,0
ATT-E0030-20260609,E0030,2026-06-09,Leave,,0,0
ATT-E0030-20260610,E0030,2026-06-10,Present,08:00,10.38,0
ATT-E0030-20260611,E0030,2026-06-11,Present,10:43,7.52,88
ATT-E0030-20260612,E0030,2026-06-12,Present,11:17,7.07,122
ATT-E0030-20260615,E0030,2026-06-15,Present,11:39,8.16,144
ATT-E0030-20260616,E0030,2026-06-16,Absent,,0,0
ATT-E0030-20260617,E0030,2026-06-17,Present,08:39,7.35,0
ATT-E0030-20260618,E0030,2026-06-18,Present,10:37,8.25,82
ATT-E0030-20260619,E0030,2026-06-19,Present,10:58,8.37,103
ATT-E0030-20260622,E0030,2026-06-22,Present,11:53,8.2,158
ATT-E0030-20260623,E0030,2026-06-23,Absent,,0,0
ATT-E0030-20260624,E0030,2026-06-24,Present,11:53,8.67,158
ATT-E0030-20260625,E0030,2026-06-25,Present,10:58,9.41,103
ATT-E0030-20260626,E0030,2026-06-26,Present,11:08,7.11,113
ATT-E0030-20260629,E0030,2026-06-29,Present,09:21,9.75,6
ATT-E0030-20260630,E0030,2026-06-30,Leave,,0,0
ATT-E0030-20260701,E0030,2026-07-01,Present,11:57,10.39,162
ATT-E0030-20260702,E0030,2026-07-02,Leave,,0,0
ATT-E0030-20260703,E0030,2026-07-03,Present,10:41,9.16,86
ATT-E0030-20260706,E0030,2026-07-06,Present,09:07,8.18,0
ATT-E0030-20260707,E0030,2026-07-07,Leave,,0,0
ATT-E0030-20260708,E0030,2026-07-08,Present,10:03,9.23,48
ATT-E0030-20260709,E0030,2026-07-09,Leave,,0,0
ATT-E0030-20260710,E0030,2026-07-10,Present,08:18,9.66,0
ATT-E0030-20260713,E0030,2026-07-13,Leave,,0,0
ATT-E0030-20260714,E0030,2026-07-14,Present,10:01,9.13,46
ATT-E0030-20260715,E0030,2026-07-15,Present,09:44,7.38,29
ATT-E0030-20260716,E0030,2026-07-16,Absent,,0,0
ATT-E0030-20260717,E0030,2026-07-17,Present,08:29,8.65,0
ATT-E0030-20260720,E0030,2026-07-20,Present,11:52,9.11,157
ATT-E0030-20260721,E0030,2026-07-21,Present,08:58,8.69,0
ATT-E0030-20260722,E0030,2026-07-22,Absent,,0,0
ATT-E0030-20260723,E0030,2026-07-23,Present,08:53,9.37,0
ATT-E0030-20260724,E0030,2026-07-24,Present,08:40,8.6,0
ATT-E0030-20260727,E0030,2026-07-27,Leave,,0,0
ATT-E0030-20260728,E0030,2026-07-28,Absent,,0,0
ATT-E0030-20260729,E0030,2026-07-29,Present,10:16,8.29,61
ATT-E0030-20260730,E0030,2026-07-30,Present,11:49,10.3,154
ATT-E0030-20260731,E0030,2026-07-31,Present,08:12,8.37,0
ATT-E0030-20260803,E0030,2026-08-03,Leave,,0,0
ATT-E0030-20260804,E0030,2026-08-04,Present,09:52,7.86,37
ATT-E0030-20260805,E0030,2026-08-05,Absent,,0,0
ATT-E0030-20260806,E0030,2026-08-06,Present,08:21,8.94,0
ATT-E0030-20260807,E0030,2026-08-07,Present,09:55,9.48,40
ATT-E0030-20260810,E0030,2026-08-10,Present,09:58,7.22,43
ATT-E0030-20260811,E0030,2026-08-11,Present,11:56,8,161
ATT-E0030-20260812,E0030,2026-08-12,Present,11:17,9.68,122
ATT-E0030-20260813,E0030,2026-08-13,Absent,,0,0
ATT-E0030-20260814,E0030,2026-08-14,Present,10:09,8.05,54
ATT-E0030-20260817,E0030,2026-08-17,Present,10:14,9.06,59
ATT-E0030-20260818,E0030,2026-08-18,Present,08:07,7.09,0
ATT-E0030-20260819,E0030,2026-08-19,Leave,,0,0
ATT-E0030-20260820,E0030,2026-08-20,Leave,,0,0
ATT-E0030-20260821,E0030,2026-08-21,Present,11:19,7.94,124
ATT-E0030-20260824,E0030,2026-08-24,Leave,,0,0
ATT-E0030-20260825,E0030,2026-08-25,Present,08:39,7.63,0
ATT-E0030-20260826,E0030,2026-08-26,Present,11:14,8.57,119
ATT-E0030-20260827,E0030,2026-08-27,Leave,,0,0
ATT-E0030-20260828,E0030,2026-08-28,Present,09:56,8.93,41
ATT-E0030-20260831,E0030,2026-08-31,Present,10:01,9.22,46
ATT-E0031-20260601,E0031,2026-06-01,Absent,,0,0
ATT-E0031-20260602,E0031,2026-06-02,Present,09:17,9.55,2
ATT-E0031-20260603,E0031,2026-06-03,Present,10:22,7.64,67
ATT-E0031-20260604,E0031,2026-06-04,Absent,,0,0
ATT-E0031-20260605,E0031,2026-06-05,Absent,,0,0
ATT-E0031-20260608,E0031,2026-06-08,Absent,,0,0
ATT-E0031-20260609,E0031,2026-06-09,Absent,,0,0
ATT-E0031-20260610,E0031,2026-06-10,Present,10:12,10.38,57
ATT-E0031-20260611,E0031,2026-06-11,Present,08:17,9.29,0
ATT-E0031-20260612,E0031,2026-06-12,Present,09:54,8.83,39
ATT-E0031-20260615,E0031,2026-06-15,Leave,,0,0
ATT-E0031-20260616,E0031,2026-06-16,Present,10:28,8.12,73
ATT-E0031-20260617,E0031,2026-06-17,Present,08:32,8.38,0
ATT-E0031-20260618,E0031,2026-06-18,Present,08:16,7.08,0
ATT-E0031-20260619,E0031,2026-06-19,Present,10:17,9.27,62
ATT-E0031-20260622,E0031,2026-06-22,Present,11:55,7.1,160
ATT-E0031-20260623,E0031,2026-06-23,Present,09:11,8.25,0
ATT-E0031-20260624,E0031,2026-06-24,Absent,,0,0
ATT-E0031-20260625,E0031,2026-06-25,Present,10:34,9.79,79
ATT-E0031-20260626,E0031,2026-06-26,Absent,,0,0
ATT-E0031-20260629,E0031,2026-06-29,Present,08:10,7.26,0
ATT-E0031-20260630,E0031,2026-06-30,Present,09:23,8.63,8
ATT-E0031-20260701,E0031,2026-07-01,Present,11:57,8.94,162
ATT-E0031-20260702,E0031,2026-07-02,Present,10:05,7.65,50
ATT-E0031-20260703,E0031,2026-07-03,Present,08:33,9.2,0
ATT-E0031-20260706,E0031,2026-07-06,Present,10:30,9.97,75
ATT-E0031-20260707,E0031,2026-07-07,Present,11:06,7.37,111
ATT-E0031-20260708,E0031,2026-07-08,Present,10:46,9.45,91
ATT-E0031-20260709,E0031,2026-07-09,Present,11:21,8.57,126
ATT-E0031-20260710,E0031,2026-07-10,Present,11:14,10.42,119
ATT-E0031-20260713,E0031,2026-07-13,Present,10:04,9.79,49
ATT-E0031-20260714,E0031,2026-07-14,Present,08:22,7.14,0
ATT-E0031-20260715,E0031,2026-07-15,Present,10:28,8.91,73
ATT-E0031-20260716,E0031,2026-07-16,Present,11:52,9.61,157
ATT-E0031-20260717,E0031,2026-07-17,Present,09:49,8.54,34
ATT-E0031-20260720,E0031,2026-07-20,Present,08:08,9.46,0
ATT-E0031-20260721,E0031,2026-07-21,Present,08:14,9.85,0
ATT-E0031-20260722,E0031,2026-07-22,Present,11:22,7.86,127
ATT-E0031-20260723,E0031,2026-07-23,Present,09:57,8.98,42
ATT-E0031-20260724,E0031,2026-07-24,Present,10:03,7.87,48
ATT-E0031-20260727,E0031,2026-07-27,Present,10:11,7.84,56
ATT-E0031-20260728,E0031,2026-07-28,Present,10:51,9.65,96
ATT-E0031-20260729,E0031,2026-07-29,Present,09:02,8.8,0
ATT-E0031-20260730,E0031,2026-07-30,Present,10:02,7.41,47
ATT-E0031-20260731,E0031,2026-07-31,Present,09:40,9.69,25
ATT-E0031-20260803,E0031,2026-08-03,Present,10:13,9.35,58
ATT-E0031-20260804,E0031,2026-08-04,Present,08:48,8.14,0
ATT-E0031-20260805,E0031,2026-08-05,Present,11:26,10.14,131
ATT-E0031-20260806,E0031,2026-08-06,Present,10:27,9.39,72
ATT-E0031-20260807,E0031,2026-08-07,Present,08:17,9.28,0
ATT-E0031-20260810,E0031,2026-08-10,Present,11:49,7.19,154
ATT-E0031-20260811,E0031,2026-08-11,Leave,,0,0
ATT-E0031-20260812,E0031,2026-08-12,Present,10:06,7.67,51
ATT-E0031-20260813,E0031,2026-08-13,Present,10:14,10.35,59
ATT-E0031-20260814,E0031,2026-08-14,Present,11:04,10.02,109
ATT-E0031-20260817,E0031,2026-08-17,Present,09:23,9.42,8
ATT-E0031-20260818,E0031,2026-08-18,Leave,,0,0
ATT-E0031-20260819,E0031,2026-08-19,Leave,,0,0
ATT-E0031-20260820,E0031,2026-08-20,Present,10:31,10.21,76
ATT-E0031-20260821,E0031,2026-08-21,Present,08:10,9.2,0
ATT-E0031-20260824,E0031,2026-08-24,Present,10:42,9.71,87
ATT-E0031-20260825,E0031,2026-08-25,Absent,,0,0
ATT-E0031-20260826,E0031,2026-08-26,Absent,,0,0
ATT-E0031-20260827,E0031,2026-08-27,Leave,,0,0
ATT-E0031-20260828,E0031,2026-08-28,Absent,,0,0
ATT-E0031-20260831,E0031,2026-08-31,Present,08:04,7.4,0
ATT-E0032-20260601,E0032,2026-06-01,Leave,,0,0
ATT-E0032-20260602,E0032,2026-06-02,Present,10:54,7.1,99
ATT-E0032-20260603,E0032,2026-06-03,Present,10:59,8.96,104
ATT-E0032-20260604,E0032,2026-06-04,Absent,,0,0
ATT-E0032-20260605,E0032,2026-06-05,Present,08:34,7.55,0
ATT-E0032-20260608,E0032,2026-06-08,Present,11:36,7.25,141
ATT-E0032-20260609,E0032,2026-06-09,Present,11:57,8.73,162
ATT-E0032-20260610,E0032,2026-06-10,Leave,,0,0
ATT-E0032-20260611,E0032,2026-06-11,Present,11:19,8.18,124
ATT-E0032-20260612,E0032,2026-06-12,Present,10:30,9.21,75
ATT-E0032-20260615,E0032,2026-06-15,Present,11:10,9.58,115
ATT-E0032-20260616,E0032,2026-06-16,Leave,,0,0
ATT-E0032-20260617,E0032,2026-06-17,Present,08:02,9.01,0
ATT-E0032-20260618,E0032,2026-06-18,Present,11:13,7.81,118
ATT-E0032-20260619,E0032,2026-06-19,Present,08:27,7.18,0
ATT-E0032-20260622,E0032,2026-06-22,Present,09:28,9.73,13
ATT-E0032-20260623,E0032,2026-06-23,Present,08:30,8.94,0
ATT-E0032-20260624,E0032,2026-06-24,Present,11:28,10.28,133
ATT-E0032-20260625,E0032,2026-06-25,Present,10:44,7.09,89
ATT-E0032-20260626,E0032,2026-06-26,Present,09:10,8.24,0
ATT-E0032-20260629,E0032,2026-06-29,Present,08:09,7.28,0
ATT-E0032-20260630,E0032,2026-06-30,Leave,,0,0
ATT-E0032-20260701,E0032,2026-07-01,Present,08:32,7.87,0
ATT-E0032-20260702,E0032,2026-07-02,Absent,,0,0
ATT-E0032-20260703,E0032,2026-07-03,Present,09:59,8,44
ATT-E0032-20260706,E0032,2026-07-06,Present,09:26,10.04,11
ATT-E0032-20260707,E0032,2026-07-07,Present,10:00,9.85,45
ATT-E0032-20260708,E0032,2026-07-08,Present,11:17,9.83,122
ATT-E0032-20260709,E0032,2026-07-09,Present,08:18,9.42,0
ATT-E0032-20260710,E0032,2026-07-10,Present,09:35,7.7,20
ATT-E0032-20260713,E0032,2026-07-13,Present,09:25,8.66,10
ATT-E0032-20260714,E0032,2026-07-14,Present,11:27,7.57,132
ATT-E0032-20260715,E0032,2026-07-15,Leave,,0,0
ATT-E0032-20260716,E0032,2026-07-16,Present,10:50,8.43,95
ATT-E0032-20260717,E0032,2026-07-17,Present,09:54,9.87,39
ATT-E0032-20260720,E0032,2026-07-20,Present,08:35,9.21,0
ATT-E0032-20260721,E0032,2026-07-21,Present,11:49,9.44,154
ATT-E0032-20260722,E0032,2026-07-22,Present,08:09,8.56,0
ATT-E0032-20260723,E0032,2026-07-23,Present,11:59,8.89,164
ATT-E0032-20260724,E0032,2026-07-24,Present,08:07,8.52,0
ATT-E0032-20260727,E0032,2026-07-27,Absent,,0,0
ATT-E0032-20260728,E0032,2026-07-28,Present,09:59,8.07,44
ATT-E0032-20260729,E0032,2026-07-29,Leave,,0,0
ATT-E0032-20260730,E0032,2026-07-30,Present,11:55,8.33,160
ATT-E0032-20260731,E0032,2026-07-31,Present,11:57,9.29,162
ATT-E0032-20260803,E0032,2026-08-03,Present,09:03,8.56,0
ATT-E0032-20260804,E0032,2026-08-04,Leave,,0,0
ATT-E0032-20260805,E0032,2026-08-05,Present,09:29,9.65,14
ATT-E0032-20260806,E0032,2026-08-06,Present,11:40,7.76,145
ATT-E0032-20260807,E0032,2026-08-07,Leave,,0,0
ATT-E0032-20260810,E0032,2026-08-10,Present,08:55,9.67,0
ATT-E0032-20260811,E0032,2026-08-11,Present,09:15,8.95,0
ATT-E0032-20260812,E0032,2026-08-12,Present,11:36,7.55,141
ATT-E0032-20260813,E0032,2026-08-13,Present,10:25,10.46,70
ATT-E0032-20260814,E0032,2026-08-14,Present,09:10,7.47,0
ATT-E0032-20260817,E0032,2026-08-17,Present,10:24,10.16,69
ATT-E0032-20260818,E0032,2026-08-18,Present,11:55,9.3,160
ATT-E0032-20260819,E0032,2026-08-19,Absent,,0,0
ATT-E0032-20260820,E0032,2026-08-20,Present,11:26,8.98,131
ATT-E0032-20260821,E0032,2026-08-21,Absent,,0,0
ATT-E0032-20260824,E0032,2026-08-24,Present,11:55,8.99,160
ATT-E0032-20260825,E0032,2026-08-25,Present,09:00,7.64,0
ATT-E0032-20260826,E0032,2026-08-26,Present,08:20,9.67,0
ATT-E0032-20260827,E0032,2026-08-27,Absent,,0,0
ATT-E0032-20260828,E0032,2026-08-28,Leave,,0,0
ATT-E0032-20260831,E0032,2026-08-31,Present,10:37,8.51,82
ATT-E0033-20260601,E0033,2026-06-01,Absent,,0,0
ATT-E0033-20260602,E0033,2026-06-02,Present,10:28,7.37,73
ATT-E0033-20260603,E0033,2026-06-03,Present,11:23,9.62,128
ATT-E0033-20260604,E0033,2026-06-04,Absent,,0,0
ATT-E0033-20260605,E0033,2026-06-05,Present,10:40,8.49,85
ATT-E0033-20260608,E0033,2026-06-08,Leave,,0,0
ATT-E0033-20260609,E0033,2026-06-09,Present,08:38,9.77,0
ATT-E0033-20260610,E0033,2026-06-10,Leave,,0,0
ATT-E0033-20260611,E0033,2026-06-11,Absent,,0,0
ATT-E0033-20260612,E0033,2026-06-12,Present,08:20,8.12,0
ATT-E0033-20260615,E0033,2026-06-15,Present,10:03,9.85,48
ATT-E0033-20260616,E0033,2026-06-16,Present,10:41,8.34,86
ATT-E0033-20260617,E0033,2026-06-17,Present,11:59,9.7,164
ATT-E0033-20260618,E0033,2026-06-18,Present,10:44,10.15,89
ATT-E0033-20260619,E0033,2026-06-19,Present,10:05,8.05,50
ATT-E0033-20260622,E0033,2026-06-22,Absent,,0,0
ATT-E0033-20260623,E0033,2026-06-23,Present,11:08,10.45,113
ATT-E0033-20260624,E0033,2026-06-24,Present,08:24,10.45,0
ATT-E0033-20260625,E0033,2026-06-25,Present,11:02,8.14,107
ATT-E0033-20260626,E0033,2026-06-26,Present,11:05,10.09,110
ATT-E0033-20260629,E0033,2026-06-29,Absent,,0,0
ATT-E0033-20260630,E0033,2026-06-30,Present,11:35,9.57,140
ATT-E0033-20260701,E0033,2026-07-01,Present,11:24,8.59,129
ATT-E0033-20260702,E0033,2026-07-02,Present,08:19,8.92,0
ATT-E0033-20260703,E0033,2026-07-03,Present,10:50,8.71,95
ATT-E0033-20260706,E0033,2026-07-06,Absent,,0,0
ATT-E0033-20260707,E0033,2026-07-07,Present,11:02,8.14,107
ATT-E0033-20260708,E0033,2026-07-08,Present,09:53,7.16,38
ATT-E0033-20260709,E0033,2026-07-09,Present,08:20,8.58,0
ATT-E0033-20260710,E0033,2026-07-10,Present,08:11,7.88,0
ATT-E0033-20260713,E0033,2026-07-13,Present,08:22,7.75,0
ATT-E0033-20260714,E0033,2026-07-14,Present,11:12,9.07,117
ATT-E0033-20260715,E0033,2026-07-15,Present,09:35,8.14,20
ATT-E0033-20260716,E0033,2026-07-16,Present,08:23,9.26,0
ATT-E0033-20260717,E0033,2026-07-17,Present,09:22,8.45,7
ATT-E0033-20260720,E0033,2026-07-20,Present,10:18,8.83,63
ATT-E0033-20260721,E0033,2026-07-21,Present,08:06,9.76,0
ATT-E0033-20260722,E0033,2026-07-22,Present,11:03,9.75,108
ATT-E0033-20260723,E0033,2026-07-23,Present,09:43,7.37,28
ATT-E0033-20260724,E0033,2026-07-24,Present,11:26,7.96,131
ATT-E0033-20260727,E0033,2026-07-27,Absent,,0,0
ATT-E0033-20260728,E0033,2026-07-28,Absent,,0,0
ATT-E0033-20260729,E0033,2026-07-29,Present,08:25,8.64,0
ATT-E0033-20260730,E0033,2026-07-30,Present,10:29,9.42,74
ATT-E0033-20260731,E0033,2026-07-31,Present,08:30,9.76,0
ATT-E0033-20260803,E0033,2026-08-03,Present,09:39,8.56,24
ATT-E0033-20260804,E0033,2026-08-04,Present,10:34,9.58,79
ATT-E0033-20260805,E0033,2026-08-05,Present,08:15,7.48,0
ATT-E0033-20260806,E0033,2026-08-06,Present,11:22,7.88,127
ATT-E0033-20260807,E0033,2026-08-07,Present,08:01,8.3,0
ATT-E0033-20260810,E0033,2026-08-10,Present,10:04,9.97,49
ATT-E0033-20260811,E0033,2026-08-11,Present,10:42,7.72,87
ATT-E0033-20260812,E0033,2026-08-12,Present,08:17,7.95,0
ATT-E0033-20260813,E0033,2026-08-13,Present,08:30,10.09,0
ATT-E0033-20260814,E0033,2026-08-14,Present,08:35,8.38,0
ATT-E0033-20260817,E0033,2026-08-17,Present,11:34,8.62,139
ATT-E0033-20260818,E0033,2026-08-18,Present,08:17,7.34,0
ATT-E0033-20260819,E0033,2026-08-19,Present,11:16,10.31,121
ATT-E0033-20260820,E0033,2026-08-20,Absent,,0,0
ATT-E0033-20260821,E0033,2026-08-21,Absent,,0,0
ATT-E0033-20260824,E0033,2026-08-24,Present,09:09,7.27,0
ATT-E0033-20260825,E0033,2026-08-25,Absent,,0,0
ATT-E0033-20260826,E0033,2026-08-26,Present,11:57,9.24,162
ATT-E0033-20260827,E0033,2026-08-27,Present,09:48,8.69,33
ATT-E0033-20260828,E0033,2026-08-28,Present,11:15,9.58,120
ATT-E0033-20260831,E0033,2026-08-31,Absent,,0,0
ATT-E0034-20260601,E0034,2026-06-01,Present,11:02,10.45,107
ATT-E0034-20260602,E0034,2026-06-02,Present,10:35,8.13,80
ATT-E0034-20260603,E0034,2026-06-03,Present,11:21,8.87,126
ATT-E0034-20260604,E0034,2026-06-04,Absent,,0,0
ATT-E0034-20260605,E0034,2026-06-05,Absent,,0,0
ATT-E0034-20260608,E0034,2026-06-08,Present,08:45,9.35,0
ATT-E0034-20260609,E0034,2026-06-09,Present,10:37,9.07,82
ATT-E0034-20260610,E0034,2026-06-10,Present,10:28,9.79,73
ATT-E0034-20260611,E0034,2026-06-11,Present,11:56,7.2,161
ATT-E0034-20260612,E0034,2026-06-12,Leave,,0,0
ATT-E0034-20260615,E0034,2026-06-15,Present,10:12,9.58,57
ATT-E0034-20260616,E0034,2026-06-16,Present,11:50,9.97,155
ATT-E0034-20260617,E0034,2026-06-17,Present,10:57,7.8,102
ATT-E0034-20260618,E0034,2026-06-18,Present,10:34,8.02,79
ATT-E0034-20260619,E0034,2026-06-19,Present,08:40,7.38,0
ATT-E0034-20260622,E0034,2026-06-22,Present,11:05,8.43,110
ATT-E0034-20260623,E0034,2026-06-23,Present,08:11,9.74,0
ATT-E0034-20260624,E0034,2026-06-24,Leave,,0,0
ATT-E0034-20260625,E0034,2026-06-25,Present,08:13,9.41,0
ATT-E0034-20260626,E0034,2026-06-26,Present,08:08,9.51,0
ATT-E0034-20260629,E0034,2026-06-29,Present,10:30,8.18,75
ATT-E0034-20260630,E0034,2026-06-30,Present,11:59,7.62,164
ATT-E0034-20260701,E0034,2026-07-01,Present,10:33,7.78,78
ATT-E0034-20260702,E0034,2026-07-02,Present,09:45,7.49,30
ATT-E0034-20260703,E0034,2026-07-03,Present,08:55,10.42,0
ATT-E0034-20260706,E0034,2026-07-06,Present,11:38,8.34,143
ATT-E0034-20260707,E0034,2026-07-07,Present,08:54,8.05,0
ATT-E0034-20260708,E0034,2026-07-08,Present,10:16,9.18,61
ATT-E0034-20260709,E0034,2026-07-09,Present,09:59,9.86,44
ATT-E0034-20260710,E0034,2026-07-10,Leave,,0,0
ATT-E0034-20260713,E0034,2026-07-13,Present,11:35,10.13,140
ATT-E0034-20260714,E0034,2026-07-14,Present,08:21,10.17,0
ATT-E0034-20260715,E0034,2026-07-15,Present,08:17,7.74,0
ATT-E0034-20260716,E0034,2026-07-16,Present,08:42,7.36,0
ATT-E0034-20260717,E0034,2026-07-17,Present,09:46,7.05,31
ATT-E0034-20260720,E0034,2026-07-20,Present,10:25,7.71,70
ATT-E0034-20260721,E0034,2026-07-21,Leave,,0,0
ATT-E0034-20260722,E0034,2026-07-22,Present,09:05,9.75,0
ATT-E0034-20260723,E0034,2026-07-23,Present,08:07,8.73,0
ATT-E0034-20260724,E0034,2026-07-24,Absent,,0,0
ATT-E0034-20260727,E0034,2026-07-27,Absent,,0,0
ATT-E0034-20260728,E0034,2026-07-28,Present,08:29,8.68,0
ATT-E0034-20260729,E0034,2026-07-29,Present,11:30,10.16,135
ATT-E0034-20260730,E0034,2026-07-30,Present,11:23,7.67,128
ATT-E0034-20260731,E0034,2026-07-31,Present,10:26,8.28,71
ATT-E0034-20260803,E0034,2026-08-03,Present,09:37,8.07,22
ATT-E0034-20260804,E0034,2026-08-04,Present,08:09,9.56,0
ATT-E0034-20260805,E0034,2026-08-05,Leave,,0,0
ATT-E0034-20260806,E0034,2026-08-06,Leave,,0,0
ATT-E0034-20260807,E0034,2026-08-07,Present,10:11,10.33,56
ATT-E0034-20260810,E0034,2026-08-10,Absent,,0,0
ATT-E0034-20260811,E0034,2026-08-11,Present,09:14,8.75,0
ATT-E0034-20260812,E0034,2026-08-12,Present,11:46,7.63,151
ATT-E0034-20260813,E0034,2026-08-13,Present,11:03,8.66,108
ATT-E0034-20260814,E0034,2026-08-14,Present,11:39,7.04,144
ATT-E0034-20260817,E0034,2026-08-17,Present,09:13,9.3,0
ATT-E0034-20260818,E0034,2026-08-18,Present,08:45,8.32,0
ATT-E0034-20260819,E0034,2026-08-19,Present,10:03,8.57,48
ATT-E0034-20260820,E0034,2026-08-20,Present,11:54,9.58,159
ATT-E0034-20260821,E0034,2026-08-21,Present,08:40,7.72,0
ATT-E0034-20260824,E0034,2026-08-24,Present,10:25,9.47,70
ATT-E0034-20260825,E0034,2026-08-25,Present,09:08,8.82,0
ATT-E0034-20260826,E0034,2026-08-26,Present,10:58,7.78,103
ATT-E0034-20260827,E0034,2026-08-27,Present,11:35,8.94,140
ATT-E0034-20260828,E0034,2026-08-28,Present,08:03,10.4,0
ATT-E0034-20260831,E0034,2026-08-31,Present,11:43,9.28,148
ATT-E0035-20260601,E0035,2026-06-01,Absent,,0,0
ATT-E0035-20260602,E0035,2026-06-02,Leave,,0,0
ATT-E0035-20260603,E0035,2026-06-03,Present,11:44,8.48,149
ATT-E0035-20260604,E0035,2026-06-04,Absent,,0,0
ATT-E0035-20260605,E0035,2026-06-05,Absent,,0,0
ATT-E0035-20260608,E0035,2026-06-08,Present,08:18,8.52,0
ATT-E0035-20260609,E0035,2026-06-09,Absent,,0,0
ATT-E0035-20260610,E0035,2026-06-10,Leave,,0,0
ATT-E0035-20260611,E0035,2026-06-11,Absent,,0,0
ATT-E0035-20260612,E0035,2026-06-12,Present,09:08,10.44,0
ATT-E0035-20260615,E0035,2026-06-15,Present,10:17,10.28,62
ATT-E0035-20260616,E0035,2026-06-16,Present,10:22,10.13,67
ATT-E0035-20260617,E0035,2026-06-17,Leave,,0,0
ATT-E0035-20260618,E0035,2026-06-18,Present,10:59,8.92,104
ATT-E0035-20260619,E0035,2026-06-19,Present,09:25,9.8,10
ATT-E0035-20260622,E0035,2026-06-22,Leave,,0,0
ATT-E0035-20260623,E0035,2026-06-23,Absent,,0,0
ATT-E0035-20260624,E0035,2026-06-24,Absent,,0,0
ATT-E0035-20260625,E0035,2026-06-25,Present,10:18,8.09,63
ATT-E0035-20260626,E0035,2026-06-26,Present,11:36,9.91,141
ATT-E0035-20260629,E0035,2026-06-29,Leave,,0,0
ATT-E0035-20260630,E0035,2026-06-30,Absent,,0,0
ATT-E0035-20260701,E0035,2026-07-01,Present,08:36,7.59,0
ATT-E0035-20260702,E0035,2026-07-02,Present,08:09,9.32,0
ATT-E0035-20260703,E0035,2026-07-03,Present,10:35,10.03,80
ATT-E0035-20260706,E0035,2026-07-06,Present,09:52,7.72,37
ATT-E0035-20260707,E0035,2026-07-07,Present,10:28,9.41,73
ATT-E0035-20260708,E0035,2026-07-08,Present,10:52,7.06,97
ATT-E0035-20260709,E0035,2026-07-09,Absent,,0,0
ATT-E0035-20260710,E0035,2026-07-10,Present,09:20,10.15,5
ATT-E0035-20260713,E0035,2026-07-13,Present,08:54,8.85,0
ATT-E0035-20260714,E0035,2026-07-14,Present,08:02,7.83,0
ATT-E0035-20260715,E0035,2026-07-15,Leave,,0,0
ATT-E0035-20260716,E0035,2026-07-16,Present,08:49,10.12,0
ATT-E0035-20260717,E0035,2026-07-17,Present,08:11,8.52,0
ATT-E0035-20260720,E0035,2026-07-20,Present,08:52,9.16,0
ATT-E0035-20260721,E0035,2026-07-21,Present,09:04,7.49,0
ATT-E0035-20260722,E0035,2026-07-22,Present,11:42,9.19,147
ATT-E0035-20260723,E0035,2026-07-23,Absent,,0,0
ATT-E0035-20260724,E0035,2026-07-24,Absent,,0,0
ATT-E0035-20260727,E0035,2026-07-27,Present,10:48,8.58,93
ATT-E0035-20260728,E0035,2026-07-28,Present,09:11,8.42,0
ATT-E0035-20260729,E0035,2026-07-29,Absent,,0,0
ATT-E0035-20260730,E0035,2026-07-30,Present,10:02,8.74,47
ATT-E0035-20260731,E0035,2026-07-31,Present,11:14,9.2,119
ATT-E0035-20260803,E0035,2026-08-03,Leave,,0,0
ATT-E0035-20260804,E0035,2026-08-04,Present,09:16,8.17,1
ATT-E0035-20260805,E0035,2026-08-05,Present,10:49,8.06,94
ATT-E0035-20260806,E0035,2026-08-06,Present,08:26,10.14,0
ATT-E0035-20260807,E0035,2026-08-07,Present,08:23,8.09,0
ATT-E0035-20260810,E0035,2026-08-10,Present,08:10,9.07,0
ATT-E0035-20260811,E0035,2026-08-11,Leave,,0,0
ATT-E0035-20260812,E0035,2026-08-12,Absent,,0,0
ATT-E0035-20260813,E0035,2026-08-13,Absent,,0,0
ATT-E0035-20260814,E0035,2026-08-14,Present,08:06,7.28,0
ATT-E0035-20260817,E0035,2026-08-17,Present,09:05,10.15,0
ATT-E0035-20260818,E0035,2026-08-18,Leave,,0,0
ATT-E0035-20260819,E0035,2026-08-19,Leave,,0,0
ATT-E0035-20260820,E0035,2026-08-20,Present,09:05,7.97,0
ATT-E0035-20260821,E0035,2026-08-21,Present,09:47,7.87,32
ATT-E0035-20260824,E0035,2026-08-24,Present,09:13,10.42,0
ATT-E0035-20260825,E0035,2026-08-25,Present,10:12,9.66,57
ATT-E0035-20260826,E0035,2026-08-26,Present,08:35,9.21,0
ATT-E0035-20260827,E0035,2026-08-27,Present,09:43,8.74,28
ATT-E0035-20260828,E0035,2026-08-28,Present,09:38,7.27,23
ATT-E0035-20260831,E0035,2026-08-31,Absent,,0,0
ATT-E0036-20260601,E0036,2026-06-01,Present,08:47,10.27,0
ATT-E0036-20260602,E0036,2026-06-02,Present,08:08,8.79,0
ATT-E0036-20260603,E0036,2026-06-03,Present,08:52,9.53,0
ATT-E0036-20260604,E0036,2026-06-04,Present,09:16,10.46,1
ATT-E0036-20260605,E0036,2026-06-05,Present,11:46,8.75,151
ATT-E0036-20260608,E0036,2026-06-08,Absent,,0,0
ATT-E0036-20260609,E0036,2026-06-09,Present,09:48,8.39,33
ATT-E0036-20260610,E0036,2026-06-10,Absent,,0,0
ATT-E0036-20260611,E0036,2026-06-11,Present,09:56,8.41,41
ATT-E0036-20260612,E0036,2026-06-12,Leave,,0,0
ATT-E0036-20260615,E0036,2026-06-15,Present,10:16,7.53,61
ATT-E0036-20260616,E0036,2026-06-16,Leave,,0,0
ATT-E0036-20260617,E0036,2026-06-17,Present,08:37,8.46,0
ATT-E0036-20260618,E0036,2026-06-18,Leave,,0,0
ATT-E0036-20260619,E0036,2026-06-19,Leave,,0,0
ATT-E0036-20260622,E0036,2026-06-22,Present,10:36,10.04,81
ATT-E0036-20260623,E0036,2026-06-23,Present,08:30,10.48,0
ATT-E0036-20260624,E0036,2026-06-24,Present,08:07,10.35,0
ATT-E0036-20260625,E0036,2026-06-25,Present,08:59,9.01,0
ATT-E0036-20260626,E0036,2026-06-26,Present,11:00,9.73,105
ATT-E0036-20260629,E0036,2026-06-29,Present,10:14,10.33,59
ATT-E0036-20260630,E0036,2026-06-30,Present,11:40,9.57,145
ATT-E0036-20260701,E0036,2026-07-01,Present,08:52,10.15,0
ATT-E0036-20260702,E0036,2026-07-02,Present,09:35,9.77,20
ATT-E0036-20260703,E0036,2026-07-03,Present,10:23,8.28,68
ATT-E0036-20260706,E0036,2026-07-06,Present,11:41,9.48,146
ATT-E0036-20260707,E0036,2026-07-07,Present,08:08,7.98,0
ATT-E0036-20260708,E0036,2026-07-08,Present,10:58,9.67,103
ATT-E0036-20260709,E0036,2026-07-09,Leave,,0,0
ATT-E0036-20260710,E0036,2026-07-10,Present,10:09,9.47,54
ATT-E0036-20260713,E0036,2026-07-13,Present,09:49,8,34
ATT-E0036-20260714,E0036,2026-07-14,Present,08:50,9.24,0
ATT-E0036-20260715,E0036,2026-07-15,Absent,,0,0
ATT-E0036-20260716,E0036,2026-07-16,Present,10:09,9.32,54
ATT-E0036-20260717,E0036,2026-07-17,Present,10:14,7.62,59
ATT-E0036-20260720,E0036,2026-07-20,Absent,,0,0
ATT-E0036-20260721,E0036,2026-07-21,Absent,,0,0
ATT-E0036-20260722,E0036,2026-07-22,Present,09:46,10.17,31
ATT-E0036-20260723,E0036,2026-07-23,Present,08:30,8.73,0
ATT-E0036-20260724,E0036,2026-07-24,Present,10:16,7.38,61
ATT-E0036-20260727,E0036,2026-07-27,Present,11:57,7.78,162
ATT-E0036-20260728,E0036,2026-07-28,Present,11:33,8.94,138
ATT-E0036-20260729,E0036,2026-07-29,Present,10:50,9.19,95
ATT-E0036-20260730,E0036,2026-07-30,Present,10:00,8.53,45
ATT-E0036-20260731,E0036,2026-07-31,Absent,,0,0
ATT-E0036-20260803,E0036,2026-08-03,Leave,,0,0
ATT-E0036-20260804,E0036,2026-08-04,Present,10:33,9.51,78
ATT-E0036-20260805,E0036,2026-08-05,Present,10:31,10.36,76
ATT-E0036-20260806,E0036,2026-08-06,Present,09:49,8.3,34
ATT-E0036-20260807,E0036,2026-08-07,Leave,,0,0
ATT-E0036-20260810,E0036,2026-08-10,Present,11:16,10.43,121
ATT-E0036-20260811,E0036,2026-08-11,Present,11:36,8.49,141
ATT-E0036-20260812,E0036,2026-08-12,Present,08:07,9.9,0
ATT-E0036-20260813,E0036,2026-08-13,Present,10:17,9.33,62
ATT-E0036-20260814,E0036,2026-08-14,Present,11:00,7.28,105
ATT-E0036-20260817,E0036,2026-08-17,Present,08:21,10.04,0
ATT-E0036-20260818,E0036,2026-08-18,Present,08:47,7.15,0
ATT-E0036-20260819,E0036,2026-08-19,Present,08:28,8.71,0
ATT-E0036-20260820,E0036,2026-08-20,Present,11:54,8.8,159
ATT-E0036-20260821,E0036,2026-08-21,Present,08:41,7.53,0
ATT-E0036-20260824,E0036,2026-08-24,Present,11:24,8.34,129
ATT-E0036-20260825,E0036,2026-08-25,Present,08:56,9.05,0
ATT-E0036-20260826,E0036,2026-08-26,Present,11:15,9.68,120
ATT-E0036-20260827,E0036,2026-08-27,Present,11:49,9.7,154
ATT-E0036-20260828,E0036,2026-08-28,Present,09:28,8.84,13
ATT-E0036-20260831,E0036,2026-08-31,Present,08:56,8.58,0
ATT-E0037-20260601,E0037,2026-06-01,Present,09:49,9.34,34
ATT-E0037-20260602,E0037,2026-06-02,Present,11:47,8.95,152
ATT-E0037-20260603,E0037,2026-06-03,Absent,,0,0
ATT-E0037-20260604,E0037,2026-06-04,Present,08:56,7.86,0
ATT-E0037-20260605,E0037,2026-06-05,Present,09:06,8.48,0
ATT-E0037-20260608,E0037,2026-06-08,Absent,,0,0
ATT-E0037-20260609,E0037,2026-06-09,Present,11:16,10.15,121
ATT-E0037-20260610,E0037,2026-06-10,Absent,,0,0
ATT-E0037-20260611,E0037,2026-06-11,Present,11:02,8.13,107
ATT-E0037-20260612,E0037,2026-06-12,Present,09:56,10.24,41
ATT-E0037-20260615,E0037,2026-06-15,Present,08:46,8.02,0
ATT-E0037-20260616,E0037,2026-06-16,Present,08:07,7.13,0
ATT-E0037-20260617,E0037,2026-06-17,Absent,,0,0
ATT-E0037-20260618,E0037,2026-06-18,Present,11:10,7.94,115
ATT-E0037-20260619,E0037,2026-06-19,Present,08:40,7.28,0
ATT-E0037-20260622,E0037,2026-06-22,Present,11:46,7.81,151
ATT-E0037-20260623,E0037,2026-06-23,Present,08:51,7.22,0
ATT-E0037-20260624,E0037,2026-06-24,Present,11:48,8.87,153
ATT-E0037-20260625,E0037,2026-06-25,Present,11:48,9.04,153
ATT-E0037-20260626,E0037,2026-06-26,Present,08:28,10.22,0
ATT-E0037-20260629,E0037,2026-06-29,Present,10:15,9.83,60
ATT-E0037-20260630,E0037,2026-06-30,Present,11:53,7.72,158
ATT-E0037-20260701,E0037,2026-07-01,Present,09:16,7.77,1
ATT-E0037-20260702,E0037,2026-07-02,Leave,,0,0
ATT-E0037-20260703,E0037,2026-07-03,Present,09:16,9.51,1
ATT-E0037-20260706,E0037,2026-07-06,Present,10:06,10.39,51
ATT-E0037-20260707,E0037,2026-07-07,Present,09:34,8.04,19
ATT-E0037-20260708,E0037,2026-07-08,Present,09:19,7.1,4
ATT-E0037-20260709,E0037,2026-07-09,Present,10:11,10.47,56
ATT-E0037-20260710,E0037,2026-07-10,Present,08:44,8.39,0
ATT-E0037-20260713,E0037,2026-07-13,Present,10:47,10.17,92
ATT-E0037-20260714,E0037,2026-07-14,Present,08:14,9.24,0
ATT-E0037-20260715,E0037,2026-07-15,Present,11:59,7.84,164
ATT-E0037-20260716,E0037,2026-07-16,Present,10:03,9.69,48
ATT-E0037-20260717,E0037,2026-07-17,Present,10:11,10.33,56
ATT-E0037-20260720,E0037,2026-07-20,Leave,,0,0
ATT-E0037-20260721,E0037,2026-07-21,Present,09:11,7.13,0
ATT-E0037-20260722,E0037,2026-07-22,Present,09:45,7.03,30
ATT-E0037-20260723,E0037,2026-07-23,Present,11:56,7.61,161
ATT-E0037-20260724,E0037,2026-07-24,Present,10:01,10.2,46
ATT-E0037-20260727,E0037,2026-07-27,Present,09:30,8.71,15
ATT-E0037-20260728,E0037,2026-07-28,Present,10:29,9.46,74
ATT-E0037-20260729,E0037,2026-07-29,Present,10:27,9.35,72
ATT-E0037-20260730,E0037,2026-07-30,Present,11:30,9.59,135
ATT-E0037-20260731,E0037,2026-07-31,Present,09:58,9.94,43
ATT-E0037-20260803,E0037,2026-08-03,Present,08:28,8.55,0
ATT-E0037-20260804,E0037,2026-08-04,Present,11:53,8.51,158
ATT-E0037-20260805,E0037,2026-08-05,Present,11:10,8.29,115
ATT-E0037-20260806,E0037,2026-08-06,Present,11:31,7.56,136
ATT-E0037-20260807,E0037,2026-08-07,Present,11:52,7.99,157
ATT-E0037-20260810,E0037,2026-08-10,Present,10:13,9.15,58
ATT-E0037-20260811,E0037,2026-08-11,Present,08:33,9.73,0
ATT-E0037-20260812,E0037,2026-08-12,Present,10:32,9.09,77
ATT-E0037-20260813,E0037,2026-08-13,Present,08:40,7.27,0
ATT-E0037-20260814,E0037,2026-08-14,Present,08:55,10.12,0
ATT-E0037-20260817,E0037,2026-08-17,Present,11:57,8.91,162
ATT-E0037-20260818,E0037,2026-08-18,Present,11:34,9.91,139
ATT-E0037-20260819,E0037,2026-08-19,Absent,,0,0
ATT-E0037-20260820,E0037,2026-08-20,Present,10:24,7.3,69
ATT-E0037-20260821,E0037,2026-08-21,Absent,,0,0
ATT-E0037-20260824,E0037,2026-08-24,Present,09:18,9.17,3
ATT-E0037-20260825,E0037,2026-08-25,Present,08:46,8.34,0
ATT-E0037-20260826,E0037,2026-08-26,Present,10:20,9.44,65
ATT-E0037-20260827,E0037,2026-08-27,Present,08:59,7,0
ATT-E0037-20260828,E0037,2026-08-28,Present,09:39,8.27,24
ATT-E0037-20260831,E0037,2026-08-31,Present,11:39,10.27,144
ATT-E0038-20260601,E0038,2026-06-01,Present,11:48,10.43,153
ATT-E0038-20260602,E0038,2026-06-02,Leave,,0,0
ATT-E0038-20260603,E0038,2026-06-03,Absent,,0,0
ATT-E0038-20260604,E0038,2026-06-04,Leave,,0,0
ATT-E0038-20260605,E0038,2026-06-05,Leave,,0,0
ATT-E0038-20260608,E0038,2026-06-08,Present,08:37,10.28,0
ATT-E0038-20260609,E0038,2026-06-09,Present,09:13,7.33,0
ATT-E0038-20260610,E0038,2026-06-10,Present,08:06,10.48,0
ATT-E0038-20260611,E0038,2026-06-11,Present,10:15,10.49,60
ATT-E0038-20260612,E0038,2026-06-12,Present,10:56,7.91,101
ATT-E0038-20260615,E0038,2026-06-15,Present,08:54,8.6,0
ATT-E0038-20260616,E0038,2026-06-16,Present,08:54,7.26,0
ATT-E0038-20260617,E0038,2026-06-17,Present,09:20,9.05,5
ATT-E0038-20260618,E0038,2026-06-18,Present,11:55,9.01,160
ATT-E0038-20260619,E0038,2026-06-19,Present,11:06,7.43,111
ATT-E0038-20260622,E0038,2026-06-22,Absent,,0,0
ATT-E0038-20260623,E0038,2026-06-23,Present,10:15,7.15,60
ATT-E0038-20260624,E0038,2026-06-24,Absent,,0,0
ATT-E0038-20260625,E0038,2026-06-25,Present,11:58,10.31,163
ATT-E0038-20260626,E0038,2026-06-26,Present,10:37,8.71,82
ATT-E0038-20260629,E0038,2026-06-29,Present,11:30,8.76,135
ATT-E0038-20260630,E0038,2026-06-30,Present,11:45,10.06,150
ATT-E0038-20260701,E0038,2026-07-01,Present,09:28,9.91,13
ATT-E0038-20260702,E0038,2026-07-02,Present,10:07,10.28,52
ATT-E0038-20260703,E0038,2026-07-03,Present,09:19,9.55,4
ATT-E0038-20260706,E0038,2026-07-06,Present,08:03,9.81,0
ATT-E0038-20260707,E0038,2026-07-07,Present,08:01,9.9,0
ATT-E0038-20260708,E0038,2026-07-08,Present,08:51,9.21,0
ATT-E0038-20260709,E0038,2026-07-09,Present,11:55,7.5,160
ATT-E0038-20260710,E0038,2026-07-10,Present,11:53,8.49,158
ATT-E0038-20260713,E0038,2026-07-13,Present,09:48,7.14,33
ATT-E0038-20260714,E0038,2026-07-14,Present,11:17,8.28,122
ATT-E0038-20260715,E0038,2026-07-15,Leave,,0,0
ATT-E0038-20260716,E0038,2026-07-16,Leave,,0,0
ATT-E0038-20260717,E0038,2026-07-17,Absent,,0,0
ATT-E0038-20260720,E0038,2026-07-20,Present,10:28,8.6,73
ATT-E0038-20260721,E0038,2026-07-21,Present,08:06,7.28,0
ATT-E0038-20260722,E0038,2026-07-22,Present,11:03,7.01,108
ATT-E0038-20260723,E0038,2026-07-23,Present,10:37,8.66,82
ATT-E0038-20260724,E0038,2026-07-24,Present,08:24,7.4,0
ATT-E0038-20260727,E0038,2026-07-27,Present,10:23,8.23,68
ATT-E0038-20260728,E0038,2026-07-28,Absent,,0,0
ATT-E0038-20260729,E0038,2026-07-29,Present,08:14,10.43,0
ATT-E0038-20260730,E0038,2026-07-30,Present,09:41,7.47,26
ATT-E0038-20260731,E0038,2026-07-31,Present,10:02,9.11,47
ATT-E0038-20260803,E0038,2026-08-03,Leave,,0,0
ATT-E0038-20260804,E0038,2026-08-04,Present,08:30,9.22,0
ATT-E0038-20260805,E0038,2026-08-05,Present,10:26,8.99,71
ATT-E0038-20260806,E0038,2026-08-06,Present,08:17,8.14,0
ATT-E0038-20260807,E0038,2026-08-07,Leave,,0,0
ATT-E0038-20260810,E0038,2026-08-10,Leave,,0,0
ATT-E0038-20260811,E0038,2026-08-11,Present,11:07,7.9,112
ATT-E0038-20260812,E0038,2026-08-12,Present,10:04,7.61,49
ATT-E0038-20260813,E0038,2026-08-13,Present,10:55,9.5,100
ATT-E0038-20260814,E0038,2026-08-14,Present,10:32,7.62,77
ATT-E0038-20260817,E0038,2026-08-17,Leave,,0,0
ATT-E0038-20260818,E0038,2026-08-18,Present,09:52,8.37,37
ATT-E0038-20260819,E0038,2026-08-19,Present,10:46,8.92,91
ATT-E0038-20260820,E0038,2026-08-20,Present,11:52,9.2,157
ATT-E0038-20260821,E0038,2026-08-21,Present,09:01,7.53,0
ATT-E0038-20260824,E0038,2026-08-24,Leave,,0,0
ATT-E0038-20260825,E0038,2026-08-25,Absent,,0,0
ATT-E0038-20260826,E0038,2026-08-26,Present,08:29,9.54,0
ATT-E0038-20260827,E0038,2026-08-27,Present,10:55,8.53,100
ATT-E0038-20260828,E0038,2026-08-28,Leave,,0,0
ATT-E0038-20260831,E0038,2026-08-31,Present,08:10,7.08,0
ATT-E0039-20260601,E0039,2026-06-01,Present,08:17,8.78,0
ATT-E0039-20260602,E0039,2026-06-02,Present,10:40,9.53,85
ATT-E0039-20260603,E0039,2026-06-03,Present,09:56,10.46,41
ATT-E0039-20260604,E0039,2026-06-04,Present,08:14,9.7,0
ATT-E0039-20260605,E0039,2026-06-05,Present,08:18,9.39,0
ATT-E0039-20260608,E0039,2026-06-08,Present,11:30,8.97,135
ATT-E0039-20260609,E0039,2026-06-09,Present,10:13,10.34,58
ATT-E0039-20260610,E0039,2026-06-10,Present,10:53,9.27,98
ATT-E0039-20260611,E0039,2026-06-11,Leave,,0,0
ATT-E0039-20260612,E0039,2026-06-12,Present,11:26,10.03,131
ATT-E0039-20260615,E0039,2026-06-15,Present,10:19,8.75,64
ATT-E0039-20260616,E0039,2026-06-16,Present,10:51,7.93,96
ATT-E0039-20260617,E0039,2026-06-17,Present,09:05,7.86,0
ATT-E0039-20260618,E0039,2026-06-18,Leave,,0,0
ATT-E0039-20260619,E0039,2026-06-19,Present,11:33,7.44,138
ATT-E0039-20260622,E0039,2026-06-22,Present,09:59,9.39,44
ATT-E0039-20260623,E0039,2026-06-23,Leave,,0,0
ATT-E0039-20260624,E0039,2026-06-24,Present,09:40,7.71,25
ATT-E0039-20260625,E0039,2026-06-25,Present,10:02,8.1,47
ATT-E0039-20260626,E0039,2026-06-26,Present,11:45,10.47,150
ATT-E0039-20260629,E0039,2026-06-29,Present,10:30,10.43,75
ATT-E0039-20260630,E0039,2026-06-30,Present,09:09,8.94,0
ATT-E0039-20260701,E0039,2026-07-01,Present,08:12,8.82,0
ATT-E0039-20260702,E0039,2026-07-02,Present,09:01,9.38,0
ATT-E0039-20260703,E0039,2026-07-03,Present,09:34,8.69,19
ATT-E0039-20260706,E0039,2026-07-06,Present,10:46,7.02,91
ATT-E0039-20260707,E0039,2026-07-07,Present,11:11,8.69,116
ATT-E0039-20260708,E0039,2026-07-08,Present,11:09,9.03,114
ATT-E0039-20260709,E0039,2026-07-09,Present,09:46,9.93,31
ATT-E0039-20260710,E0039,2026-07-10,Present,09:38,7.78,23
ATT-E0039-20260713,E0039,2026-07-13,Present,11:16,9.46,121
ATT-E0039-20260714,E0039,2026-07-14,Present,08:33,7.47,0
ATT-E0039-20260715,E0039,2026-07-15,Present,11:22,9.08,127
ATT-E0039-20260716,E0039,2026-07-16,Leave,,0,0
ATT-E0039-20260717,E0039,2026-07-17,Present,11:48,9.28,153
ATT-E0039-20260720,E0039,2026-07-20,Present,08:27,7.09,0
ATT-E0039-20260721,E0039,2026-07-21,Present,09:18,10.23,3
ATT-E0039-20260722,E0039,2026-07-22,Present,09:27,7.19,12
ATT-E0039-20260723,E0039,2026-07-23,Present,08:34,7.49,0
ATT-E0039-20260724,E0039,2026-07-24,Leave,,0,0
ATT-E0039-20260727,E0039,2026-07-27,Present,10:50,9.49,95
ATT-E0039-20260728,E0039,2026-07-28,Present,10:37,8.97,82
ATT-E0039-20260729,E0039,2026-07-29,Present,10:50,10.5,95
ATT-E0039-20260730,E0039,2026-07-30,Present,08:51,7.16,0
ATT-E0039-20260731,E0039,2026-07-31,Absent,,0,0
ATT-E0039-20260803,E0039,2026-08-03,Present,08:39,9.11,0
ATT-E0039-20260804,E0039,2026-08-04,Present,11:14,8.27,119
ATT-E0039-20260805,E0039,2026-08-05,Present,09:05,7.8,0
ATT-E0039-20260806,E0039,2026-08-06,Present,11:11,8.41,116
ATT-E0039-20260807,E0039,2026-08-07,Present,08:14,9.94,0
ATT-E0039-20260810,E0039,2026-08-10,Present,08:56,7.98,0
ATT-E0039-20260811,E0039,2026-08-11,Present,11:41,7.17,146
ATT-E0039-20260812,E0039,2026-08-12,Present,08:25,9.32,0
ATT-E0039-20260813,E0039,2026-08-13,Present,08:00,7.17,0
ATT-E0039-20260814,E0039,2026-08-14,Present,08:39,9.05,0
ATT-E0039-20260817,E0039,2026-08-17,Leave,,0,0
ATT-E0039-20260818,E0039,2026-08-18,Absent,,0,0
ATT-E0039-20260819,E0039,2026-08-19,Present,11:44,9.6,149
ATT-E0039-20260820,E0039,2026-08-20,Present,09:12,7.4,0
ATT-E0039-20260821,E0039,2026-08-21,Present,11:44,9.58,149
ATT-E0039-20260824,E0039,2026-08-24,Present,10:56,7.53,101
ATT-E0039-20260825,E0039,2026-08-25,Present,09:07,7.92,0
ATT-E0039-20260826,E0039,2026-08-26,Present,09:17,9.02,2
ATT-E0039-20260827,E0039,2026-08-27,Leave,,0,0
ATT-E0039-20260828,E0039,2026-08-28,Leave,,0,0
ATT-E0039-20260831,E0039,2026-08-31,Absent,,0,0
ATT-E0040-20260601,E0040,2026-06-01,Present,10:43,7.44,88
ATT-E0040-20260602,E0040,2026-06-02,Present,08:42,7.42,0
ATT-E0040-20260603,E0040,2026-06-03,Present,09:12,7.43,0
ATT-E0040-20260604,E0040,2026-06-04,Leave,,0,0
ATT-E0040-20260605,E0040,2026-06-05,Present,08:51,10.37,0
ATT-E0040-20260608,E0040,2026-06-08,Present,11:30,10.47,135
ATT-E0040-20260609,E0040,2026-06-09,Present,10:51,8.99,96
ATT-E0040-20260610,E0040,2026-06-10,Present,10:15,9.65,60
ATT-E0040-20260611,E0040,2026-06-11,Present,09:20,10.02,5
ATT-E0040-20260612,E0040,2026-06-12,Present,11:22,9,127
ATT-E0040-20260615,E0040,2026-06-15,Present,11:11,8.05,116
ATT-E0040-20260616,E0040,2026-06-16,Absent,,0,0
ATT-E0040-20260617,E0040,2026-06-17,Present,11:42,7.37,147
ATT-E0040-20260618,E0040,2026-06-18,Present,10:10,8.82,55
ATT-E0040-20260619,E0040,2026-06-19,Present,08:28,7.14,0
ATT-E0040-20260622,E0040,2026-06-22,Present,09:17,8.1,2
ATT-E0040-20260623,E0040,2026-06-23,Present,09:09,10.46,0
ATT-E0040-20260624,E0040,2026-06-24,Present,08:27,10.06,0
ATT-E0040-20260625,E0040,2026-06-25,Present,08:35,7.8,0
ATT-E0040-20260626,E0040,2026-06-26,Leave,,0,0
ATT-E0040-20260629,E0040,2026-06-29,Leave,,0,0
ATT-E0040-20260630,E0040,2026-06-30,Leave,,0,0
ATT-E0040-20260701,E0040,2026-07-01,Present,11:05,9.33,110
ATT-E0040-20260702,E0040,2026-07-02,Leave,,0,0
ATT-E0040-20260703,E0040,2026-07-03,Present,09:56,7.64,41
ATT-E0040-20260706,E0040,2026-07-06,Present,08:38,7.99,0
ATT-E0040-20260707,E0040,2026-07-07,Present,11:39,9.93,144
ATT-E0040-20260708,E0040,2026-07-08,Present,10:57,7.11,102
ATT-E0040-20260709,E0040,2026-07-09,Present,10:24,9.3,69
ATT-E0040-20260710,E0040,2026-07-10,Absent,,0,0
ATT-E0040-20260713,E0040,2026-07-13,Present,10:23,9.06,68
ATT-E0040-20260714,E0040,2026-07-14,Present,10:07,9.03,52
ATT-E0040-20260715,E0040,2026-07-15,Present,09:07,10.21,0
ATT-E0040-20260716,E0040,2026-07-16,Leave,,0,0
ATT-E0040-20260717,E0040,2026-07-17,Present,08:21,8.31,0
ATT-E0040-20260720,E0040,2026-07-20,Present,10:48,8.51,93
ATT-E0040-20260721,E0040,2026-07-21,Present,10:52,9.33,97
ATT-E0040-20260722,E0040,2026-07-22,Leave,,0,0
ATT-E0040-20260723,E0040,2026-07-23,Present,11:13,8.35,118
ATT-E0040-20260724,E0040,2026-07-24,Present,09:31,9.57,16
ATT-E0040-20260727,E0040,2026-07-27,Present,08:07,10.21,0
ATT-E0040-20260728,E0040,2026-07-28,Present,08:46,8.68,0
ATT-E0040-20260729,E0040,2026-07-29,Present,10:47,10.14,92
ATT-E0040-20260730,E0040,2026-07-30,Leave,,0,0
ATT-E0040-20260731,E0040,2026-07-31,Present,10:47,9.44,92
ATT-E0040-20260803,E0040,2026-08-03,Present,11:03,10.18,108
ATT-E0040-20260804,E0040,2026-08-04,Leave,,0,0
ATT-E0040-20260805,E0040,2026-08-05,Present,09:58,8.83,43
ATT-E0040-20260806,E0040,2026-08-06,Present,08:07,7.04,0
ATT-E0040-20260807,E0040,2026-08-07,Present,11:46,9.46,151
ATT-E0040-20260810,E0040,2026-08-10,Present,10:42,7.96,87
ATT-E0040-20260811,E0040,2026-08-11,Present,11:02,10.27,107
ATT-E0040-20260812,E0040,2026-08-12,Present,08:59,9.51,0
ATT-E0040-20260813,E0040,2026-08-13,Present,11:13,7.54,118
ATT-E0040-20260814,E0040,2026-08-14,Leave,,0,0
ATT-E0040-20260817,E0040,2026-08-17,Present,11:20,10.09,125
ATT-E0040-20260818,E0040,2026-08-18,Present,08:22,9.71,0
ATT-E0040-20260819,E0040,2026-08-19,Present,08:22,9.35,0
ATT-E0040-20260820,E0040,2026-08-20,Present,11:21,7.1,126
ATT-E0040-20260821,E0040,2026-08-21,Present,09:18,9.49,3
ATT-E0040-20260824,E0040,2026-08-24,Present,08:30,10.47,0
ATT-E0040-20260825,E0040,2026-08-25,Present,08:35,8.75,0
ATT-E0040-20260826,E0040,2026-08-26,Present,10:47,9.24,92
ATT-E0040-20260827,E0040,2026-08-27,Present,10:48,8.81,93
ATT-E0040-20260828,E0040,2026-08-28,Leave,,0,0
ATT-E0040-20260831,E0040,2026-08-31,Present,11:59,9.25,164
ATT-E0041-20260601,E0041,2026-06-01,Present,09:32,9.06,17
ATT-E0041-20260602,E0041,2026-06-02,Present,08:33,9.14,0
ATT-E0041-20260603,E0041,2026-06-03,Present,09:45,9.31,30
ATT-E0041-20260604,E0041,2026-06-04,Present,10:18,10.27,63
ATT-E0041-20260605,E0041,2026-06-05,Present,10:26,9.61,71
ATT-E0041-20260608,E0041,2026-06-08,Present,08:41,7.11,0
ATT-E0041-20260609,E0041,2026-06-09,Present,09:39,10.05,24
ATT-E0041-20260610,E0041,2026-06-10,Absent,,0,0
ATT-E0041-20260611,E0041,2026-06-11,Present,08:27,9.68,0
ATT-E0041-20260612,E0041,2026-06-12,Present,10:33,8.74,78
ATT-E0041-20260615,E0041,2026-06-15,Present,10:25,7.07,70
ATT-E0041-20260616,E0041,2026-06-16,Present,09:20,7.71,5
ATT-E0041-20260617,E0041,2026-06-17,Present,10:53,9.48,98
ATT-E0041-20260618,E0041,2026-06-18,Leave,,0,0
ATT-E0041-20260619,E0041,2026-06-19,Present,08:15,9.26,0
ATT-E0041-20260622,E0041,2026-06-22,Present,10:39,9.02,84
ATT-E0041-20260623,E0041,2026-06-23,Present,10:46,9.8,91
ATT-E0041-20260624,E0041,2026-06-24,Present,08:07,10.19,0
ATT-E0041-20260625,E0041,2026-06-25,Present,10:39,8.25,84
ATT-E0041-20260626,E0041,2026-06-26,Present,10:17,7.89,62
ATT-E0041-20260629,E0041,2026-06-29,Present,10:58,9.98,103
ATT-E0041-20260630,E0041,2026-06-30,Present,10:50,8.82,95
ATT-E0041-20260701,E0041,2026-07-01,Present,09:20,8.29,5
ATT-E0041-20260702,E0041,2026-07-02,Present,11:50,9.32,155
ATT-E0041-20260703,E0041,2026-07-03,Present,08:35,9.09,0
ATT-E0041-20260706,E0041,2026-07-06,Present,11:22,8.13,127
ATT-E0041-20260707,E0041,2026-07-07,Leave,,0,0
ATT-E0041-20260708,E0041,2026-07-08,Present,08:25,9.38,0
ATT-E0041-20260709,E0041,2026-07-09,Present,10:12,7.11,57
ATT-E0041-20260710,E0041,2026-07-10,Present,09:33,8.7,18
ATT-E0041-20260713,E0041,2026-07-13,Present,09:30,9.95,15
ATT-E0041-20260714,E0041,2026-07-14,Leave,,0,0
ATT-E0041-20260715,E0041,2026-07-15,Present,09:55,8.36,40
ATT-E0041-20260716,E0041,2026-07-16,Present,10:32,7.25,77
ATT-E0041-20260717,E0041,2026-07-17,Present,10:21,8.11,66
ATT-E0041-20260720,E0041,2026-07-20,Leave,,0,0
ATT-E0041-20260721,E0041,2026-07-21,Present,08:05,8.47,0
ATT-E0041-20260722,E0041,2026-07-22,Present,11:15,9.27,120
ATT-E0041-20260723,E0041,2026-07-23,Present,10:11,7.65,56
ATT-E0041-20260724,E0041,2026-07-24,Present,08:18,7.69,0
ATT-E0041-20260727,E0041,2026-07-27,Present,08:43,9,0
ATT-E0041-20260728,E0041,2026-07-28,Present,11:06,9.23,111
ATT-E0041-20260729,E0041,2026-07-29,Present,09:40,7.14,25
ATT-E0041-20260730,E0041,2026-07-30,Present,09:18,9.13,3
ATT-E0041-20260731,E0041,2026-07-31,Present,08:39,10.38,0
ATT-E0041-20260803,E0041,2026-08-03,Present,08:35,10.39,0
ATT-E0041-20260804,E0041,2026-08-04,Present,09:54,8.78,39
ATT-E0041-20260805,E0041,2026-08-05,Present,09:35,9.04,20
ATT-E0041-20260806,E0041,2026-08-06,Present,09:10,8.91,0
ATT-E0041-20260807,E0041,2026-08-07,Present,08:52,7.19,0
ATT-E0041-20260810,E0041,2026-08-10,Present,09:26,10,11
ATT-E0041-20260811,E0041,2026-08-11,Absent,,0,0
ATT-E0041-20260812,E0041,2026-08-12,Present,08:43,7.76,0
ATT-E0041-20260813,E0041,2026-08-13,Present,08:58,9.06,0
ATT-E0041-20260814,E0041,2026-08-14,Present,08:40,7.18,0
ATT-E0041-20260817,E0041,2026-08-17,Present,09:54,8.21,39
ATT-E0041-20260818,E0041,2026-08-18,Present,11:14,7.74,119
ATT-E0041-20260819,E0041,2026-08-19,Present,10:13,9.62,58
ATT-E0041-20260820,E0041,2026-08-20,Present,09:40,7.39,25
ATT-E0041-20260821,E0041,2026-08-21,Present,10:34,9.44,79
ATT-E0041-20260824,E0041,2026-08-24,Absent,,0,0
ATT-E0041-20260825,E0041,2026-08-25,Present,08:39,8.86,0
ATT-E0041-20260826,E0041,2026-08-26,Present,08:57,10.28,0
ATT-E0041-20260827,E0041,2026-08-27,Present,08:47,9.4,0
ATT-E0041-20260828,E0041,2026-08-28,Present,11:01,7.71,106
ATT-E0041-20260831,E0041,2026-08-31,Present,08:34,9.23,0
ATT-E0042-20260601,E0042,2026-06-01,Present,08:45,8.05,0
ATT-E0042-20260602,E0042,2026-06-02,Leave,,0,0
ATT-E0042-20260603,E0042,2026-06-03,Present,11:57,10.43,162
ATT-E0042-20260604,E0042,2026-06-04,Present,10:57,7.96,102
ATT-E0042-20260605,E0042,2026-06-05,Present,10:48,9.2,93
ATT-E0042-20260608,E0042,2026-06-08,Present,10:35,8.31,80
ATT-E0042-20260609,E0042,2026-06-09,Present,10:20,7.5,65
ATT-E0042-20260610,E0042,2026-06-10,Present,11:23,7.08,128
ATT-E0042-20260611,E0042,2026-06-11,Present,09:05,9.84,0
ATT-E0042-20260612,E0042,2026-06-12,Present,10:06,9.14,51
ATT-E0042-20260615,E0042,2026-06-15,Present,09:35,8.8,20
ATT-E0042-20260616,E0042,2026-06-16,Present,09:23,10.01,8
ATT-E0042-20260617,E0042,2026-06-17,Present,10:14,9.44,59
ATT-E0042-20260618,E0042,2026-06-18,Present,08:33,7.34,0
ATT-E0042-20260619,E0042,2026-06-19,Present,11:08,7.82,113
ATT-E0042-20260622,E0042,2026-06-22,Present,09:09,9.16,0
ATT-E0042-20260623,E0042,2026-06-23,Present,08:37,9.59,0
ATT-E0042-20260624,E0042,2026-06-24,Present,08:08,7.15,0
ATT-E0042-20260625,E0042,2026-06-25,Absent,,0,0
ATT-E0042-20260626,E0042,2026-06-26,Present,11:54,8.03,159
ATT-E0042-20260629,E0042,2026-06-29,Present,10:45,8.85,90
ATT-E0042-20260630,E0042,2026-06-30,Present,08:47,10.34,0
ATT-E0042-20260701,E0042,2026-07-01,Present,10:19,7.25,64
ATT-E0042-20260702,E0042,2026-07-02,Present,11:02,9.69,107
ATT-E0042-20260703,E0042,2026-07-03,Present,09:57,7.08,42
ATT-E0042-20260706,E0042,2026-07-06,Leave,,0,0
ATT-E0042-20260707,E0042,2026-07-07,Absent,,0,0
ATT-E0042-20260708,E0042,2026-07-08,Present,11:25,8.53,130
ATT-E0042-20260709,E0042,2026-07-09,Absent,,0,0
ATT-E0042-20260710,E0042,2026-07-10,Leave,,0,0
ATT-E0042-20260713,E0042,2026-07-13,Present,11:32,8.82,137
ATT-E0042-20260714,E0042,2026-07-14,Present,10:12,7.96,57
ATT-E0042-20260715,E0042,2026-07-15,Present,11:27,9.67,132
ATT-E0042-20260716,E0042,2026-07-16,Present,09:27,7.05,12
ATT-E0042-20260717,E0042,2026-07-17,Absent,,0,0
ATT-E0042-20260720,E0042,2026-07-20,Present,09:01,8.22,0
ATT-E0042-20260721,E0042,2026-07-21,Present,09:29,7.23,14
ATT-E0042-20260722,E0042,2026-07-22,Leave,,0,0
ATT-E0042-20260723,E0042,2026-07-23,Present,08:59,9.05,0
ATT-E0042-20260724,E0042,2026-07-24,Leave,,0,0
ATT-E0042-20260727,E0042,2026-07-27,Present,10:51,10.33,96
ATT-E0042-20260728,E0042,2026-07-28,Present,09:19,9.22,4
ATT-E0042-20260729,E0042,2026-07-29,Leave,,0,0
ATT-E0042-20260730,E0042,2026-07-30,Leave,,0,0
ATT-E0042-20260731,E0042,2026-07-31,Present,11:22,7.47,127
ATT-E0042-20260803,E0042,2026-08-03,Present,09:03,8.07,0
ATT-E0042-20260804,E0042,2026-08-04,Present,09:08,8.22,0
ATT-E0042-20260805,E0042,2026-08-05,Present,10:24,9.07,69
ATT-E0042-20260806,E0042,2026-08-06,Present,08:12,8.29,0
ATT-E0042-20260807,E0042,2026-08-07,Present,08:23,7.99,0
ATT-E0042-20260810,E0042,2026-08-10,Present,10:52,8.82,97
ATT-E0042-20260811,E0042,2026-08-11,Leave,,0,0
ATT-E0042-20260812,E0042,2026-08-12,Present,08:07,7.57,0
ATT-E0042-20260813,E0042,2026-08-13,Present,09:32,9.02,17
ATT-E0042-20260814,E0042,2026-08-14,Present,08:04,8.44,0
ATT-E0042-20260817,E0042,2026-08-17,Present,10:31,7.05,76
ATT-E0042-20260818,E0042,2026-08-18,Present,11:49,9.79,154
ATT-E0042-20260819,E0042,2026-08-19,Present,10:07,8.83,52
ATT-E0042-20260820,E0042,2026-08-20,Leave,,0,0
ATT-E0042-20260821,E0042,2026-08-21,Present,09:39,9.39,24
ATT-E0042-20260824,E0042,2026-08-24,Present,11:51,7.75,156
ATT-E0042-20260825,E0042,2026-08-25,Present,11:42,8.42,147
ATT-E0042-20260826,E0042,2026-08-26,Present,11:13,7.04,118
ATT-E0042-20260827,E0042,2026-08-27,Present,08:06,7.33,0
ATT-E0042-20260828,E0042,2026-08-28,Present,10:42,10.15,87
ATT-E0042-20260831,E0042,2026-08-31,Leave,,0,0
ATT-E0043-20260601,E0043,2026-06-01,Absent,,0,0
ATT-E0043-20260602,E0043,2026-06-02,Absent,,0,0
ATT-E0043-20260603,E0043,2026-06-03,Present,10:26,8.66,71
ATT-E0043-20260604,E0043,2026-06-04,Leave,,0,0
ATT-E0043-20260605,E0043,2026-06-05,Present,11:16,9.95,121
ATT-E0043-20260608,E0043,2026-06-08,Absent,,0,0
ATT-E0043-20260609,E0043,2026-06-09,Present,11:39,8.37,144
ATT-E0043-20260610,E0043,2026-06-10,Leave,,0,0
ATT-E0043-20260611,E0043,2026-06-11,Present,08:17,7.65,0
ATT-E0043-20260612,E0043,2026-06-12,Present,08:26,9.51,0
ATT-E0043-20260615,E0043,2026-06-15,Present,10:42,7.21,87
ATT-E0043-20260616,E0043,2026-06-16,Present,11:15,7.76,120
ATT-E0043-20260617,E0043,2026-06-17,Present,09:38,7.73,23
ATT-E0043-20260618,E0043,2026-06-18,Present,09:25,7.27,10
ATT-E0043-20260619,E0043,2026-06-19,Absent,,0,0
ATT-E0043-20260622,E0043,2026-06-22,Leave,,0,0
ATT-E0043-20260623,E0043,2026-06-23,Present,10:40,8.86,85
ATT-E0043-20260624,E0043,2026-06-24,Absent,,0,0
ATT-E0043-20260625,E0043,2026-06-25,Leave,,0,0
ATT-E0043-20260626,E0043,2026-06-26,Present,10:34,10.17,79
ATT-E0043-20260629,E0043,2026-06-29,Present,10:33,8.19,78
ATT-E0043-20260630,E0043,2026-06-30,Present,09:17,9.68,2
ATT-E0043-20260701,E0043,2026-07-01,Present,10:39,9.64,84
ATT-E0043-20260702,E0043,2026-07-02,Present,11:18,10.17,123
ATT-E0043-20260703,E0043,2026-07-03,Leave,,0,0
ATT-E0043-20260706,E0043,2026-07-06,Absent,,0,0
ATT-E0043-20260707,E0043,2026-07-07,Present,08:18,8.51,0
ATT-E0043-20260708,E0043,2026-07-08,Present,08:52,7.19,0
ATT-E0043-20260709,E0043,2026-07-09,Present,08:12,7.87,0
ATT-E0043-20260710,E0043,2026-07-10,Present,10:29,10.24,74
ATT-E0043-20260713,E0043,2026-07-13,Present,11:08,7.39,113
ATT-E0043-20260714,E0043,2026-07-14,Present,09:04,8.18,0
ATT-E0043-20260715,E0043,2026-07-15,Present,11:05,8.23,110
ATT-E0043-20260716,E0043,2026-07-16,Present,09:22,8.15,7
ATT-E0043-20260717,E0043,2026-07-17,Present,09:24,7.9,9
ATT-E0043-20260720,E0043,2026-07-20,Absent,,0,0
ATT-E0043-20260721,E0043,2026-07-21,Present,08:06,10.39,0
ATT-E0043-20260722,E0043,2026-07-22,Present,10:47,8.3,92
ATT-E0043-20260723,E0043,2026-07-23,Present,11:28,9.27,133
ATT-E0043-20260724,E0043,2026-07-24,Present,09:18,9.29,3
ATT-E0043-20260727,E0043,2026-07-27,Present,08:19,9.14,0
ATT-E0043-20260728,E0043,2026-07-28,Present,08:03,9.75,0
ATT-E0043-20260729,E0043,2026-07-29,Present,11:39,9.96,144
ATT-E0043-20260730,E0043,2026-07-30,Present,10:56,9.34,101
ATT-E0043-20260731,E0043,2026-07-31,Present,08:24,8.39,0
ATT-E0043-20260803,E0043,2026-08-03,Absent,,0,0
ATT-E0043-20260804,E0043,2026-08-04,Present,10:26,7.84,71
ATT-E0043-20260805,E0043,2026-08-05,Present,10:13,7.21,58
ATT-E0043-20260806,E0043,2026-08-06,Present,11:48,9.83,153
ATT-E0043-20260807,E0043,2026-08-07,Present,11:59,10.17,164
ATT-E0043-20260810,E0043,2026-08-10,Present,10:28,8.35,73
ATT-E0043-20260811,E0043,2026-08-11,Present,11:50,9.31,155
ATT-E0043-20260812,E0043,2026-08-12,Present,08:11,10.38,0
ATT-E0043-20260813,E0043,2026-08-13,Leave,,0,0
ATT-E0043-20260814,E0043,2026-08-14,Present,08:09,8.05,0
ATT-E0043-20260817,E0043,2026-08-17,Present,08:02,7.05,0
ATT-E0043-20260818,E0043,2026-08-18,Leave,,0,0
ATT-E0043-20260819,E0043,2026-08-19,Present,10:44,10.11,89
ATT-E0043-20260820,E0043,2026-08-20,Present,09:19,7.77,4
ATT-E0043-20260821,E0043,2026-08-21,Present,10:28,7.04,73
ATT-E0043-20260824,E0043,2026-08-24,Leave,,0,0
ATT-E0043-20260825,E0043,2026-08-25,Present,11:11,9.33,116
ATT-E0043-20260826,E0043,2026-08-26,Present,10:53,8.99,98
ATT-E0043-20260827,E0043,2026-08-27,Present,11:29,9.44,134
ATT-E0043-20260828,E0043,2026-08-28,Absent,,0,0
ATT-E0043-20260831,E0043,2026-08-31,Present,08:17,9.48,0
ATT-E0044-20260601,E0044,2026-06-01,Present,10:28,7.94,73
ATT-E0044-20260602,E0044,2026-06-02,Absent,,0,0
ATT-E0044-20260603,E0044,2026-06-03,Present,10:10,8.81,55
ATT-E0044-20260604,E0044,2026-06-04,Present,10:48,10.3,93
ATT-E0044-20260605,E0044,2026-06-05,Leave,,0,0
ATT-E0044-20260608,E0044,2026-06-08,Present,09:40,9.53,25
ATT-E0044-20260609,E0044,2026-06-09,Present,08:42,8.99,0
ATT-E0044-20260610,E0044,2026-06-10,Present,09:54,8.63,39
ATT-E0044-20260611,E0044,2026-06-11,Present,10:22,8.89,67
ATT-E0044-20260612,E0044,2026-06-12,Absent,,0,0
ATT-E0044-20260615,E0044,2026-06-15,Present,11:09,10.28,114
ATT-E0044-20260616,E0044,2026-06-16,Leave,,0,0
ATT-E0044-20260617,E0044,2026-06-17,Absent,,0,0
ATT-E0044-20260618,E0044,2026-06-18,Leave,,0,0
ATT-E0044-20260619,E0044,2026-06-19,Present,09:21,8.44,6
ATT-E0044-20260622,E0044,2026-06-22,Present,11:19,8.45,124
ATT-E0044-20260623,E0044,2026-06-23,Present,09:37,9.97,22
ATT-E0044-20260624,E0044,2026-06-24,Leave,,0,0
ATT-E0044-20260625,E0044,2026-06-25,Present,08:23,8.11,0
ATT-E0044-20260626,E0044,2026-06-26,Present,09:32,8.3,17
ATT-E0044-20260629,E0044,2026-06-29,Present,09:42,7.26,27
ATT-E0044-20260630,E0044,2026-06-30,Present,10:51,7,96
ATT-E0044-20260701,E0044,2026-07-01,Present,08:30,9.33,0
ATT-E0044-20260702,E0044,2026-07-02,Present,11:05,8.2,110
ATT-E0044-20260703,E0044,2026-07-03,Present,11:04,7.85,109
ATT-E0044-20260706,E0044,2026-07-06,Leave,,0,0
ATT-E0044-20260707,E0044,2026-07-07,Present,11:59,10.47,164
ATT-E0044-20260708,E0044,2026-07-08,Absent,,0,0
ATT-E0044-20260709,E0044,2026-07-09,Present,08:48,10.18,0
ATT-E0044-20260710,E0044,2026-07-10,Leave,,0,0
ATT-E0044-20260713,E0044,2026-07-13,Leave,,0,0
ATT-E0044-20260714,E0044,2026-07-14,Present,11:12,7.67,117
ATT-E0044-20260715,E0044,2026-07-15,Present,08:18,7.17,0
ATT-E0044-20260716,E0044,2026-07-16,Present,10:47,10.42,92
ATT-E0044-20260717,E0044,2026-07-17,Present,08:09,7.79,0
ATT-E0044-20260720,E0044,2026-07-20,Present,09:34,9.19,19
ATT-E0044-20260721,E0044,2026-07-21,Absent,,0,0
ATT-E0044-20260722,E0044,2026-07-22,Present,09:54,9.74,39
ATT-E0044-20260723,E0044,2026-07-23,Present,11:20,9.6,125
ATT-E0044-20260724,E0044,2026-07-24,Present,10:23,9.91,68
ATT-E0044-20260727,E0044,2026-07-27,Present,10:41,9.26,86
ATT-E0044-20260728,E0044,2026-07-28,Present,09:14,8.73,0
ATT-E0044-20260729,E0044,2026-07-29,Present,09:01,7.91,0
ATT-E0044-20260730,E0044,2026-07-30,Present,09:17,10.4,2
ATT-E0044-20260731,E0044,2026-07-31,Present,08:14,9.15,0
ATT-E0044-20260803,E0044,2026-08-03,Present,08:36,7.97,0
ATT-E0044-20260804,E0044,2026-08-04,Leave,,0,0
ATT-E0044-20260805,E0044,2026-08-05,Present,11:44,7.4,149
ATT-E0044-20260806,E0044,2026-08-06,Present,10:59,7.1,104
ATT-E0044-20260807,E0044,2026-08-07,Leave,,0,0
ATT-E0044-20260810,E0044,2026-08-10,Present,10:13,7.69,58
ATT-E0044-20260811,E0044,2026-08-11,Present,10:59,9.97,104
ATT-E0044-20260812,E0044,2026-08-12,Present,09:10,9.6,0
ATT-E0044-20260813,E0044,2026-08-13,Present,11:27,8.59,132
ATT-E0044-20260814,E0044,2026-08-14,Present,08:27,7.6,0
ATT-E0044-20260817,E0044,2026-08-17,Present,10:28,8.88,73
ATT-E0044-20260818,E0044,2026-08-18,Present,09:19,8.6,4
ATT-E0044-20260819,E0044,2026-08-19,Leave,,0,0
ATT-E0044-20260820,E0044,2026-08-20,Present,08:35,10.16,0
ATT-E0044-20260821,E0044,2026-08-21,Leave,,0,0
ATT-E0044-20260824,E0044,2026-08-24,Present,08:02,8.09,0
ATT-E0044-20260825,E0044,2026-08-25,Present,09:26,9.29,11
ATT-E0044-20260826,E0044,2026-08-26,Present,09:32,10.16,17
ATT-E0044-20260827,E0044,2026-08-27,Present,11:45,7.28,150
ATT-E0044-20260828,E0044,2026-08-28,Absent,,0,0
ATT-E0044-20260831,E0044,2026-08-31,Present,10:19,7.8,64
ATT-E0045-20260601,E0045,2026-06-01,Present,08:22,7.29,0
ATT-E0045-20260602,E0045,2026-06-02,Present,10:26,10.03,71
ATT-E0045-20260603,E0045,2026-06-03,Leave,,0,0
ATT-E0045-20260604,E0045,2026-06-04,Leave,,0,0
ATT-E0045-20260605,E0045,2026-06-05,Present,11:15,8.83,120
ATT-E0045-20260608,E0045,2026-06-08,Present,09:24,8.17,9
ATT-E0045-20260609,E0045,2026-06-09,Absent,,0,0
ATT-E0045-20260610,E0045,2026-06-10,Absent,,0,0
ATT-E0045-20260611,E0045,2026-06-11,Absent,,0,0
ATT-E0045-20260612,E0045,2026-06-12,Present,09:52,7.37,37
ATT-E0045-20260615,E0045,2026-06-15,Present,09:07,10.11,0
ATT-E0045-20260616,E0045,2026-06-16,Present,09:15,10.24,0
ATT-E0045-20260617,E0045,2026-06-17,Present,08:21,10.18,0
ATT-E0045-20260618,E0045,2026-06-18,Present,11:40,8.24,145
ATT-E0045-20260619,E0045,2026-06-19,Present,10:51,7.82,96
ATT-E0045-20260622,E0045,2026-06-22,Absent,,0,0
ATT-E0045-20260623,E0045,2026-06-23,Present,11:21,9.6,126
ATT-E0045-20260624,E0045,2026-06-24,Present,10:57,9.18,102
ATT-E0045-20260625,E0045,2026-06-25,Leave,,0,0
ATT-E0045-20260626,E0045,2026-06-26,Present,11:52,8.02,157
ATT-E0045-20260629,E0045,2026-06-29,Leave,,0,0
ATT-E0045-20260630,E0045,2026-06-30,Present,11:59,7.65,164
ATT-E0045-20260701,E0045,2026-07-01,Present,08:18,10.08,0
ATT-E0045-20260702,E0045,2026-07-02,Present,11:00,7.84,105
ATT-E0045-20260703,E0045,2026-07-03,Present,08:57,7.96,0
ATT-E0045-20260706,E0045,2026-07-06,Present,10:55,10.1,100
ATT-E0045-20260707,E0045,2026-07-07,Present,10:06,7.52,51
ATT-E0045-20260708,E0045,2026-07-08,Leave,,0,0
ATT-E0045-20260709,E0045,2026-07-09,Present,10:50,9.14,95
ATT-E0045-20260710,E0045,2026-07-10,Present,10:43,9.64,88
ATT-E0045-20260713,E0045,2026-07-13,Present,10:03,9.27,48
ATT-E0045-20260714,E0045,2026-07-14,Absent,,0,0
ATT-E0045-20260715,E0045,2026-07-15,Present,11:29,8,134
ATT-E0045-20260716,E0045,2026-07-16,Present,10:06,7.31,51
ATT-E0045-20260717,E0045,2026-07-17,Present,11:23,9.84,128
ATT-E0045-20260720,E0045,2026-07-20,Present,10:43,7.23,88
ATT-E0045-20260721,E0045,2026-07-21,Present,10:49,8.5,94
ATT-E0045-20260722,E0045,2026-07-22,Present,11:56,8.76,161
ATT-E0045-20260723,E0045,2026-07-23,Leave,,0,0
ATT-E0045-20260724,E0045,2026-07-24,Present,08:11,7.9,0
ATT-E0045-20260727,E0045,2026-07-27,Present,09:47,7.01,32
ATT-E0045-20260728,E0045,2026-07-28,Present,09:37,9.64,22
ATT-E0045-20260729,E0045,2026-07-29,Present,10:09,7.24,54
ATT-E0045-20260730,E0045,2026-07-30,Present,09:58,9.48,43
ATT-E0045-20260731,E0045,2026-07-31,Present,10:35,8.93,80
ATT-E0045-20260803,E0045,2026-08-03,Present,10:23,10.31,68
ATT-E0045-20260804,E0045,2026-08-04,Present,11:32,7.91,137
ATT-E0045-20260805,E0045,2026-08-05,Present,09:35,8.99,20
ATT-E0045-20260806,E0045,2026-08-06,Present,11:21,8.35,126
ATT-E0045-20260807,E0045,2026-08-07,Absent,,0,0
ATT-E0045-20260810,E0045,2026-08-10,Absent,,0,0
ATT-E0045-20260811,E0045,2026-08-11,Absent,,0,0
ATT-E0045-20260812,E0045,2026-08-12,Present,10:49,9.78,94
ATT-E0045-20260813,E0045,2026-08-13,Present,09:03,10.34,0
ATT-E0045-20260814,E0045,2026-08-14,Leave,,0,0
ATT-E0045-20260817,E0045,2026-08-17,Present,10:08,9.68,53
ATT-E0045-20260818,E0045,2026-08-18,Present,11:52,9.33,157
ATT-E0045-20260819,E0045,2026-08-19,Present,11:27,8.65,132
ATT-E0045-20260820,E0045,2026-08-20,Present,10:40,9.82,85
ATT-E0045-20260821,E0045,2026-08-21,Present,08:29,7.35,0
ATT-E0045-20260824,E0045,2026-08-24,Present,11:39,9.84,144
ATT-E0045-20260825,E0045,2026-08-25,Leave,,0,0
ATT-E0045-20260826,E0045,2026-08-26,Present,08:38,10.1,0
ATT-E0045-20260827,E0045,2026-08-27,Absent,,0,0
ATT-E0045-20260828,E0045,2026-08-28,Present,11:25,9.49,130
ATT-E0045-20260831,E0045,2026-08-31,Present,10:57,7.5,102
ATT-E0046-20260601,E0046,2026-06-01,Present,10:02,10.48,47
ATT-E0046-20260602,E0046,2026-06-02,Present,11:33,8.43,138
ATT-E0046-20260603,E0046,2026-06-03,Present,11:56,8.85,161
ATT-E0046-20260604,E0046,2026-06-04,Present,11:16,7.3,121
ATT-E0046-20260605,E0046,2026-06-05,Present,10:42,10.07,87
ATT-E0046-20260608,E0046,2026-06-08,Leave,,0,0
ATT-E0046-20260609,E0046,2026-06-09,Absent,,0,0
ATT-E0046-20260610,E0046,2026-06-10,Present,11:43,7.02,148
ATT-E0046-20260611,E0046,2026-06-11,Present,09:05,9.1,0
ATT-E0046-20260612,E0046,2026-06-12,Absent,,0,0
ATT-E0046-20260615,E0046,2026-06-15,Present,09:18,8.11,3
ATT-E0046-20260616,E0046,2026-06-16,Present,11:11,8.02,116
ATT-E0046-20260617,E0046,2026-06-17,Present,10:16,9.01,61
ATT-E0046-20260618,E0046,2026-06-18,Absent,,0,0
ATT-E0046-20260619,E0046,2026-06-19,Leave,,0,0
ATT-E0046-20260622,E0046,2026-06-22,Present,10:37,9.38,82
ATT-E0046-20260623,E0046,2026-06-23,Present,08:40,9.98,0
ATT-E0046-20260624,E0046,2026-06-24,Present,10:15,8,60
ATT-E0046-20260625,E0046,2026-06-25,Present,08:39,8.72,0
ATT-E0046-20260626,E0046,2026-06-26,Present,09:01,8.45,0
ATT-E0046-20260629,E0046,2026-06-29,Present,10:33,10.36,78
ATT-E0046-20260630,E0046,2026-06-30,Present,09:19,10.02,4
ATT-E0046-20260701,E0046,2026-07-01,Leave,,0,0
ATT-E0046-20260702,E0046,2026-07-02,Present,09:16,10.28,1
ATT-E0046-20260703,E0046,2026-07-03,Present,09:06,7.73,0
ATT-E0046-20260706,E0046,2026-07-06,Present,11:40,8.09,145
ATT-E0046-20260707,E0046,2026-07-07,Present,08:16,8.06,0
ATT-E0046-20260708,E0046,2026-07-08,Present,08:50,8.63,0
ATT-E0046-20260709,E0046,2026-07-09,Present,10:21,9.8,66
ATT-E0046-20260710,E0046,2026-07-10,Leave,,0,0
ATT-E0046-20260713,E0046,2026-07-13,Present,10:35,8.32,80
ATT-E0046-20260714,E0046,2026-07-14,Present,09:59,7.98,44
ATT-E0046-20260715,E0046,2026-07-15,Leave,,0,0
ATT-E0046-20260716,E0046,2026-07-16,Present,09:50,9.73,35
ATT-E0046-20260717,E0046,2026-07-17,Leave,,0,0
ATT-E0046-20260720,E0046,2026-07-20,Leave,,0,0
ATT-E0046-20260721,E0046,2026-07-21,Absent,,0,0
ATT-E0046-20260722,E0046,2026-07-22,Present,09:44,7.14,29
ATT-E0046-20260723,E0046,2026-07-23,Present,10:36,9.6,81
ATT-E0046-20260724,E0046,2026-07-24,Present,10:53,8.81,98
ATT-E0046-20260727,E0046,2026-07-27,Present,09:47,9.23,32
ATT-E0046-20260728,E0046,2026-07-28,Present,11:14,10.3,119
ATT-E0046-20260729,E0046,2026-07-29,Present,11:01,7.09,106
ATT-E0046-20260730,E0046,2026-07-30,Present,08:41,8.7,0
ATT-E0046-20260731,E0046,2026-07-31,Present,10:36,9.04,81
ATT-E0046-20260803,E0046,2026-08-03,Present,09:13,7.57,0
ATT-E0046-20260804,E0046,2026-08-04,Present,09:06,7.62,0
ATT-E0046-20260805,E0046,2026-08-05,Present,08:49,9.34,0
ATT-E0046-20260806,E0046,2026-08-06,Present,11:27,9.09,132
ATT-E0046-20260807,E0046,2026-08-07,Present,11:55,8.66,160
ATT-E0046-20260810,E0046,2026-08-10,Present,09:36,7.07,21
ATT-E0046-20260811,E0046,2026-08-11,Leave,,0,0
ATT-E0046-20260812,E0046,2026-08-12,Leave,,0,0
ATT-E0046-20260813,E0046,2026-08-13,Present,08:33,8.14,0
ATT-E0046-20260814,E0046,2026-08-14,Present,10:02,7.42,47
ATT-E0046-20260817,E0046,2026-08-17,Present,09:30,7.67,15
ATT-E0046-20260818,E0046,2026-08-18,Present,10:09,7.31,54
ATT-E0046-20260819,E0046,2026-08-19,Present,10:32,8.86,77
ATT-E0046-20260820,E0046,2026-08-20,Present,11:20,10.12,125
ATT-E0046-20260821,E0046,2026-08-21,Present,09:43,10.26,28
ATT-E0046-20260824,E0046,2026-08-24,Present,10:46,8.28,91
ATT-E0046-20260825,E0046,2026-08-25,Present,08:18,8.81,0
ATT-E0046-20260826,E0046,2026-08-26,Leave,,0,0
ATT-E0046-20260827,E0046,2026-08-27,Present,10:34,7.17,79
ATT-E0046-20260828,E0046,2026-08-28,Present,08:03,10.16,0
ATT-E0046-20260831,E0046,2026-08-31,Absent,,0,0
ATT-E0047-20260601,E0047,2026-06-01,Leave,,0,0
ATT-E0047-20260602,E0047,2026-06-02,Present,08:27,8.76,0
ATT-E0047-20260603,E0047,2026-06-03,Present,10:08,9.69,53
ATT-E0047-20260604,E0047,2026-06-04,Absent,,0,0
ATT-E0047-20260605,E0047,2026-06-05,Present,10:16,7.44,61
ATT-E0047-20260608,E0047,2026-06-08,Present,09:28,9.75,13
ATT-E0047-20260609,E0047,2026-06-09,Present,09:11,8.25,0
ATT-E0047-20260610,E0047,2026-06-10,Present,11:59,8.1,164
ATT-E0047-20260611,E0047,2026-06-11,Present,10:33,7.14,78
ATT-E0047-20260612,E0047,2026-06-12,Present,10:53,8.04,98
ATT-E0047-20260615,E0047,2026-06-15,Present,08:10,7.83,0
ATT-E0047-20260616,E0047,2026-06-16,Present,11:01,7.63,106
ATT-E0047-20260617,E0047,2026-06-17,Present,09:48,9.3,33
ATT-E0047-20260618,E0047,2026-06-18,Present,08:32,10.02,0
ATT-E0047-20260619,E0047,2026-06-19,Leave,,0,0
ATT-E0047-20260622,E0047,2026-06-22,Present,09:33,9.98,18
ATT-E0047-20260623,E0047,2026-06-23,Present,10:20,9.17,65
ATT-E0047-20260624,E0047,2026-06-24,Absent,,0,0
ATT-E0047-20260625,E0047,2026-06-25,Present,08:29,9.2,0
ATT-E0047-20260626,E0047,2026-06-26,Present,10:47,9.9,92
ATT-E0047-20260629,E0047,2026-06-29,Present,10:36,8.02,81
ATT-E0047-20260630,E0047,2026-06-30,Present,08:07,8.39,0
ATT-E0047-20260701,E0047,2026-07-01,Present,11:16,9.19,121
ATT-E0047-20260702,E0047,2026-07-02,Absent,,0,0
ATT-E0047-20260703,E0047,2026-07-03,Present,11:42,7.14,147
ATT-E0047-20260706,E0047,2026-07-06,Present,10:36,8.33,81
ATT-E0047-20260707,E0047,2026-07-07,Present,10:39,7.19,84
ATT-E0047-20260708,E0047,2026-07-08,Present,08:31,7.85,0
ATT-E0047-20260709,E0047,2026-07-09,Present,08:21,9.29,0
ATT-E0047-20260710,E0047,2026-07-10,Present,10:33,7.99,78
ATT-E0047-20260713,E0047,2026-07-13,Absent,,0,0
ATT-E0047-20260714,E0047,2026-07-14,Leave,,0,0
ATT-E0047-20260715,E0047,2026-07-15,Present,10:35,9.04,80
ATT-E0047-20260716,E0047,2026-07-16,Leave,,0,0
ATT-E0047-20260717,E0047,2026-07-17,Present,08:39,7.01,0
ATT-E0047-20260720,E0047,2026-07-20,Present,11:07,8.58,112
ATT-E0047-20260721,E0047,2026-07-21,Present,08:11,9.55,0
ATT-E0047-20260722,E0047,2026-07-22,Leave,,0,0
ATT-E0047-20260723,E0047,2026-07-23,Present,08:14,9.86,0
ATT-E0047-20260724,E0047,2026-07-24,Present,11:33,7.05,138
ATT-E0047-20260727,E0047,2026-07-27,Present,08:57,8.99,0
ATT-E0047-20260728,E0047,2026-07-28,Present,10:32,8.94,77
ATT-E0047-20260729,E0047,2026-07-29,Present,11:53,9.85,158
ATT-E0047-20260730,E0047,2026-07-30,Present,11:58,10.33,163
ATT-E0047-20260731,E0047,2026-07-31,Present,08:39,10.08,0
ATT-E0047-20260803,E0047,2026-08-03,Absent,,0,0
ATT-E0047-20260804,E0047,2026-08-04,Present,10:26,8.92,71
ATT-E0047-20260805,E0047,2026-08-05,Present,08:26,9.13,0
ATT-E0047-20260806,E0047,2026-08-06,Leave,,0,0
ATT-E0047-20260807,E0047,2026-08-07,Leave,,0,0
ATT-E0047-20260810,E0047,2026-08-10,Present,08:12,8.9,0
ATT-E0047-20260811,E0047,2026-08-11,Present,09:43,8.27,28
ATT-E0047-20260812,E0047,2026-08-12,Absent,,0,0
ATT-E0047-20260813,E0047,2026-08-13,Present,11:09,7.68,114
ATT-E0047-20260814,E0047,2026-08-14,Present,10:24,8.56,69
ATT-E0047-20260817,E0047,2026-08-17,Absent,,0,0
ATT-E0047-20260818,E0047,2026-08-18,Present,09:49,8.89,34
ATT-E0047-20260819,E0047,2026-08-19,Present,11:38,7.46,143
ATT-E0047-20260820,E0047,2026-08-20,Absent,,0,0
ATT-E0047-20260821,E0047,2026-08-21,Present,11:18,7.13,123
ATT-E0047-20260824,E0047,2026-08-24,Present,11:37,7.67,142
ATT-E0047-20260825,E0047,2026-08-25,Present,11:52,10.28,157
ATT-E0047-20260826,E0047,2026-08-26,Present,09:35,8.9,20
ATT-E0047-20260827,E0047,2026-08-27,Present,09:37,9.67,22
ATT-E0047-20260828,E0047,2026-08-28,Leave,,0,0
ATT-E0047-20260831,E0047,2026-08-31,Present,08:08,10.11,0
ATT-E0048-20260601,E0048,2026-06-01,Present,11:04,8.01,109
ATT-E0048-20260602,E0048,2026-06-02,Present,09:52,8.19,37
ATT-E0048-20260603,E0048,2026-06-03,Leave,,0,0
ATT-E0048-20260604,E0048,2026-06-04,Present,10:54,9.33,99
ATT-E0048-20260605,E0048,2026-06-05,Present,10:47,7.4,92
ATT-E0048-20260608,E0048,2026-06-08,Present,10:23,9.04,68
ATT-E0048-20260609,E0048,2026-06-09,Present,09:44,8.82,29
ATT-E0048-20260610,E0048,2026-06-10,Leave,,0,0
ATT-E0048-20260611,E0048,2026-06-11,Present,08:50,8.85,0
ATT-E0048-20260612,E0048,2026-06-12,Present,11:29,9.74,134
ATT-E0048-20260615,E0048,2026-06-15,Leave,,0,0
ATT-E0048-20260616,E0048,2026-06-16,Leave,,0,0
ATT-E0048-20260617,E0048,2026-06-17,Present,09:11,9.53,0
ATT-E0048-20260618,E0048,2026-06-18,Present,09:13,9.05,0
ATT-E0048-20260619,E0048,2026-06-19,Present,10:41,10.01,86
ATT-E0048-20260622,E0048,2026-06-22,Present,10:55,7.9,100
ATT-E0048-20260623,E0048,2026-06-23,Present,08:28,8.56,0
ATT-E0048-20260624,E0048,2026-06-24,Present,10:11,7.29,56
ATT-E0048-20260625,E0048,2026-06-25,Absent,,0,0
ATT-E0048-20260626,E0048,2026-06-26,Present,08:19,9.36,0
ATT-E0048-20260629,E0048,2026-06-29,Absent,,0,0
ATT-E0048-20260630,E0048,2026-06-30,Present,11:42,9.86,147
ATT-E0048-20260701,E0048,2026-07-01,Present,10:41,7.34,86
ATT-E0048-20260702,E0048,2026-07-02,Present,11:39,9.36,144
ATT-E0048-20260703,E0048,2026-07-03,Leave,,0,0
ATT-E0048-20260706,E0048,2026-07-06,Present,09:09,8.53,0
ATT-E0048-20260707,E0048,2026-07-07,Present,09:22,9.73,7
ATT-E0048-20260708,E0048,2026-07-08,Leave,,0,0
ATT-E0048-20260709,E0048,2026-07-09,Present,08:27,9.11,0
ATT-E0048-20260710,E0048,2026-07-10,Present,10:57,7.9,102
ATT-E0048-20260713,E0048,2026-07-13,Present,11:36,10.45,141
ATT-E0048-20260714,E0048,2026-07-14,Present,10:31,8.81,76
ATT-E0048-20260715,E0048,2026-07-15,Present,08:06,9.65,0
ATT-E0048-20260716,E0048,2026-07-16,Present,10:20,10.05,65
ATT-E0048-20260717,E0048,2026-07-17,Present,08:56,9.62,0
ATT-E0048-20260720,E0048,2026-07-20,Absent,,0,0
ATT-E0048-20260721,E0048,2026-07-21,Absent,,0,0
ATT-E0048-20260722,E0048,2026-07-22,Absent,,0,0
ATT-E0048-20260723,E0048,2026-07-23,Present,09:01,7.72,0
ATT-E0048-20260724,E0048,2026-07-24,Present,09:01,10.33,0
ATT-E0048-20260727,E0048,2026-07-27,Present,11:55,7.55,160
ATT-E0048-20260728,E0048,2026-07-28,Present,10:31,10.26,76
ATT-E0048-20260729,E0048,2026-07-29,Present,08:16,8.99,0
ATT-E0048-20260730,E0048,2026-07-30,Present,09:59,10.47,44
ATT-E0048-20260731,E0048,2026-07-31,Present,11:42,9.79,147
ATT-E0048-20260803,E0048,2026-08-03,Present,11:29,8.5,134
ATT-E0048-20260804,E0048,2026-08-04,Present,11:02,10.21,107
ATT-E0048-20260805,E0048,2026-08-05,Present,11:49,9.69,154
ATT-E0048-20260806,E0048,2026-08-06,Present,10:08,7.22,53
ATT-E0048-20260807,E0048,2026-08-07,Present,09:47,10.06,32
ATT-E0048-20260810,E0048,2026-08-10,Present,10:50,8.88,95
ATT-E0048-20260811,E0048,2026-08-11,Present,09:40,7.81,25
ATT-E0048-20260812,E0048,2026-08-12,Leave,,0,0
ATT-E0048-20260813,E0048,2026-08-13,Present,08:24,9.49,0
ATT-E0048-20260814,E0048,2026-08-14,Absent,,0,0
ATT-E0048-20260817,E0048,2026-08-17,Present,10:30,9.22,75
ATT-E0048-20260818,E0048,2026-08-18,Present,08:35,7.21,0
ATT-E0048-20260819,E0048,2026-08-19,Present,08:14,7.07,0
ATT-E0048-20260820,E0048,2026-08-20,Present,08:14,8.14,0
ATT-E0048-20260821,E0048,2026-08-21,Present,10:38,10.04,83
ATT-E0048-20260824,E0048,2026-08-24,Present,09:12,10.26,0
ATT-E0048-20260825,E0048,2026-08-25,Present,08:57,9.81,0
ATT-E0048-20260826,E0048,2026-08-26,Present,11:31,9.75,136
ATT-E0048-20260827,E0048,2026-08-27,Present,11:13,7.25,118
ATT-E0048-20260828,E0048,2026-08-28,Present,10:45,10.21,90
ATT-E0048-20260831,E0048,2026-08-31,Present,11:50,9.97,155
ATT-E0049-20260601,E0049,2026-06-01,Present,11:08,8.98,113
ATT-E0049-20260602,E0049,2026-06-02,Present,10:46,8.23,91
ATT-E0049-20260603,E0049,2026-06-03,Present,09:09,9.72,0
ATT-E0049-20260604,E0049,2026-06-04,Leave,,0,0
ATT-E0049-20260605,E0049,2026-06-05,Present,11:04,8.65,109
ATT-E0049-20260608,E0049,2026-06-08,Present,10:48,7.2,93
ATT-E0049-20260609,E0049,2026-06-09,Present,09:38,9.06,23
ATT-E0049-20260610,E0049,2026-06-10,Present,08:53,8.4,0
ATT-E0049-20260611,E0049,2026-06-11,Present,10:21,10.19,66
ATT-E0049-20260612,E0049,2026-06-12,Leave,,0,0
ATT-E0049-20260615,E0049,2026-06-15,Absent,,0,0
ATT-E0049-20260616,E0049,2026-06-16,Present,09:29,9.57,14
ATT-E0049-20260617,E0049,2026-06-17,Present,10:11,10.34,56
ATT-E0049-20260618,E0049,2026-06-18,Present,09:55,10.01,40
ATT-E0049-20260619,E0049,2026-06-19,Present,10:57,10.11,102
ATT-E0049-20260622,E0049,2026-06-22,Present,08:46,8.11,0
ATT-E0049-20260623,E0049,2026-06-23,Present,09:31,9.25,16
ATT-E0049-20260624,E0049,2026-06-24,Present,08:52,7.01,0
ATT-E0049-20260625,E0049,2026-06-25,Present,10:32,8.24,77
ATT-E0049-20260626,E0049,2026-06-26,Leave,,0,0
ATT-E0049-20260629,E0049,2026-06-29,Present,10:24,7.52,69
ATT-E0049-20260630,E0049,2026-06-30,Present,08:18,7.4,0
ATT-E0049-20260701,E0049,2026-07-01,Present,08:07,9.68,0
ATT-E0049-20260702,E0049,2026-07-02,Leave,,0,0
ATT-E0049-20260703,E0049,2026-07-03,Leave,,0,0
ATT-E0049-20260706,E0049,2026-07-06,Present,09:49,8.76,34
ATT-E0049-20260707,E0049,2026-07-07,Present,10:37,8.24,82
ATT-E0049-20260708,E0049,2026-07-08,Present,10:03,7.95,48
ATT-E0049-20260709,E0049,2026-07-09,Present,10:18,7.47,63
ATT-E0049-20260710,E0049,2026-07-10,Present,08:17,8.73,0
ATT-E0049-20260713,E0049,2026-07-13,Present,08:32,7.16,0
ATT-E0049-20260714,E0049,2026-07-14,Absent,,0,0
ATT-E0049-20260715,E0049,2026-07-15,Present,11:37,8.28,142
ATT-E0049-20260716,E0049,2026-07-16,Present,09:54,7.83,39
ATT-E0049-20260717,E0049,2026-07-17,Present,11:27,8.42,132
ATT-E0049-20260720,E0049,2026-07-20,Present,10:49,10.04,94
ATT-E0049-20260721,E0049,2026-07-21,Present,11:46,10.48,151
ATT-E0049-20260722,E0049,2026-07-22,Absent,,0,0
ATT-E0049-20260723,E0049,2026-07-23,Present,09:58,8.86,43
ATT-E0049-20260724,E0049,2026-07-24,Present,08:54,10.07,0
ATT-E0049-20260727,E0049,2026-07-27,Present,09:22,9.95,7
ATT-E0049-20260728,E0049,2026-07-28,Leave,,0,0
ATT-E0049-20260729,E0049,2026-07-29,Present,09:35,9.7,20
ATT-E0049-20260730,E0049,2026-07-30,Present,11:47,9.66,152
ATT-E0049-20260731,E0049,2026-07-31,Present,08:50,10.19,0
ATT-E0049-20260803,E0049,2026-08-03,Present,11:52,10.45,157
ATT-E0049-20260804,E0049,2026-08-04,Absent,,0,0
ATT-E0049-20260805,E0049,2026-08-05,Present,08:37,8.84,0
ATT-E0049-20260806,E0049,2026-08-06,Present,11:32,7.41,137
ATT-E0049-20260807,E0049,2026-08-07,Leave,,0,0
ATT-E0049-20260810,E0049,2026-08-10,Present,10:44,8.83,89
ATT-E0049-20260811,E0049,2026-08-11,Present,10:42,8.51,87
ATT-E0049-20260812,E0049,2026-08-12,Present,09:23,7.56,8
ATT-E0049-20260813,E0049,2026-08-13,Present,10:30,9.5,75
ATT-E0049-20260814,E0049,2026-08-14,Present,08:41,7.54,0
ATT-E0049-20260817,E0049,2026-08-17,Present,11:56,7.02,161
ATT-E0049-20260818,E0049,2026-08-18,Present,09:41,9.23,26
ATT-E0049-20260819,E0049,2026-08-19,Present,11:15,8.7,120
ATT-E0049-20260820,E0049,2026-08-20,Present,09:57,7.65,42
ATT-E0049-20260821,E0049,2026-08-21,Present,08:53,9.9,0
ATT-E0049-20260824,E0049,2026-08-24,Present,09:30,9.31,15
ATT-E0049-20260825,E0049,2026-08-25,Present,11:57,9.62,162
ATT-E0049-20260826,E0049,2026-08-26,Present,09:07,7.04,0
ATT-E0049-20260827,E0049,2026-08-27,Present,11:07,9.69,112
ATT-E0049-20260828,E0049,2026-08-28,Present,09:01,10.06,0
ATT-E0049-20260831,E0049,2026-08-31,Present,09:29,10.11,14
ATT-E0050-20260601,E0050,2026-06-01,Present,10:14,7.27,59
ATT-E0050-20260602,E0050,2026-06-02,Leave,,0,0
ATT-E0050-20260603,E0050,2026-06-03,Present,11:47,9.08,152
ATT-E0050-20260604,E0050,2026-06-04,Present,09:05,8.28,0
ATT-E0050-20260605,E0050,2026-06-05,Present,08:25,8.52,0
ATT-E0050-20260608,E0050,2026-06-08,Present,10:53,8.18,98
ATT-E0050-20260609,E0050,2026-06-09,Present,11:43,7.9,148
ATT-E0050-20260610,E0050,2026-06-10,Present,11:33,8.75,138
ATT-E0050-20260611,E0050,2026-06-11,Present,08:03,8.21,0
ATT-E0050-20260612,E0050,2026-06-12,Present,10:10,9.82,55
ATT-E0050-20260615,E0050,2026-06-15,Present,10:59,9.39,104
ATT-E0050-20260616,E0050,2026-06-16,Present,11:59,7.99,164
ATT-E0050-20260617,E0050,2026-06-17,Present,11:52,8.41,157
ATT-E0050-20260618,E0050,2026-06-18,Leave,,0,0
ATT-E0050-20260619,E0050,2026-06-19,Present,08:54,8.52,0
ATT-E0050-20260622,E0050,2026-06-22,Present,08:01,10.23,0
ATT-E0050-20260623,E0050,2026-06-23,Present,08:35,9.99,0
ATT-E0050-20260624,E0050,2026-06-24,Present,10:15,9.53,60
ATT-E0050-20260625,E0050,2026-06-25,Present,09:34,7.56,19
ATT-E0050-20260626,E0050,2026-06-26,Leave,,0,0
ATT-E0050-20260629,E0050,2026-06-29,Present,08:34,10.31,0
ATT-E0050-20260630,E0050,2026-06-30,Leave,,0,0
ATT-E0050-20260701,E0050,2026-07-01,Present,10:08,9.16,53
ATT-E0050-20260702,E0050,2026-07-02,Present,09:11,7.28,0
ATT-E0050-20260703,E0050,2026-07-03,Present,11:18,9.02,123
ATT-E0050-20260706,E0050,2026-07-06,Present,10:36,8.07,81
ATT-E0050-20260707,E0050,2026-07-07,Present,11:47,8.3,152
ATT-E0050-20260708,E0050,2026-07-08,Present,11:42,10.11,147
ATT-E0050-20260709,E0050,2026-07-09,Present,11:36,8.39,141
ATT-E0050-20260710,E0050,2026-07-10,Present,11:57,7.21,162
ATT-E0050-20260713,E0050,2026-07-13,Absent,,0,0
ATT-E0050-20260714,E0050,2026-07-14,Absent,,0,0
ATT-E0050-20260715,E0050,2026-07-15,Present,10:17,9.45,62
ATT-E0050-20260716,E0050,2026-07-16,Present,11:57,7.44,162
ATT-E0050-20260717,E0050,2026-07-17,Present,08:29,10.22,0
ATT-E0050-20260720,E0050,2026-07-20,Present,08:31,8.56,0
ATT-E0050-20260721,E0050,2026-07-21,Present,09:42,7.12,27
ATT-E0050-20260722,E0050,2026-07-22,Absent,,0,0
ATT-E0050-20260723,E0050,2026-07-23,Present,11:37,8.03,142
ATT-E0050-20260724,E0050,2026-07-24,Present,09:02,7.87,0
ATT-E0050-20260727,E0050,2026-07-27,Present,08:21,9.96,0
ATT-E0050-20260728,E0050,2026-07-28,Present,08:19,10.3,0
ATT-E0050-20260729,E0050,2026-07-29,Present,08:22,9.12,0
ATT-E0050-20260730,E0050,2026-07-30,Present,11:01,10.11,106
ATT-E0050-20260731,E0050,2026-07-31,Present,10:43,7.09,88
ATT-E0050-20260803,E0050,2026-08-03,Present,08:48,8.81,0
ATT-E0050-20260804,E0050,2026-08-04,Present,11:02,8.01,107
ATT-E0050-20260805,E0050,2026-08-05,Present,08:35,7.38,0
ATT-E0050-20260806,E0050,2026-08-06,Leave,,0,0
ATT-E0050-20260807,E0050,2026-08-07,Present,09:41,7.5,26
ATT-E0050-20260810,E0050,2026-08-10,Present,09:52,10.21,37
ATT-E0050-20260811,E0050,2026-08-11,Present,08:25,8.1,0
ATT-E0050-20260812,E0050,2026-08-12,Present,10:10,7.96,55
ATT-E0050-20260813,E0050,2026-08-13,Leave,,0,0
ATT-E0050-20260814,E0050,2026-08-14,Present,11:10,10.04,115
ATT-E0050-20260817,E0050,2026-08-17,Absent,,0,0
ATT-E0050-20260818,E0050,2026-08-18,Present,08:48,7.51,0
ATT-E0050-20260819,E0050,2026-08-19,Present,09:41,9.52,26
ATT-E0050-20260820,E0050,2026-08-20,Present,08:25,8.53,0
ATT-E0050-20260821,E0050,2026-08-21,Present,11:49,8.44,154
ATT-E0050-20260824,E0050,2026-08-24,Present,09:33,9.69,18
ATT-E0050-20260825,E0050,2026-08-25,Absent,,0,0
ATT-E0050-20260826,E0050,2026-08-26,Present,10:20,7.58,65
ATT-E0050-20260827,E0050,2026-08-27,Present,08:40,8.13,0
ATT-E0050-20260828,E0050,2026-08-28,Present,08:14,7.56,0
ATT-E0050-20260831,E0050,2026-08-31,Present,08:22,7.85,0
ATT-E0051-20260601,E0051,2026-06-01,Present,10:14,9.13,59
ATT-E0051-20260602,E0051,2026-06-02,Present,10:41,10.44,86
ATT-E0051-20260603,E0051,2026-06-03,Absent,,0,0
ATT-E0051-20260604,E0051,2026-06-04,Present,08:46,8.13,0
ATT-E0051-20260605,E0051,2026-06-05,Present,10:19,8.65,64
ATT-E0051-20260608,E0051,2026-06-08,Present,11:57,8.28,162
ATT-E0051-20260609,E0051,2026-06-09,Present,09:12,8.41,0
ATT-E0051-20260610,E0051,2026-06-10,Present,09:42,7,27
ATT-E0051-20260611,E0051,2026-06-11,Present,10:25,7.31,70
ATT-E0051-20260612,E0051,2026-06-12,Leave,,0,0
ATT-E0051-20260615,E0051,2026-06-15,Present,10:40,8.07,85
ATT-E0051-20260616,E0051,2026-06-16,Present,08:52,7.72,0
ATT-E0051-20260617,E0051,2026-06-17,Present,09:23,9.2,8
ATT-E0051-20260618,E0051,2026-06-18,Present,08:03,7.36,0
ATT-E0051-20260619,E0051,2026-06-19,Present,10:43,8.19,88
ATT-E0051-20260622,E0051,2026-06-22,Present,09:27,10.39,12
ATT-E0051-20260623,E0051,2026-06-23,Present,11:16,8.78,121
ATT-E0051-20260624,E0051,2026-06-24,Present,11:08,7.76,113
ATT-E0051-20260625,E0051,2026-06-25,Absent,,0,0
ATT-E0051-20260626,E0051,2026-06-26,Leave,,0,0
ATT-E0051-20260629,E0051,2026-06-29,Present,08:35,9.59,0
ATT-E0051-20260630,E0051,2026-06-30,Absent,,0,0
ATT-E0051-20260701,E0051,2026-07-01,Present,11:12,8.23,117
ATT-E0051-20260702,E0051,2026-07-02,Absent,,0,0
ATT-E0051-20260703,E0051,2026-07-03,Present,09:51,7.92,36
ATT-E0051-20260706,E0051,2026-07-06,Present,10:46,7.67,91
ATT-E0051-20260707,E0051,2026-07-07,Present,10:51,10.39,96
ATT-E0051-20260708,E0051,2026-07-08,Present,08:18,7.19,0
ATT-E0051-20260709,E0051,2026-07-09,Absent,,0,0
ATT-E0051-20260710,E0051,2026-07-10,Present,10:50,9.06,95
ATT-E0051-20260713,E0051,2026-07-13,Present,08:16,7.32,0
ATT-E0051-20260714,E0051,2026-07-14,Present,08:01,9.48,0
ATT-E0051-20260715,E0051,2026-07-15,Absent,,0,0
ATT-E0051-20260716,E0051,2026-07-16,Present,10:18,7.19,63
ATT-E0051-20260717,E0051,2026-07-17,Present,10:50,8.9,95
ATT-E0051-20260720,E0051,2026-07-20,Present,11:16,7.61,121
ATT-E0051-20260721,E0051,2026-07-21,Present,11:12,7.73,117
ATT-E0051-20260722,E0051,2026-07-22,Present,08:43,7.22,0
ATT-E0051-20260723,E0051,2026-07-23,Present,11:32,7.76,137
ATT-E0051-20260724,E0051,2026-07-24,Present,08:01,8.61,0
ATT-E0051-20260727,E0051,2026-07-27,Present,10:12,8.88,57
ATT-E0051-20260728,E0051,2026-07-28,Present,08:07,10.3,0
ATT-E0051-20260729,E0051,2026-07-29,Present,08:05,9.9,0
ATT-E0051-20260730,E0051,2026-07-30,Present,08:55,10.22,0
ATT-E0051-20260731,E0051,2026-07-31,Present,10:28,9.88,73
ATT-E0051-20260803,E0051,2026-08-03,Present,11:06,7.68,111
ATT-E0051-20260804,E0051,2026-08-04,Present,08:05,7.19,0
ATT-E0051-20260805,E0051,2026-08-05,Present,10:29,7.79,74
ATT-E0051-20260806,E0051,2026-08-06,Present,09:27,7.35,12
ATT-E0051-20260807,E0051,2026-08-07,Leave,,0,0
ATT-E0051-20260810,E0051,2026-08-10,Present,08:25,7.33,0
ATT-E0051-20260811,E0051,2026-08-11,Leave,,0,0
ATT-E0051-20260812,E0051,2026-08-12,Present,10:27,9.69,72
ATT-E0051-20260813,E0051,2026-08-13,Present,08:32,7.35,0
ATT-E0051-20260814,E0051,2026-08-14,Present,10:25,9.91,70
ATT-E0051-20260817,E0051,2026-08-17,Present,09:59,7.45,44
ATT-E0051-20260818,E0051,2026-08-18,Present,11:31,9.62,136
ATT-E0051-20260819,E0051,2026-08-19,Present,08:21,8.51,0
ATT-E0051-20260820,E0051,2026-08-20,Leave,,0,0
ATT-E0051-20260821,E0051,2026-08-21,Present,09:43,7.85,28
ATT-E0051-20260824,E0051,2026-08-24,Present,11:25,8.83,130
ATT-E0051-20260825,E0051,2026-08-25,Present,11:14,10.31,119
ATT-E0051-20260826,E0051,2026-08-26,Leave,,0,0
ATT-E0051-20260827,E0051,2026-08-27,Leave,,0,0
ATT-E0051-20260828,E0051,2026-08-28,Present,10:34,10.14,79
ATT-E0051-20260831,E0051,2026-08-31,Present,09:43,7.1,28
ATT-E0052-20260601,E0052,2026-06-01,Leave,,0,0
ATT-E0052-20260602,E0052,2026-06-02,Leave,,0,0
ATT-E0052-20260603,E0052,2026-06-03,Present,10:21,9.96,66
ATT-E0052-20260604,E0052,2026-06-04,Present,09:23,9.77,8
ATT-E0052-20260605,E0052,2026-06-05,Leave,,0,0
ATT-E0052-20260608,E0052,2026-06-08,Present,09:07,7.53,0
ATT-E0052-20260609,E0052,2026-06-09,Absent,,0,0
ATT-E0052-20260610,E0052,2026-06-10,Present,10:14,7.42,59
ATT-E0052-20260611,E0052,2026-06-11,Present,09:23,7.63,8
ATT-E0052-20260612,E0052,2026-06-12,Absent,,0,0
ATT-E0052-20260615,E0052,2026-06-15,Present,11:11,9.23,116
ATT-E0052-20260616,E0052,2026-06-16,Present,08:00,9.64,0
ATT-E0052-20260617,E0052,2026-06-17,Present,11:11,8.79,116
ATT-E0052-20260618,E0052,2026-06-18,Present,10:10,9.94,55
ATT-E0052-20260619,E0052,2026-06-19,Present,09:56,10.15,41
ATT-E0052-20260622,E0052,2026-06-22,Present,08:41,7.3,0
ATT-E0052-20260623,E0052,2026-06-23,Present,11:57,8.69,162
ATT-E0052-20260624,E0052,2026-06-24,Present,09:07,10.33,0
ATT-E0052-20260625,E0052,2026-06-25,Present,11:55,8.98,160
ATT-E0052-20260626,E0052,2026-06-26,Present,08:55,9.66,0
ATT-E0052-20260629,E0052,2026-06-29,Absent,,0,0
ATT-E0052-20260630,E0052,2026-06-30,Absent,,0,0
ATT-E0052-20260701,E0052,2026-07-01,Leave,,0,0
ATT-E0052-20260702,E0052,2026-07-02,Present,10:10,9.9,55
ATT-E0052-20260703,E0052,2026-07-03,Present,08:21,9.01,0
ATT-E0052-20260706,E0052,2026-07-06,Present,10:42,9.58,87
ATT-E0052-20260707,E0052,2026-07-07,Present,10:19,7.57,64
ATT-E0052-20260708,E0052,2026-07-08,Present,09:00,8.21,0
ATT-E0052-20260709,E0052,2026-07-09,Present,11:57,7.81,162
ATT-E0052-20260710,E0052,2026-07-10,Present,08:40,8.82,0
ATT-E0052-20260713,E0052,2026-07-13,Present,09:57,8.83,42
ATT-E0052-20260714,E0052,2026-07-14,Present,10:29,7.62,74
ATT-E0052-20260715,E0052,2026-07-15,Present,11:42,10.45,147
ATT-E0052-20260716,E0052,2026-07-16,Leave,,0,0
ATT-E0052-20260717,E0052,2026-07-17,Present,11:25,10.34,130
ATT-E0052-20260720,E0052,2026-07-20,Present,08:45,7.47,0
ATT-E0052-20260721,E0052,2026-07-21,Present,11:55,7.48,160
ATT-E0052-20260722,E0052,2026-07-22,Leave,,0,0
ATT-E0052-20260723,E0052,2026-07-23,Present,10:50,9.91,95
ATT-E0052-20260724,E0052,2026-07-24,Present,09:22,8.95,7
ATT-E0052-20260727,E0052,2026-07-27,Present,09:09,7.25,0
ATT-E0052-20260728,E0052,2026-07-28,Absent,,0,0
ATT-E0052-20260729,E0052,2026-07-29,Leave,,0,0
ATT-E0052-20260730,E0052,2026-07-30,Present,10:24,8.13,69
ATT-E0052-20260731,E0052,2026-07-31,Present,11:34,7.04,139
ATT-E0052-20260803,E0052,2026-08-03,Present,09:52,9.09,37
ATT-E0052-20260804,E0052,2026-08-04,Present,11:32,10.3,137
ATT-E0052-20260805,E0052,2026-08-05,Leave,,0,0
ATT-E0052-20260806,E0052,2026-08-06,Absent,,0,0
ATT-E0052-20260807,E0052,2026-08-07,Leave,,0,0
ATT-E0052-20260810,E0052,2026-08-10,Present,08:22,8.21,0
ATT-E0052-20260811,E0052,2026-08-11,Present,11:21,9.83,126
ATT-E0052-20260812,E0052,2026-08-12,Leave,,0,0
ATT-E0052-20260813,E0052,2026-08-13,Present,11:41,9.13,146
ATT-E0052-20260814,E0052,2026-08-14,Present,09:55,9.67,40
ATT-E0052-20260817,E0052,2026-08-17,Present,10:44,7.09,89
ATT-E0052-20260818,E0052,2026-08-18,Present,10:15,8.22,60
ATT-E0052-20260819,E0052,2026-08-19,Leave,,0,0
ATT-E0052-20260820,E0052,2026-08-20,Present,09:30,7.15,15
ATT-E0052-20260821,E0052,2026-08-21,Present,09:03,10.35,0
ATT-E0052-20260824,E0052,2026-08-24,Present,10:35,7.58,80
ATT-E0052-20260825,E0052,2026-08-25,Absent,,0,0
ATT-E0052-20260826,E0052,2026-08-26,Present,10:28,8.02,73
ATT-E0052-20260827,E0052,2026-08-27,Present,08:33,7.37,0
ATT-E0052-20260828,E0052,2026-08-28,Present,10:43,9.23,88
ATT-E0052-20260831,E0052,2026-08-31,Present,08:45,8.05,0
ATT-E0053-20260601,E0053,2026-06-01,Present,08:52,9.51,0
ATT-E0053-20260602,E0053,2026-06-02,Present,10:29,7.46,74
ATT-E0053-20260603,E0053,2026-06-03,Present,11:51,10.17,156
ATT-E0053-20260604,E0053,2026-06-04,Leave,,0,0
ATT-E0053-20260605,E0053,2026-06-05,Leave,,0,0
ATT-E0053-20260608,E0053,2026-06-08,Present,09:52,8.16,37
ATT-E0053-20260609,E0053,2026-06-09,Present,08:12,8.31,0
ATT-E0053-20260610,E0053,2026-06-10,Present,08:04,8.47,0
ATT-E0053-20260611,E0053,2026-06-11,Absent,,0,0
ATT-E0053-20260612,E0053,2026-06-12,Absent,,0,0
ATT-E0053-20260615,E0053,2026-06-15,Leave,,0,0
ATT-E0053-20260616,E0053,2026-06-16,Present,08:31,9.83,0
ATT-E0053-20260617,E0053,2026-06-17,Leave,,0,0
ATT-E0053-20260618,E0053,2026-06-18,Present,08:14,7.38,0
ATT-E0053-20260619,E0053,2026-06-19,Present,10:45,9.11,90
ATT-E0053-20260622,E0053,2026-06-22,Present,09:11,10.28,0
ATT-E0053-20260623,E0053,2026-06-23,Present,10:33,7.1,78
ATT-E0053-20260624,E0053,2026-06-24,Present,11:51,8.58,156
ATT-E0053-20260625,E0053,2026-06-25,Present,11:24,8.96,129
ATT-E0053-20260626,E0053,2026-06-26,Present,10:51,10.29,96
ATT-E0053-20260629,E0053,2026-06-29,Present,11:39,7.64,144
ATT-E0053-20260630,E0053,2026-06-30,Absent,,0,0
ATT-E0053-20260701,E0053,2026-07-01,Present,11:36,7.45,141
ATT-E0053-20260702,E0053,2026-07-02,Present,10:33,10.2,78
ATT-E0053-20260703,E0053,2026-07-03,Present,09:48,8.16,33
ATT-E0053-20260706,E0053,2026-07-06,Present,09:04,10.14,0
ATT-E0053-20260707,E0053,2026-07-07,Present,10:00,8.65,45
ATT-E0053-20260708,E0053,2026-07-08,Present,10:15,8.65,60
ATT-E0053-20260709,E0053,2026-07-09,Present,08:54,7.81,0
ATT-E0053-20260710,E0053,2026-07-10,Present,09:39,7.32,24
ATT-E0053-20260713,E0053,2026-07-13,Present,10:02,9.57,47
ATT-E0053-20260714,E0053,2026-07-14,Present,11:12,9.74,117
ATT-E0053-20260715,E0053,2026-07-15,Present,09:04,8.18,0
ATT-E0053-20260716,E0053,2026-07-16,Present,08:19,10.08,0
ATT-E0053-20260717,E0053,2026-07-17,Present,09:10,9.18,0
ATT-E0053-20260720,E0053,2026-07-20,Present,08:15,9.86,0
ATT-E0053-20260721,E0053,2026-07-21,Present,09:18,8.93,3
ATT-E0053-20260722,E0053,2026-07-22,Present,08:32,10.33,0
ATT-E0053-20260723,E0053,2026-07-23,Present,11:03,10.08,108
ATT-E0053-20260724,E0053,2026-07-24,Present,09:56,8.51,41
ATT-E0053-20260727,E0053,2026-07-27,Present,08:28,9.11,0
ATT-E0053-20260728,E0053,2026-07-28,Present,10:49,7.45,94
ATT-E0053-20260729,E0053,2026-07-29,Leave,,0,0
ATT-E0053-20260730,E0053,2026-07-30,Present,10:34,8.87,79
ATT-E0053-20260731,E0053,2026-07-31,Present,10:17,9.39,62
ATT-E0053-20260803,E0053,2026-08-03,Leave,,0,0
ATT-E0053-20260804,E0053,2026-08-04,Present,08:17,10.01,0
ATT-E0053-20260805,E0053,2026-08-05,Present,08:42,8.72,0
ATT-E0053-20260806,E0053,2026-08-06,Present,08:43,9.88,0
ATT-E0053-20260807,E0053,2026-08-07,Present,10:39,8.31,84
ATT-E0053-20260810,E0053,2026-08-10,Present,11:36,9.96,141
ATT-E0053-20260811,E0053,2026-08-11,Present,11:55,8.14,160
ATT-E0053-20260812,E0053,2026-08-12,Present,11:03,7.34,108
ATT-E0053-20260813,E0053,2026-08-13,Present,09:08,7.31,0
ATT-E0053-20260814,E0053,2026-08-14,Present,08:47,9.99,0
ATT-E0053-20260817,E0053,2026-08-17,Present,10:29,7.47,74
ATT-E0053-20260818,E0053,2026-08-18,Present,08:50,7.51,0
ATT-E0053-20260819,E0053,2026-08-19,Present,10:25,9.76,70
ATT-E0053-20260820,E0053,2026-08-20,Present,10:33,7.92,78
ATT-E0053-20260821,E0053,2026-08-21,Leave,,0,0
ATT-E0053-20260824,E0053,2026-08-24,Present,11:59,9.18,164
ATT-E0053-20260825,E0053,2026-08-25,Present,10:00,7.51,45
ATT-E0053-20260826,E0053,2026-08-26,Present,08:06,7.92,0
ATT-E0053-20260827,E0053,2026-08-27,Leave,,0,0
ATT-E0053-20260828,E0053,2026-08-28,Absent,,0,0
ATT-E0053-20260831,E0053,2026-08-31,Present,11:55,7.76,160
ATT-E0054-20260601,E0054,2026-06-01,Present,11:55,10.18,160
ATT-E0054-20260602,E0054,2026-06-02,Leave,,0,0
ATT-E0054-20260603,E0054,2026-06-03,Present,11:27,9.83,132
ATT-E0054-20260604,E0054,2026-06-04,Absent,,0,0
ATT-E0054-20260605,E0054,2026-06-05,Present,08:28,9.2,0
ATT-E0054-20260608,E0054,2026-06-08,Present,11:54,8.64,159
ATT-E0054-20260609,E0054,2026-06-09,Present,08:05,7.07,0
ATT-E0054-20260610,E0054,2026-06-10,Present,10:50,8.84,95
ATT-E0054-20260611,E0054,2026-06-11,Present,08:48,9.49,0
ATT-E0054-20260612,E0054,2026-06-12,Present,11:48,7.02,153
ATT-E0054-20260615,E0054,2026-06-15,Present,09:43,8.73,28
ATT-E0054-20260616,E0054,2026-06-16,Present,11:23,8.86,128
ATT-E0054-20260617,E0054,2026-06-17,Present,10:37,10.23,82
ATT-E0054-20260618,E0054,2026-06-18,Present,11:30,9.43,135
ATT-E0054-20260619,E0054,2026-06-19,Present,10:11,9.61,56
ATT-E0054-20260622,E0054,2026-06-22,Present,11:27,8.4,132
ATT-E0054-20260623,E0054,2026-06-23,Present,10:52,8.95,97
ATT-E0054-20260624,E0054,2026-06-24,Present,11:05,9.1,110
ATT-E0054-20260625,E0054,2026-06-25,Present,11:17,8.17,122
ATT-E0054-20260626,E0054,2026-06-26,Present,08:58,7.54,0
ATT-E0054-20260629,E0054,2026-06-29,Present,09:37,8.28,22
ATT-E0054-20260630,E0054,2026-06-30,Present,11:32,10.08,137
ATT-E0054-20260701,E0054,2026-07-01,Present,08:04,10.49,0
ATT-E0054-20260702,E0054,2026-07-02,Absent,,0,0
ATT-E0054-20260703,E0054,2026-07-03,Present,11:09,8.11,114
ATT-E0054-20260706,E0054,2026-07-06,Absent,,0,0
ATT-E0054-20260707,E0054,2026-07-07,Present,11:51,8.69,156
ATT-E0054-20260708,E0054,2026-07-08,Present,08:58,7.58,0
ATT-E0054-20260709,E0054,2026-07-09,Leave,,0,0
ATT-E0054-20260710,E0054,2026-07-10,Present,09:04,7.99,0
ATT-E0054-20260713,E0054,2026-07-13,Present,08:02,7.63,0
ATT-E0054-20260714,E0054,2026-07-14,Present,11:30,7.75,135
ATT-E0054-20260715,E0054,2026-07-15,Present,10:05,8.56,50
ATT-E0054-20260716,E0054,2026-07-16,Present,11:18,7.97,123
ATT-E0054-20260717,E0054,2026-07-17,Absent,,0,0
ATT-E0054-20260720,E0054,2026-07-20,Present,09:27,7.9,12
ATT-E0054-20260721,E0054,2026-07-21,Absent,,0,0
ATT-E0054-20260722,E0054,2026-07-22,Absent,,0,0
ATT-E0054-20260723,E0054,2026-07-23,Present,10:05,7.44,50
ATT-E0054-20260724,E0054,2026-07-24,Present,08:45,10.28,0
ATT-E0054-20260727,E0054,2026-07-27,Present,10:38,8.11,83
ATT-E0054-20260728,E0054,2026-07-28,Present,09:58,9.79,43
ATT-E0054-20260729,E0054,2026-07-29,Present,09:53,7.39,38
ATT-E0054-20260730,E0054,2026-07-30,Present,09:54,8.31,39
ATT-E0054-20260731,E0054,2026-07-31,Present,09:23,7.34,8
ATT-E0054-20260803,E0054,2026-08-03,Leave,,0,0
ATT-E0054-20260804,E0054,2026-08-04,Present,11:50,10.11,155
ATT-E0054-20260805,E0054,2026-08-05,Present,08:32,10.38,0
ATT-E0054-20260806,E0054,2026-08-06,Leave,,0,0
ATT-E0054-20260807,E0054,2026-08-07,Present,08:57,8.51,0
ATT-E0054-20260810,E0054,2026-08-10,Present,08:17,8.83,0
ATT-E0054-20260811,E0054,2026-08-11,Present,11:19,10,124
ATT-E0054-20260812,E0054,2026-08-12,Absent,,0,0
ATT-E0054-20260813,E0054,2026-08-13,Present,08:47,10.48,0
ATT-E0054-20260814,E0054,2026-08-14,Present,08:16,7.2,0
ATT-E0054-20260817,E0054,2026-08-17,Absent,,0,0
ATT-E0054-20260818,E0054,2026-08-18,Present,10:25,8.32,70
ATT-E0054-20260819,E0054,2026-08-19,Present,10:36,7.99,81
ATT-E0054-20260820,E0054,2026-08-20,Present,09:54,10.49,39
ATT-E0054-20260821,E0054,2026-08-21,Present,10:44,10.27,89
ATT-E0054-20260824,E0054,2026-08-24,Present,11:45,7.39,150
ATT-E0054-20260825,E0054,2026-08-25,Present,11:19,8.75,124
ATT-E0054-20260826,E0054,2026-08-26,Present,10:29,7.96,74
ATT-E0054-20260827,E0054,2026-08-27,Absent,,0,0
ATT-E0054-20260828,E0054,2026-08-28,Present,10:29,7.58,74
ATT-E0054-20260831,E0054,2026-08-31,Present,11:59,8.37,164
ATT-E0055-20260601,E0055,2026-06-01,Present,11:25,7.25,130
ATT-E0055-20260602,E0055,2026-06-02,Present,08:57,7.59,0
ATT-E0055-20260603,E0055,2026-06-03,Present,10:41,10.46,86
ATT-E0055-20260604,E0055,2026-06-04,Present,10:37,10.49,82
ATT-E0055-20260605,E0055,2026-06-05,Present,08:06,7.36,0
ATT-E0055-20260608,E0055,2026-06-08,Present,10:50,8.58,95
ATT-E0055-20260609,E0055,2026-06-09,Leave,,0,0
ATT-E0055-20260610,E0055,2026-06-10,Absent,,0,0
ATT-E0055-20260611,E0055,2026-06-11,Present,10:42,8.46,87
ATT-E0055-20260612,E0055,2026-06-12,Present,10:58,8.33,103
ATT-E0055-20260615,E0055,2026-06-15,Absent,,0,0
ATT-E0055-20260616,E0055,2026-06-16,Present,10:54,7.12,99
ATT-E0055-20260617,E0055,2026-06-17,Present,08:46,7.49,0
ATT-E0055-20260618,E0055,2026-06-18,Present,10:22,9.5,67
ATT-E0055-20260619,E0055,2026-06-19,Leave,,0,0
ATT-E0055-20260622,E0055,2026-06-22,Present,11:11,8.42,116
ATT-E0055-20260623,E0055,2026-06-23,Present,08:42,7.5,0
ATT-E0055-20260624,E0055,2026-06-24,Absent,,0,0
ATT-E0055-20260625,E0055,2026-06-25,Present,10:02,7.89,47
ATT-E0055-20260626,E0055,2026-06-26,Present,08:04,8.64,0
ATT-E0055-20260629,E0055,2026-06-29,Present,11:51,7.21,156
ATT-E0055-20260630,E0055,2026-06-30,Present,11:54,7.23,159
ATT-E0055-20260701,E0055,2026-07-01,Present,11:09,7.09,114
ATT-E0055-20260702,E0055,2026-07-02,Absent,,0,0
ATT-E0055-20260703,E0055,2026-07-03,Present,09:04,10.28,0
ATT-E0055-20260706,E0055,2026-07-06,Leave,,0,0
ATT-E0055-20260707,E0055,2026-07-07,Present,10:35,9.1,80
ATT-E0055-20260708,E0055,2026-07-08,Present,08:56,9.97,0
ATT-E0055-20260709,E0055,2026-07-09,Present,09:38,8.52,23
ATT-E0055-20260710,E0055,2026-07-10,Present,08:36,9.94,0
ATT-E0055-20260713,E0055,2026-07-13,Present,11:34,7,139
ATT-E0055-20260714,E0055,2026-07-14,Present,08:04,9.74,0
ATT-E0055-20260715,E0055,2026-07-15,Present,09:02,7.67,0
ATT-E0055-20260716,E0055,2026-07-16,Absent,,0,0
ATT-E0055-20260717,E0055,2026-07-17,Present,09:22,8.68,7
ATT-E0055-20260720,E0055,2026-07-20,Present,08:45,8.96,0
ATT-E0055-20260721,E0055,2026-07-21,Present,09:56,9.13,41
ATT-E0055-20260722,E0055,2026-07-22,Present,08:42,8.21,0
ATT-E0055-20260723,E0055,2026-07-23,Present,10:51,8.39,96
ATT-E0055-20260724,E0055,2026-07-24,Present,10:37,8.31,82
ATT-E0055-20260727,E0055,2026-07-27,Absent,,0,0
ATT-E0055-20260728,E0055,2026-07-28,Present,10:13,9.11,58
ATT-E0055-20260729,E0055,2026-07-29,Leave,,0,0
ATT-E0055-20260730,E0055,2026-07-30,Absent,,0,0
ATT-E0055-20260731,E0055,2026-07-31,Present,10:58,8.57,103
ATT-E0055-20260803,E0055,2026-08-03,Absent,,0,0
ATT-E0055-20260804,E0055,2026-08-04,Present,10:05,8.18,50
ATT-E0055-20260805,E0055,2026-08-05,Present,09:06,9.02,0
ATT-E0055-20260806,E0055,2026-08-06,Absent,,0,0
ATT-E0055-20260807,E0055,2026-08-07,Present,09:21,8.74,6
ATT-E0055-20260810,E0055,2026-08-10,Absent,,0,0
ATT-E0055-20260811,E0055,2026-08-11,Present,11:11,9.32,116
ATT-E0055-20260812,E0055,2026-08-12,Present,08:15,9.99,0
ATT-E0055-20260813,E0055,2026-08-13,Present,10:57,7.65,102
ATT-E0055-20260814,E0055,2026-08-14,Leave,,0,0
ATT-E0055-20260817,E0055,2026-08-17,Present,09:56,8.72,41
ATT-E0055-20260818,E0055,2026-08-18,Present,08:44,10.31,0
ATT-E0055-20260819,E0055,2026-08-19,Present,08:10,9.94,0
ATT-E0055-20260820,E0055,2026-08-20,Present,08:47,8.74,0
ATT-E0055-20260821,E0055,2026-08-21,Present,08:40,7.08,0
ATT-E0055-20260824,E0055,2026-08-24,Present,09:24,8.68,9
ATT-E0055-20260825,E0055,2026-08-25,Present,11:27,10.42,132
ATT-E0055-20260826,E0055,2026-08-26,Absent,,0,0
ATT-E0055-20260827,E0055,2026-08-27,Present,11:49,7.25,154
ATT-E0055-20260828,E0055,2026-08-28,Present,09:16,9.49,1
ATT-E0055-20260831,E0055,2026-08-31,Present,08:45,8.39,0
ATT-E0056-20260601,E0056,2026-06-01,Present,11:44,7.88,149
ATT-E0056-20260602,E0056,2026-06-02,Absent,,0,0
ATT-E0056-20260603,E0056,2026-06-03,Present,09:05,8.67,0
ATT-E0056-20260604,E0056,2026-06-04,Present,08:47,10.09,0
ATT-E0056-20260605,E0056,2026-06-05,Present,10:28,9.56,73
ATT-E0056-20260608,E0056,2026-06-08,Leave,,0,0
ATT-E0056-20260609,E0056,2026-06-09,Leave,,0,0
ATT-E0056-20260610,E0056,2026-06-10,Present,10:55,7.9,100
ATT-E0056-20260611,E0056,2026-06-11,Present,10:51,10.29,96
ATT-E0056-20260612,E0056,2026-06-12,Present,09:25,8.03,10
ATT-E0056-20260615,E0056,2026-06-15,Present,11:39,7.95,144
ATT-E0056-20260616,E0056,2026-06-16,Present,08:22,7.4,0
ATT-E0056-20260617,E0056,2026-06-17,Present,11:05,7.86,110
ATT-E0056-20260618,E0056,2026-06-18,Present,11:44,7.26,149
ATT-E0056-20260619,E0056,2026-06-19,Absent,,0,0
ATT-E0056-20260622,E0056,2026-06-22,Present,10:58,7.39,103
ATT-E0056-20260623,E0056,2026-06-23,Present,09:15,10.26,0
ATT-E0056-20260624,E0056,2026-06-24,Present,09:31,10.24,16
ATT-E0056-20260625,E0056,2026-06-25,Present,09:09,9.98,0
ATT-E0056-20260626,E0056,2026-06-26,Present,11:23,10.18,128
ATT-E0056-20260629,E0056,2026-06-29,Present,10:15,7.05,60
ATT-E0056-20260630,E0056,2026-06-30,Present,10:02,7.33,47
ATT-E0056-20260701,E0056,2026-07-01,Present,09:25,8.48,10
ATT-E0056-20260702,E0056,2026-07-02,Present,10:46,10.18,91
ATT-E0056-20260703,E0056,2026-07-03,Absent,,0,0
ATT-E0056-20260706,E0056,2026-07-06,Present,09:17,9.21,2
ATT-E0056-20260707,E0056,2026-07-07,Present,11:48,9.57,153
ATT-E0056-20260708,E0056,2026-07-08,Present,08:08,9.01,0
ATT-E0056-20260709,E0056,2026-07-09,Present,08:47,8.77,0
ATT-E0056-20260710,E0056,2026-07-10,Present,09:07,9.1,0
ATT-E0056-20260713,E0056,2026-07-13,Present,09:15,9.85,0
ATT-E0056-20260714,E0056,2026-07-14,Present,10:33,8.85,78
ATT-E0056-20260715,E0056,2026-07-15,Present,11:41,7.33,146
ATT-E0056-20260716,E0056,2026-07-16,Present,09:05,8.06,0
ATT-E0056-20260717,E0056,2026-07-17,Absent,,0,0
ATT-E0056-20260720,E0056,2026-07-20,Present,10:04,8.36,49
ATT-E0056-20260721,E0056,2026-07-21,Present,09:07,10.21,0
ATT-E0056-20260722,E0056,2026-07-22,Present,10:14,8.99,59
ATT-E0056-20260723,E0056,2026-07-23,Leave,,0,0
ATT-E0056-20260724,E0056,2026-07-24,Present,10:38,9.35,83
ATT-E0056-20260727,E0056,2026-07-27,Present,09:17,10.23,2
ATT-E0056-20260728,E0056,2026-07-28,Present,08:39,7.29,0
ATT-E0056-20260729,E0056,2026-07-29,Absent,,0,0
ATT-E0056-20260730,E0056,2026-07-30,Present,09:36,10.19,21
ATT-E0056-20260731,E0056,2026-07-31,Leave,,0,0
ATT-E0056-20260803,E0056,2026-08-03,Absent,,0,0
ATT-E0056-20260804,E0056,2026-08-04,Present,10:31,10.29,76
ATT-E0056-20260805,E0056,2026-08-05,Absent,,0,0
ATT-E0056-20260806,E0056,2026-08-06,Absent,,0,0
ATT-E0056-20260807,E0056,2026-08-07,Leave,,0,0
ATT-E0056-20260810,E0056,2026-08-10,Present,09:47,9.68,32
ATT-E0056-20260811,E0056,2026-08-11,Present,11:06,8.81,111
ATT-E0056-20260812,E0056,2026-08-12,Present,11:54,8.2,159
ATT-E0056-20260813,E0056,2026-08-13,Leave,,0,0
ATT-E0056-20260814,E0056,2026-08-14,Present,08:44,9.63,0
ATT-E0056-20260817,E0056,2026-08-17,Present,08:36,10.45,0
ATT-E0056-20260818,E0056,2026-08-18,Present,08:15,8.54,0
ATT-E0056-20260819,E0056,2026-08-19,Present,10:38,10.34,83
ATT-E0056-20260820,E0056,2026-08-20,Leave,,0,0
ATT-E0056-20260821,E0056,2026-08-21,Present,10:15,8.12,60
ATT-E0056-20260824,E0056,2026-08-24,Leave,,0,0
ATT-E0056-20260825,E0056,2026-08-25,Present,11:42,9.45,147
ATT-E0056-20260826,E0056,2026-08-26,Present,11:36,7.32,141
ATT-E0056-20260827,E0056,2026-08-27,Present,10:54,7.18,99
ATT-E0056-20260828,E0056,2026-08-28,Present,09:09,8.35,0
ATT-E0056-20260831,E0056,2026-08-31,Present,11:24,7.93,129
ATT-E0057-20260601,E0057,2026-06-01,Present,11:48,9.64,153
ATT-E0057-20260602,E0057,2026-06-02,Present,11:35,8.31,140
ATT-E0057-20260603,E0057,2026-06-03,Present,11:52,9.45,157
ATT-E0057-20260604,E0057,2026-06-04,Present,09:17,7.12,2
ATT-E0057-20260605,E0057,2026-06-05,Leave,,0,0
ATT-E0057-20260608,E0057,2026-06-08,Present,08:39,9.29,0
ATT-E0057-20260609,E0057,2026-06-09,Present,08:47,9.97,0
ATT-E0057-20260610,E0057,2026-06-10,Present,09:11,7.53,0
ATT-E0057-20260611,E0057,2026-06-11,Present,10:37,9.63,82
ATT-E0057-20260612,E0057,2026-06-12,Present,08:19,9.32,0
ATT-E0057-20260615,E0057,2026-06-15,Present,09:40,10.42,25
ATT-E0057-20260616,E0057,2026-06-16,Present,08:03,9.01,0
ATT-E0057-20260617,E0057,2026-06-17,Leave,,0,0
ATT-E0057-20260618,E0057,2026-06-18,Present,11:41,9.52,146
ATT-E0057-20260619,E0057,2026-06-19,Present,11:36,9.13,141
ATT-E0057-20260622,E0057,2026-06-22,Present,11:45,7.67,150
ATT-E0057-20260623,E0057,2026-06-23,Present,11:47,9.4,152
ATT-E0057-20260624,E0057,2026-06-24,Present,10:32,8.55,77
ATT-E0057-20260625,E0057,2026-06-25,Present,08:47,7.63,0
ATT-E0057-20260626,E0057,2026-06-26,Absent,,0,0
ATT-E0057-20260629,E0057,2026-06-29,Leave,,0,0
ATT-E0057-20260630,E0057,2026-06-30,Present,11:20,10.14,125
ATT-E0057-20260701,E0057,2026-07-01,Absent,,0,0
ATT-E0057-20260702,E0057,2026-07-02,Present,10:11,9.53,56
ATT-E0057-20260703,E0057,2026-07-03,Present,10:05,10.1,50
ATT-E0057-20260706,E0057,2026-07-06,Present,09:22,8.72,7
ATT-E0057-20260707,E0057,2026-07-07,Present,08:33,9.03,0
ATT-E0057-20260708,E0057,2026-07-08,Absent,,0,0
ATT-E0057-20260709,E0057,2026-07-09,Present,09:26,7.28,11
ATT-E0057-20260710,E0057,2026-07-10,Present,10:42,8.37,87
ATT-E0057-20260713,E0057,2026-07-13,Present,09:04,8.38,0
ATT-E0057-20260714,E0057,2026-07-14,Present,10:33,9.5,78
ATT-E0057-20260715,E0057,2026-07-15,Present,10:08,9.44,53
ATT-E0057-20260716,E0057,2026-07-16,Present,08:54,9.98,0
ATT-E0057-20260717,E0057,2026-07-17,Present,09:03,7.19,0
ATT-E0057-20260720,E0057,2026-07-20,Present,11:53,8.26,158
ATT-E0057-20260721,E0057,2026-07-21,Present,08:59,9.86,0
ATT-E0057-20260722,E0057,2026-07-22,Present,09:30,8.4,15
ATT-E0057-20260723,E0057,2026-07-23,Present,09:27,7.59,12
ATT-E0057-20260724,E0057,2026-07-24,Present,10:14,7.8,59
ATT-E0057-20260727,E0057,2026-07-27,Present,11:34,9.77,139
ATT-E0057-20260728,E0057,2026-07-28,Leave,,0,0
ATT-E0057-20260729,E0057,2026-07-29,Present,10:30,7.89,75
ATT-E0057-20260730,E0057,2026-07-30,Absent,,0,0
ATT-E0057-20260731,E0057,2026-07-31,Present,11:49,7.51,154
ATT-E0057-20260803,E0057,2026-08-03,Present,11:13,7.06,118
ATT-E0057-20260804,E0057,2026-08-04,Present,09:58,8.5,43
ATT-E0057-20260805,E0057,2026-08-05,Present,08:27,8.26,0
ATT-E0057-20260806,E0057,2026-08-06,Leave,,0,0
ATT-E0057-20260807,E0057,2026-08-07,Present,10:22,10.42,67
ATT-E0057-20260810,E0057,2026-08-10,Present,09:52,9.02,37
ATT-E0057-20260811,E0057,2026-08-11,Present,08:48,10.18,0
ATT-E0057-20260812,E0057,2026-08-12,Present,11:41,8.63,146
ATT-E0057-20260813,E0057,2026-08-13,Leave,,0,0
ATT-E0057-20260814,E0057,2026-08-14,Leave,,0,0
ATT-E0057-20260817,E0057,2026-08-17,Leave,,0,0
ATT-E0057-20260818,E0057,2026-08-18,Present,10:38,7.9,83
ATT-E0057-20260819,E0057,2026-08-19,Present,09:07,10.27,0
ATT-E0057-20260820,E0057,2026-08-20,Present,08:17,7.2,0
ATT-E0057-20260821,E0057,2026-08-21,Present,09:06,9.86,0
ATT-E0057-20260824,E0057,2026-08-24,Present,11:22,9.64,127
ATT-E0057-20260825,E0057,2026-08-25,Present,09:11,8.41,0
ATT-E0057-20260826,E0057,2026-08-26,Present,08:17,10.37,0
ATT-E0057-20260827,E0057,2026-08-27,Present,11:55,8.47,160
ATT-E0057-20260828,E0057,2026-08-28,Present,11:21,7.88,126
ATT-E0057-20260831,E0057,2026-08-31,Present,09:13,10.14,0
ATT-E0058-20260601,E0058,2026-06-01,Present,08:48,8.82,0
ATT-E0058-20260602,E0058,2026-06-02,Absent,,0,0
ATT-E0058-20260603,E0058,2026-06-03,Present,11:02,8.26,107
ATT-E0058-20260604,E0058,2026-06-04,Present,11:27,8.8,132
ATT-E0058-20260605,E0058,2026-06-05,Present,08:12,7.9,0
ATT-E0058-20260608,E0058,2026-06-08,Present,09:15,7.31,0
ATT-E0058-20260609,E0058,2026-06-09,Present,11:56,8.92,161
ATT-E0058-20260610,E0058,2026-06-10,Leave,,0,0
ATT-E0058-20260611,E0058,2026-06-11,Present,08:35,8.97,0
ATT-E0058-20260612,E0058,2026-06-12,Present,08:12,8.08,0
ATT-E0058-20260615,E0058,2026-06-15,Present,08:57,9.54,0
ATT-E0058-20260616,E0058,2026-06-16,Present,09:48,8.75,33
ATT-E0058-20260617,E0058,2026-06-17,Present,10:22,7.66,67
ATT-E0058-20260618,E0058,2026-06-18,Present,09:20,9.07,5
ATT-E0058-20260619,E0058,2026-06-19,Leave,,0,0
ATT-E0058-20260622,E0058,2026-06-22,Present,11:42,8.76,147
ATT-E0058-20260623,E0058,2026-06-23,Present,08:22,7.15,0
ATT-E0058-20260624,E0058,2026-06-24,Present,11:48,8.78,153
ATT-E0058-20260625,E0058,2026-06-25,Present,11:24,8.29,129
ATT-E0058-20260626,E0058,2026-06-26,Present,08:25,7.02,0
ATT-E0058-20260629,E0058,2026-06-29,Absent,,0,0
ATT-E0058-20260630,E0058,2026-06-30,Present,08:15,8.64,0
ATT-E0058-20260701,E0058,2026-07-01,Present,08:40,9.56,0
ATT-E0058-20260702,E0058,2026-07-02,Present,09:39,7.48,24
ATT-E0058-20260703,E0058,2026-07-03,Absent,,0,0
ATT-E0058-20260706,E0058,2026-07-06,Present,10:03,7.82,48
ATT-E0058-20260707,E0058,2026-07-07,Present,09:41,7.86,26
ATT-E0058-20260708,E0058,2026-07-08,Present,11:42,9.81,147
ATT-E0058-20260709,E0058,2026-07-09,Present,10:10,8.93,55
ATT-E0058-20260710,E0058,2026-07-10,Present,09:50,8.85,35
ATT-E0058-20260713,E0058,2026-07-13,Present,08:28,9.19,0
ATT-E0058-20260714,E0058,2026-07-14,Present,11:21,8.39,126
ATT-E0058-20260715,E0058,2026-07-15,Present,10:26,9.06,71
ATT-E0058-20260716,E0058,2026-07-16,Present,08:24,8.15,0
ATT-E0058-20260717,E0058,2026-07-17,Present,11:15,8.32,120
ATT-E0058-20260720,E0058,2026-07-20,Present,10:10,7.9,55
ATT-E0058-20260721,E0058,2026-07-21,Present,10:05,8.54,50
ATT-E0058-20260722,E0058,2026-07-22,Present,10:36,8.27,81
ATT-E0058-20260723,E0058,2026-07-23,Present,11:05,8.35,110
ATT-E0058-20260724,E0058,2026-07-24,Present,09:08,9.58,0
ATT-E0058-20260727,E0058,2026-07-27,Present,11:27,7.89,132
ATT-E0058-20260728,E0058,2026-07-28,Present,10:04,10.27,49
ATT-E0058-20260729,E0058,2026-07-29,Present,11:08,7.33,113
ATT-E0058-20260730,E0058,2026-07-30,Present,11:26,10.12,131
ATT-E0058-20260731,E0058,2026-07-31,Present,08:20,9.75,0
ATT-E0058-20260803,E0058,2026-08-03,Present,08:21,9.02,0
ATT-E0058-20260804,E0058,2026-08-04,Present,11:32,9.22,137
ATT-E0058-20260805,E0058,2026-08-05,Present,11:40,7.75,145
ATT-E0058-20260806,E0058,2026-08-06,Present,09:12,7.49,0
ATT-E0058-20260807,E0058,2026-08-07,Leave,,0,0
ATT-E0058-20260810,E0058,2026-08-10,Present,10:27,7.57,72
ATT-E0058-20260811,E0058,2026-08-11,Present,11:06,7.31,111
ATT-E0058-20260812,E0058,2026-08-12,Present,09:55,10.05,40
ATT-E0058-20260813,E0058,2026-08-13,Present,11:00,8.04,105
ATT-E0058-20260814,E0058,2026-08-14,Present,08:38,8.52,0
ATT-E0058-20260817,E0058,2026-08-17,Leave,,0,0
ATT-E0058-20260818,E0058,2026-08-18,Present,09:41,9.51,26
ATT-E0058-20260819,E0058,2026-08-19,Present,08:49,7.28,0
ATT-E0058-20260820,E0058,2026-08-20,Present,09:26,8.29,11
ATT-E0058-20260821,E0058,2026-08-21,Present,08:08,8.88,0
ATT-E0058-20260824,E0058,2026-08-24,Present,09:55,7.97,40
ATT-E0058-20260825,E0058,2026-08-25,Present,10:30,7.35,75
ATT-E0058-20260826,E0058,2026-08-26,Present,09:38,8.67,23
ATT-E0058-20260827,E0058,2026-08-27,Absent,,0,0
ATT-E0058-20260828,E0058,2026-08-28,Present,09:21,9.89,6
ATT-E0058-20260831,E0058,2026-08-31,Present,09:40,8.99,25
ATT-E0059-20260601,E0059,2026-06-01,Present,11:21,7.1,126
ATT-E0059-20260602,E0059,2026-06-02,Present,11:09,8.7,114
ATT-E0059-20260603,E0059,2026-06-03,Present,09:10,9.04,0
ATT-E0059-20260604,E0059,2026-06-04,Present,11:54,9.18,159
ATT-E0059-20260605,E0059,2026-06-05,Present,08:56,7.85,0
ATT-E0059-20260608,E0059,2026-06-08,Leave,,0,0
ATT-E0059-20260609,E0059,2026-06-09,Leave,,0,0
ATT-E0059-20260610,E0059,2026-06-10,Present,09:24,8.23,9
ATT-E0059-20260611,E0059,2026-06-11,Leave,,0,0
ATT-E0059-20260612,E0059,2026-06-12,Absent,,0,0
ATT-E0059-20260615,E0059,2026-06-15,Present,09:54,8.57,39
ATT-E0059-20260616,E0059,2026-06-16,Present,08:26,10.02,0
ATT-E0059-20260617,E0059,2026-06-17,Present,10:14,8.64,59
ATT-E0059-20260618,E0059,2026-06-18,Present,08:16,7.38,0
ATT-E0059-20260619,E0059,2026-06-19,Present,08:15,8.71,0
ATT-E0059-20260622,E0059,2026-06-22,Present,10:59,8.87,104
ATT-E0059-20260623,E0059,2026-06-23,Present,08:26,10.07,0
ATT-E0059-20260624,E0059,2026-06-24,Present,10:45,7.46,90
ATT-E0059-20260625,E0059,2026-06-25,Present,10:19,7.34,64
ATT-E0059-20260626,E0059,2026-06-26,Absent,,0,0
ATT-E0059-20260629,E0059,2026-06-29,Present,11:20,8.43,125
ATT-E0059-20260630,E0059,2026-06-30,Present,10:09,7.09,54
ATT-E0059-20260701,E0059,2026-07-01,Present,11:58,7.38,163
ATT-E0059-20260702,E0059,2026-07-02,Present,10:17,7.82,62
ATT-E0059-20260703,E0059,2026-07-03,Leave,,0,0
ATT-E0059-20260706,E0059,2026-07-06,Present,10:09,7.1,54
ATT-E0059-20260707,E0059,2026-07-07,Absent,,0,0
ATT-E0059-20260708,E0059,2026-07-08,Leave,,0,0
ATT-E0059-20260709,E0059,2026-07-09,Present,08:51,9,0
ATT-E0059-20260710,E0059,2026-07-10,Leave,,0,0
ATT-E0059-20260713,E0059,2026-07-13,Present,09:33,8.98,18
ATT-E0059-20260714,E0059,2026-07-14,Absent,,0,0
ATT-E0059-20260715,E0059,2026-07-15,Present,10:10,9.31,55
ATT-E0059-20260716,E0059,2026-07-16,Leave,,0,0
ATT-E0059-20260717,E0059,2026-07-17,Present,08:08,9.29,0
ATT-E0059-20260720,E0059,2026-07-20,Present,09:37,10.13,22
ATT-E0059-20260721,E0059,2026-07-21,Present,09:32,8.86,17
ATT-E0059-20260722,E0059,2026-07-22,Present,11:34,9.55,139
ATT-E0059-20260723,E0059,2026-07-23,Present,09:07,10.4,0
ATT-E0059-20260724,E0059,2026-07-24,Present,08:14,8.22,0
ATT-E0059-20260727,E0059,2026-07-27,Present,10:15,7.85,60
ATT-E0059-20260728,E0059,2026-07-28,Absent,,0,0
ATT-E0059-20260729,E0059,2026-07-29,Present,08:52,9.27,0
ATT-E0059-20260730,E0059,2026-07-30,Present,11:33,9.95,138
ATT-E0059-20260731,E0059,2026-07-31,Present,09:00,10.32,0
ATT-E0059-20260803,E0059,2026-08-03,Present,11:18,7.37,123
ATT-E0059-20260804,E0059,2026-08-04,Leave,,0,0
ATT-E0059-20260805,E0059,2026-08-05,Leave,,0,0
ATT-E0059-20260806,E0059,2026-08-06,Leave,,0,0
ATT-E0059-20260807,E0059,2026-08-07,Leave,,0,0
ATT-E0059-20260810,E0059,2026-08-10,Present,11:15,7.35,120
ATT-E0059-20260811,E0059,2026-08-11,Leave,,0,0
ATT-E0059-20260812,E0059,2026-08-12,Present,11:30,8.02,135
ATT-E0059-20260813,E0059,2026-08-13,Present,09:42,9.79,27
ATT-E0059-20260814,E0059,2026-08-14,Present,09:18,10.06,3
ATT-E0059-20260817,E0059,2026-08-17,Present,11:29,9.7,134
ATT-E0059-20260818,E0059,2026-08-18,Present,09:51,10.02,36
ATT-E0059-20260819,E0059,2026-08-19,Present,11:35,7.03,140
ATT-E0059-20260820,E0059,2026-08-20,Present,11:02,7.92,107
ATT-E0059-20260821,E0059,2026-08-21,Present,09:34,7.73,19
ATT-E0059-20260824,E0059,2026-08-24,Present,08:27,9.17,0
ATT-E0059-20260825,E0059,2026-08-25,Present,09:20,9.59,5
ATT-E0059-20260826,E0059,2026-08-26,Present,11:17,9.52,122
ATT-E0059-20260827,E0059,2026-08-27,Present,11:58,7.65,163
ATT-E0059-20260828,E0059,2026-08-28,Absent,,0,0
ATT-E0059-20260831,E0059,2026-08-31,Present,11:36,7.42,141
ATT-E0060-20260601,E0060,2026-06-01,Present,08:35,9.15,0
ATT-E0060-20260602,E0060,2026-06-02,Present,09:42,7.5,27
ATT-E0060-20260603,E0060,2026-06-03,Present,08:00,7.3,0
ATT-E0060-20260604,E0060,2026-06-04,Present,08:35,9.39,0
ATT-E0060-20260605,E0060,2026-06-05,Present,11:40,8.43,145
ATT-E0060-20260608,E0060,2026-06-08,Absent,,0,0
ATT-E0060-20260609,E0060,2026-06-09,Present,09:07,9,0
ATT-E0060-20260610,E0060,2026-06-10,Present,09:25,8.47,10
ATT-E0060-20260611,E0060,2026-06-11,Present,10:22,7.78,67
ATT-E0060-20260612,E0060,2026-06-12,Leave,,0,0
ATT-E0060-20260615,E0060,2026-06-15,Present,11:41,7.73,146
ATT-E0060-20260616,E0060,2026-06-16,Present,11:38,9.65,143
ATT-E0060-20260617,E0060,2026-06-17,Absent,,0,0
ATT-E0060-20260618,E0060,2026-06-18,Leave,,0,0
ATT-E0060-20260619,E0060,2026-06-19,Present,09:19,10.07,4
ATT-E0060-20260622,E0060,2026-06-22,Present,09:39,7.34,24
ATT-E0060-20260623,E0060,2026-06-23,Present,09:07,10.48,0
ATT-E0060-20260624,E0060,2026-06-24,Present,11:36,9.75,141
ATT-E0060-20260625,E0060,2026-06-25,Absent,,0,0
ATT-E0060-20260626,E0060,2026-06-26,Absent,,0,0
ATT-E0060-20260629,E0060,2026-06-29,Present,11:37,7.74,142
ATT-E0060-20260630,E0060,2026-06-30,Present,08:49,7.86,0
ATT-E0060-20260701,E0060,2026-07-01,Leave,,0,0
ATT-E0060-20260702,E0060,2026-07-02,Present,10:29,9.54,74
ATT-E0060-20260703,E0060,2026-07-03,Leave,,0,0
ATT-E0060-20260706,E0060,2026-07-06,Absent,,0,0
ATT-E0060-20260707,E0060,2026-07-07,Present,10:50,7.48,95
ATT-E0060-20260708,E0060,2026-07-08,Present,10:47,8.2,92
ATT-E0060-20260709,E0060,2026-07-09,Leave,,0,0
ATT-E0060-20260710,E0060,2026-07-10,Present,11:07,8.97,112
ATT-E0060-20260713,E0060,2026-07-13,Leave,,0,0
ATT-E0060-20260714,E0060,2026-07-14,Present,10:56,9.98,101
ATT-E0060-20260715,E0060,2026-07-15,Leave,,0,0
ATT-E0060-20260716,E0060,2026-07-16,Present,08:09,9.06,0
ATT-E0060-20260717,E0060,2026-07-17,Present,08:34,7.29,0
ATT-E0060-20260720,E0060,2026-07-20,Present,08:29,9.27,0
ATT-E0060-20260721,E0060,2026-07-21,Present,10:35,10.23,80
ATT-E0060-20260722,E0060,2026-07-22,Present,08:33,7.23,0
ATT-E0060-20260723,E0060,2026-07-23,Present,11:42,7.09,147
ATT-E0060-20260724,E0060,2026-07-24,Present,11:15,8.73,120
ATT-E0060-20260727,E0060,2026-07-27,Present,09:36,9.65,21
ATT-E0060-20260728,E0060,2026-07-28,Leave,,0,0
ATT-E0060-20260729,E0060,2026-07-29,Present,08:17,10.03,0
ATT-E0060-20260730,E0060,2026-07-30,Absent,,0,0
ATT-E0060-20260731,E0060,2026-07-31,Present,08:37,8.84,0
ATT-E0060-20260803,E0060,2026-08-03,Present,09:11,10,0
ATT-E0060-20260804,E0060,2026-08-04,Present,09:58,8.28,43
ATT-E0060-20260805,E0060,2026-08-05,Present,10:02,8.9,47
ATT-E0060-20260806,E0060,2026-08-06,Present,09:31,9.84,16
ATT-E0060-20260807,E0060,2026-08-07,Present,11:27,9.59,132
ATT-E0060-20260810,E0060,2026-08-10,Present,08:43,8.11,0
ATT-E0060-20260811,E0060,2026-08-11,Present,11:51,8.38,156
ATT-E0060-20260812,E0060,2026-08-12,Present,09:01,8.52,0
ATT-E0060-20260813,E0060,2026-08-13,Absent,,0,0
ATT-E0060-20260814,E0060,2026-08-14,Present,09:14,8.95,0
ATT-E0060-20260817,E0060,2026-08-17,Present,10:46,8.38,91
ATT-E0060-20260818,E0060,2026-08-18,Present,10:28,8.36,73
ATT-E0060-20260819,E0060,2026-08-19,Present,10:02,8.37,47
ATT-E0060-20260820,E0060,2026-08-20,Present,09:28,8.77,13
ATT-E0060-20260821,E0060,2026-08-21,Absent,,0,0
ATT-E0060-20260824,E0060,2026-08-24,Present,10:03,9.94,48
ATT-E0060-20260825,E0060,2026-08-25,Present,11:59,10.18,164
ATT-E0060-20260826,E0060,2026-08-26,Absent,,0,0
ATT-E0060-20260827,E0060,2026-08-27,Present,09:56,10.38,41
ATT-E0060-20260828,E0060,2026-08-28,Present,09:34,9.42,19
ATT-E0060-20260831,E0060,2026-08-31,Present,10:56,8.45,101
ATT-E0061-20260601,E0061,2026-06-01,Present,10:31,7.43,76
ATT-E0061-20260602,E0061,2026-06-02,Present,11:16,9.85,121
ATT-E0061-20260603,E0061,2026-06-03,Present,11:35,7.4,140
ATT-E0061-20260604,E0061,2026-06-04,Leave,,0,0
ATT-E0061-20260605,E0061,2026-06-05,Present,08:30,7.76,0
ATT-E0061-20260608,E0061,2026-06-08,Present,08:20,7.57,0
ATT-E0061-20260609,E0061,2026-06-09,Present,10:26,7.64,71
ATT-E0061-20260610,E0061,2026-06-10,Leave,,0,0
ATT-E0061-20260611,E0061,2026-06-11,Present,08:50,7.44,0
ATT-E0061-20260612,E0061,2026-06-12,Present,09:39,9.39,24
ATT-E0061-20260615,E0061,2026-06-15,Absent,,0,0
ATT-E0061-20260616,E0061,2026-06-16,Present,11:16,10.05,121
ATT-E0061-20260617,E0061,2026-06-17,Present,11:20,9.87,125
ATT-E0061-20260618,E0061,2026-06-18,Present,08:04,9.79,0
ATT-E0061-20260619,E0061,2026-06-19,Present,08:28,9.23,0
ATT-E0061-20260622,E0061,2026-06-22,Present,08:39,8.31,0
ATT-E0061-20260623,E0061,2026-06-23,Absent,,0,0
ATT-E0061-20260624,E0061,2026-06-24,Present,11:40,7.4,145
ATT-E0061-20260625,E0061,2026-06-25,Present,11:36,9.6,141
ATT-E0061-20260626,E0061,2026-06-26,Present,08:20,9.13,0
ATT-E0061-20260629,E0061,2026-06-29,Present,09:03,7.99,0
ATT-E0061-20260630,E0061,2026-06-30,Present,10:18,8.03,63
ATT-E0061-20260701,E0061,2026-07-01,Present,11:16,7.24,121
ATT-E0061-20260702,E0061,2026-07-02,Absent,,0,0
ATT-E0061-20260703,E0061,2026-07-03,Present,10:26,10.32,71
ATT-E0061-20260706,E0061,2026-07-06,Absent,,0,0
ATT-E0061-20260707,E0061,2026-07-07,Absent,,0,0
ATT-E0061-20260708,E0061,2026-07-08,Present,10:45,8.52,90
ATT-E0061-20260709,E0061,2026-07-09,Present,08:50,8.25,0
ATT-E0061-20260710,E0061,2026-07-10,Present,10:10,7.01,55
ATT-E0061-20260713,E0061,2026-07-13,Present,10:35,9.27,80
ATT-E0061-20260714,E0061,2026-07-14,Present,09:06,9.32,0
ATT-E0061-20260715,E0061,2026-07-15,Present,09:17,7.71,2
ATT-E0061-20260716,E0061,2026-07-16,Leave,,0,0
ATT-E0061-20260717,E0061,2026-07-17,Present,09:09,7.04,0
ATT-E0061-20260720,E0061,2026-07-20,Present,11:01,8.67,106
ATT-E0061-20260721,E0061,2026-07-21,Present,11:21,7.11,126
ATT-E0061-20260722,E0061,2026-07-22,Present,08:13,10.12,0
ATT-E0061-20260723,E0061,2026-07-23,Leave,,0,0
ATT-E0061-20260724,E0061,2026-07-24,Present,08:46,8.42,0
ATT-E0061-20260727,E0061,2026-07-27,Absent,,0,0
ATT-E0061-20260728,E0061,2026-07-28,Present,09:10,8.25,0
ATT-E0061-20260729,E0061,2026-07-29,Present,09:15,9.24,0
ATT-E0061-20260730,E0061,2026-07-30,Present,08:02,8.58,0
ATT-E0061-20260731,E0061,2026-07-31,Present,10:09,10.3,54
ATT-E0061-20260803,E0061,2026-08-03,Present,09:20,7.22,5
ATT-E0061-20260804,E0061,2026-08-04,Present,11:16,8.61,121
ATT-E0061-20260805,E0061,2026-08-05,Present,11:59,8.15,164
ATT-E0061-20260806,E0061,2026-08-06,Present,10:15,9.8,60
ATT-E0061-20260807,E0061,2026-08-07,Present,10:45,8.83,90
ATT-E0061-20260810,E0061,2026-08-10,Present,11:04,10.1,109
ATT-E0061-20260811,E0061,2026-08-11,Present,11:33,10.24,138
ATT-E0061-20260812,E0061,2026-08-12,Present,11:02,9.12,107
ATT-E0061-20260813,E0061,2026-08-13,Present,09:11,9.14,0
ATT-E0061-20260814,E0061,2026-08-14,Present,09:28,7.67,13
ATT-E0061-20260817,E0061,2026-08-17,Present,10:07,10.08,52
ATT-E0061-20260818,E0061,2026-08-18,Present,09:47,9.48,32
ATT-E0061-20260819,E0061,2026-08-19,Present,10:18,9.42,63
ATT-E0061-20260820,E0061,2026-08-20,Present,10:00,8.83,45
ATT-E0061-20260821,E0061,2026-08-21,Present,09:08,8.81,0
ATT-E0061-20260824,E0061,2026-08-24,Present,11:35,9.63,140
ATT-E0061-20260825,E0061,2026-08-25,Present,09:30,9.7,15
ATT-E0061-20260826,E0061,2026-08-26,Leave,,0,0
ATT-E0061-20260827,E0061,2026-08-27,Present,10:59,7.15,104
ATT-E0061-20260828,E0061,2026-08-28,Present,08:46,9.53,0
ATT-E0061-20260831,E0061,2026-08-31,Present,08:32,7.14,0
ATT-E0062-20260601,E0062,2026-06-01,Present,08:35,10.08,0
ATT-E0062-20260602,E0062,2026-06-02,Present,11:17,9.23,122
ATT-E0062-20260603,E0062,2026-06-03,Present,11:16,8,121
ATT-E0062-20260604,E0062,2026-06-04,Absent,,0,0
ATT-E0062-20260605,E0062,2026-06-05,Absent,,0,0
ATT-E0062-20260608,E0062,2026-06-08,Leave,,0,0
ATT-E0062-20260609,E0062,2026-06-09,Leave,,0,0
ATT-E0062-20260610,E0062,2026-06-10,Present,11:47,9.47,152
ATT-E0062-20260611,E0062,2026-06-11,Leave,,0,0
ATT-E0062-20260612,E0062,2026-06-12,Present,10:32,9.99,77
ATT-E0062-20260615,E0062,2026-06-15,Present,09:26,7.64,11
ATT-E0062-20260616,E0062,2026-06-16,Present,08:18,7.27,0
ATT-E0062-20260617,E0062,2026-06-17,Leave,,0,0
ATT-E0062-20260618,E0062,2026-06-18,Present,10:25,8.22,70
ATT-E0062-20260619,E0062,2026-06-19,Present,08:01,8.93,0
ATT-E0062-20260622,E0062,2026-06-22,Present,09:16,8.5,1
ATT-E0062-20260623,E0062,2026-06-23,Present,08:24,10.07,0
ATT-E0062-20260624,E0062,2026-06-24,Present,10:16,8.25,61
ATT-E0062-20260625,E0062,2026-06-25,Present,09:52,7.68,37
ATT-E0062-20260626,E0062,2026-06-26,Present,10:58,7.64,103
ATT-E0062-20260629,E0062,2026-06-29,Present,10:36,8.92,81
ATT-E0062-20260630,E0062,2026-06-30,Present,11:32,10.23,137
ATT-E0062-20260701,E0062,2026-07-01,Present,10:41,10.07,86
ATT-E0062-20260702,E0062,2026-07-02,Present,09:21,7.16,6
ATT-E0062-20260703,E0062,2026-07-03,Present,08:12,9.21,0
ATT-E0062-20260706,E0062,2026-07-06,Present,09:26,8.11,11
ATT-E0062-20260707,E0062,2026-07-07,Present,09:20,9.25,5
ATT-E0062-20260708,E0062,2026-07-08,Present,09:42,10.19,27
ATT-E0062-20260709,E0062,2026-07-09,Present,10:11,9.91,56
ATT-E0062-20260710,E0062,2026-07-10,Present,08:00,10.39,0
ATT-E0062-20260713,E0062,2026-07-13,Present,11:26,9.63,131
ATT-E0062-20260714,E0062,2026-07-14,Absent,,0,0
ATT-E0062-20260715,E0062,2026-07-15,Present,10:38,9.78,83
ATT-E0062-20260716,E0062,2026-07-16,Present,08:34,9.64,0
ATT-E0062-20260717,E0062,2026-07-17,Present,09:02,10.27,0
ATT-E0062-20260720,E0062,2026-07-20,Absent,,0,0
ATT-E0062-20260721,E0062,2026-07-21,Present,10:10,7.75,55
ATT-E0062-20260722,E0062,2026-07-22,Present,11:12,9.77,117
ATT-E0062-20260723,E0062,2026-07-23,Present,10:17,9.21,62
ATT-E0062-20260724,E0062,2026-07-24,Present,10:11,7.64,56
ATT-E0062-20260727,E0062,2026-07-27,Present,10:54,8.13,99
ATT-E0062-20260728,E0062,2026-07-28,Absent,,0,0
ATT-E0062-20260729,E0062,2026-07-29,Present,11:20,8.71,125
ATT-E0062-20260730,E0062,2026-07-30,Present,08:27,7.93,0
ATT-E0062-20260731,E0062,2026-07-31,Leave,,0,0
ATT-E0062-20260803,E0062,2026-08-03,Present,10:10,9.69,55
ATT-E0062-20260804,E0062,2026-08-04,Present,08:01,9.19,0
ATT-E0062-20260805,E0062,2026-08-05,Present,11:55,7.44,160
ATT-E0062-20260806,E0062,2026-08-06,Leave,,0,0
ATT-E0062-20260807,E0062,2026-08-07,Present,09:49,8.29,34
ATT-E0062-20260810,E0062,2026-08-10,Present,09:25,7.84,10
ATT-E0062-20260811,E0062,2026-08-11,Leave,,0,0
ATT-E0062-20260812,E0062,2026-08-12,Present,09:05,9.25,0
ATT-E0062-20260813,E0062,2026-08-13,Leave,,0,0
ATT-E0062-20260814,E0062,2026-08-14,Absent,,0,0
ATT-E0062-20260817,E0062,2026-08-17,Present,10:17,8.98,62
ATT-E0062-20260818,E0062,2026-08-18,Present,09:26,8.33,11
ATT-E0062-20260819,E0062,2026-08-19,Present,10:23,8.64,68
ATT-E0062-20260820,E0062,2026-08-20,Present,11:56,10.38,161
ATT-E0062-20260821,E0062,2026-08-21,Absent,,0,0
ATT-E0062-20260824,E0062,2026-08-24,Present,10:57,10.35,102
ATT-E0062-20260825,E0062,2026-08-25,Present,10:02,8.3,47
ATT-E0062-20260826,E0062,2026-08-26,Present,09:31,7.78,16
ATT-E0062-20260827,E0062,2026-08-27,Present,10:03,9.5,48
ATT-E0062-20260828,E0062,2026-08-28,Present,11:44,7.66,149
ATT-E0062-20260831,E0062,2026-08-31,Present,10:54,8.67,99
ATT-E0063-20260601,E0063,2026-06-01,Present,09:13,8.37,0
ATT-E0063-20260602,E0063,2026-06-02,Present,09:58,9.4,43
ATT-E0063-20260603,E0063,2026-06-03,Present,08:29,7.43,0
ATT-E0063-20260604,E0063,2026-06-04,Present,11:38,9.3,143
ATT-E0063-20260605,E0063,2026-06-05,Present,11:38,10.39,143
ATT-E0063-20260608,E0063,2026-06-08,Absent,,0,0
ATT-E0063-20260609,E0063,2026-06-09,Present,09:20,8.37,5
ATT-E0063-20260610,E0063,2026-06-10,Present,08:50,7.8,0
ATT-E0063-20260611,E0063,2026-06-11,Present,11:59,8.12,164
ATT-E0063-20260612,E0063,2026-06-12,Present,09:17,9.14,2
ATT-E0063-20260615,E0063,2026-06-15,Present,11:50,8.97,155
ATT-E0063-20260616,E0063,2026-06-16,Present,11:04,9.33,109
ATT-E0063-20260617,E0063,2026-06-17,Present,11:12,7.78,117
ATT-E0063-20260618,E0063,2026-06-18,Present,08:51,10.18,0
ATT-E0063-20260619,E0063,2026-06-19,Present,11:28,7.5,133
ATT-E0063-20260622,E0063,2026-06-22,Present,08:04,9.21,0
ATT-E0063-20260623,E0063,2026-06-23,Present,11:37,9.77,142
ATT-E0063-20260624,E0063,2026-06-24,Present,08:10,8.52,0
ATT-E0063-20260625,E0063,2026-06-25,Present,11:21,7.19,126
ATT-E0063-20260626,E0063,2026-06-26,Present,09:07,9.37,0
ATT-E0063-20260629,E0063,2026-06-29,Present,11:16,9.12,121
ATT-E0063-20260630,E0063,2026-06-30,Present,08:27,8.77,0
ATT-E0063-20260701,E0063,2026-07-01,Present,11:09,7.15,114
ATT-E0063-20260702,E0063,2026-07-02,Present,08:46,10.26,0
ATT-E0063-20260703,E0063,2026-07-03,Present,08:37,7.04,0
ATT-E0063-20260706,E0063,2026-07-06,Leave,,0,0
ATT-E0063-20260707,E0063,2026-07-07,Present,08:10,7.06,0
ATT-E0063-20260708,E0063,2026-07-08,Leave,,0,0
ATT-E0063-20260709,E0063,2026-07-09,Present,09:03,8.34,0
ATT-E0063-20260710,E0063,2026-07-10,Present,11:42,9.98,147
ATT-E0063-20260713,E0063,2026-07-13,Present,10:12,10.18,57
ATT-E0063-20260714,E0063,2026-07-14,Leave,,0,0
ATT-E0063-20260715,E0063,2026-07-15,Present,09:02,9.26,0
ATT-E0063-20260716,E0063,2026-07-16,Present,10:04,9.45,49
ATT-E0063-20260717,E0063,2026-07-17,Leave,,0,0
ATT-E0063-20260720,E0063,2026-07-20,Present,10:31,7.49,76
ATT-E0063-20260721,E0063,2026-07-21,Present,11:18,9.92,123
ATT-E0063-20260722,E0063,2026-07-22,Present,08:46,10.39,0
ATT-E0063-20260723,E0063,2026-07-23,Present,10:03,9.17,48
ATT-E0063-20260724,E0063,2026-07-24,Absent,,0,0
ATT-E0063-20260727,E0063,2026-07-27,Present,11:21,10.35,126
ATT-E0063-20260728,E0063,2026-07-28,Present,10:41,8.08,86
ATT-E0063-20260729,E0063,2026-07-29,Absent,,0,0
ATT-E0063-20260730,E0063,2026-07-30,Present,10:31,8.34,76
ATT-E0063-20260731,E0063,2026-07-31,Present,09:37,7.15,22
ATT-E0063-20260803,E0063,2026-08-03,Present,11:22,7.49,127
ATT-E0063-20260804,E0063,2026-08-04,Present,09:25,7.68,10
ATT-E0063-20260805,E0063,2026-08-05,Absent,,0,0
ATT-E0063-20260806,E0063,2026-08-06,Present,10:12,10.21,57
ATT-E0063-20260807,E0063,2026-08-07,Present,08:29,8.22,0
ATT-E0063-20260810,E0063,2026-08-10,Present,11:24,7.26,129
ATT-E0063-20260811,E0063,2026-08-11,Present,09:01,10,0
ATT-E0063-20260812,E0063,2026-08-12,Present,08:37,8.11,0
ATT-E0063-20260813,E0063,2026-08-13,Present,11:12,7.32,117
ATT-E0063-20260814,E0063,2026-08-14,Leave,,0,0
ATT-E0063-20260817,E0063,2026-08-17,Leave,,0,0
ATT-E0063-20260818,E0063,2026-08-18,Present,09:49,7.5,34
ATT-E0063-20260819,E0063,2026-08-19,Present,09:03,8.34,0
ATT-E0063-20260820,E0063,2026-08-20,Present,08:45,8.2,0
ATT-E0063-20260821,E0063,2026-08-21,Present,10:42,7.71,87
ATT-E0063-20260824,E0063,2026-08-24,Present,09:35,9.56,20
ATT-E0063-20260825,E0063,2026-08-25,Leave,,0,0
ATT-E0063-20260826,E0063,2026-08-26,Present,10:13,10.01,58
ATT-E0063-20260827,E0063,2026-08-27,Present,08:11,10.03,0
ATT-E0063-20260828,E0063,2026-08-28,Present,09:25,10.21,10
ATT-E0063-20260831,E0063,2026-08-31,Present,09:21,10.13,6
ATT-E0064-20260601,E0064,2026-06-01,Present,09:20,9.24,5
ATT-E0064-20260602,E0064,2026-06-02,Leave,,0,0
ATT-E0064-20260603,E0064,2026-06-03,Present,10:32,10.38,77
ATT-E0064-20260604,E0064,2026-06-04,Present,08:12,7.44,0
ATT-E0064-20260605,E0064,2026-06-05,Present,10:31,7.75,76
ATT-E0064-20260608,E0064,2026-06-08,Absent,,0,0
ATT-E0064-20260609,E0064,2026-06-09,Leave,,0,0
ATT-E0064-20260610,E0064,2026-06-10,Present,11:01,9.19,106
ATT-E0064-20260611,E0064,2026-06-11,Present,10:33,9.66,78
ATT-E0064-20260612,E0064,2026-06-12,Present,10:13,10.12,58
ATT-E0064-20260615,E0064,2026-06-15,Present,09:44,9.31,29
ATT-E0064-20260616,E0064,2026-06-16,Present,10:58,7.6,103
ATT-E0064-20260617,E0064,2026-06-17,Absent,,0,0
ATT-E0064-20260618,E0064,2026-06-18,Absent,,0,0
ATT-E0064-20260619,E0064,2026-06-19,Present,11:25,7.63,130
ATT-E0064-20260622,E0064,2026-06-22,Present,08:07,9.21,0
ATT-E0064-20260623,E0064,2026-06-23,Present,09:47,7.3,32
ATT-E0064-20260624,E0064,2026-06-24,Present,10:41,8.76,86
ATT-E0064-20260625,E0064,2026-06-25,Present,08:18,7.33,0
ATT-E0064-20260626,E0064,2026-06-26,Leave,,0,0
ATT-E0064-20260629,E0064,2026-06-29,Present,11:34,9.99,139
ATT-E0064-20260630,E0064,2026-06-30,Present,08:29,8.75,0
ATT-E0064-20260701,E0064,2026-07-01,Leave,,0,0
ATT-E0064-20260702,E0064,2026-07-02,Present,11:21,10.33,126
ATT-E0064-20260703,E0064,2026-07-03,Absent,,0,0
ATT-E0064-20260706,E0064,2026-07-06,Present,09:13,9.2,0
ATT-E0064-20260707,E0064,2026-07-07,Present,10:42,9.83,87
ATT-E0064-20260708,E0064,2026-07-08,Present,11:12,10.44,117
ATT-E0064-20260709,E0064,2026-07-09,Present,10:59,9.57,104
ATT-E0064-20260710,E0064,2026-07-10,Present,10:23,9.8,68
ATT-E0064-20260713,E0064,2026-07-13,Present,08:22,9.55,0
ATT-E0064-20260714,E0064,2026-07-14,Present,09:40,8.15,25
ATT-E0064-20260715,E0064,2026-07-15,Present,09:59,9.88,44
ATT-E0064-20260716,E0064,2026-07-16,Absent,,0,0
ATT-E0064-20260717,E0064,2026-07-17,Present,09:27,10.29,12
ATT-E0064-20260720,E0064,2026-07-20,Present,10:41,8.81,86
ATT-E0064-20260721,E0064,2026-07-21,Present,08:56,9.65,0
ATT-E0064-20260722,E0064,2026-07-22,Present,09:11,8.94,0
ATT-E0064-20260723,E0064,2026-07-23,Present,10:28,9.11,73
ATT-E0064-20260724,E0064,2026-07-24,Leave,,0,0
ATT-E0064-20260727,E0064,2026-07-27,Present,10:12,9.62,57
ATT-E0064-20260728,E0064,2026-07-28,Present,10:41,7.4,86
ATT-E0064-20260729,E0064,2026-07-29,Present,09:11,9.55,0
ATT-E0064-20260730,E0064,2026-07-30,Present,09:50,8.17,35
ATT-E0064-20260731,E0064,2026-07-31,Present,10:26,7.21,71
ATT-E0064-20260803,E0064,2026-08-03,Present,11:54,7.4,159
ATT-E0064-20260804,E0064,2026-08-04,Present,08:50,10.09,0
ATT-E0064-20260805,E0064,2026-08-05,Present,10:53,8.96,98
ATT-E0064-20260806,E0064,2026-08-06,Leave,,0,0
ATT-E0064-20260807,E0064,2026-08-07,Present,11:21,8.53,126
ATT-E0064-20260810,E0064,2026-08-10,Present,11:57,8.76,162
ATT-E0064-20260811,E0064,2026-08-11,Present,09:32,9.07,17
ATT-E0064-20260812,E0064,2026-08-12,Present,08:34,7.44,0
ATT-E0064-20260813,E0064,2026-08-13,Present,11:28,9.22,133
ATT-E0064-20260814,E0064,2026-08-14,Present,11:07,10.4,112
ATT-E0064-20260817,E0064,2026-08-17,Present,11:13,8.68,118
ATT-E0064-20260818,E0064,2026-08-18,Present,09:30,7.71,15
ATT-E0064-20260819,E0064,2026-08-19,Present,10:01,8.82,46
ATT-E0064-20260820,E0064,2026-08-20,Present,11:02,8.8,107
ATT-E0064-20260821,E0064,2026-08-21,Present,11:25,10.33,130
ATT-E0064-20260824,E0064,2026-08-24,Present,08:42,9.34,0
ATT-E0064-20260825,E0064,2026-08-25,Present,08:01,10.3,0
ATT-E0064-20260826,E0064,2026-08-26,Present,11:40,10.1,145
ATT-E0064-20260827,E0064,2026-08-27,Absent,,0,0
ATT-E0064-20260828,E0064,2026-08-28,Leave,,0,0
ATT-E0064-20260831,E0064,2026-08-31,Leave,,0,0
ATT-E0065-20260601,E0065,2026-06-01,Present,09:14,9.19,0
ATT-E0065-20260602,E0065,2026-06-02,Present,08:39,7.7,0
ATT-E0065-20260603,E0065,2026-06-03,Leave,,0,0
ATT-E0065-20260604,E0065,2026-06-04,Present,08:30,8.92,0
ATT-E0065-20260605,E0065,2026-06-05,Present,09:26,8.59,11
ATT-E0065-20260608,E0065,2026-06-08,Present,08:55,7.49,0
ATT-E0065-20260609,E0065,2026-06-09,Present,11:36,8.27,141
ATT-E0065-20260610,E0065,2026-06-10,Present,08:39,10.11,0
ATT-E0065-20260611,E0065,2026-06-11,Present,08:17,7.4,0
ATT-E0065-20260612,E0065,2026-06-12,Present,10:14,9.74,59
ATT-E0065-20260615,E0065,2026-06-15,Absent,,0,0
ATT-E0065-20260616,E0065,2026-06-16,Present,08:06,8.73,0
ATT-E0065-20260617,E0065,2026-06-17,Present,08:15,9.18,0
ATT-E0065-20260618,E0065,2026-06-18,Present,09:47,7.65,32
ATT-E0065-20260619,E0065,2026-06-19,Present,09:42,9.29,27
ATT-E0065-20260622,E0065,2026-06-22,Present,10:13,8.9,58
ATT-E0065-20260623,E0065,2026-06-23,Present,11:08,9.77,113
ATT-E0065-20260624,E0065,2026-06-24,Absent,,0,0
ATT-E0065-20260625,E0065,2026-06-25,Present,09:26,8.22,11
ATT-E0065-20260626,E0065,2026-06-26,Present,08:18,8.51,0
ATT-E0065-20260629,E0065,2026-06-29,Present,11:46,7.9,151
ATT-E0065-20260630,E0065,2026-06-30,Present,09:27,9.93,12
ATT-E0065-20260701,E0065,2026-07-01,Present,09:06,8.69,0
ATT-E0065-20260702,E0065,2026-07-02,Present,10:47,9.83,92
ATT-E0065-20260703,E0065,2026-07-03,Present,10:35,9.9,80
ATT-E0065-20260706,E0065,2026-07-06,Present,08:09,8.54,0
ATT-E0065-20260707,E0065,2026-07-07,Present,08:21,7.68,0
ATT-E0065-20260708,E0065,2026-07-08,Present,11:04,8.53,109
ATT-E0065-20260709,E0065,2026-07-09,Present,08:43,7.81,0
ATT-E0065-20260710,E0065,2026-07-10,Present,09:33,9.3,18
ATT-E0065-20260713,E0065,2026-07-13,Absent,,0,0
ATT-E0065-20260714,E0065,2026-07-14,Present,11:49,9.21,154
ATT-E0065-20260715,E0065,2026-07-15,Absent,,0,0
ATT-E0065-20260716,E0065,2026-07-16,Present,10:41,9.99,86
ATT-E0065-20260717,E0065,2026-07-17,Absent,,0,0
ATT-E0065-20260720,E0065,2026-07-20,Present,09:36,7.54,21
ATT-E0065-20260721,E0065,2026-07-21,Present,08:20,8.96,0
ATT-E0065-20260722,E0065,2026-07-22,Present,11:15,10.08,120
ATT-E0065-20260723,E0065,2026-07-23,Present,11:05,7.29,110
ATT-E0065-20260724,E0065,2026-07-24,Present,10:03,9.5,48
ATT-E0065-20260727,E0065,2026-07-27,Present,08:48,9.98,0
ATT-E0065-20260728,E0065,2026-07-28,Present,10:12,9.18,57
ATT-E0065-20260729,E0065,2026-07-29,Present,10:36,9.18,81
ATT-E0065-20260730,E0065,2026-07-30,Present,09:25,10.01,10
ATT-E0065-20260731,E0065,2026-07-31,Present,10:47,10.33,92
ATT-E0065-20260803,E0065,2026-08-03,Present,08:47,7.4,0
ATT-E0065-20260804,E0065,2026-08-04,Absent,,0,0
ATT-E0065-20260805,E0065,2026-08-05,Present,10:00,9.24,45
ATT-E0065-20260806,E0065,2026-08-06,Present,11:59,9.76,164
ATT-E0065-20260807,E0065,2026-08-07,Present,08:56,9.13,0
ATT-E0065-20260810,E0065,2026-08-10,Present,10:02,7.99,47
ATT-E0065-20260811,E0065,2026-08-11,Absent,,0,0
ATT-E0065-20260812,E0065,2026-08-12,Present,08:50,8.22,0
ATT-E0065-20260813,E0065,2026-08-13,Present,10:10,7.31,55
ATT-E0065-20260814,E0065,2026-08-14,Leave,,0,0
ATT-E0065-20260817,E0065,2026-08-17,Present,08:08,7.19,0
ATT-E0065-20260818,E0065,2026-08-18,Present,09:27,10.45,12
ATT-E0065-20260819,E0065,2026-08-19,Present,09:24,8.16,9
ATT-E0065-20260820,E0065,2026-08-20,Present,09:27,8.98,12
ATT-E0065-20260821,E0065,2026-08-21,Present,08:28,8.3,0
ATT-E0065-20260824,E0065,2026-08-24,Present,09:54,8.13,39
ATT-E0065-20260825,E0065,2026-08-25,Present,09:19,9.54,4
ATT-E0065-20260826,E0065,2026-08-26,Absent,,0,0
ATT-E0065-20260827,E0065,2026-08-27,Present,09:49,9.98,34
ATT-E0065-20260828,E0065,2026-08-28,Present,10:43,8.37,88
ATT-E0065-20260831,E0065,2026-08-31,Leave,,0,0
ATT-E0066-20260601,E0066,2026-06-01,Present,11:09,8.93,114
ATT-E0066-20260602,E0066,2026-06-02,Present,08:01,8.71,0
ATT-E0066-20260603,E0066,2026-06-03,Leave,,0,0
ATT-E0066-20260604,E0066,2026-06-04,Leave,,0,0
ATT-E0066-20260605,E0066,2026-06-05,Absent,,0,0
ATT-E0066-20260608,E0066,2026-06-08,Present,08:41,9.27,0
ATT-E0066-20260609,E0066,2026-06-09,Leave,,0,0
ATT-E0066-20260610,E0066,2026-06-10,Present,10:05,10.48,50
ATT-E0066-20260611,E0066,2026-06-11,Present,08:44,9.87,0
ATT-E0066-20260612,E0066,2026-06-12,Present,09:05,9.63,0
ATT-E0066-20260615,E0066,2026-06-15,Present,10:00,8.09,45
ATT-E0066-20260616,E0066,2026-06-16,Present,10:32,9.46,77
ATT-E0066-20260617,E0066,2026-06-17,Present,09:20,8.77,5
ATT-E0066-20260618,E0066,2026-06-18,Present,11:53,7.03,158
ATT-E0066-20260619,E0066,2026-06-19,Absent,,0,0
ATT-E0066-20260622,E0066,2026-06-22,Leave,,0,0
ATT-E0066-20260623,E0066,2026-06-23,Present,11:45,9.89,150
ATT-E0066-20260624,E0066,2026-06-24,Absent,,0,0
ATT-E0066-20260625,E0066,2026-06-25,Present,11:01,8.2,106
ATT-E0066-20260626,E0066,2026-06-26,Present,10:59,9.25,104
ATT-E0066-20260629,E0066,2026-06-29,Present,09:21,8.14,6
ATT-E0066-20260630,E0066,2026-06-30,Leave,,0,0
ATT-E0066-20260701,E0066,2026-07-01,Present,09:47,8.46,32
ATT-E0066-20260702,E0066,2026-07-02,Present,11:59,7.29,164
ATT-E0066-20260703,E0066,2026-07-03,Leave,,0,0
ATT-E0066-20260706,E0066,2026-07-06,Leave,,0,0
ATT-E0066-20260707,E0066,2026-07-07,Present,08:39,9.29,0
ATT-E0066-20260708,E0066,2026-07-08,Present,09:17,10.22,2
ATT-E0066-20260709,E0066,2026-07-09,Absent,,0,0
ATT-E0066-20260710,E0066,2026-07-10,Present,10:09,7.33,54
ATT-E0066-20260713,E0066,2026-07-13,Present,09:06,10.01,0
ATT-E0066-20260714,E0066,2026-07-14,Present,11:43,7.67,148
ATT-E0066-20260715,E0066,2026-07-15,Present,10:42,7.1,87
ATT-E0066-20260716,E0066,2026-07-16,Present,11:32,9.81,137
ATT-E0066-20260717,E0066,2026-07-17,Present,11:56,10.12,161
ATT-E0066-20260720,E0066,2026-07-20,Present,11:10,8.33,115
ATT-E0066-20260721,E0066,2026-07-21,Present,10:11,9.54,56
ATT-E0066-20260722,E0066,2026-07-22,Absent,,0,0
ATT-E0066-20260723,E0066,2026-07-23,Present,11:06,7.01,111
ATT-E0066-20260724,E0066,2026-07-24,Absent,,0,0
ATT-E0066-20260727,E0066,2026-07-27,Present,11:51,8.56,156
ATT-E0066-20260728,E0066,2026-07-28,Present,09:52,7.34,37
ATT-E0066-20260729,E0066,2026-07-29,Present,08:10,7.67,0
ATT-E0066-20260730,E0066,2026-07-30,Leave,,0,0
ATT-E0066-20260731,E0066,2026-07-31,Absent,,0,0
ATT-E0066-20260803,E0066,2026-08-03,Present,09:13,8.36,0
ATT-E0066-20260804,E0066,2026-08-04,Present,08:43,10.32,0
ATT-E0066-20260805,E0066,2026-08-05,Leave,,0,0
ATT-E0066-20260806,E0066,2026-08-06,Present,10:39,8.83,84
ATT-E0066-20260807,E0066,2026-08-07,Present,11:47,10.14,152
ATT-E0066-20260810,E0066,2026-08-10,Present,08:35,9.55,0
ATT-E0066-20260811,E0066,2026-08-11,Present,11:38,7.99,143
ATT-E0066-20260812,E0066,2026-08-12,Present,11:45,7.38,150
ATT-E0066-20260813,E0066,2026-08-13,Present,09:01,9.55,0
ATT-E0066-20260814,E0066,2026-08-14,Present,11:09,10.42,114
ATT-E0066-20260817,E0066,2026-08-17,Present,08:12,10.16,0
ATT-E0066-20260818,E0066,2026-08-18,Present,11:16,8.65,121
ATT-E0066-20260819,E0066,2026-08-19,Present,08:42,9.21,0
ATT-E0066-20260820,E0066,2026-08-20,Absent,,0,0
ATT-E0066-20260821,E0066,2026-08-21,Present,11:25,7.04,130
ATT-E0066-20260824,E0066,2026-08-24,Present,09:47,10.35,32
ATT-E0066-20260825,E0066,2026-08-25,Present,09:44,7.78,29
ATT-E0066-20260826,E0066,2026-08-26,Present,11:42,7.3,147
ATT-E0066-20260827,E0066,2026-08-27,Present,08:38,10.09,0
ATT-E0066-20260828,E0066,2026-08-28,Absent,,0,0
ATT-E0066-20260831,E0066,2026-08-31,Present,09:30,10.14,15
ATT-E0067-20260601,E0067,2026-06-01,Present,08:13,9.93,0
ATT-E0067-20260602,E0067,2026-06-02,Leave,,0,0
ATT-E0067-20260603,E0067,2026-06-03,Present,09:36,9.14,21
ATT-E0067-20260604,E0067,2026-06-04,Present,10:27,8.91,72
ATT-E0067-20260605,E0067,2026-06-05,Present,10:30,7.69,75
ATT-E0067-20260608,E0067,2026-06-08,Present,10:28,7.75,73
ATT-E0067-20260609,E0067,2026-06-09,Present,08:57,10.01,0
ATT-E0067-20260610,E0067,2026-06-10,Present,09:36,9.8,21
ATT-E0067-20260611,E0067,2026-06-11,Present,09:26,8.19,11
ATT-E0067-20260612,E0067,2026-06-12,Present,11:25,8.16,130
ATT-E0067-20260615,E0067,2026-06-15,Absent,,0,0
ATT-E0067-20260616,E0067,2026-06-16,Present,11:12,10.33,117
ATT-E0067-20260617,E0067,2026-06-17,Present,08:06,8.44,0
ATT-E0067-20260618,E0067,2026-06-18,Leave,,0,0
ATT-E0067-20260619,E0067,2026-06-19,Leave,,0,0
ATT-E0067-20260622,E0067,2026-06-22,Present,11:31,7.46,136
ATT-E0067-20260623,E0067,2026-06-23,Present,08:51,10.2,0
ATT-E0067-20260624,E0067,2026-06-24,Present,09:55,10.48,40
ATT-E0067-20260625,E0067,2026-06-25,Leave,,0,0
ATT-E0067-20260626,E0067,2026-06-26,Present,08:05,7.23,0
ATT-E0067-20260629,E0067,2026-06-29,Present,09:39,9.99,24
ATT-E0067-20260630,E0067,2026-06-30,Present,11:09,10.37,114
ATT-E0067-20260701,E0067,2026-07-01,Absent,,0,0
ATT-E0067-20260702,E0067,2026-07-02,Present,11:44,9.64,149
ATT-E0067-20260703,E0067,2026-07-03,Present,10:31,9.45,76
ATT-E0067-20260706,E0067,2026-07-06,Present,09:44,7.15,29
ATT-E0067-20260707,E0067,2026-07-07,Present,09:58,7.07,43
ATT-E0067-20260708,E0067,2026-07-08,Present,08:11,8.77,0
ATT-E0067-20260709,E0067,2026-07-09,Present,10:36,8.5,81
ATT-E0067-20260710,E0067,2026-07-10,Present,11:40,10.08,145
ATT-E0067-20260713,E0067,2026-07-13,Present,11:47,7.97,152
ATT-E0067-20260714,E0067,2026-07-14,Leave,,0,0
ATT-E0067-20260715,E0067,2026-07-15,Present,08:11,7.7,0
ATT-E0067-20260716,E0067,2026-07-16,Present,08:11,10.31,0
ATT-E0067-20260717,E0067,2026-07-17,Leave,,0,0
ATT-E0067-20260720,E0067,2026-07-20,Present,08:41,9.21,0
ATT-E0067-20260721,E0067,2026-07-21,Present,08:50,7.46,0
ATT-E0067-20260722,E0067,2026-07-22,Present,11:02,10.11,107
ATT-E0067-20260723,E0067,2026-07-23,Present,09:08,8.37,0
ATT-E0067-20260724,E0067,2026-07-24,Present,11:44,7.33,149
ATT-E0067-20260727,E0067,2026-07-27,Present,10:20,8.93,65
ATT-E0067-20260728,E0067,2026-07-28,Present,08:18,8.18,0
ATT-E0067-20260729,E0067,2026-07-29,Leave,,0,0
ATT-E0067-20260730,E0067,2026-07-30,Present,09:04,7.7,0
ATT-E0067-20260731,E0067,2026-07-31,Leave,,0,0
ATT-E0067-20260803,E0067,2026-08-03,Present,09:35,10.3,20
ATT-E0067-20260804,E0067,2026-08-04,Present,09:12,7.08,0
ATT-E0067-20260805,E0067,2026-08-05,Present,09:29,9.99,14
ATT-E0067-20260806,E0067,2026-08-06,Present,10:31,7.95,76
ATT-E0067-20260807,E0067,2026-08-07,Present,11:19,7.04,124
ATT-E0067-20260810,E0067,2026-08-10,Present,08:22,9.89,0
ATT-E0067-20260811,E0067,2026-08-11,Present,10:44,7.28,89
ATT-E0067-20260812,E0067,2026-08-12,Present,09:19,10.47,4
ATT-E0067-20260813,E0067,2026-08-13,Leave,,0,0
ATT-E0067-20260814,E0067,2026-08-14,Present,10:48,9.23,93
ATT-E0067-20260817,E0067,2026-08-17,Present,11:59,7.24,164
ATT-E0067-20260818,E0067,2026-08-18,Present,08:57,9.8,0
ATT-E0067-20260819,E0067,2026-08-19,Present,10:03,7.85,48
ATT-E0067-20260820,E0067,2026-08-20,Present,11:27,9.07,132
ATT-E0067-20260821,E0067,2026-08-21,Present,09:14,8.23,0
ATT-E0067-20260824,E0067,2026-08-24,Present,08:51,7.1,0
ATT-E0067-20260825,E0067,2026-08-25,Present,09:06,8.39,0
ATT-E0067-20260826,E0067,2026-08-26,Present,10:57,9.48,102
ATT-E0067-20260827,E0067,2026-08-27,Absent,,0,0
ATT-E0067-20260828,E0067,2026-08-28,Present,11:11,7.12,116
ATT-E0067-20260831,E0067,2026-08-31,Present,11:28,9.81,133
ATT-E0068-20260601,E0068,2026-06-01,Absent,,0,0
ATT-E0068-20260602,E0068,2026-06-02,Present,08:18,7.71,0
ATT-E0068-20260603,E0068,2026-06-03,Present,11:23,9.44,128
ATT-E0068-20260604,E0068,2026-06-04,Present,10:47,10.22,92
ATT-E0068-20260605,E0068,2026-06-05,Present,11:22,8.07,127
ATT-E0068-20260608,E0068,2026-06-08,Present,08:40,9.6,0
ATT-E0068-20260609,E0068,2026-06-09,Present,11:05,10.41,110
ATT-E0068-20260610,E0068,2026-06-10,Present,08:22,8.43,0
ATT-E0068-20260611,E0068,2026-06-11,Present,11:11,8.59,116
ATT-E0068-20260612,E0068,2026-06-12,Present,10:41,9.18,86
ATT-E0068-20260615,E0068,2026-06-15,Present,08:18,7.19,0
ATT-E0068-20260616,E0068,2026-06-16,Present,10:35,10.49,80
ATT-E0068-20260617,E0068,2026-06-17,Present,08:00,7.5,0
ATT-E0068-20260618,E0068,2026-06-18,Present,10:39,7.72,84
ATT-E0068-20260619,E0068,2026-06-19,Absent,,0,0
ATT-E0068-20260622,E0068,2026-06-22,Present,10:06,7.35,51
ATT-E0068-20260623,E0068,2026-06-23,Present,10:18,9.15,63
ATT-E0068-20260624,E0068,2026-06-24,Present,08:52,7.84,0
ATT-E0068-20260625,E0068,2026-06-25,Present,11:53,7.14,158
ATT-E0068-20260626,E0068,2026-06-26,Present,08:06,9.79,0
ATT-E0068-20260629,E0068,2026-06-29,Present,08:45,9.47,0
ATT-E0068-20260630,E0068,2026-06-30,Present,09:47,10.17,32
ATT-E0068-20260701,E0068,2026-07-01,Leave,,0,0
ATT-E0068-20260702,E0068,2026-07-02,Present,11:02,7.53,107
ATT-E0068-20260703,E0068,2026-07-03,Present,09:02,7.5,0
ATT-E0068-20260706,E0068,2026-07-06,Leave,,0,0
ATT-E0068-20260707,E0068,2026-07-07,Present,10:25,7.45,70
ATT-E0068-20260708,E0068,2026-07-08,Present,10:14,9.48,59
ATT-E0068-20260709,E0068,2026-07-09,Absent,,0,0
ATT-E0068-20260710,E0068,2026-07-10,Present,08:03,8.17,0
ATT-E0068-20260713,E0068,2026-07-13,Present,09:04,8.36,0
ATT-E0068-20260714,E0068,2026-07-14,Leave,,0,0
ATT-E0068-20260715,E0068,2026-07-15,Present,08:09,7.16,0
ATT-E0068-20260716,E0068,2026-07-16,Present,08:08,7.51,0
ATT-E0068-20260717,E0068,2026-07-17,Present,09:30,7.28,15
ATT-E0068-20260720,E0068,2026-07-20,Present,09:01,9.1,0
ATT-E0068-20260721,E0068,2026-07-21,Present,11:24,9.41,129
ATT-E0068-20260722,E0068,2026-07-22,Present,09:39,8.4,24
ATT-E0068-20260723,E0068,2026-07-23,Present,08:54,7.25,0
ATT-E0068-20260724,E0068,2026-07-24,Present,11:36,10.26,141
ATT-E0068-20260727,E0068,2026-07-27,Present,11:44,7.25,149
ATT-E0068-20260728,E0068,2026-07-28,Present,09:26,8.75,11
ATT-E0068-20260729,E0068,2026-07-29,Leave,,0,0
ATT-E0068-20260730,E0068,2026-07-30,Present,08:17,8.24,0
ATT-E0068-20260731,E0068,2026-07-31,Present,11:47,7.98,152
ATT-E0068-20260803,E0068,2026-08-03,Present,10:02,7.59,47
ATT-E0068-20260804,E0068,2026-08-04,Present,08:42,8.25,0
ATT-E0068-20260805,E0068,2026-08-05,Present,08:35,9.19,0
ATT-E0068-20260806,E0068,2026-08-06,Present,09:19,10.07,4
ATT-E0068-20260807,E0068,2026-08-07,Present,11:25,9.2,130
ATT-E0068-20260810,E0068,2026-08-10,Present,11:57,9.01,162
ATT-E0068-20260811,E0068,2026-08-11,Leave,,0,0
ATT-E0068-20260812,E0068,2026-08-12,Present,11:53,8.03,158
ATT-E0068-20260813,E0068,2026-08-13,Present,10:58,9.1,103
ATT-E0068-20260814,E0068,2026-08-14,Present,11:35,8.49,140
ATT-E0068-20260817,E0068,2026-08-17,Present,11:22,9.42,127
ATT-E0068-20260818,E0068,2026-08-18,Present,08:30,9.12,0
ATT-E0068-20260819,E0068,2026-08-19,Present,09:36,7.29,21
ATT-E0068-20260820,E0068,2026-08-20,Present,09:41,10.22,26
ATT-E0068-20260821,E0068,2026-08-21,Leave,,0,0
ATT-E0068-20260824,E0068,2026-08-24,Leave,,0,0
ATT-E0068-20260825,E0068,2026-08-25,Leave,,0,0
ATT-E0068-20260826,E0068,2026-08-26,Present,10:01,9.35,46
ATT-E0068-20260827,E0068,2026-08-27,Present,11:10,8.43,115
ATT-E0068-20260828,E0068,2026-08-28,Leave,,0,0
ATT-E0068-20260831,E0068,2026-08-31,Present,11:38,7.57,143
ATT-E0069-20260601,E0069,2026-06-01,Present,09:07,7.05,0
ATT-E0069-20260602,E0069,2026-06-02,Leave,,0,0
ATT-E0069-20260603,E0069,2026-06-03,Present,09:30,8.58,15
ATT-E0069-20260604,E0069,2026-06-04,Present,09:41,8.03,26
ATT-E0069-20260605,E0069,2026-06-05,Present,10:56,10.13,101
ATT-E0069-20260608,E0069,2026-06-08,Present,08:30,8.76,0
ATT-E0069-20260609,E0069,2026-06-09,Present,08:25,7.46,0
ATT-E0069-20260610,E0069,2026-06-10,Absent,,0,0
ATT-E0069-20260611,E0069,2026-06-11,Present,08:53,8.18,0
ATT-E0069-20260612,E0069,2026-06-12,Absent,,0,0
ATT-E0069-20260615,E0069,2026-06-15,Present,10:14,8.92,59
ATT-E0069-20260616,E0069,2026-06-16,Present,09:13,8,0
ATT-E0069-20260617,E0069,2026-06-17,Present,09:10,8,0
ATT-E0069-20260618,E0069,2026-06-18,Present,10:17,7.44,62
ATT-E0069-20260619,E0069,2026-06-19,Present,09:10,9.9,0
ATT-E0069-20260622,E0069,2026-06-22,Present,09:57,7.03,42
ATT-E0069-20260623,E0069,2026-06-23,Present,08:00,9.23,0
ATT-E0069-20260624,E0069,2026-06-24,Present,09:47,9.15,32
ATT-E0069-20260625,E0069,2026-06-25,Leave,,0,0
ATT-E0069-20260626,E0069,2026-06-26,Present,09:21,9.78,6
ATT-E0069-20260629,E0069,2026-06-29,Present,10:12,8.52,57
ATT-E0069-20260630,E0069,2026-06-30,Present,08:15,9.65,0
ATT-E0069-20260701,E0069,2026-07-01,Present,11:02,7.75,107
ATT-E0069-20260702,E0069,2026-07-02,Present,08:12,8.47,0
ATT-E0069-20260703,E0069,2026-07-03,Present,09:24,9.92,9
ATT-E0069-20260706,E0069,2026-07-06,Present,09:36,8.89,21
ATT-E0069-20260707,E0069,2026-07-07,Leave,,0,0
ATT-E0069-20260708,E0069,2026-07-08,Present,09:18,8.91,3
ATT-E0069-20260709,E0069,2026-07-09,Present,08:00,8.97,0
ATT-E0069-20260710,E0069,2026-07-10,Present,10:05,7.79,50
ATT-E0069-20260713,E0069,2026-07-13,Present,11:08,9.86,113
ATT-E0069-20260714,E0069,2026-07-14,Leave,,0,0
ATT-E0069-20260715,E0069,2026-07-15,Absent,,0,0
ATT-E0069-20260716,E0069,2026-07-16,Leave,,0,0
ATT-E0069-20260717,E0069,2026-07-17,Present,08:35,8.24,0
ATT-E0069-20260720,E0069,2026-07-20,Present,08:46,10.37,0
ATT-E0069-20260721,E0069,2026-07-21,Absent,,0,0
ATT-E0069-20260722,E0069,2026-07-22,Present,11:25,8.17,130
ATT-E0069-20260723,E0069,2026-07-23,Absent,,0,0
ATT-E0069-20260724,E0069,2026-07-24,Present,08:03,9.75,0
ATT-E0069-20260727,E0069,2026-07-27,Present,09:06,9.06,0
ATT-E0069-20260728,E0069,2026-07-28,Present,08:07,9.6,0
ATT-E0069-20260729,E0069,2026-07-29,Present,11:59,8.96,164
ATT-E0069-20260730,E0069,2026-07-30,Present,09:54,7.82,39
ATT-E0069-20260731,E0069,2026-07-31,Present,10:18,9.93,63
ATT-E0069-20260803,E0069,2026-08-03,Present,11:41,8.77,146
ATT-E0069-20260804,E0069,2026-08-04,Present,11:30,8.1,135
ATT-E0069-20260805,E0069,2026-08-05,Present,11:58,7.7,163
ATT-E0069-20260806,E0069,2026-08-06,Present,11:00,9.04,105
ATT-E0069-20260807,E0069,2026-08-07,Present,10:11,8.73,56
ATT-E0069-20260810,E0069,2026-08-10,Present,11:25,8.48,130
ATT-E0069-20260811,E0069,2026-08-11,Present,10:07,7.17,52
ATT-E0069-20260812,E0069,2026-08-12,Present,08:36,7.58,0
ATT-E0069-20260813,E0069,2026-08-13,Leave,,0,0
ATT-E0069-20260814,E0069,2026-08-14,Present,08:45,7.48,0
ATT-E0069-20260817,E0069,2026-08-17,Present,08:56,9.49,0
ATT-E0069-20260818,E0069,2026-08-18,Leave,,0,0
ATT-E0069-20260819,E0069,2026-08-19,Present,11:28,7.73,133
ATT-E0069-20260820,E0069,2026-08-20,Leave,,0,0
ATT-E0069-20260821,E0069,2026-08-21,Present,09:37,9.55,22
ATT-E0069-20260824,E0069,2026-08-24,Leave,,0,0
ATT-E0069-20260825,E0069,2026-08-25,Present,11:48,7.33,153
ATT-E0069-20260826,E0069,2026-08-26,Present,09:37,7.38,22
ATT-E0069-20260827,E0069,2026-08-27,Leave,,0,0
ATT-E0069-20260828,E0069,2026-08-28,Present,10:47,8.28,92
ATT-E0069-20260831,E0069,2026-08-31,Present,10:47,7.12,92
ATT-E0070-20260601,E0070,2026-06-01,Present,10:15,8.04,60
ATT-E0070-20260602,E0070,2026-06-02,Present,09:25,10.11,10
ATT-E0070-20260603,E0070,2026-06-03,Present,09:06,8.48,0
ATT-E0070-20260604,E0070,2026-06-04,Leave,,0,0
ATT-E0070-20260605,E0070,2026-06-05,Present,08:19,7.66,0
ATT-E0070-20260608,E0070,2026-06-08,Present,10:15,7.24,60
ATT-E0070-20260609,E0070,2026-06-09,Absent,,0,0
ATT-E0070-20260610,E0070,2026-06-10,Present,10:16,7.48,61
ATT-E0070-20260611,E0070,2026-06-11,Absent,,0,0
ATT-E0070-20260612,E0070,2026-06-12,Present,09:32,7.03,17
ATT-E0070-20260615,E0070,2026-06-15,Present,11:01,9.87,106
ATT-E0070-20260616,E0070,2026-06-16,Present,10:22,7.82,67
ATT-E0070-20260617,E0070,2026-06-17,Present,08:22,9.68,0
ATT-E0070-20260618,E0070,2026-06-18,Present,08:29,9.1,0
ATT-E0070-20260619,E0070,2026-06-19,Present,08:44,9.36,0
ATT-E0070-20260622,E0070,2026-06-22,Present,09:37,8.8,22
ATT-E0070-20260623,E0070,2026-06-23,Present,08:46,10.39,0
ATT-E0070-20260624,E0070,2026-06-24,Present,08:19,7.94,0
ATT-E0070-20260625,E0070,2026-06-25,Present,10:59,10.34,104
ATT-E0070-20260626,E0070,2026-06-26,Present,10:03,9.99,48
ATT-E0070-20260629,E0070,2026-06-29,Leave,,0,0
ATT-E0070-20260630,E0070,2026-06-30,Present,08:17,9.05,0
ATT-E0070-20260701,E0070,2026-07-01,Absent,,0,0
ATT-E0070-20260702,E0070,2026-07-02,Present,10:41,8.27,86
ATT-E0070-20260703,E0070,2026-07-03,Present,11:06,9.55,111
ATT-E0070-20260706,E0070,2026-07-06,Absent,,0,0
ATT-E0070-20260707,E0070,2026-07-07,Present,10:50,10.38,95
ATT-E0070-20260708,E0070,2026-07-08,Present,09:19,7.73,4
ATT-E0070-20260709,E0070,2026-07-09,Present,08:07,9.7,0
ATT-E0070-20260710,E0070,2026-07-10,Leave,,0,0
ATT-E0070-20260713,E0070,2026-07-13,Present,10:53,9.25,98
ATT-E0070-20260714,E0070,2026-07-14,Present,11:47,9.41,152
ATT-E0070-20260715,E0070,2026-07-15,Present,09:10,10.46,0
ATT-E0070-20260716,E0070,2026-07-16,Present,09:03,9.42,0
ATT-E0070-20260717,E0070,2026-07-17,Present,09:00,9.58,0
ATT-E0070-20260720,E0070,2026-07-20,Leave,,0,0
ATT-E0070-20260721,E0070,2026-07-21,Present,09:33,8.57,18
ATT-E0070-20260722,E0070,2026-07-22,Present,10:12,9.41,57
ATT-E0070-20260723,E0070,2026-07-23,Leave,,0,0
ATT-E0070-20260724,E0070,2026-07-24,Present,09:07,7.84,0
ATT-E0070-20260727,E0070,2026-07-27,Present,10:05,10.12,50
ATT-E0070-20260728,E0070,2026-07-28,Leave,,0,0
ATT-E0070-20260729,E0070,2026-07-29,Present,11:07,9.22,112
ATT-E0070-20260730,E0070,2026-07-30,Leave,,0,0
ATT-E0070-20260731,E0070,2026-07-31,Present,11:53,8.31,158
ATT-E0070-20260803,E0070,2026-08-03,Leave,,0,0
ATT-E0070-20260804,E0070,2026-08-04,Present,10:04,10.42,49
ATT-E0070-20260805,E0070,2026-08-05,Present,09:12,8.03,0
ATT-E0070-20260806,E0070,2026-08-06,Present,10:07,10.13,52
ATT-E0070-20260807,E0070,2026-08-07,Present,11:07,8.54,112
ATT-E0070-20260810,E0070,2026-08-10,Present,11:20,7.23,125
ATT-E0070-20260811,E0070,2026-08-11,Present,10:59,7.59,104
ATT-E0070-20260812,E0070,2026-08-12,Present,08:41,9.21,0
ATT-E0070-20260813,E0070,2026-08-13,Present,08:36,10.13,0
ATT-E0070-20260814,E0070,2026-08-14,Present,09:16,8.81,1
ATT-E0070-20260817,E0070,2026-08-17,Present,09:01,9.7,0
ATT-E0070-20260818,E0070,2026-08-18,Leave,,0,0
ATT-E0070-20260819,E0070,2026-08-19,Present,11:46,9.42,151
ATT-E0070-20260820,E0070,2026-08-20,Present,10:18,9.9,63
ATT-E0070-20260821,E0070,2026-08-21,Present,09:18,9.5,3
ATT-E0070-20260824,E0070,2026-08-24,Present,10:13,7.19,58
ATT-E0070-20260825,E0070,2026-08-25,Present,08:29,9.24,0
ATT-E0070-20260826,E0070,2026-08-26,Present,10:12,8.15,57
ATT-E0070-20260827,E0070,2026-08-27,Present,10:19,10.39,64
ATT-E0070-20260828,E0070,2026-08-28,Absent,,0,0
ATT-E0070-20260831,E0070,2026-08-31,Present,10:42,8.64,87
ATT-E0071-20260601,E0071,2026-06-01,Absent,,0,0
ATT-E0071-20260602,E0071,2026-06-02,Present,11:40,10.45,145
ATT-E0071-20260603,E0071,2026-06-03,Present,09:35,9.66,20
ATT-E0071-20260604,E0071,2026-06-04,Present,08:13,7.89,0
ATT-E0071-20260605,E0071,2026-06-05,Present,09:23,8.35,8
ATT-E0071-20260608,E0071,2026-06-08,Present,11:45,9.54,150
ATT-E0071-20260609,E0071,2026-06-09,Present,10:04,8.38,49
ATT-E0071-20260610,E0071,2026-06-10,Present,09:00,7.85,0
ATT-E0071-20260611,E0071,2026-06-11,Present,11:42,7.52,147
ATT-E0071-20260612,E0071,2026-06-12,Present,11:10,9.41,115
ATT-E0071-20260615,E0071,2026-06-15,Present,09:04,8.45,0
ATT-E0071-20260616,E0071,2026-06-16,Absent,,0,0
ATT-E0071-20260617,E0071,2026-06-17,Present,08:43,10.08,0
ATT-E0071-20260618,E0071,2026-06-18,Present,08:00,10.39,0
ATT-E0071-20260619,E0071,2026-06-19,Present,10:03,9.45,48
ATT-E0071-20260622,E0071,2026-06-22,Present,09:27,9.37,12
ATT-E0071-20260623,E0071,2026-06-23,Present,11:25,9.67,130
ATT-E0071-20260624,E0071,2026-06-24,Present,08:32,10.23,0
ATT-E0071-20260625,E0071,2026-06-25,Present,10:35,10.32,80
ATT-E0071-20260626,E0071,2026-06-26,Present,11:55,7.41,160
ATT-E0071-20260629,E0071,2026-06-29,Present,09:21,9.2,6
ATT-E0071-20260630,E0071,2026-06-30,Leave,,0,0
ATT-E0071-20260701,E0071,2026-07-01,Present,10:13,10.33,58
ATT-E0071-20260702,E0071,2026-07-02,Present,11:15,8,120
ATT-E0071-20260703,E0071,2026-07-03,Present,10:00,7.88,45
ATT-E0071-20260706,E0071,2026-07-06,Present,10:38,7.48,83
ATT-E0071-20260707,E0071,2026-07-07,Present,09:44,7.42,29
ATT-E0071-20260708,E0071,2026-07-08,Present,11:56,7.1,161
ATT-E0071-20260709,E0071,2026-07-09,Present,09:09,9.93,0
ATT-E0071-20260710,E0071,2026-07-10,Present,08:45,7.93,0
ATT-E0071-20260713,E0071,2026-07-13,Present,08:03,9.83,0
ATT-E0071-20260714,E0071,2026-07-14,Leave,,0,0
ATT-E0071-20260715,E0071,2026-07-15,Leave,,0,0
ATT-E0071-20260716,E0071,2026-07-16,Present,10:27,8.68,72
ATT-E0071-20260717,E0071,2026-07-17,Present,09:47,7.95,32
ATT-E0071-20260720,E0071,2026-07-20,Present,10:02,9.61,47
ATT-E0071-20260721,E0071,2026-07-21,Present,08:49,9.46,0
ATT-E0071-20260722,E0071,2026-07-22,Present,09:18,8.56,3
ATT-E0071-20260723,E0071,2026-07-23,Present,09:52,8.93,37
ATT-E0071-20260724,E0071,2026-07-24,Present,08:09,7.03,0
ATT-E0071-20260727,E0071,2026-07-27,Present,09:37,8.19,22
ATT-E0071-20260728,E0071,2026-07-28,Present,09:25,9.28,10
ATT-E0071-20260729,E0071,2026-07-29,Present,10:50,9.36,95
ATT-E0071-20260730,E0071,2026-07-30,Leave,,0,0
ATT-E0071-20260731,E0071,2026-07-31,Present,08:12,7.98,0
ATT-E0071-20260803,E0071,2026-08-03,Present,08:51,8.1,0
ATT-E0071-20260804,E0071,2026-08-04,Present,08:06,10.47,0
ATT-E0071-20260805,E0071,2026-08-05,Leave,,0,0
ATT-E0071-20260806,E0071,2026-08-06,Leave,,0,0
ATT-E0071-20260807,E0071,2026-08-07,Present,08:18,7.84,0
ATT-E0071-20260810,E0071,2026-08-10,Present,09:18,8.25,3
ATT-E0071-20260811,E0071,2026-08-11,Leave,,0,0
ATT-E0071-20260812,E0071,2026-08-12,Leave,,0,0
ATT-E0071-20260813,E0071,2026-08-13,Present,11:29,9.9,134
ATT-E0071-20260814,E0071,2026-08-14,Present,09:19,7.71,4
ATT-E0071-20260817,E0071,2026-08-17,Absent,,0,0
ATT-E0071-20260818,E0071,2026-08-18,Present,11:36,8.11,141
ATT-E0071-20260819,E0071,2026-08-19,Present,09:10,7.78,0
ATT-E0071-20260820,E0071,2026-08-20,Present,08:11,10.23,0
ATT-E0071-20260821,E0071,2026-08-21,Present,08:08,8.93,0
ATT-E0071-20260824,E0071,2026-08-24,Present,11:51,7.06,156
ATT-E0071-20260825,E0071,2026-08-25,Present,08:02,7.73,0
ATT-E0071-20260826,E0071,2026-08-26,Present,09:17,9.21,2
ATT-E0071-20260827,E0071,2026-08-27,Present,09:06,8.38,0
ATT-E0071-20260828,E0071,2026-08-28,Present,09:56,7.97,41
ATT-E0071-20260831,E0071,2026-08-31,Leave,,0,0
ATT-E0072-20260601,E0072,2026-06-01,Present,08:49,10.13,0
ATT-E0072-20260602,E0072,2026-06-02,Present,10:57,9.57,102
ATT-E0072-20260603,E0072,2026-06-03,Present,10:08,7.82,53
ATT-E0072-20260604,E0072,2026-06-04,Leave,,0,0
ATT-E0072-20260605,E0072,2026-06-05,Leave,,0,0
ATT-E0072-20260608,E0072,2026-06-08,Present,08:45,9.44,0
ATT-E0072-20260609,E0072,2026-06-09,Present,08:08,9.59,0
ATT-E0072-20260610,E0072,2026-06-10,Present,11:50,7.19,155
ATT-E0072-20260611,E0072,2026-06-11,Present,11:38,7.72,143
ATT-E0072-20260612,E0072,2026-06-12,Present,08:09,8.63,0
ATT-E0072-20260615,E0072,2026-06-15,Present,08:38,7.51,0
ATT-E0072-20260616,E0072,2026-06-16,Present,09:30,7.59,15
ATT-E0072-20260617,E0072,2026-06-17,Absent,,0,0
ATT-E0072-20260618,E0072,2026-06-18,Present,10:22,9.37,67
ATT-E0072-20260619,E0072,2026-06-19,Present,10:22,7.06,67
ATT-E0072-20260622,E0072,2026-06-22,Present,09:48,9.86,33
ATT-E0072-20260623,E0072,2026-06-23,Present,09:53,9.59,38
ATT-E0072-20260624,E0072,2026-06-24,Present,11:26,7.73,131
ATT-E0072-20260625,E0072,2026-06-25,Present,08:50,7.26,0
ATT-E0072-20260626,E0072,2026-06-26,Present,10:07,10.28,52
ATT-E0072-20260629,E0072,2026-06-29,Present,10:08,8.63,53
ATT-E0072-20260630,E0072,2026-06-30,Present,10:28,7.25,73
ATT-E0072-20260701,E0072,2026-07-01,Present,09:28,9.66,13
ATT-E0072-20260702,E0072,2026-07-02,Absent,,0,0
ATT-E0072-20260703,E0072,2026-07-03,Present,11:16,8.15,121
ATT-E0072-20260706,E0072,2026-07-06,Present,11:31,10.48,136
ATT-E0072-20260707,E0072,2026-07-07,Leave,,0,0
ATT-E0072-20260708,E0072,2026-07-08,Present,08:23,9.83,0
ATT-E0072-20260709,E0072,2026-07-09,Present,08:56,9.82,0
ATT-E0072-20260710,E0072,2026-07-10,Present,08:05,7.77,0
ATT-E0072-20260713,E0072,2026-07-13,Present,10:01,9.33,46
ATT-E0072-20260714,E0072,2026-07-14,Present,11:10,9.6,115
ATT-E0072-20260715,E0072,2026-07-15,Present,09:36,8.66,21
ATT-E0072-20260716,E0072,2026-07-16,Present,09:30,9.69,15
ATT-E0072-20260717,E0072,2026-07-17,Leave,,0,0
ATT-E0072-20260720,E0072,2026-07-20,Present,09:10,7.68,0
ATT-E0072-20260721,E0072,2026-07-21,Present,09:10,7.5,0
ATT-E0072-20260722,E0072,2026-07-22,Present,08:37,10.28,0
ATT-E0072-20260723,E0072,2026-07-23,Present,08:44,7.32,0
ATT-E0072-20260724,E0072,2026-07-24,Present,11:35,9.63,140
ATT-E0072-20260727,E0072,2026-07-27,Present,08:15,7.7,0
ATT-E0072-20260728,E0072,2026-07-28,Present,09:28,7.88,13
ATT-E0072-20260729,E0072,2026-07-29,Present,11:46,9.87,151
ATT-E0072-20260730,E0072,2026-07-30,Present,09:57,9.05,42
ATT-E0072-20260731,E0072,2026-07-31,Present,11:03,7.06,108
ATT-E0072-20260803,E0072,2026-08-03,Present,09:39,7.96,24
ATT-E0072-20260804,E0072,2026-08-04,Absent,,0,0
ATT-E0072-20260805,E0072,2026-08-05,Present,09:56,7.93,41
ATT-E0072-20260806,E0072,2026-08-06,Present,11:36,7.66,141
ATT-E0072-20260807,E0072,2026-08-07,Present,11:10,9.31,115
ATT-E0072-20260810,E0072,2026-08-10,Present,11:21,9.8,126
ATT-E0072-20260811,E0072,2026-08-11,Present,09:28,8.68,13
ATT-E0072-20260812,E0072,2026-08-12,Leave,,0,0
ATT-E0072-20260813,E0072,2026-08-13,Leave,,0,0
ATT-E0072-20260814,E0072,2026-08-14,Leave,,0,0
ATT-E0072-20260817,E0072,2026-08-17,Present,08:18,7.82,0
ATT-E0072-20260818,E0072,2026-08-18,Present,10:15,9.36,60
ATT-E0072-20260819,E0072,2026-08-19,Present,10:29,9.11,74
ATT-E0072-20260820,E0072,2026-08-20,Present,09:08,8.83,0
ATT-E0072-20260821,E0072,2026-08-21,Present,08:17,9.67,0
ATT-E0072-20260824,E0072,2026-08-24,Present,10:27,8.19,72
ATT-E0072-20260825,E0072,2026-08-25,Present,09:55,8.36,40
ATT-E0072-20260826,E0072,2026-08-26,Present,09:58,10.04,43
ATT-E0072-20260827,E0072,2026-08-27,Leave,,0,0
ATT-E0072-20260828,E0072,2026-08-28,Absent,,0,0
ATT-E0072-20260831,E0072,2026-08-31,Present,10:25,7.37,70
ATT-E0073-20260601,E0073,2026-06-01,Present,08:58,7.08,0
ATT-E0073-20260602,E0073,2026-06-02,Present,11:51,9,156
ATT-E0073-20260603,E0073,2026-06-03,Leave,,0,0
ATT-E0073-20260604,E0073,2026-06-04,Leave,,0,0
ATT-E0073-20260605,E0073,2026-06-05,Present,11:27,9.39,132
ATT-E0073-20260608,E0073,2026-06-08,Present,08:05,9.23,0
ATT-E0073-20260609,E0073,2026-06-09,Present,09:51,8.22,36
ATT-E0073-20260610,E0073,2026-06-10,Present,08:16,9.25,0
ATT-E0073-20260611,E0073,2026-06-11,Present,10:43,7.55,88
ATT-E0073-20260612,E0073,2026-06-12,Absent,,0,0
ATT-E0073-20260615,E0073,2026-06-15,Present,09:35,7.08,20
ATT-E0073-20260616,E0073,2026-06-16,Present,09:22,9.94,7
ATT-E0073-20260617,E0073,2026-06-17,Absent,,0,0
ATT-E0073-20260618,E0073,2026-06-18,Present,09:31,7.26,16
ATT-E0073-20260619,E0073,2026-06-19,Present,09:04,7.81,0
ATT-E0073-20260622,E0073,2026-06-22,Leave,,0,0
ATT-E0073-20260623,E0073,2026-06-23,Present,08:24,8.52,0
ATT-E0073-20260624,E0073,2026-06-24,Present,10:36,8.94,81
ATT-E0073-20260625,E0073,2026-06-25,Present,08:12,8.04,0
ATT-E0073-20260626,E0073,2026-06-26,Present,08:35,10.42,0
ATT-E0073-20260629,E0073,2026-06-29,Present,11:20,9.38,125
ATT-E0073-20260630,E0073,2026-06-30,Present,10:13,7.77,58
ATT-E0073-20260701,E0073,2026-07-01,Present,11:58,9.73,163
ATT-E0073-20260702,E0073,2026-07-02,Absent,,0,0
ATT-E0073-20260703,E0073,2026-07-03,Present,10:23,9.71,68
ATT-E0073-20260706,E0073,2026-07-06,Present,10:09,9.21,54
ATT-E0073-20260707,E0073,2026-07-07,Present,08:43,7.84,0
ATT-E0073-20260708,E0073,2026-07-08,Present,08:45,8.31,0
ATT-E0073-20260709,E0073,2026-07-09,Present,10:28,7.96,73
ATT-E0073-20260710,E0073,2026-07-10,Present,09:35,9.54,20
ATT-E0073-20260713,E0073,2026-07-13,Present,10:36,9.12,81
ATT-E0073-20260714,E0073,2026-07-14,Leave,,0,0
ATT-E0073-20260715,E0073,2026-07-15,Present,10:22,9.78,67
ATT-E0073-20260716,E0073,2026-07-16,Present,08:59,8.08,0
ATT-E0073-20260717,E0073,2026-07-17,Present,10:35,9.67,80
ATT-E0073-20260720,E0073,2026-07-20,Absent,,0,0
ATT-E0073-20260721,E0073,2026-07-21,Present,10:32,9.82,77
ATT-E0073-20260722,E0073,2026-07-22,Present,08:49,8.4,0
ATT-E0073-20260723,E0073,2026-07-23,Absent,,0,0
ATT-E0073-20260724,E0073,2026-07-24,Present,10:45,7.91,90
ATT-E0073-20260727,E0073,2026-07-27,Present,09:12,7.3,0
ATT-E0073-20260728,E0073,2026-07-28,Present,08:21,10.09,0
ATT-E0073-20260729,E0073,2026-07-29,Absent,,0,0
ATT-E0073-20260730,E0073,2026-07-30,Present,10:25,8.91,70
ATT-E0073-20260731,E0073,2026-07-31,Present,08:50,10.32,0
ATT-E0073-20260803,E0073,2026-08-03,Absent,,0,0
ATT-E0073-20260804,E0073,2026-08-04,Present,08:39,7.9,0
ATT-E0073-20260805,E0073,2026-08-05,Present,10:31,9.85,76
ATT-E0073-20260806,E0073,2026-08-06,Present,11:36,8.7,141
ATT-E0073-20260807,E0073,2026-08-07,Present,11:32,10.03,137
ATT-E0073-20260810,E0073,2026-08-10,Present,10:20,10.22,65
ATT-E0073-20260811,E0073,2026-08-11,Leave,,0,0
ATT-E0073-20260812,E0073,2026-08-12,Present,08:43,8.04,0
ATT-E0073-20260813,E0073,2026-08-13,Absent,,0,0
ATT-E0073-20260814,E0073,2026-08-14,Present,11:07,7.94,112
ATT-E0073-20260817,E0073,2026-08-17,Present,11:02,10.45,107
ATT-E0073-20260818,E0073,2026-08-18,Absent,,0,0
ATT-E0073-20260819,E0073,2026-08-19,Present,10:17,10.32,62
ATT-E0073-20260820,E0073,2026-08-20,Absent,,0,0
ATT-E0073-20260821,E0073,2026-08-21,Leave,,0,0
ATT-E0073-20260824,E0073,2026-08-24,Present,10:12,7.8,57
ATT-E0073-20260825,E0073,2026-08-25,Present,09:39,8.51,24
ATT-E0073-20260826,E0073,2026-08-26,Present,10:03,8.53,48
ATT-E0073-20260827,E0073,2026-08-27,Present,09:48,10.07,33
ATT-E0073-20260828,E0073,2026-08-28,Present,10:16,9.01,61
ATT-E0073-20260831,E0073,2026-08-31,Present,10:07,9.5,52
ATT-E0074-20260601,E0074,2026-06-01,Leave,,0,0
ATT-E0074-20260602,E0074,2026-06-02,Present,10:32,9.61,77
ATT-E0074-20260603,E0074,2026-06-03,Present,09:12,8.98,0
ATT-E0074-20260604,E0074,2026-06-04,Present,11:31,8.55,136
ATT-E0074-20260605,E0074,2026-06-05,Present,10:43,9.98,88
ATT-E0074-20260608,E0074,2026-06-08,Present,10:24,10.07,69
ATT-E0074-20260609,E0074,2026-06-09,Present,11:41,7.04,146
ATT-E0074-20260610,E0074,2026-06-10,Present,10:20,7.59,65
ATT-E0074-20260611,E0074,2026-06-11,Present,09:22,7.5,7
ATT-E0074-20260612,E0074,2026-06-12,Absent,,0,0
ATT-E0074-20260615,E0074,2026-06-15,Present,08:14,7.72,0
ATT-E0074-20260616,E0074,2026-06-16,Present,11:37,8.04,142
ATT-E0074-20260617,E0074,2026-06-17,Present,10:22,8.99,67
ATT-E0074-20260618,E0074,2026-06-18,Present,10:03,7.02,48
ATT-E0074-20260619,E0074,2026-06-19,Present,08:28,8.58,0
ATT-E0074-20260622,E0074,2026-06-22,Present,11:52,8.31,157
ATT-E0074-20260623,E0074,2026-06-23,Present,08:14,8.08,0
ATT-E0074-20260624,E0074,2026-06-24,Absent,,0,0
ATT-E0074-20260625,E0074,2026-06-25,Present,08:49,7.39,0
ATT-E0074-20260626,E0074,2026-06-26,Present,09:25,8.02,10
ATT-E0074-20260629,E0074,2026-06-29,Present,10:06,7.06,51
ATT-E0074-20260630,E0074,2026-06-30,Leave,,0,0
ATT-E0074-20260701,E0074,2026-07-01,Present,11:09,8,114
ATT-E0074-20260702,E0074,2026-07-02,Present,08:21,9.42,0
ATT-E0074-20260703,E0074,2026-07-03,Present,11:23,10.08,128
ATT-E0074-20260706,E0074,2026-07-06,Present,11:50,8.03,155
ATT-E0074-20260707,E0074,2026-07-07,Present,11:32,8.09,137
ATT-E0074-20260708,E0074,2026-07-08,Present,09:52,9.53,37
ATT-E0074-20260709,E0074,2026-07-09,Absent,,0,0
ATT-E0074-20260710,E0074,2026-07-10,Leave,,0,0
ATT-E0074-20260713,E0074,2026-07-13,Present,09:11,8.6,0
ATT-E0074-20260714,E0074,2026-07-14,Present,08:40,7.55,0
ATT-E0074-20260715,E0074,2026-07-15,Leave,,0,0
ATT-E0074-20260716,E0074,2026-07-16,Present,09:32,7.02,17
ATT-E0074-20260717,E0074,2026-07-17,Present,08:26,9.11,0
ATT-E0074-20260720,E0074,2026-07-20,Present,11:26,9.62,131
ATT-E0074-20260721,E0074,2026-07-21,Present,08:32,8.51,0
ATT-E0074-20260722,E0074,2026-07-22,Present,10:25,9.59,70
ATT-E0074-20260723,E0074,2026-07-23,Present,10:37,7.77,82
ATT-E0074-20260724,E0074,2026-07-24,Absent,,0,0
ATT-E0074-20260727,E0074,2026-07-27,Present,10:15,8.34,60
ATT-E0074-20260728,E0074,2026-07-28,Present,08:53,7.9,0
ATT-E0074-20260729,E0074,2026-07-29,Present,11:11,7.51,116
ATT-E0074-20260730,E0074,2026-07-30,Present,09:01,8.06,0
ATT-E0074-20260731,E0074,2026-07-31,Present,11:49,8.85,154
ATT-E0074-20260803,E0074,2026-08-03,Leave,,0,0
ATT-E0074-20260804,E0074,2026-08-04,Leave,,0,0
ATT-E0074-20260805,E0074,2026-08-05,Present,09:30,9.2,15
ATT-E0074-20260806,E0074,2026-08-06,Present,08:49,9.77,0
ATT-E0074-20260807,E0074,2026-08-07,Absent,,0,0
ATT-E0074-20260810,E0074,2026-08-10,Present,09:15,9.19,0
ATT-E0074-20260811,E0074,2026-08-11,Present,09:04,8.33,0
ATT-E0074-20260812,E0074,2026-08-12,Present,11:41,8.58,146
ATT-E0074-20260813,E0074,2026-08-13,Absent,,0,0
ATT-E0074-20260814,E0074,2026-08-14,Present,10:54,9.3,99
ATT-E0074-20260817,E0074,2026-08-17,Present,11:08,8.06,113
ATT-E0074-20260818,E0074,2026-08-18,Present,09:11,8.99,0
ATT-E0074-20260819,E0074,2026-08-19,Present,09:08,7.57,0
ATT-E0074-20260820,E0074,2026-08-20,Present,08:57,10.35,0
ATT-E0074-20260821,E0074,2026-08-21,Present,09:13,10.13,0
ATT-E0074-20260824,E0074,2026-08-24,Present,11:33,7.25,138
ATT-E0074-20260825,E0074,2026-08-25,Leave,,0,0
ATT-E0074-20260826,E0074,2026-08-26,Present,08:11,9.78,0
ATT-E0074-20260827,E0074,2026-08-27,Present,10:49,7.04,94
ATT-E0074-20260828,E0074,2026-08-28,Leave,,0,0
ATT-E0074-20260831,E0074,2026-08-31,Present,11:43,9.15,148
ATT-E0075-20260601,E0075,2026-06-01,Present,10:00,7.91,45
ATT-E0075-20260602,E0075,2026-06-02,Present,11:44,9.05,149
ATT-E0075-20260603,E0075,2026-06-03,Present,11:51,7.84,156
ATT-E0075-20260604,E0075,2026-06-04,Present,10:01,7.06,46
ATT-E0075-20260605,E0075,2026-06-05,Present,10:11,9.91,56
ATT-E0075-20260608,E0075,2026-06-08,Present,11:20,7.97,125
ATT-E0075-20260609,E0075,2026-06-09,Present,11:31,9.11,136
ATT-E0075-20260610,E0075,2026-06-10,Present,09:15,8.04,0
ATT-E0075-20260611,E0075,2026-06-11,Present,08:36,8.52,0
ATT-E0075-20260612,E0075,2026-06-12,Absent,,0,0
ATT-E0075-20260615,E0075,2026-06-15,Present,09:00,9.01,0
ATT-E0075-20260616,E0075,2026-06-16,Present,11:23,8.12,128
ATT-E0075-20260617,E0075,2026-06-17,Present,11:59,9.78,164
ATT-E0075-20260618,E0075,2026-06-18,Present,11:32,9.03,137
ATT-E0075-20260619,E0075,2026-06-19,Present,09:14,9.15,0
ATT-E0075-20260622,E0075,2026-06-22,Present,11:19,8.52,124
ATT-E0075-20260623,E0075,2026-06-23,Leave,,0,0
ATT-E0075-20260624,E0075,2026-06-24,Present,08:07,7.19,0
ATT-E0075-20260625,E0075,2026-06-25,Present,08:26,10.26,0
ATT-E0075-20260626,E0075,2026-06-26,Leave,,0,0
ATT-E0075-20260629,E0075,2026-06-29,Present,10:32,9.42,77
ATT-E0075-20260630,E0075,2026-06-30,Present,11:25,7.68,130
ATT-E0075-20260701,E0075,2026-07-01,Present,11:04,9.3,109
ATT-E0075-20260702,E0075,2026-07-02,Leave,,0,0
ATT-E0075-20260703,E0075,2026-07-03,Present,10:41,7.18,86
ATT-E0075-20260706,E0075,2026-07-06,Present,11:26,8.55,131
ATT-E0075-20260707,E0075,2026-07-07,Present,10:05,8.12,50
ATT-E0075-20260708,E0075,2026-07-08,Present,11:05,10.16,110
ATT-E0075-20260709,E0075,2026-07-09,Present,09:03,8.41,0
ATT-E0075-20260710,E0075,2026-07-10,Present,10:28,9.09,73
ATT-E0075-20260713,E0075,2026-07-13,Present,10:52,9.47,97
ATT-E0075-20260714,E0075,2026-07-14,Present,08:44,9.88,0
ATT-E0075-20260715,E0075,2026-07-15,Present,10:05,7.95,50
ATT-E0075-20260716,E0075,2026-07-16,Present,10:25,7.16,70
ATT-E0075-20260717,E0075,2026-07-17,Present,08:30,7.85,0
ATT-E0075-20260720,E0075,2026-07-20,Present,08:48,7.42,0
ATT-E0075-20260721,E0075,2026-07-21,Leave,,0,0
ATT-E0075-20260722,E0075,2026-07-22,Present,10:56,7.57,101
ATT-E0075-20260723,E0075,2026-07-23,Present,10:51,10.08,96
ATT-E0075-20260724,E0075,2026-07-24,Present,10:45,7.82,90
ATT-E0075-20260727,E0075,2026-07-27,Present,08:25,9.24,0
ATT-E0075-20260728,E0075,2026-07-28,Absent,,0,0
ATT-E0075-20260729,E0075,2026-07-29,Present,08:28,10.22,0
ATT-E0075-20260730,E0075,2026-07-30,Present,11:48,9.51,153
ATT-E0075-20260731,E0075,2026-07-31,Present,10:44,7.65,89
ATT-E0075-20260803,E0075,2026-08-03,Present,10:53,7.08,98
ATT-E0075-20260804,E0075,2026-08-04,Present,09:04,9.45,0
ATT-E0075-20260805,E0075,2026-08-05,Present,09:45,7.91,30
ATT-E0075-20260806,E0075,2026-08-06,Leave,,0,0
ATT-E0075-20260807,E0075,2026-08-07,Present,09:43,10,28
ATT-E0075-20260810,E0075,2026-08-10,Present,10:57,8.55,102
ATT-E0075-20260811,E0075,2026-08-11,Present,10:16,7.66,61
ATT-E0075-20260812,E0075,2026-08-12,Present,09:59,9.09,44
ATT-E0075-20260813,E0075,2026-08-13,Present,10:04,9.5,49
ATT-E0075-20260814,E0075,2026-08-14,Present,10:46,7.61,91
ATT-E0075-20260817,E0075,2026-08-17,Present,08:51,9.59,0
ATT-E0075-20260818,E0075,2026-08-18,Present,11:45,10.38,150
ATT-E0075-20260819,E0075,2026-08-19,Present,11:23,7.95,128
ATT-E0075-20260820,E0075,2026-08-20,Leave,,0,0
ATT-E0075-20260821,E0075,2026-08-21,Present,08:58,7.97,0
ATT-E0075-20260824,E0075,2026-08-24,Leave,,0,0
ATT-E0075-20260825,E0075,2026-08-25,Present,10:11,8.43,56
ATT-E0075-20260826,E0075,2026-08-26,Leave,,0,0
ATT-E0075-20260827,E0075,2026-08-27,Present,08:35,9.61,0
ATT-E0075-20260828,E0075,2026-08-28,Present,08:20,7.7,0
ATT-E0075-20260831,E0075,2026-08-31,Present,08:39,7.01,0
ATT-E0076-20260601,E0076,2026-06-01,Present,10:59,8.84,104
ATT-E0076-20260602,E0076,2026-06-02,Present,09:26,9.38,11
ATT-E0076-20260603,E0076,2026-06-03,Absent,,0,0
ATT-E0076-20260604,E0076,2026-06-04,Present,11:49,8.11,154
ATT-E0076-20260605,E0076,2026-06-05,Present,10:26,8.39,71
ATT-E0076-20260608,E0076,2026-06-08,Present,09:02,9.42,0
ATT-E0076-20260609,E0076,2026-06-09,Leave,,0,0
ATT-E0076-20260610,E0076,2026-06-10,Present,09:59,8.16,44
ATT-E0076-20260611,E0076,2026-06-11,Present,11:13,7.36,118
ATT-E0076-20260612,E0076,2026-06-12,Present,11:26,9.14,131
ATT-E0076-20260615,E0076,2026-06-15,Present,10:07,9.59,52
ATT-E0076-20260616,E0076,2026-06-16,Present,11:16,10.38,121
ATT-E0076-20260617,E0076,2026-06-17,Present,11:11,10.2,116
ATT-E0076-20260618,E0076,2026-06-18,Present,08:17,8.91,0
ATT-E0076-20260619,E0076,2026-06-19,Present,08:04,9.34,0
ATT-E0076-20260622,E0076,2026-06-22,Present,10:19,8.51,64
ATT-E0076-20260623,E0076,2026-06-23,Present,11:11,8.49,116
ATT-E0076-20260624,E0076,2026-06-24,Leave,,0,0
ATT-E0076-20260625,E0076,2026-06-25,Absent,,0,0
ATT-E0076-20260626,E0076,2026-06-26,Present,09:41,7.02,26
ATT-E0076-20260629,E0076,2026-06-29,Present,09:48,7.22,33
ATT-E0076-20260630,E0076,2026-06-30,Absent,,0,0
ATT-E0076-20260701,E0076,2026-07-01,Absent,,0,0
ATT-E0076-20260702,E0076,2026-07-02,Present,11:24,7.57,129
ATT-E0076-20260703,E0076,2026-07-03,Absent,,0,0
ATT-E0076-20260706,E0076,2026-07-06,Present,10:54,8.25,99
ATT-E0076-20260707,E0076,2026-07-07,Present,08:26,7.98,0
ATT-E0076-20260708,E0076,2026-07-08,Present,09:57,7.42,42
ATT-E0076-20260709,E0076,2026-07-09,Absent,,0,0
ATT-E0076-20260710,E0076,2026-07-10,Present,11:22,9.55,127
ATT-E0076-20260713,E0076,2026-07-13,Leave,,0,0
ATT-E0076-20260714,E0076,2026-07-14,Leave,,0,0
ATT-E0076-20260715,E0076,2026-07-15,Present,08:45,8.92,0
ATT-E0076-20260716,E0076,2026-07-16,Present,10:56,7.42,101
ATT-E0076-20260717,E0076,2026-07-17,Present,09:14,9.17,0
ATT-E0076-20260720,E0076,2026-07-20,Absent,,0,0
ATT-E0076-20260721,E0076,2026-07-21,Present,11:11,9.64,116
ATT-E0076-20260722,E0076,2026-07-22,Present,10:04,8.33,49
ATT-E0076-20260723,E0076,2026-07-23,Leave,,0,0
ATT-E0076-20260724,E0076,2026-07-24,Present,08:56,8.39,0
ATT-E0076-20260727,E0076,2026-07-27,Present,10:30,9.39,75
ATT-E0076-20260728,E0076,2026-07-28,Present,09:22,8.45,7
ATT-E0076-20260729,E0076,2026-07-29,Absent,,0,0
ATT-E0076-20260730,E0076,2026-07-30,Present,11:09,10.43,114
ATT-E0076-20260731,E0076,2026-07-31,Leave,,0,0
ATT-E0076-20260803,E0076,2026-08-03,Present,11:00,7.12,105
ATT-E0076-20260804,E0076,2026-08-04,Present,08:06,8.5,0
ATT-E0076-20260805,E0076,2026-08-05,Present,09:06,7.91,0
ATT-E0076-20260806,E0076,2026-08-06,Present,09:41,10.04,26
ATT-E0076-20260807,E0076,2026-08-07,Present,09:27,7.43,12
ATT-E0076-20260810,E0076,2026-08-10,Present,11:16,10.49,121
ATT-E0076-20260811,E0076,2026-08-11,Present,08:28,9.04,0
ATT-E0076-20260812,E0076,2026-08-12,Present,08:40,8.49,0
ATT-E0076-20260813,E0076,2026-08-13,Present,08:21,9.32,0
ATT-E0076-20260814,E0076,2026-08-14,Present,11:39,7.6,144
ATT-E0076-20260817,E0076,2026-08-17,Present,09:00,9.38,0
ATT-E0076-20260818,E0076,2026-08-18,Present,09:04,7.35,0
ATT-E0076-20260819,E0076,2026-08-19,Present,11:56,7.41,161
ATT-E0076-20260820,E0076,2026-08-20,Present,11:01,8.83,106
ATT-E0076-20260821,E0076,2026-08-21,Absent,,0,0
ATT-E0076-20260824,E0076,2026-08-24,Present,08:45,9.23,0
ATT-E0076-20260825,E0076,2026-08-25,Present,10:32,10.48,77
ATT-E0076-20260826,E0076,2026-08-26,Present,08:12,8.08,0
ATT-E0076-20260827,E0076,2026-08-27,Present,09:36,8.63,21
ATT-E0076-20260828,E0076,2026-08-28,Present,11:40,7.3,145
ATT-E0076-20260831,E0076,2026-08-31,Present,10:22,7.5,67
ATT-E0077-20260601,E0077,2026-06-01,Present,11:27,10.27,132
ATT-E0077-20260602,E0077,2026-06-02,Present,08:56,9.68,0
ATT-E0077-20260603,E0077,2026-06-03,Present,10:17,9.13,62
ATT-E0077-20260604,E0077,2026-06-04,Present,09:55,7.65,40
ATT-E0077-20260605,E0077,2026-06-05,Present,11:05,10.07,110
ATT-E0077-20260608,E0077,2026-06-08,Absent,,0,0
ATT-E0077-20260609,E0077,2026-06-09,Present,10:29,9.89,74
ATT-E0077-20260610,E0077,2026-06-10,Present,11:39,9.88,144
ATT-E0077-20260611,E0077,2026-06-11,Present,08:41,8.21,0
ATT-E0077-20260612,E0077,2026-06-12,Present,08:37,8.94,0
ATT-E0077-20260615,E0077,2026-06-15,Present,08:32,7.48,0
ATT-E0077-20260616,E0077,2026-06-16,Present,08:58,10.25,0
ATT-E0077-20260617,E0077,2026-06-17,Present,11:36,9.94,141
ATT-E0077-20260618,E0077,2026-06-18,Leave,,0,0
ATT-E0077-20260619,E0077,2026-06-19,Present,10:35,8.81,80
ATT-E0077-20260622,E0077,2026-06-22,Present,08:26,9.06,0
ATT-E0077-20260623,E0077,2026-06-23,Present,09:20,9.93,5
ATT-E0077-20260624,E0077,2026-06-24,Present,10:25,8.22,70
ATT-E0077-20260625,E0077,2026-06-25,Leave,,0,0
ATT-E0077-20260626,E0077,2026-06-26,Absent,,0,0
ATT-E0077-20260629,E0077,2026-06-29,Present,11:55,9.81,160
ATT-E0077-20260630,E0077,2026-06-30,Present,09:04,8.53,0
ATT-E0077-20260701,E0077,2026-07-01,Present,08:33,7.3,0
ATT-E0077-20260702,E0077,2026-07-02,Present,11:07,7.56,112
ATT-E0077-20260703,E0077,2026-07-03,Present,11:32,7.84,137
ATT-E0077-20260706,E0077,2026-07-06,Present,09:13,9.44,0
ATT-E0077-20260707,E0077,2026-07-07,Present,11:27,10.02,132
ATT-E0077-20260708,E0077,2026-07-08,Present,08:22,10.22,0
ATT-E0077-20260709,E0077,2026-07-09,Leave,,0,0
ATT-E0077-20260710,E0077,2026-07-10,Present,10:47,9.05,92
ATT-E0077-20260713,E0077,2026-07-13,Absent,,0,0
ATT-E0077-20260714,E0077,2026-07-14,Present,10:58,7.85,103
ATT-E0077-20260715,E0077,2026-07-15,Present,08:09,10.33,0
ATT-E0077-20260716,E0077,2026-07-16,Absent,,0,0
ATT-E0077-20260717,E0077,2026-07-17,Present,09:25,8.38,10
ATT-E0077-20260720,E0077,2026-07-20,Present,08:51,9.9,0
ATT-E0077-20260721,E0077,2026-07-21,Present,08:39,10.25,0
ATT-E0077-20260722,E0077,2026-07-22,Leave,,0,0
ATT-E0077-20260723,E0077,2026-07-23,Present,11:55,8.58,160
ATT-E0077-20260724,E0077,2026-07-24,Present,08:56,8.86,0
ATT-E0077-20260727,E0077,2026-07-27,Absent,,0,0
ATT-E0077-20260728,E0077,2026-07-28,Leave,,0,0
ATT-E0077-20260729,E0077,2026-07-29,Present,08:04,7.37,0
ATT-E0077-20260730,E0077,2026-07-30,Present,09:52,8.54,37
ATT-E0077-20260731,E0077,2026-07-31,Leave,,0,0
ATT-E0077-20260803,E0077,2026-08-03,Present,09:04,7.11,0
ATT-E0077-20260804,E0077,2026-08-04,Present,09:26,7.29,11
ATT-E0077-20260805,E0077,2026-08-05,Present,11:09,7.99,114
ATT-E0077-20260806,E0077,2026-08-06,Leave,,0,0
ATT-E0077-20260807,E0077,2026-08-07,Absent,,0,0
ATT-E0077-20260810,E0077,2026-08-10,Present,11:52,7.1,157
ATT-E0077-20260811,E0077,2026-08-11,Present,09:18,10.27,3
ATT-E0077-20260812,E0077,2026-08-12,Leave,,0,0
ATT-E0077-20260813,E0077,2026-08-13,Present,09:19,9.06,4
ATT-E0077-20260814,E0077,2026-08-14,Leave,,0,0
ATT-E0077-20260817,E0077,2026-08-17,Present,11:38,9.67,143
ATT-E0077-20260818,E0077,2026-08-18,Present,08:09,7.17,0
ATT-E0077-20260819,E0077,2026-08-19,Present,09:04,9.37,0
ATT-E0077-20260820,E0077,2026-08-20,Present,08:14,8.98,0
ATT-E0077-20260821,E0077,2026-08-21,Present,10:01,10.02,46
ATT-E0077-20260824,E0077,2026-08-24,Present,11:48,7.04,153
ATT-E0077-20260825,E0077,2026-08-25,Present,10:54,9.05,99
ATT-E0077-20260826,E0077,2026-08-26,Present,10:56,9.51,101
ATT-E0077-20260827,E0077,2026-08-27,Present,08:16,9.5,0
ATT-E0077-20260828,E0077,2026-08-28,Present,10:16,8.06,61
ATT-E0077-20260831,E0077,2026-08-31,Present,09:31,8.38,16
ATT-E0078-20260601,E0078,2026-06-01,Present,11:30,8.6,135
ATT-E0078-20260602,E0078,2026-06-02,Present,09:00,8.36,0
ATT-E0078-20260603,E0078,2026-06-03,Present,10:26,10.21,71
ATT-E0078-20260604,E0078,2026-06-04,Present,08:09,8.33,0
ATT-E0078-20260605,E0078,2026-06-05,Present,11:05,8.38,110
ATT-E0078-20260608,E0078,2026-06-08,Present,09:09,10.1,0
ATT-E0078-20260609,E0078,2026-06-09,Present,11:40,9.59,145
ATT-E0078-20260610,E0078,2026-06-10,Present,10:29,7.09,74
ATT-E0078-20260611,E0078,2026-06-11,Present,11:04,7.33,109
ATT-E0078-20260612,E0078,2026-06-12,Present,08:28,10.14,0
ATT-E0078-20260615,E0078,2026-06-15,Present,08:35,8.54,0
ATT-E0078-20260616,E0078,2026-06-16,Leave,,0,0
ATT-E0078-20260617,E0078,2026-06-17,Present,08:41,9.46,0
ATT-E0078-20260618,E0078,2026-06-18,Present,11:46,7.71,151
ATT-E0078-20260619,E0078,2026-06-19,Present,11:51,7.02,156
ATT-E0078-20260622,E0078,2026-06-22,Present,10:28,8.28,73
ATT-E0078-20260623,E0078,2026-06-23,Present,09:04,9.79,0
ATT-E0078-20260624,E0078,2026-06-24,Present,08:42,9.87,0
ATT-E0078-20260625,E0078,2026-06-25,Present,08:06,7.14,0
ATT-E0078-20260626,E0078,2026-06-26,Present,09:33,8.23,18
ATT-E0078-20260629,E0078,2026-06-29,Present,11:29,9.34,134
ATT-E0078-20260630,E0078,2026-06-30,Leave,,0,0
ATT-E0078-20260701,E0078,2026-07-01,Present,11:50,9.68,155
ATT-E0078-20260702,E0078,2026-07-02,Leave,,0,0
ATT-E0078-20260703,E0078,2026-07-03,Present,10:06,9.55,51
ATT-E0078-20260706,E0078,2026-07-06,Present,10:18,9.13,63
ATT-E0078-20260707,E0078,2026-07-07,Leave,,0,0
ATT-E0078-20260708,E0078,2026-07-08,Leave,,0,0
ATT-E0078-20260709,E0078,2026-07-09,Present,08:46,10.34,0
ATT-E0078-20260710,E0078,2026-07-10,Absent,,0,0
ATT-E0078-20260713,E0078,2026-07-13,Present,10:25,10.44,70
ATT-E0078-20260714,E0078,2026-07-14,Present,10:54,8.77,99
ATT-E0078-20260715,E0078,2026-07-15,Present,08:38,7.7,0
ATT-E0078-20260716,E0078,2026-07-16,Present,09:24,10.23,9
ATT-E0078-20260717,E0078,2026-07-17,Present,08:23,8.58,0
ATT-E0078-20260720,E0078,2026-07-20,Present,10:10,8.58,55
ATT-E0078-20260721,E0078,2026-07-21,Present,11:48,7.41,153
ATT-E0078-20260722,E0078,2026-07-22,Present,09:57,8.62,42
ATT-E0078-20260723,E0078,2026-07-23,Leave,,0,0
ATT-E0078-20260724,E0078,2026-07-24,Present,11:07,7.69,112
ATT-E0078-20260727,E0078,2026-07-27,Present,11:32,8.88,137
ATT-E0078-20260728,E0078,2026-07-28,Leave,,0,0
ATT-E0078-20260729,E0078,2026-07-29,Present,09:38,10.07,23
ATT-E0078-20260730,E0078,2026-07-30,Present,08:43,8.55,0
ATT-E0078-20260731,E0078,2026-07-31,Present,10:27,8.34,72
ATT-E0078-20260803,E0078,2026-08-03,Present,09:02,7.07,0
ATT-E0078-20260804,E0078,2026-08-04,Present,09:48,7.16,33
ATT-E0078-20260805,E0078,2026-08-05,Present,09:15,9.4,0
ATT-E0078-20260806,E0078,2026-08-06,Present,08:52,7.53,0
ATT-E0078-20260807,E0078,2026-08-07,Present,11:00,10.39,105
ATT-E0078-20260810,E0078,2026-08-10,Present,09:19,8.88,4
ATT-E0078-20260811,E0078,2026-08-11,Present,09:25,8.84,10
ATT-E0078-20260812,E0078,2026-08-12,Absent,,0,0
ATT-E0078-20260813,E0078,2026-08-13,Present,11:51,8.6,156
ATT-E0078-20260814,E0078,2026-08-14,Present,11:18,8.99,123
ATT-E0078-20260817,E0078,2026-08-17,Present,08:55,8.98,0
ATT-E0078-20260818,E0078,2026-08-18,Present,11:53,7.32,158
ATT-E0078-20260819,E0078,2026-08-19,Present,08:44,9,0
ATT-E0078-20260820,E0078,2026-08-20,Present,08:51,7.13,0
ATT-E0078-20260821,E0078,2026-08-21,Present,08:07,8.43,0
ATT-E0078-20260824,E0078,2026-08-24,Present,09:50,10.09,35
ATT-E0078-20260825,E0078,2026-08-25,Present,10:18,8.47,63
ATT-E0078-20260826,E0078,2026-08-26,Present,10:02,8.38,47
ATT-E0078-20260827,E0078,2026-08-27,Present,09:46,7.64,31
ATT-E0078-20260828,E0078,2026-08-28,Leave,,0,0
ATT-E0078-20260831,E0078,2026-08-31,Present,11:31,8.56,136
ATT-E0079-20260601,E0079,2026-06-01,Present,11:11,10.2,116
ATT-E0079-20260602,E0079,2026-06-02,Leave,,0,0
ATT-E0079-20260603,E0079,2026-06-03,Present,10:01,8.63,46
ATT-E0079-20260604,E0079,2026-06-04,Present,10:36,9.46,81
ATT-E0079-20260605,E0079,2026-06-05,Present,08:27,7.55,0
ATT-E0079-20260608,E0079,2026-06-08,Present,09:59,9.11,44
ATT-E0079-20260609,E0079,2026-06-09,Present,09:14,9.77,0
ATT-E0079-20260610,E0079,2026-06-10,Present,10:59,7.22,104
ATT-E0079-20260611,E0079,2026-06-11,Present,10:41,8.36,86
ATT-E0079-20260612,E0079,2026-06-12,Present,08:57,8.23,0
ATT-E0079-20260615,E0079,2026-06-15,Present,08:09,7.65,0
ATT-E0079-20260616,E0079,2026-06-16,Present,11:45,10.46,150
ATT-E0079-20260617,E0079,2026-06-17,Present,10:23,9.39,68
ATT-E0079-20260618,E0079,2026-06-18,Present,10:00,7.91,45
ATT-E0079-20260619,E0079,2026-06-19,Present,11:24,8.28,129
ATT-E0079-20260622,E0079,2026-06-22,Present,08:22,9.95,0
ATT-E0079-20260623,E0079,2026-06-23,Present,10:44,8.62,89
ATT-E0079-20260624,E0079,2026-06-24,Present,11:40,7.99,145
ATT-E0079-20260625,E0079,2026-06-25,Present,10:35,7.85,80
ATT-E0079-20260626,E0079,2026-06-26,Absent,,0,0
ATT-E0079-20260629,E0079,2026-06-29,Present,08:30,9.88,0
ATT-E0079-20260630,E0079,2026-06-30,Present,08:44,8.05,0
ATT-E0079-20260701,E0079,2026-07-01,Present,09:12,8.13,0
ATT-E0079-20260702,E0079,2026-07-02,Present,09:41,9.44,26
ATT-E0079-20260703,E0079,2026-07-03,Present,10:55,8.91,100
ATT-E0079-20260706,E0079,2026-07-06,Present,10:34,7.41,79
ATT-E0079-20260707,E0079,2026-07-07,Present,09:56,8.55,41
ATT-E0079-20260708,E0079,2026-07-08,Present,08:55,7.82,0
ATT-E0079-20260709,E0079,2026-07-09,Present,08:46,8.57,0
ATT-E0079-20260710,E0079,2026-07-10,Present,09:15,9.71,0
ATT-E0079-20260713,E0079,2026-07-13,Present,08:14,8.24,0
ATT-E0079-20260714,E0079,2026-07-14,Present,11:22,9.07,127
ATT-E0079-20260715,E0079,2026-07-15,Present,10:05,9.33,50
ATT-E0079-20260716,E0079,2026-07-16,Absent,,0,0
ATT-E0079-20260717,E0079,2026-07-17,Present,08:14,8.76,0
ATT-E0079-20260720,E0079,2026-07-20,Absent,,0,0
ATT-E0079-20260721,E0079,2026-07-21,Present,11:32,8.1,137
ATT-E0079-20260722,E0079,2026-07-22,Present,10:15,9.35,60
ATT-E0079-20260723,E0079,2026-07-23,Leave,,0,0
ATT-E0079-20260724,E0079,2026-07-24,Present,09:32,7.76,17
ATT-E0079-20260727,E0079,2026-07-27,Present,11:16,9.25,121
ATT-E0079-20260728,E0079,2026-07-28,Present,11:15,8.48,120
ATT-E0079-20260729,E0079,2026-07-29,Present,10:13,7.66,58
ATT-E0079-20260730,E0079,2026-07-30,Present,10:46,8.33,91
ATT-E0079-20260731,E0079,2026-07-31,Present,09:14,7.26,0
ATT-E0079-20260803,E0079,2026-08-03,Present,08:34,10.27,0
ATT-E0079-20260804,E0079,2026-08-04,Present,09:08,9.84,0
ATT-E0079-20260805,E0079,2026-08-05,Present,08:54,7.66,0
ATT-E0079-20260806,E0079,2026-08-06,Absent,,0,0
ATT-E0079-20260807,E0079,2026-08-07,Present,09:30,8.76,15
ATT-E0079-20260810,E0079,2026-08-10,Absent,,0,0
ATT-E0079-20260811,E0079,2026-08-11,Present,09:13,9.39,0
ATT-E0079-20260812,E0079,2026-08-12,Present,10:24,9.1,69
ATT-E0079-20260813,E0079,2026-08-13,Present,11:20,8.69,125
ATT-E0079-20260814,E0079,2026-08-14,Leave,,0,0
ATT-E0079-20260817,E0079,2026-08-17,Present,08:05,7.72,0
ATT-E0079-20260818,E0079,2026-08-18,Present,11:08,7.52,113
ATT-E0079-20260819,E0079,2026-08-19,Present,09:12,8.41,0
ATT-E0079-20260820,E0079,2026-08-20,Present,11:57,8.42,162
ATT-E0079-20260821,E0079,2026-08-21,Present,11:21,9.1,126
ATT-E0079-20260824,E0079,2026-08-24,Present,10:16,9.82,61
ATT-E0079-20260825,E0079,2026-08-25,Present,09:46,7.86,31
ATT-E0079-20260826,E0079,2026-08-26,Present,08:48,8.12,0
ATT-E0079-20260827,E0079,2026-08-27,Present,08:59,10.09,0
ATT-E0079-20260828,E0079,2026-08-28,Leave,,0,0
ATT-E0079-20260831,E0079,2026-08-31,Present,11:38,8.1,143
ATT-E0080-20260601,E0080,2026-06-01,Leave,,0,0
ATT-E0080-20260602,E0080,2026-06-02,Present,09:13,7.08,0
ATT-E0080-20260603,E0080,2026-06-03,Present,10:21,9.3,66
ATT-E0080-20260604,E0080,2026-06-04,Absent,,0,0
ATT-E0080-20260605,E0080,2026-06-05,Leave,,0,0
ATT-E0080-20260608,E0080,2026-06-08,Present,08:44,10.36,0
ATT-E0080-20260609,E0080,2026-06-09,Present,08:56,10.36,0
ATT-E0080-20260610,E0080,2026-06-10,Present,09:01,8.4,0
ATT-E0080-20260611,E0080,2026-06-11,Leave,,0,0
ATT-E0080-20260612,E0080,2026-06-12,Present,08:28,9.31,0
ATT-E0080-20260615,E0080,2026-06-15,Present,10:55,9.1,100
ATT-E0080-20260616,E0080,2026-06-16,Present,08:24,9.09,0
ATT-E0080-20260617,E0080,2026-06-17,Present,11:21,7.47,126
ATT-E0080-20260618,E0080,2026-06-18,Present,11:18,8.39,123
ATT-E0080-20260619,E0080,2026-06-19,Present,08:58,8.26,0
ATT-E0080-20260622,E0080,2026-06-22,Present,10:56,8.89,101
ATT-E0080-20260623,E0080,2026-06-23,Present,11:24,7.68,129
ATT-E0080-20260624,E0080,2026-06-24,Present,10:33,10.17,78
ATT-E0080-20260625,E0080,2026-06-25,Absent,,0,0
ATT-E0080-20260626,E0080,2026-06-26,Present,09:21,7.81,6
ATT-E0080-20260629,E0080,2026-06-29,Present,08:15,8.86,0
ATT-E0080-20260630,E0080,2026-06-30,Present,11:06,8.37,111
ATT-E0080-20260701,E0080,2026-07-01,Present,10:25,9.37,70
ATT-E0080-20260702,E0080,2026-07-02,Present,09:55,10.13,40
ATT-E0080-20260703,E0080,2026-07-03,Present,10:13,7.86,58
ATT-E0080-20260706,E0080,2026-07-06,Present,10:00,9.42,45
ATT-E0080-20260707,E0080,2026-07-07,Present,11:23,8.8,128
ATT-E0080-20260708,E0080,2026-07-08,Present,10:36,8.57,81
ATT-E0080-20260709,E0080,2026-07-09,Present,10:43,7.28,88
ATT-E0080-20260710,E0080,2026-07-10,Present,08:30,7.96,0
ATT-E0080-20260713,E0080,2026-07-13,Absent,,0,0
ATT-E0080-20260714,E0080,2026-07-14,Present,09:29,9.04,14
ATT-E0080-20260715,E0080,2026-07-15,Leave,,0,0
ATT-E0080-20260716,E0080,2026-07-16,Present,11:43,7.1,148
ATT-E0080-20260717,E0080,2026-07-17,Leave,,0,0
ATT-E0080-20260720,E0080,2026-07-20,Present,11:03,10.14,108
ATT-E0080-20260721,E0080,2026-07-21,Absent,,0,0
ATT-E0080-20260722,E0080,2026-07-22,Present,11:45,9.96,150
ATT-E0080-20260723,E0080,2026-07-23,Present,10:55,7.51,100
ATT-E0080-20260724,E0080,2026-07-24,Present,09:29,9.57,14
ATT-E0080-20260727,E0080,2026-07-27,Absent,,0,0
ATT-E0080-20260728,E0080,2026-07-28,Present,10:14,9.57,59
ATT-E0080-20260729,E0080,2026-07-29,Present,08:03,8.64,0
ATT-E0080-20260730,E0080,2026-07-30,Present,10:14,7.19,59
ATT-E0080-20260731,E0080,2026-07-31,Present,08:35,7.4,0
ATT-E0080-20260803,E0080,2026-08-03,Present,08:55,10.14,0
ATT-E0080-20260804,E0080,2026-08-04,Leave,,0,0
ATT-E0080-20260805,E0080,2026-08-05,Present,08:35,8.41,0
ATT-E0080-20260806,E0080,2026-08-06,Present,09:09,7.7,0
ATT-E0080-20260807,E0080,2026-08-07,Present,11:01,8.21,106
ATT-E0080-20260810,E0080,2026-08-10,Present,11:49,9.41,154
ATT-E0080-20260811,E0080,2026-08-11,Present,10:51,8.79,96
ATT-E0080-20260812,E0080,2026-08-12,Present,10:18,9.8,63
ATT-E0080-20260813,E0080,2026-08-13,Present,10:33,9.9,78
ATT-E0080-20260814,E0080,2026-08-14,Present,09:26,9.72,11
ATT-E0080-20260817,E0080,2026-08-17,Present,09:48,8.46,33
ATT-E0080-20260818,E0080,2026-08-18,Present,09:17,7.75,2
ATT-E0080-20260819,E0080,2026-08-19,Present,10:01,8.78,46
ATT-E0080-20260820,E0080,2026-08-20,Leave,,0,0
ATT-E0080-20260821,E0080,2026-08-21,Present,11:15,9.39,120
ATT-E0080-20260824,E0080,2026-08-24,Leave,,0,0
ATT-E0080-20260825,E0080,2026-08-25,Absent,,0,0
ATT-E0080-20260826,E0080,2026-08-26,Present,08:06,8.13,0
ATT-E0080-20260827,E0080,2026-08-27,Present,10:52,9.8,97
ATT-E0080-20260828,E0080,2026-08-28,Present,10:00,7.36,45
ATT-E0080-20260831,E0080,2026-08-31,Present,10:57,9.43,102
ATT-E0081-20260601,E0081,2026-06-01,Present,08:53,9.36,0
ATT-E0081-20260602,E0081,2026-06-02,Present,11:40,10.46,145
ATT-E0081-20260603,E0081,2026-06-03,Present,10:44,7.35,89
ATT-E0081-20260604,E0081,2026-06-04,Present,08:42,7.7,0
ATT-E0081-20260605,E0081,2026-06-05,Leave,,0,0
ATT-E0081-20260608,E0081,2026-06-08,Present,10:45,9.42,90
ATT-E0081-20260609,E0081,2026-06-09,Present,11:40,7.57,145
ATT-E0081-20260610,E0081,2026-06-10,Present,08:04,9.42,0
ATT-E0081-20260611,E0081,2026-06-11,Present,10:04,7.89,49
ATT-E0081-20260612,E0081,2026-06-12,Present,11:57,8.07,162
ATT-E0081-20260615,E0081,2026-06-15,Present,11:16,9.73,121
ATT-E0081-20260616,E0081,2026-06-16,Present,09:22,10.32,7
ATT-E0081-20260617,E0081,2026-06-17,Present,08:18,9.54,0
ATT-E0081-20260618,E0081,2026-06-18,Present,08:38,7.18,0
ATT-E0081-20260619,E0081,2026-06-19,Present,10:13,9.17,58
ATT-E0081-20260622,E0081,2026-06-22,Present,08:13,9.26,0
ATT-E0081-20260623,E0081,2026-06-23,Absent,,0,0
ATT-E0081-20260624,E0081,2026-06-24,Present,10:59,8.54,104
ATT-E0081-20260625,E0081,2026-06-25,Present,10:15,8.44,60
ATT-E0081-20260626,E0081,2026-06-26,Present,09:08,7.85,0
ATT-E0081-20260629,E0081,2026-06-29,Present,09:12,8.6,0
ATT-E0081-20260630,E0081,2026-06-30,Present,08:11,8.2,0
ATT-E0081-20260701,E0081,2026-07-01,Present,09:46,9.33,31
ATT-E0081-20260702,E0081,2026-07-02,Present,11:25,8.28,130
ATT-E0081-20260703,E0081,2026-07-03,Leave,,0,0
ATT-E0081-20260706,E0081,2026-07-06,Present,11:18,10.02,123
ATT-E0081-20260707,E0081,2026-07-07,Present,09:42,7.41,27
ATT-E0081-20260708,E0081,2026-07-08,Present,10:13,7.05,58
ATT-E0081-20260709,E0081,2026-07-09,Present,11:32,8.09,137
ATT-E0081-20260710,E0081,2026-07-10,Present,10:42,9.49,87
ATT-E0081-20260713,E0081,2026-07-13,Present,09:52,7.61,37
ATT-E0081-20260714,E0081,2026-07-14,Present,11:04,7.14,109
ATT-E0081-20260715,E0081,2026-07-15,Present,09:22,8.33,7
ATT-E0081-20260716,E0081,2026-07-16,Leave,,0,0
ATT-E0081-20260717,E0081,2026-07-17,Absent,,0,0
ATT-E0081-20260720,E0081,2026-07-20,Present,10:49,8.76,94
ATT-E0081-20260721,E0081,2026-07-21,Leave,,0,0
ATT-E0081-20260722,E0081,2026-07-22,Present,10:38,7.21,83
ATT-E0081-20260723,E0081,2026-07-23,Present,08:37,7.45,0
ATT-E0081-20260724,E0081,2026-07-24,Present,09:04,10.4,0
ATT-E0081-20260727,E0081,2026-07-27,Present,11:19,8.82,124
ATT-E0081-20260728,E0081,2026-07-28,Present,11:16,7.23,121
ATT-E0081-20260729,E0081,2026-07-29,Present,08:17,7.34,0
ATT-E0081-20260730,E0081,2026-07-30,Present,11:34,7.78,139
ATT-E0081-20260731,E0081,2026-07-31,Present,11:58,7.34,163
ATT-E0081-20260803,E0081,2026-08-03,Leave,,0,0
ATT-E0081-20260804,E0081,2026-08-04,Present,10:11,7.88,56
ATT-E0081-20260805,E0081,2026-08-05,Present,10:50,7.5,95
ATT-E0081-20260806,E0081,2026-08-06,Present,11:32,7.02,137
ATT-E0081-20260807,E0081,2026-08-07,Present,08:35,7.72,0
ATT-E0081-20260810,E0081,2026-08-10,Present,11:48,7.03,153
ATT-E0081-20260811,E0081,2026-08-11,Present,08:34,10.41,0
ATT-E0081-20260812,E0081,2026-08-12,Present,09:07,9.59,0
ATT-E0081-20260813,E0081,2026-08-13,Present,11:22,7.24,127
ATT-E0081-20260814,E0081,2026-08-14,Present,10:17,8.33,62
ATT-E0081-20260817,E0081,2026-08-17,Present,11:41,9.61,146
ATT-E0081-20260818,E0081,2026-08-18,Present,09:06,9.23,0
ATT-E0081-20260819,E0081,2026-08-19,Present,10:28,8.52,73
ATT-E0081-20260820,E0081,2026-08-20,Present,08:09,10.42,0
ATT-E0081-20260821,E0081,2026-08-21,Present,10:05,8.03,50
ATT-E0081-20260824,E0081,2026-08-24,Present,10:34,8.04,79
ATT-E0081-20260825,E0081,2026-08-25,Present,09:54,9.61,39
ATT-E0081-20260826,E0081,2026-08-26,Present,11:38,8.58,143
ATT-E0081-20260827,E0081,2026-08-27,Present,11:53,9.3,158
ATT-E0081-20260828,E0081,2026-08-28,Absent,,0,0
ATT-E0081-20260831,E0081,2026-08-31,Present,09:58,8.88,43
ATT-E0082-20260601,E0082,2026-06-01,Present,11:17,10.42,122
ATT-E0082-20260602,E0082,2026-06-02,Present,08:41,8.15,0
ATT-E0082-20260603,E0082,2026-06-03,Present,08:07,8.33,0
ATT-E0082-20260604,E0082,2026-06-04,Present,10:14,9.87,59
ATT-E0082-20260605,E0082,2026-06-05,Present,10:06,7.28,51
ATT-E0082-20260608,E0082,2026-06-08,Present,09:30,8.07,15
ATT-E0082-20260609,E0082,2026-06-09,Present,08:38,8.85,0
ATT-E0082-20260610,E0082,2026-06-10,Present,08:25,7.48,0
ATT-E0082-20260611,E0082,2026-06-11,Present,09:43,8.74,28
ATT-E0082-20260612,E0082,2026-06-12,Present,08:34,10,0
ATT-E0082-20260615,E0082,2026-06-15,Present,11:36,8.17,141
ATT-E0082-20260616,E0082,2026-06-16,Present,10:28,9.53,73
ATT-E0082-20260617,E0082,2026-06-17,Present,10:10,8.4,55
ATT-E0082-20260618,E0082,2026-06-18,Present,09:11,7.14,0
ATT-E0082-20260619,E0082,2026-06-19,Absent,,0,0
ATT-E0082-20260622,E0082,2026-06-22,Leave,,0,0
ATT-E0082-20260623,E0082,2026-06-23,Present,11:52,7.78,157
ATT-E0082-20260624,E0082,2026-06-24,Present,09:09,9.51,0
ATT-E0082-20260625,E0082,2026-06-25,Present,08:22,7.7,0
ATT-E0082-20260626,E0082,2026-06-26,Present,08:50,9.43,0
ATT-E0082-20260629,E0082,2026-06-29,Present,09:18,9.21,3
ATT-E0082-20260630,E0082,2026-06-30,Present,08:31,7.08,0
ATT-E0082-20260701,E0082,2026-07-01,Leave,,0,0
ATT-E0082-20260702,E0082,2026-07-02,Present,08:37,10.33,0
ATT-E0082-20260703,E0082,2026-07-03,Present,09:05,9.67,0
ATT-E0082-20260706,E0082,2026-07-06,Present,08:20,8.13,0
ATT-E0082-20260707,E0082,2026-07-07,Leave,,0,0
ATT-E0082-20260708,E0082,2026-07-08,Present,08:24,7.41,0
ATT-E0082-20260709,E0082,2026-07-09,Present,08:33,7.71,0
ATT-E0082-20260710,E0082,2026-07-10,Present,09:13,8.54,0
ATT-E0082-20260713,E0082,2026-07-13,Present,11:19,7.93,124
ATT-E0082-20260714,E0082,2026-07-14,Present,08:11,7.02,0
ATT-E0082-20260715,E0082,2026-07-15,Absent,,0,0
ATT-E0082-20260716,E0082,2026-07-16,Present,09:43,8.57,28
ATT-E0082-20260717,E0082,2026-07-17,Present,11:53,7.16,158
ATT-E0082-20260720,E0082,2026-07-20,Present,10:32,7.02,77
ATT-E0082-20260721,E0082,2026-07-21,Present,09:07,9.17,0
ATT-E0082-20260722,E0082,2026-07-22,Present,08:30,8.34,0
ATT-E0082-20260723,E0082,2026-07-23,Present,10:43,7.14,88
ATT-E0082-20260724,E0082,2026-07-24,Present,09:33,8.27,18
ATT-E0082-20260727,E0082,2026-07-27,Present,11:37,7.31,142
ATT-E0082-20260728,E0082,2026-07-28,Present,09:57,7.47,42
ATT-E0082-20260729,E0082,2026-07-29,Present,08:19,7.86,0
ATT-E0082-20260730,E0082,2026-07-30,Absent,,0,0
ATT-E0082-20260731,E0082,2026-07-31,Present,11:37,8.94,142
ATT-E0082-20260803,E0082,2026-08-03,Present,08:57,7.66,0
ATT-E0082-20260804,E0082,2026-08-04,Present,08:07,7.17,0
ATT-E0082-20260805,E0082,2026-08-05,Present,11:34,8.95,139
ATT-E0082-20260806,E0082,2026-08-06,Present,09:45,9,30
ATT-E0082-20260807,E0082,2026-08-07,Present,11:59,8.1,164
ATT-E0082-20260810,E0082,2026-08-10,Present,09:23,9.04,8
ATT-E0082-20260811,E0082,2026-08-11,Present,09:43,7.25,28
ATT-E0082-20260812,E0082,2026-08-12,Present,09:57,8.48,42
ATT-E0082-20260813,E0082,2026-08-13,Leave,,0,0
ATT-E0082-20260814,E0082,2026-08-14,Absent,,0,0
ATT-E0082-20260817,E0082,2026-08-17,Present,11:41,10.43,146
ATT-E0082-20260818,E0082,2026-08-18,Present,11:18,8.7,123
ATT-E0082-20260819,E0082,2026-08-19,Present,10:41,9.09,86
ATT-E0082-20260820,E0082,2026-08-20,Absent,,0,0
ATT-E0082-20260821,E0082,2026-08-21,Present,10:48,8.37,93
ATT-E0082-20260824,E0082,2026-08-24,Absent,,0,0
ATT-E0082-20260825,E0082,2026-08-25,Present,09:52,8.6,37
ATT-E0082-20260826,E0082,2026-08-26,Present,08:05,8.74,0
ATT-E0082-20260827,E0082,2026-08-27,Present,09:16,10.33,1
ATT-E0082-20260828,E0082,2026-08-28,Present,09:31,8.88,16
ATT-E0082-20260831,E0082,2026-08-31,Present,10:34,9.04,79
ATT-E0083-20260601,E0083,2026-06-01,Present,09:38,9.69,23
ATT-E0083-20260602,E0083,2026-06-02,Present,08:46,7.52,0
ATT-E0083-20260603,E0083,2026-06-03,Present,11:35,7.74,140
ATT-E0083-20260604,E0083,2026-06-04,Present,09:52,7.02,37
ATT-E0083-20260605,E0083,2026-06-05,Present,09:23,8.48,8
ATT-E0083-20260608,E0083,2026-06-08,Present,10:12,9.73,57
ATT-E0083-20260609,E0083,2026-06-09,Present,08:45,9.94,0
ATT-E0083-20260610,E0083,2026-06-10,Absent,,0,0
ATT-E0083-20260611,E0083,2026-06-11,Present,08:29,9.05,0
ATT-E0083-20260612,E0083,2026-06-12,Absent,,0,0
ATT-E0083-20260615,E0083,2026-06-15,Present,08:56,8.38,0
ATT-E0083-20260616,E0083,2026-06-16,Leave,,0,0
ATT-E0083-20260617,E0083,2026-06-17,Present,11:53,7.07,158
ATT-E0083-20260618,E0083,2026-06-18,Present,11:11,8.16,116
ATT-E0083-20260619,E0083,2026-06-19,Absent,,0,0
ATT-E0083-20260622,E0083,2026-06-22,Present,09:57,7.38,42
ATT-E0083-20260623,E0083,2026-06-23,Absent,,0,0
ATT-E0083-20260624,E0083,2026-06-24,Present,11:59,7.28,164
ATT-E0083-20260625,E0083,2026-06-25,Present,09:22,7.23,7
ATT-E0083-20260626,E0083,2026-06-26,Present,11:44,8.73,149
ATT-E0083-20260629,E0083,2026-06-29,Present,09:25,7.72,10
ATT-E0083-20260630,E0083,2026-06-30,Present,09:05,9.08,0
ATT-E0083-20260701,E0083,2026-07-01,Present,09:15,9.78,0
ATT-E0083-20260702,E0083,2026-07-02,Present,10:24,8.35,69
ATT-E0083-20260703,E0083,2026-07-03,Absent,,0,0
ATT-E0083-20260706,E0083,2026-07-06,Present,11:57,7.85,162
ATT-E0083-20260707,E0083,2026-07-07,Present,09:54,7.21,39
ATT-E0083-20260708,E0083,2026-07-08,Present,10:22,9.42,67
ATT-E0083-20260709,E0083,2026-07-09,Present,11:22,9.28,127
ATT-E0083-20260710,E0083,2026-07-10,Present,08:53,7.42,0
ATT-E0083-20260713,E0083,2026-07-13,Leave,,0,0
ATT-E0083-20260714,E0083,2026-07-14,Present,08:15,9.3,0
ATT-E0083-20260715,E0083,2026-07-15,Present,10:19,10.36,64
ATT-E0083-20260716,E0083,2026-07-16,Present,10:16,7.99,61
ATT-E0083-20260717,E0083,2026-07-17,Absent,,0,0
ATT-E0083-20260720,E0083,2026-07-20,Leave,,0,0
ATT-E0083-20260721,E0083,2026-07-21,Present,08:44,8.37,0
ATT-E0083-20260722,E0083,2026-07-22,Present,09:30,7.56,15
ATT-E0083-20260723,E0083,2026-07-23,Present,09:33,9.33,18
ATT-E0083-20260724,E0083,2026-07-24,Present,10:05,7.53,50
ATT-E0083-20260727,E0083,2026-07-27,Present,10:21,8.47,66
ATT-E0083-20260728,E0083,2026-07-28,Present,10:53,9.54,98
ATT-E0083-20260729,E0083,2026-07-29,Present,11:09,7.17,114
ATT-E0083-20260730,E0083,2026-07-30,Leave,,0,0
ATT-E0083-20260731,E0083,2026-07-31,Present,10:01,10.37,46
ATT-E0083-20260803,E0083,2026-08-03,Leave,,0,0
ATT-E0083-20260804,E0083,2026-08-04,Present,10:22,8.88,67
ATT-E0083-20260805,E0083,2026-08-05,Present,10:09,8.76,54
ATT-E0083-20260806,E0083,2026-08-06,Present,09:05,8.14,0
ATT-E0083-20260807,E0083,2026-08-07,Absent,,0,0
ATT-E0083-20260810,E0083,2026-08-10,Absent,,0,0
ATT-E0083-20260811,E0083,2026-08-11,Leave,,0,0
ATT-E0083-20260812,E0083,2026-08-12,Present,09:09,8.05,0
ATT-E0083-20260813,E0083,2026-08-13,Present,10:37,8.54,82
ATT-E0083-20260814,E0083,2026-08-14,Leave,,0,0
ATT-E0083-20260817,E0083,2026-08-17,Present,11:25,7.22,130
ATT-E0083-20260818,E0083,2026-08-18,Present,08:54,7.11,0
ATT-E0083-20260819,E0083,2026-08-19,Absent,,0,0
ATT-E0083-20260820,E0083,2026-08-20,Present,10:00,9.15,45
ATT-E0083-20260821,E0083,2026-08-21,Leave,,0,0
ATT-E0083-20260824,E0083,2026-08-24,Present,10:58,9.18,103
ATT-E0083-20260825,E0083,2026-08-25,Present,10:57,8.65,102
ATT-E0083-20260826,E0083,2026-08-26,Present,11:51,10.06,156
ATT-E0083-20260827,E0083,2026-08-27,Absent,,0,0
ATT-E0083-20260828,E0083,2026-08-28,Present,11:11,7.38,116
ATT-E0083-20260831,E0083,2026-08-31,Present,10:59,7.02,104
ATT-E0084-20260601,E0084,2026-06-01,Present,11:44,8.4,149
ATT-E0084-20260602,E0084,2026-06-02,Present,11:20,7.97,125
ATT-E0084-20260603,E0084,2026-06-03,Leave,,0,0
ATT-E0084-20260604,E0084,2026-06-04,Leave,,0,0
ATT-E0084-20260605,E0084,2026-06-05,Present,09:54,8.78,39
ATT-E0084-20260608,E0084,2026-06-08,Present,09:54,7.71,39
ATT-E0084-20260609,E0084,2026-06-09,Present,09:24,8.18,9
ATT-E0084-20260610,E0084,2026-06-10,Leave,,0,0
ATT-E0084-20260611,E0084,2026-06-11,Leave,,0,0
ATT-E0084-20260612,E0084,2026-06-12,Present,11:26,8.77,131
ATT-E0084-20260615,E0084,2026-06-15,Present,10:00,9.72,45
ATT-E0084-20260616,E0084,2026-06-16,Leave,,0,0
ATT-E0084-20260617,E0084,2026-06-17,Leave,,0,0
ATT-E0084-20260618,E0084,2026-06-18,Present,08:54,7.16,0
ATT-E0084-20260619,E0084,2026-06-19,Absent,,0,0
ATT-E0084-20260622,E0084,2026-06-22,Absent,,0,0
ATT-E0084-20260623,E0084,2026-06-23,Absent,,0,0
ATT-E0084-20260624,E0084,2026-06-24,Present,11:28,8.46,133
ATT-E0084-20260625,E0084,2026-06-25,Leave,,0,0
ATT-E0084-20260626,E0084,2026-06-26,Present,08:41,8.61,0
ATT-E0084-20260629,E0084,2026-06-29,Present,11:15,8.3,120
ATT-E0084-20260630,E0084,2026-06-30,Present,11:19,7.5,124
ATT-E0084-20260701,E0084,2026-07-01,Present,10:53,8.83,98
ATT-E0084-20260702,E0084,2026-07-02,Present,08:21,7.11,0
ATT-E0084-20260703,E0084,2026-07-03,Present,08:36,9.74,0
ATT-E0084-20260706,E0084,2026-07-06,Present,11:05,9.57,110
ATT-E0084-20260707,E0084,2026-07-07,Present,09:31,9.13,16
ATT-E0084-20260708,E0084,2026-07-08,Present,08:09,8.71,0
ATT-E0084-20260709,E0084,2026-07-09,Present,11:53,7.78,158
ATT-E0084-20260710,E0084,2026-07-10,Present,09:21,9.41,6
ATT-E0084-20260713,E0084,2026-07-13,Absent,,0,0
ATT-E0084-20260714,E0084,2026-07-14,Present,10:43,7.32,88
ATT-E0084-20260715,E0084,2026-07-15,Present,11:09,8.18,114
ATT-E0084-20260716,E0084,2026-07-16,Leave,,0,0
ATT-E0084-20260717,E0084,2026-07-17,Present,10:49,9.43,94
ATT-E0084-20260720,E0084,2026-07-20,Absent,,0,0
ATT-E0084-20260721,E0084,2026-07-21,Present,09:52,8.78,37
ATT-E0084-20260722,E0084,2026-07-22,Present,10:47,9.99,92
ATT-E0084-20260723,E0084,2026-07-23,Present,11:59,7.96,164
ATT-E0084-20260724,E0084,2026-07-24,Absent,,0,0
ATT-E0084-20260727,E0084,2026-07-27,Present,08:26,9.46,0
ATT-E0084-20260728,E0084,2026-07-28,Present,11:28,9.94,133
ATT-E0084-20260729,E0084,2026-07-29,Leave,,0,0
ATT-E0084-20260730,E0084,2026-07-30,Present,11:52,10.03,157
ATT-E0084-20260731,E0084,2026-07-31,Present,09:50,9.13,35
ATT-E0084-20260803,E0084,2026-08-03,Leave,,0,0
ATT-E0084-20260804,E0084,2026-08-04,Present,11:59,10.14,164
ATT-E0084-20260805,E0084,2026-08-05,Present,08:11,7.51,0
ATT-E0084-20260806,E0084,2026-08-06,Present,09:36,7.49,21
ATT-E0084-20260807,E0084,2026-08-07,Present,08:13,9.23,0
ATT-E0084-20260810,E0084,2026-08-10,Present,10:01,9.54,46
ATT-E0084-20260811,E0084,2026-08-11,Present,11:03,7.47,108
ATT-E0084-20260812,E0084,2026-08-12,Present,11:02,8.65,107
ATT-E0084-20260813,E0084,2026-08-13,Absent,,0,0
ATT-E0084-20260814,E0084,2026-08-14,Present,09:39,8.83,24
ATT-E0084-20260817,E0084,2026-08-17,Present,08:10,10.36,0
ATT-E0084-20260818,E0084,2026-08-18,Present,11:01,10.38,106
ATT-E0084-20260819,E0084,2026-08-19,Present,08:07,9.77,0
ATT-E0084-20260820,E0084,2026-08-20,Absent,,0,0
ATT-E0084-20260821,E0084,2026-08-21,Present,11:54,8.18,159
ATT-E0084-20260824,E0084,2026-08-24,Present,09:39,8.97,24
ATT-E0084-20260825,E0084,2026-08-25,Present,10:24,8.91,69
ATT-E0084-20260826,E0084,2026-08-26,Present,10:13,7.98,58
ATT-E0084-20260827,E0084,2026-08-27,Present,08:51,9.32,0
ATT-E0084-20260828,E0084,2026-08-28,Present,10:41,7.38,86
ATT-E0084-20260831,E0084,2026-08-31,Absent,,0,0
ATT-E0085-20260601,E0085,2026-06-01,Present,09:53,8.72,38
ATT-E0085-20260602,E0085,2026-06-02,Present,11:35,7.34,140
ATT-E0085-20260603,E0085,2026-06-03,Present,08:09,8.52,0
ATT-E0085-20260604,E0085,2026-06-04,Leave,,0,0
ATT-E0085-20260605,E0085,2026-06-05,Present,11:53,7.32,158
ATT-E0085-20260608,E0085,2026-06-08,Present,08:52,10.31,0
ATT-E0085-20260609,E0085,2026-06-09,Present,11:38,7.59,143
ATT-E0085-20260610,E0085,2026-06-10,Present,11:07,7.39,112
ATT-E0085-20260611,E0085,2026-06-11,Present,10:06,8.62,51
ATT-E0085-20260612,E0085,2026-06-12,Present,10:31,9.8,76
ATT-E0085-20260615,E0085,2026-06-15,Present,10:48,9.11,93
ATT-E0085-20260616,E0085,2026-06-16,Present,11:24,9.26,129
ATT-E0085-20260617,E0085,2026-06-17,Present,08:46,7.71,0
ATT-E0085-20260618,E0085,2026-06-18,Present,10:40,8.23,85
ATT-E0085-20260619,E0085,2026-06-19,Present,10:37,9.05,82
ATT-E0085-20260622,E0085,2026-06-22,Present,11:22,8.04,127
ATT-E0085-20260623,E0085,2026-06-23,Absent,,0,0
ATT-E0085-20260624,E0085,2026-06-24,Present,08:28,8.65,0
ATT-E0085-20260625,E0085,2026-06-25,Present,09:14,7.35,0
ATT-E0085-20260626,E0085,2026-06-26,Present,11:17,8.61,122
ATT-E0085-20260629,E0085,2026-06-29,Present,09:27,7.1,12
ATT-E0085-20260630,E0085,2026-06-30,Present,08:16,8.66,0
ATT-E0085-20260701,E0085,2026-07-01,Present,09:26,9.04,11
ATT-E0085-20260702,E0085,2026-07-02,Present,11:35,7.21,140
ATT-E0085-20260703,E0085,2026-07-03,Present,11:14,8.18,119
ATT-E0085-20260706,E0085,2026-07-06,Present,08:20,7.86,0
ATT-E0085-20260707,E0085,2026-07-07,Present,09:42,8.85,27
ATT-E0085-20260708,E0085,2026-07-08,Present,11:29,7.58,134
ATT-E0085-20260709,E0085,2026-07-09,Present,09:45,9.87,30
ATT-E0085-20260710,E0085,2026-07-10,Absent,,0,0
ATT-E0085-20260713,E0085,2026-07-13,Present,10:27,9.98,72
ATT-E0085-20260714,E0085,2026-07-14,Present,10:04,7.49,49
ATT-E0085-20260715,E0085,2026-07-15,Present,11:14,9.06,119
ATT-E0085-20260716,E0085,2026-07-16,Leave,,0,0
ATT-E0085-20260717,E0085,2026-07-17,Present,10:42,7.8,87
ATT-E0085-20260720,E0085,2026-07-20,Leave,,0,0
ATT-E0085-20260721,E0085,2026-07-21,Present,11:16,7.15,121
ATT-E0085-20260722,E0085,2026-07-22,Present,10:44,8.15,89
ATT-E0085-20260723,E0085,2026-07-23,Leave,,0,0
ATT-E0085-20260724,E0085,2026-07-24,Present,08:42,10.08,0
ATT-E0085-20260727,E0085,2026-07-27,Present,10:13,10.31,58
ATT-E0085-20260728,E0085,2026-07-28,Present,10:20,8.54,65
ATT-E0085-20260729,E0085,2026-07-29,Leave,,0,0
ATT-E0085-20260730,E0085,2026-07-30,Leave,,0,0
ATT-E0085-20260731,E0085,2026-07-31,Present,09:20,7.33,5
ATT-E0085-20260803,E0085,2026-08-03,Present,08:31,8.68,0
ATT-E0085-20260804,E0085,2026-08-04,Leave,,0,0
ATT-E0085-20260805,E0085,2026-08-05,Present,11:57,10.22,162
ATT-E0085-20260806,E0085,2026-08-06,Present,11:32,8.87,137
ATT-E0085-20260807,E0085,2026-08-07,Present,11:28,7.37,133
ATT-E0085-20260810,E0085,2026-08-10,Present,08:46,7.68,0
ATT-E0085-20260811,E0085,2026-08-11,Present,09:14,9.7,0
ATT-E0085-20260812,E0085,2026-08-12,Present,11:31,9.92,136
ATT-E0085-20260813,E0085,2026-08-13,Present,09:30,9.37,15
ATT-E0085-20260814,E0085,2026-08-14,Present,09:14,7.56,0
ATT-E0085-20260817,E0085,2026-08-17,Present,08:29,8.18,0
ATT-E0085-20260818,E0085,2026-08-18,Present,08:35,9.85,0
ATT-E0085-20260819,E0085,2026-08-19,Present,10:20,10.05,65
ATT-E0085-20260820,E0085,2026-08-20,Present,10:55,7.93,100
ATT-E0085-20260821,E0085,2026-08-21,Present,11:06,9.6,111
ATT-E0085-20260824,E0085,2026-08-24,Present,08:26,9.13,0
ATT-E0085-20260825,E0085,2026-08-25,Present,08:39,9.26,0
ATT-E0085-20260826,E0085,2026-08-26,Present,08:38,10.11,0
ATT-E0085-20260827,E0085,2026-08-27,Present,10:02,10.23,47
ATT-E0085-20260828,E0085,2026-08-28,Present,11:34,8.7,139
ATT-E0085-20260831,E0085,2026-08-31,Present,09:27,9.41,12
ATT-E0086-20260601,E0086,2026-06-01,Present,09:10,7.58,0
ATT-E0086-20260602,E0086,2026-06-02,Present,08:47,7.62,0
ATT-E0086-20260603,E0086,2026-06-03,Present,11:27,9,132
ATT-E0086-20260604,E0086,2026-06-04,Present,10:14,7.63,59
ATT-E0086-20260605,E0086,2026-06-05,Present,08:45,8.36,0
ATT-E0086-20260608,E0086,2026-06-08,Present,11:01,7.1,106
ATT-E0086-20260609,E0086,2026-06-09,Present,10:51,8.24,96
ATT-E0086-20260610,E0086,2026-06-10,Present,11:00,8.66,105
ATT-E0086-20260611,E0086,2026-06-11,Leave,,0,0
ATT-E0086-20260612,E0086,2026-06-12,Absent,,0,0
ATT-E0086-20260615,E0086,2026-06-15,Leave,,0,0
ATT-E0086-20260616,E0086,2026-06-16,Present,10:32,9.87,77
ATT-E0086-20260617,E0086,2026-06-17,Present,09:59,8.53,44
ATT-E0086-20260618,E0086,2026-06-18,Present,08:54,8.45,0
ATT-E0086-20260619,E0086,2026-06-19,Present,11:45,10.28,150
ATT-E0086-20260622,E0086,2026-06-22,Present,11:30,10.05,135
ATT-E0086-20260623,E0086,2026-06-23,Leave,,0,0
ATT-E0086-20260624,E0086,2026-06-24,Present,11:23,7.23,128
ATT-E0086-20260625,E0086,2026-06-25,Present,08:18,8.25,0
ATT-E0086-20260626,E0086,2026-06-26,Present,10:04,9.86,49
ATT-E0086-20260629,E0086,2026-06-29,Absent,,0,0
ATT-E0086-20260630,E0086,2026-06-30,Present,08:58,9,0
ATT-E0086-20260701,E0086,2026-07-01,Present,10:55,7.74,100
ATT-E0086-20260702,E0086,2026-07-02,Present,10:02,7.2,47
ATT-E0086-20260703,E0086,2026-07-03,Present,10:16,7.37,61
ATT-E0086-20260706,E0086,2026-07-06,Leave,,0,0
ATT-E0086-20260707,E0086,2026-07-07,Present,11:27,10.31,132
ATT-E0086-20260708,E0086,2026-07-08,Present,10:03,8.94,48
ATT-E0086-20260709,E0086,2026-07-09,Present,11:59,9.22,164
ATT-E0086-20260710,E0086,2026-07-10,Present,11:20,8.79,125
ATT-E0086-20260713,E0086,2026-07-13,Leave,,0,0
ATT-E0086-20260714,E0086,2026-07-14,Absent,,0,0
ATT-E0086-20260715,E0086,2026-07-15,Present,09:56,9.57,41
ATT-E0086-20260716,E0086,2026-07-16,Present,11:38,7.5,143
ATT-E0086-20260717,E0086,2026-07-17,Present,09:34,7.09,19
ATT-E0086-20260720,E0086,2026-07-20,Present,11:39,10.25,144
ATT-E0086-20260721,E0086,2026-07-21,Present,08:56,7.2,0
ATT-E0086-20260722,E0086,2026-07-22,Present,09:43,9.24,28
ATT-E0086-20260723,E0086,2026-07-23,Leave,,0,0
ATT-E0086-20260724,E0086,2026-07-24,Present,09:33,7.52,18
ATT-E0086-20260727,E0086,2026-07-27,Absent,,0,0
ATT-E0086-20260728,E0086,2026-07-28,Present,09:37,7.44,22
ATT-E0086-20260729,E0086,2026-07-29,Present,11:01,8.11,106
ATT-E0086-20260730,E0086,2026-07-30,Present,11:32,7.7,137
ATT-E0086-20260731,E0086,2026-07-31,Present,10:16,9.89,61
ATT-E0086-20260803,E0086,2026-08-03,Present,11:54,9,159
ATT-E0086-20260804,E0086,2026-08-04,Present,09:20,9.78,5
ATT-E0086-20260805,E0086,2026-08-05,Present,10:09,8.14,54
ATT-E0086-20260806,E0086,2026-08-06,Present,10:43,9.1,88
ATT-E0086-20260807,E0086,2026-08-07,Present,10:43,7.83,88
ATT-E0086-20260810,E0086,2026-08-10,Leave,,0,0
ATT-E0086-20260811,E0086,2026-08-11,Present,11:20,9.22,125
ATT-E0086-20260812,E0086,2026-08-12,Present,10:35,7.5,80
ATT-E0086-20260813,E0086,2026-08-13,Present,09:16,7.34,1
ATT-E0086-20260814,E0086,2026-08-14,Leave,,0,0
ATT-E0086-20260817,E0086,2026-08-17,Present,09:37,7.67,22
ATT-E0086-20260818,E0086,2026-08-18,Present,08:21,10.32,0
ATT-E0086-20260819,E0086,2026-08-19,Present,11:46,8.79,151
ATT-E0086-20260820,E0086,2026-08-20,Absent,,0,0
ATT-E0086-20260821,E0086,2026-08-21,Present,10:36,8.25,81
ATT-E0086-20260824,E0086,2026-08-24,Present,08:27,7.44,0
ATT-E0086-20260825,E0086,2026-08-25,Leave,,0,0
ATT-E0086-20260826,E0086,2026-08-26,Present,10:31,7.94,76
ATT-E0086-20260827,E0086,2026-08-27,Absent,,0,0
ATT-E0086-20260828,E0086,2026-08-28,Present,10:30,10.48,75
ATT-E0086-20260831,E0086,2026-08-31,Leave,,0,0
ATT-E0087-20260601,E0087,2026-06-01,Absent,,0,0
ATT-E0087-20260602,E0087,2026-06-02,Present,10:09,10.37,54
ATT-E0087-20260603,E0087,2026-06-03,Absent,,0,0
ATT-E0087-20260604,E0087,2026-06-04,Present,09:18,9.15,3
ATT-E0087-20260605,E0087,2026-06-05,Present,09:24,9.05,9
ATT-E0087-20260608,E0087,2026-06-08,Present,08:53,7.62,0
ATT-E0087-20260609,E0087,2026-06-09,Leave,,0,0
ATT-E0087-20260610,E0087,2026-06-10,Present,10:02,8.81,47
ATT-E0087-20260611,E0087,2026-06-11,Present,09:20,7.06,5
ATT-E0087-20260612,E0087,2026-06-12,Present,10:33,9.68,78
ATT-E0087-20260615,E0087,2026-06-15,Present,09:40,10.36,25
ATT-E0087-20260616,E0087,2026-06-16,Leave,,0,0
ATT-E0087-20260617,E0087,2026-06-17,Present,09:21,7.42,6
ATT-E0087-20260618,E0087,2026-06-18,Absent,,0,0
ATT-E0087-20260619,E0087,2026-06-19,Present,09:54,9.3,39
ATT-E0087-20260622,E0087,2026-06-22,Absent,,0,0
ATT-E0087-20260623,E0087,2026-06-23,Present,11:51,9.9,156
ATT-E0087-20260624,E0087,2026-06-24,Present,11:15,8.8,120
ATT-E0087-20260625,E0087,2026-06-25,Present,11:34,10.4,139
ATT-E0087-20260626,E0087,2026-06-26,Present,08:52,9.59,0
ATT-E0087-20260629,E0087,2026-06-29,Present,10:58,8.24,103
ATT-E0087-20260630,E0087,2026-06-30,Present,10:47,9.84,92
ATT-E0087-20260701,E0087,2026-07-01,Absent,,0,0
ATT-E0087-20260702,E0087,2026-07-02,Present,11:50,10.2,155
ATT-E0087-20260703,E0087,2026-07-03,Present,09:12,10.37,0
ATT-E0087-20260706,E0087,2026-07-06,Present,08:57,10.25,0
ATT-E0087-20260707,E0087,2026-07-07,Present,10:15,8.09,60
ATT-E0087-20260708,E0087,2026-07-08,Present,10:10,9.79,55
ATT-E0087-20260709,E0087,2026-07-09,Absent,,0,0
ATT-E0087-20260710,E0087,2026-07-10,Present,11:54,9.76,159
ATT-E0087-20260713,E0087,2026-07-13,Present,10:58,9.35,103
ATT-E0087-20260714,E0087,2026-07-14,Leave,,0,0
ATT-E0087-20260715,E0087,2026-07-15,Present,08:02,10.08,0
ATT-E0087-20260716,E0087,2026-07-16,Present,11:43,10.1,148
ATT-E0087-20260717,E0087,2026-07-17,Present,09:46,7.65,31
ATT-E0087-20260720,E0087,2026-07-20,Present,09:49,10.05,34
ATT-E0087-20260721,E0087,2026-07-21,Present,10:20,8.33,65
ATT-E0087-20260722,E0087,2026-07-22,Present,09:20,7.65,5
ATT-E0087-20260723,E0087,2026-07-23,Leave,,0,0
ATT-E0087-20260724,E0087,2026-07-24,Present,10:06,9.21,51
ATT-E0087-20260727,E0087,2026-07-27,Present,11:46,9.99,151
ATT-E0087-20260728,E0087,2026-07-28,Present,09:41,7,26
ATT-E0087-20260729,E0087,2026-07-29,Absent,,0,0
ATT-E0087-20260730,E0087,2026-07-30,Present,10:43,7.9,88
ATT-E0087-20260731,E0087,2026-07-31,Present,11:45,10.42,150
ATT-E0087-20260803,E0087,2026-08-03,Present,10:05,8.26,50
ATT-E0087-20260804,E0087,2026-08-04,Present,11:24,7.63,129
ATT-E0087-20260805,E0087,2026-08-05,Leave,,0,0
ATT-E0087-20260806,E0087,2026-08-06,Present,09:22,10.47,7
ATT-E0087-20260807,E0087,2026-08-07,Present,09:56,7.31,41
ATT-E0087-20260810,E0087,2026-08-10,Present,09:34,10.03,19
ATT-E0087-20260811,E0087,2026-08-11,Present,11:26,8.58,131
ATT-E0087-20260812,E0087,2026-08-12,Present,09:38,7.19,23
ATT-E0087-20260813,E0087,2026-08-13,Leave,,0,0
ATT-E0087-20260814,E0087,2026-08-14,Present,10:47,7.98,92
ATT-E0087-20260817,E0087,2026-08-17,Present,08:06,7.18,0
ATT-E0087-20260818,E0087,2026-08-18,Present,08:11,7.63,0
ATT-E0087-20260819,E0087,2026-08-19,Present,10:38,7.19,83
ATT-E0087-20260820,E0087,2026-08-20,Present,08:54,8.84,0
ATT-E0087-20260821,E0087,2026-08-21,Present,09:08,7.75,0
ATT-E0087-20260824,E0087,2026-08-24,Present,09:47,7.17,32
ATT-E0087-20260825,E0087,2026-08-25,Present,11:30,9.03,135
ATT-E0087-20260826,E0087,2026-08-26,Present,09:32,9.35,17
ATT-E0087-20260827,E0087,2026-08-27,Present,11:26,9.64,131
ATT-E0087-20260828,E0087,2026-08-28,Present,11:52,9.27,157
ATT-E0087-20260831,E0087,2026-08-31,Present,08:40,9.62,0
ATT-E0088-20260601,E0088,2026-06-01,Present,10:36,9.44,81
ATT-E0088-20260602,E0088,2026-06-02,Present,09:35,9.61,20
ATT-E0088-20260603,E0088,2026-06-03,Present,09:21,8.13,6
ATT-E0088-20260604,E0088,2026-06-04,Present,10:18,8.08,63
ATT-E0088-20260605,E0088,2026-06-05,Present,09:23,8.87,8
ATT-E0088-20260608,E0088,2026-06-08,Present,10:04,7.21,49
ATT-E0088-20260609,E0088,2026-06-09,Present,09:46,8.53,31
ATT-E0088-20260610,E0088,2026-06-10,Leave,,0,0
ATT-E0088-20260611,E0088,2026-06-11,Leave,,0,0
ATT-E0088-20260612,E0088,2026-06-12,Present,11:54,10.34,159
ATT-E0088-20260615,E0088,2026-06-15,Present,08:07,7.83,0
ATT-E0088-20260616,E0088,2026-06-16,Present,10:18,8.05,63
ATT-E0088-20260617,E0088,2026-06-17,Present,08:19,10.27,0
ATT-E0088-20260618,E0088,2026-06-18,Present,08:27,7.78,0
ATT-E0088-20260619,E0088,2026-06-19,Present,11:04,9.55,109
ATT-E0088-20260622,E0088,2026-06-22,Present,10:58,9.45,103
ATT-E0088-20260623,E0088,2026-06-23,Leave,,0,0
ATT-E0088-20260624,E0088,2026-06-24,Absent,,0,0
ATT-E0088-20260625,E0088,2026-06-25,Present,11:20,9.03,125
ATT-E0088-20260626,E0088,2026-06-26,Present,09:53,7.01,38
ATT-E0088-20260629,E0088,2026-06-29,Present,08:03,8.17,0
ATT-E0088-20260630,E0088,2026-06-30,Present,08:27,9.67,0
ATT-E0088-20260701,E0088,2026-07-01,Absent,,0,0
ATT-E0088-20260702,E0088,2026-07-02,Absent,,0,0
ATT-E0088-20260703,E0088,2026-07-03,Present,09:36,10.1,21
ATT-E0088-20260706,E0088,2026-07-06,Leave,,0,0
ATT-E0088-20260707,E0088,2026-07-07,Present,11:35,8.52,140
ATT-E0088-20260708,E0088,2026-07-08,Present,10:41,8.91,86
ATT-E0088-20260709,E0088,2026-07-09,Present,11:56,10.46,161
ATT-E0088-20260710,E0088,2026-07-10,Leave,,0,0
ATT-E0088-20260713,E0088,2026-07-13,Present,09:53,9.63,38
ATT-E0088-20260714,E0088,2026-07-14,Leave,,0,0
ATT-E0088-20260715,E0088,2026-07-15,Present,10:18,9.4,63
ATT-E0088-20260716,E0088,2026-07-16,Present,11:48,8.11,153
ATT-E0088-20260717,E0088,2026-07-17,Present,09:54,7.54,39
ATT-E0088-20260720,E0088,2026-07-20,Present,10:09,8.59,54
ATT-E0088-20260721,E0088,2026-07-21,Present,09:00,9.27,0
ATT-E0088-20260722,E0088,2026-07-22,Absent,,0,0
ATT-E0088-20260723,E0088,2026-07-23,Present,11:06,9.94,111
ATT-E0088-20260724,E0088,2026-07-24,Present,08:23,9.32,0
ATT-E0088-20260727,E0088,2026-07-27,Present,09:12,8.03,0
ATT-E0088-20260728,E0088,2026-07-28,Present,09:12,10.46,0
ATT-E0088-20260729,E0088,2026-07-29,Present,10:03,9.37,48
ATT-E0088-20260730,E0088,2026-07-30,Present,09:30,9.94,15
ATT-E0088-20260731,E0088,2026-07-31,Present,11:42,9.4,147
ATT-E0088-20260803,E0088,2026-08-03,Present,11:56,9.99,161
ATT-E0088-20260804,E0088,2026-08-04,Present,11:15,9.59,120
ATT-E0088-20260805,E0088,2026-08-05,Absent,,0,0
ATT-E0088-20260806,E0088,2026-08-06,Present,08:00,7.17,0
ATT-E0088-20260807,E0088,2026-08-07,Present,08:24,8.39,0
ATT-E0088-20260810,E0088,2026-08-10,Present,08:51,9.83,0
ATT-E0088-20260811,E0088,2026-08-11,Present,11:58,7.4,163
ATT-E0088-20260812,E0088,2026-08-12,Present,09:55,9.74,40
ATT-E0088-20260813,E0088,2026-08-13,Present,10:45,7.99,90
ATT-E0088-20260814,E0088,2026-08-14,Present,08:24,8.48,0
ATT-E0088-20260817,E0088,2026-08-17,Present,11:10,9.09,115
ATT-E0088-20260818,E0088,2026-08-18,Absent,,0,0
ATT-E0088-20260819,E0088,2026-08-19,Leave,,0,0
ATT-E0088-20260820,E0088,2026-08-20,Absent,,0,0
ATT-E0088-20260821,E0088,2026-08-21,Present,10:12,9.67,57
ATT-E0088-20260824,E0088,2026-08-24,Present,11:22,8.39,127
ATT-E0088-20260825,E0088,2026-08-25,Present,10:52,8.85,97
ATT-E0088-20260826,E0088,2026-08-26,Present,11:30,10.04,135
ATT-E0088-20260827,E0088,2026-08-27,Absent,,0,0
ATT-E0088-20260828,E0088,2026-08-28,Present,10:56,8.84,101
ATT-E0088-20260831,E0088,2026-08-31,Present,09:56,7.76,41
ATT-E0089-20260601,E0089,2026-06-01,Present,09:17,10.29,2
ATT-E0089-20260602,E0089,2026-06-02,Leave,,0,0
ATT-E0089-20260603,E0089,2026-06-03,Absent,,0,0
ATT-E0089-20260604,E0089,2026-06-04,Present,08:01,9.88,0
ATT-E0089-20260605,E0089,2026-06-05,Absent,,0,0
ATT-E0089-20260608,E0089,2026-06-08,Present,09:35,8.66,20
ATT-E0089-20260609,E0089,2026-06-09,Present,08:40,9.32,0
ATT-E0089-20260610,E0089,2026-06-10,Present,11:12,10.32,117
ATT-E0089-20260611,E0089,2026-06-11,Present,09:03,9.34,0
ATT-E0089-20260612,E0089,2026-06-12,Present,09:59,9,44
ATT-E0089-20260615,E0089,2026-06-15,Present,09:17,7.37,2
ATT-E0089-20260616,E0089,2026-06-16,Present,10:46,10.06,91
ATT-E0089-20260617,E0089,2026-06-17,Present,10:03,7.37,48
ATT-E0089-20260618,E0089,2026-06-18,Present,09:03,9.37,0
ATT-E0089-20260619,E0089,2026-06-19,Present,09:48,7.18,33
ATT-E0089-20260622,E0089,2026-06-22,Present,09:53,9.82,38
ATT-E0089-20260623,E0089,2026-06-23,Present,08:42,8.54,0
ATT-E0089-20260624,E0089,2026-06-24,Present,11:42,9.31,147
ATT-E0089-20260625,E0089,2026-06-25,Present,10:23,8.29,68
ATT-E0089-20260626,E0089,2026-06-26,Present,10:46,9.99,91
ATT-E0089-20260629,E0089,2026-06-29,Present,09:11,10.14,0
ATT-E0089-20260630,E0089,2026-06-30,Present,09:25,9.11,10
ATT-E0089-20260701,E0089,2026-07-01,Absent,,0,0
ATT-E0089-20260702,E0089,2026-07-02,Present,11:45,8.21,150
ATT-E0089-20260703,E0089,2026-07-03,Leave,,0,0
ATT-E0089-20260706,E0089,2026-07-06,Present,09:38,9.05,23
ATT-E0089-20260707,E0089,2026-07-07,Absent,,0,0
ATT-E0089-20260708,E0089,2026-07-08,Present,09:40,7.08,25
ATT-E0089-20260709,E0089,2026-07-09,Leave,,0,0
ATT-E0089-20260710,E0089,2026-07-10,Present,09:04,7.8,0
ATT-E0089-20260713,E0089,2026-07-13,Present,10:45,7.02,90
ATT-E0089-20260714,E0089,2026-07-14,Present,11:59,8.46,164
ATT-E0089-20260715,E0089,2026-07-15,Leave,,0,0
ATT-E0089-20260716,E0089,2026-07-16,Absent,,0,0
ATT-E0089-20260717,E0089,2026-07-17,Present,11:36,9.26,141
ATT-E0089-20260720,E0089,2026-07-20,Present,08:34,7.33,0
ATT-E0089-20260721,E0089,2026-07-21,Present,10:22,7.11,67
ATT-E0089-20260722,E0089,2026-07-22,Leave,,0,0
ATT-E0089-20260723,E0089,2026-07-23,Present,08:50,9.51,0
ATT-E0089-20260724,E0089,2026-07-24,Present,10:32,9.47,77
ATT-E0089-20260727,E0089,2026-07-27,Present,08:43,7.19,0
ATT-E0089-20260728,E0089,2026-07-28,Present,11:59,9.53,164
ATT-E0089-20260729,E0089,2026-07-29,Present,08:44,10.03,0
ATT-E0089-20260730,E0089,2026-07-30,Absent,,0,0
ATT-E0089-20260731,E0089,2026-07-31,Present,11:10,10.14,115
ATT-E0089-20260803,E0089,2026-08-03,Present,08:57,9.19,0
ATT-E0089-20260804,E0089,2026-08-04,Present,10:55,7.5,100
ATT-E0089-20260805,E0089,2026-08-05,Absent,,0,0
ATT-E0089-20260806,E0089,2026-08-06,Present,11:12,7.13,117
ATT-E0089-20260807,E0089,2026-08-07,Leave,,0,0
ATT-E0089-20260810,E0089,2026-08-10,Absent,,0,0
ATT-E0089-20260811,E0089,2026-08-11,Present,10:27,9.01,72
ATT-E0089-20260812,E0089,2026-08-12,Present,10:54,7.66,99
ATT-E0089-20260813,E0089,2026-08-13,Present,08:15,7.93,0
ATT-E0089-20260814,E0089,2026-08-14,Absent,,0,0
ATT-E0089-20260817,E0089,2026-08-17,Absent,,0,0
ATT-E0089-20260818,E0089,2026-08-18,Present,10:22,8.02,67
ATT-E0089-20260819,E0089,2026-08-19,Present,10:55,7.62,100
ATT-E0089-20260820,E0089,2026-08-20,Absent,,0,0
ATT-E0089-20260821,E0089,2026-08-21,Present,08:27,9.54,0
ATT-E0089-20260824,E0089,2026-08-24,Present,09:56,9.46,41
ATT-E0089-20260825,E0089,2026-08-25,Present,10:01,7.62,46
ATT-E0089-20260826,E0089,2026-08-26,Leave,,0,0
ATT-E0089-20260827,E0089,2026-08-27,Present,10:29,7.67,74
ATT-E0089-20260828,E0089,2026-08-28,Present,11:20,9.12,125
ATT-E0089-20260831,E0089,2026-08-31,Present,09:08,7.95,0
ATT-E0090-20260601,E0090,2026-06-01,Present,11:35,9.06,140
ATT-E0090-20260602,E0090,2026-06-02,Present,11:24,9.43,129
ATT-E0090-20260603,E0090,2026-06-03,Present,09:26,7.29,11
ATT-E0090-20260604,E0090,2026-06-04,Present,11:49,9.88,154
ATT-E0090-20260605,E0090,2026-06-05,Present,10:16,7.19,61
ATT-E0090-20260608,E0090,2026-06-08,Present,10:27,9.67,72
ATT-E0090-20260609,E0090,2026-06-09,Leave,,0,0
ATT-E0090-20260610,E0090,2026-06-10,Present,10:45,7.47,90
ATT-E0090-20260611,E0090,2026-06-11,Present,09:37,9.5,22
ATT-E0090-20260612,E0090,2026-06-12,Present,08:18,7.69,0
ATT-E0090-20260615,E0090,2026-06-15,Present,09:02,10.07,0
ATT-E0090-20260616,E0090,2026-06-16,Present,09:49,7.25,34
ATT-E0090-20260617,E0090,2026-06-17,Present,10:59,7.15,104
ATT-E0090-20260618,E0090,2026-06-18,Present,11:40,9.73,145
ATT-E0090-20260619,E0090,2026-06-19,Present,09:20,9.89,5
ATT-E0090-20260622,E0090,2026-06-22,Present,11:41,10.48,146
ATT-E0090-20260623,E0090,2026-06-23,Present,11:57,9.76,162
ATT-E0090-20260624,E0090,2026-06-24,Present,09:38,7.96,23
ATT-E0090-20260625,E0090,2026-06-25,Leave,,0,0
ATT-E0090-20260626,E0090,2026-06-26,Leave,,0,0
ATT-E0090-20260629,E0090,2026-06-29,Present,11:17,9.23,122
ATT-E0090-20260630,E0090,2026-06-30,Present,11:33,9.67,138
ATT-E0090-20260701,E0090,2026-07-01,Leave,,0,0
ATT-E0090-20260702,E0090,2026-07-02,Present,11:52,9.43,157
ATT-E0090-20260703,E0090,2026-07-03,Leave,,0,0
ATT-E0090-20260706,E0090,2026-07-06,Present,09:58,8.05,43
ATT-E0090-20260707,E0090,2026-07-07,Absent,,0,0
ATT-E0090-20260708,E0090,2026-07-08,Present,11:38,8.24,143
ATT-E0090-20260709,E0090,2026-07-09,Present,09:09,9.89,0
ATT-E0090-20260710,E0090,2026-07-10,Present,08:05,10.23,0
ATT-E0090-20260713,E0090,2026-07-13,Present,09:40,9.89,25
ATT-E0090-20260714,E0090,2026-07-14,Present,11:09,9.91,114
ATT-E0090-20260715,E0090,2026-07-15,Present,08:29,9.27,0
ATT-E0090-20260716,E0090,2026-07-16,Present,09:20,10.42,5
ATT-E0090-20260717,E0090,2026-07-17,Present,08:00,8.38,0
ATT-E0090-20260720,E0090,2026-07-20,Present,08:11,8.94,0
ATT-E0090-20260721,E0090,2026-07-21,Present,11:17,7.43,122
ATT-E0090-20260722,E0090,2026-07-22,Present,08:36,9.44,0
ATT-E0090-20260723,E0090,2026-07-23,Present,09:55,10.13,40
ATT-E0090-20260724,E0090,2026-07-24,Present,11:49,9.01,154
ATT-E0090-20260727,E0090,2026-07-27,Present,09:39,8.15,24
ATT-E0090-20260728,E0090,2026-07-28,Present,11:00,9.93,105
ATT-E0090-20260729,E0090,2026-07-29,Absent,,0,0
ATT-E0090-20260730,E0090,2026-07-30,Absent,,0,0
ATT-E0090-20260731,E0090,2026-07-31,Leave,,0,0
ATT-E0090-20260803,E0090,2026-08-03,Absent,,0,0
ATT-E0090-20260804,E0090,2026-08-04,Leave,,0,0
ATT-E0090-20260805,E0090,2026-08-05,Absent,,0,0
ATT-E0090-20260806,E0090,2026-08-06,Present,10:41,7.58,86
ATT-E0090-20260807,E0090,2026-08-07,Present,09:23,9.53,8
ATT-E0090-20260810,E0090,2026-08-10,Present,10:07,9.14,52
ATT-E0090-20260811,E0090,2026-08-11,Present,08:20,7.69,0
ATT-E0090-20260812,E0090,2026-08-12,Present,11:05,9.15,110
ATT-E0090-20260813,E0090,2026-08-13,Absent,,0,0
ATT-E0090-20260814,E0090,2026-08-14,Leave,,0,0
ATT-E0090-20260817,E0090,2026-08-17,Present,11:57,10.16,162
ATT-E0090-20260818,E0090,2026-08-18,Leave,,0,0
ATT-E0090-20260819,E0090,2026-08-19,Present,11:12,8.17,117
ATT-E0090-20260820,E0090,2026-08-20,Present,09:13,7.61,0
ATT-E0090-20260821,E0090,2026-08-21,Present,08:00,7.64,0
ATT-E0090-20260824,E0090,2026-08-24,Present,09:07,9.42,0
ATT-E0090-20260825,E0090,2026-08-25,Present,10:47,7.55,92
ATT-E0090-20260826,E0090,2026-08-26,Present,08:47,10.5,0
ATT-E0090-20260827,E0090,2026-08-27,Present,08:52,9.1,0
ATT-E0090-20260828,E0090,2026-08-28,Present,08:55,8.28,0
ATT-E0090-20260831,E0090,2026-08-31,Present,08:51,10.37,0
ATT-E0091-20260601,E0091,2026-06-01,Absent,,0,0
ATT-E0091-20260602,E0091,2026-06-02,Leave,,0,0
ATT-E0091-20260603,E0091,2026-06-03,Present,08:49,8.68,0
ATT-E0091-20260604,E0091,2026-06-04,Absent,,0,0
ATT-E0091-20260605,E0091,2026-06-05,Present,09:08,7.46,0
ATT-E0091-20260608,E0091,2026-06-08,Absent,,0,0
ATT-E0091-20260609,E0091,2026-06-09,Leave,,0,0
ATT-E0091-20260610,E0091,2026-06-10,Present,11:18,8.47,123
ATT-E0091-20260611,E0091,2026-06-11,Present,09:01,8.61,0
ATT-E0091-20260612,E0091,2026-06-12,Present,09:04,10.24,0
ATT-E0091-20260615,E0091,2026-06-15,Present,08:30,8.13,0
ATT-E0091-20260616,E0091,2026-06-16,Present,11:11,8.8,116
ATT-E0091-20260617,E0091,2026-06-17,Present,11:31,8.26,136
ATT-E0091-20260618,E0091,2026-06-18,Present,11:14,9.45,119
ATT-E0091-20260619,E0091,2026-06-19,Present,09:47,10,32
ATT-E0091-20260622,E0091,2026-06-22,Present,09:49,7.68,34
ATT-E0091-20260623,E0091,2026-06-23,Present,10:58,8.63,103
ATT-E0091-20260624,E0091,2026-06-24,Present,08:04,8.84,0
ATT-E0091-20260625,E0091,2026-06-25,Present,10:39,9.49,84
ATT-E0091-20260626,E0091,2026-06-26,Present,08:35,9.4,0
ATT-E0091-20260629,E0091,2026-06-29,Present,11:58,7.4,163
ATT-E0091-20260630,E0091,2026-06-30,Present,10:50,7.68,95
ATT-E0091-20260701,E0091,2026-07-01,Present,09:20,9.37,5
ATT-E0091-20260702,E0091,2026-07-02,Absent,,0,0
ATT-E0091-20260703,E0091,2026-07-03,Present,08:29,8.39,0
ATT-E0091-20260706,E0091,2026-07-06,Present,11:32,7.9,137
ATT-E0091-20260707,E0091,2026-07-07,Present,10:47,10.22,92
ATT-E0091-20260708,E0091,2026-07-08,Present,11:49,8.37,154
ATT-E0091-20260709,E0091,2026-07-09,Present,09:19,7.93,4
ATT-E0091-20260710,E0091,2026-07-10,Present,09:08,8.61,0
ATT-E0091-20260713,E0091,2026-07-13,Present,11:54,7.29,159
ATT-E0091-20260714,E0091,2026-07-14,Leave,,0,0
ATT-E0091-20260715,E0091,2026-07-15,Present,08:22,8.67,0
ATT-E0091-20260716,E0091,2026-07-16,Leave,,0,0
ATT-E0091-20260717,E0091,2026-07-17,Present,08:37,7.26,0
ATT-E0091-20260720,E0091,2026-07-20,Present,09:51,8.06,36
ATT-E0091-20260721,E0091,2026-07-21,Absent,,0,0
ATT-E0091-20260722,E0091,2026-07-22,Present,11:19,7.74,124
ATT-E0091-20260723,E0091,2026-07-23,Present,08:32,9.24,0
ATT-E0091-20260724,E0091,2026-07-24,Present,08:33,7.53,0
ATT-E0091-20260727,E0091,2026-07-27,Present,10:49,7.51,94
ATT-E0091-20260728,E0091,2026-07-28,Present,08:38,10.34,0
ATT-E0091-20260729,E0091,2026-07-29,Absent,,0,0
ATT-E0091-20260730,E0091,2026-07-30,Leave,,0,0
ATT-E0091-20260731,E0091,2026-07-31,Present,11:50,9.1,155
ATT-E0091-20260803,E0091,2026-08-03,Present,08:39,10.46,0
ATT-E0091-20260804,E0091,2026-08-04,Present,11:59,8.85,164
ATT-E0091-20260805,E0091,2026-08-05,Present,08:06,10.06,0
ATT-E0091-20260806,E0091,2026-08-06,Present,10:15,10.12,60
ATT-E0091-20260807,E0091,2026-08-07,Present,10:30,8.43,75
ATT-E0091-20260810,E0091,2026-08-10,Present,09:38,8.69,23
ATT-E0091-20260811,E0091,2026-08-11,Present,10:31,9.17,76
ATT-E0091-20260812,E0091,2026-08-12,Absent,,0,0
ATT-E0091-20260813,E0091,2026-08-13,Present,11:18,7.5,123
ATT-E0091-20260814,E0091,2026-08-14,Present,09:56,8.26,41
ATT-E0091-20260817,E0091,2026-08-17,Present,08:12,9.2,0
ATT-E0091-20260818,E0091,2026-08-18,Present,08:11,9.79,0
ATT-E0091-20260819,E0091,2026-08-19,Present,09:45,9.85,30
ATT-E0091-20260820,E0091,2026-08-20,Present,10:36,8.5,81
ATT-E0091-20260821,E0091,2026-08-21,Present,09:05,7.14,0
ATT-E0091-20260824,E0091,2026-08-24,Present,08:52,9.04,0
ATT-E0091-20260825,E0091,2026-08-25,Present,09:05,8.27,0
ATT-E0091-20260826,E0091,2026-08-26,Present,08:20,8.81,0
ATT-E0091-20260827,E0091,2026-08-27,Absent,,0,0
ATT-E0091-20260828,E0091,2026-08-28,Present,10:24,7.84,69
ATT-E0091-20260831,E0091,2026-08-31,Present,11:21,7.37,126
ATT-E0092-20260601,E0092,2026-06-01,Present,10:53,9.98,98
ATT-E0092-20260602,E0092,2026-06-02,Present,08:10,9.14,0
ATT-E0092-20260603,E0092,2026-06-03,Present,10:44,8.89,89
ATT-E0092-20260604,E0092,2026-06-04,Leave,,0,0
ATT-E0092-20260605,E0092,2026-06-05,Present,08:06,10.27,0
ATT-E0092-20260608,E0092,2026-06-08,Present,08:40,8.39,0
ATT-E0092-20260609,E0092,2026-06-09,Present,11:53,9.69,158
ATT-E0092-20260610,E0092,2026-06-10,Present,08:59,8.13,0
ATT-E0092-20260611,E0092,2026-06-11,Absent,,0,0
ATT-E0092-20260612,E0092,2026-06-12,Present,09:44,9.74,29
ATT-E0092-20260615,E0092,2026-06-15,Present,10:29,8.93,74
ATT-E0092-20260616,E0092,2026-06-16,Present,08:06,8.43,0
ATT-E0092-20260617,E0092,2026-06-17,Absent,,0,0
ATT-E0092-20260618,E0092,2026-06-18,Present,09:12,10.39,0
ATT-E0092-20260619,E0092,2026-06-19,Present,08:20,8.98,0
ATT-E0092-20260622,E0092,2026-06-22,Present,09:27,10.45,12
ATT-E0092-20260623,E0092,2026-06-23,Present,08:26,7.48,0
ATT-E0092-20260624,E0092,2026-06-24,Present,11:09,8.32,114
ATT-E0092-20260625,E0092,2026-06-25,Present,10:30,10.23,75
ATT-E0092-20260626,E0092,2026-06-26,Present,11:23,8.61,128
ATT-E0092-20260629,E0092,2026-06-29,Present,10:51,10.27,96
ATT-E0092-20260630,E0092,2026-06-30,Present,09:32,9.24,17
ATT-E0092-20260701,E0092,2026-07-01,Present,08:46,9.93,0
ATT-E0092-20260702,E0092,2026-07-02,Present,08:02,7.29,0
ATT-E0092-20260703,E0092,2026-07-03,Absent,,0,0
ATT-E0092-20260706,E0092,2026-07-06,Present,09:46,8.63,31
ATT-E0092-20260707,E0092,2026-07-07,Present,11:25,9,130
ATT-E0092-20260708,E0092,2026-07-08,Present,08:23,8.7,0
ATT-E0092-20260709,E0092,2026-07-09,Present,10:10,10.31,55
ATT-E0092-20260710,E0092,2026-07-10,Present,09:27,8.21,12
ATT-E0092-20260713,E0092,2026-07-13,Present,10:13,8.99,58
ATT-E0092-20260714,E0092,2026-07-14,Present,09:50,10.22,35
ATT-E0092-20260715,E0092,2026-07-15,Present,10:45,7.07,90
ATT-E0092-20260716,E0092,2026-07-16,Present,11:48,9.47,153
ATT-E0092-20260717,E0092,2026-07-17,Present,11:04,8.18,109
ATT-E0092-20260720,E0092,2026-07-20,Leave,,0,0
ATT-E0092-20260721,E0092,2026-07-21,Present,09:21,8.96,6
ATT-E0092-20260722,E0092,2026-07-22,Present,10:58,10.3,103
ATT-E0092-20260723,E0092,2026-07-23,Absent,,0,0
ATT-E0092-20260724,E0092,2026-07-24,Present,09:18,7.72,3
ATT-E0092-20260727,E0092,2026-07-27,Present,11:22,9.42,127
ATT-E0092-20260728,E0092,2026-07-28,Leave,,0,0
ATT-E0092-20260729,E0092,2026-07-29,Present,08:55,8.36,0
ATT-E0092-20260730,E0092,2026-07-30,Present,09:31,8.73,16
ATT-E0092-20260731,E0092,2026-07-31,Present,08:00,7.58,0
ATT-E0092-20260803,E0092,2026-08-03,Present,11:19,7.86,124
ATT-E0092-20260804,E0092,2026-08-04,Present,08:03,8.2,0
ATT-E0092-20260805,E0092,2026-08-05,Absent,,0,0
ATT-E0092-20260806,E0092,2026-08-06,Present,08:49,8.55,0
ATT-E0092-20260807,E0092,2026-08-07,Present,10:23,7.95,68
ATT-E0092-20260810,E0092,2026-08-10,Present,08:45,7.63,0
ATT-E0092-20260811,E0092,2026-08-11,Present,08:28,7.75,0
ATT-E0092-20260812,E0092,2026-08-12,Leave,,0,0
ATT-E0092-20260813,E0092,2026-08-13,Present,08:41,8.72,0
ATT-E0092-20260814,E0092,2026-08-14,Present,09:51,7.5,36
ATT-E0092-20260817,E0092,2026-08-17,Leave,,0,0
ATT-E0092-20260818,E0092,2026-08-18,Present,08:07,8.36,0
ATT-E0092-20260819,E0092,2026-08-19,Present,09:15,10.27,0
ATT-E0092-20260820,E0092,2026-08-20,Absent,,0,0
ATT-E0092-20260821,E0092,2026-08-21,Present,09:41,7.6,26
ATT-E0092-20260824,E0092,2026-08-24,Absent,,0,0
ATT-E0092-20260825,E0092,2026-08-25,Present,09:10,9.97,0
ATT-E0092-20260826,E0092,2026-08-26,Present,08:28,7.58,0
ATT-E0092-20260827,E0092,2026-08-27,Present,09:06,8.81,0
ATT-E0092-20260828,E0092,2026-08-28,Present,10:18,9.26,63
ATT-E0092-20260831,E0092,2026-08-31,Present,08:11,7.08,0
ATT-E0093-20260601,E0093,2026-06-01,Present,10:21,8.59,66
ATT-E0093-20260602,E0093,2026-06-02,Present,09:56,9.16,41
ATT-E0093-20260603,E0093,2026-06-03,Present,10:48,7.85,93
ATT-E0093-20260604,E0093,2026-06-04,Present,08:43,8.49,0
ATT-E0093-20260605,E0093,2026-06-05,Present,08:29,8.54,0
ATT-E0093-20260608,E0093,2026-06-08,Present,09:51,8.58,36
ATT-E0093-20260609,E0093,2026-06-09,Present,09:47,7.13,32
ATT-E0093-20260610,E0093,2026-06-10,Present,09:19,9.94,4
ATT-E0093-20260611,E0093,2026-06-11,Absent,,0,0
ATT-E0093-20260612,E0093,2026-06-12,Present,11:06,7.67,111
ATT-E0093-20260615,E0093,2026-06-15,Absent,,0,0
ATT-E0093-20260616,E0093,2026-06-16,Present,10:51,8.19,96
ATT-E0093-20260617,E0093,2026-06-17,Present,08:57,8.02,0
ATT-E0093-20260618,E0093,2026-06-18,Present,08:05,8.29,0
ATT-E0093-20260619,E0093,2026-06-19,Present,10:39,8.65,84
ATT-E0093-20260622,E0093,2026-06-22,Present,11:18,7.7,123
ATT-E0093-20260623,E0093,2026-06-23,Present,09:11,9.84,0
ATT-E0093-20260624,E0093,2026-06-24,Present,10:23,8.18,68
ATT-E0093-20260625,E0093,2026-06-25,Absent,,0,0
ATT-E0093-20260626,E0093,2026-06-26,Present,10:17,10.12,62
ATT-E0093-20260629,E0093,2026-06-29,Present,09:19,10.13,4
ATT-E0093-20260630,E0093,2026-06-30,Present,09:36,7.33,21
ATT-E0093-20260701,E0093,2026-07-01,Absent,,0,0
ATT-E0093-20260702,E0093,2026-07-02,Present,11:02,9.12,107
ATT-E0093-20260703,E0093,2026-07-03,Present,11:13,8.32,118
ATT-E0093-20260706,E0093,2026-07-06,Present,11:17,7.62,122
ATT-E0093-20260707,E0093,2026-07-07,Present,10:13,9.02,58
ATT-E0093-20260708,E0093,2026-07-08,Present,10:01,7.54,46
ATT-E0093-20260709,E0093,2026-07-09,Absent,,0,0
ATT-E0093-20260710,E0093,2026-07-10,Absent,,0,0
ATT-E0093-20260713,E0093,2026-07-13,Leave,,0,0
ATT-E0093-20260714,E0093,2026-07-14,Present,10:21,8.68,66
ATT-E0093-20260715,E0093,2026-07-15,Present,11:58,9.83,163
ATT-E0093-20260716,E0093,2026-07-16,Present,11:57,8.14,162
ATT-E0093-20260717,E0093,2026-07-17,Present,11:35,7.73,140
ATT-E0093-20260720,E0093,2026-07-20,Leave,,0,0
ATT-E0093-20260721,E0093,2026-07-21,Present,09:10,10.33,0
ATT-E0093-20260722,E0093,2026-07-22,Present,11:05,10.22,110
ATT-E0093-20260723,E0093,2026-07-23,Present,09:16,7.77,1
ATT-E0093-20260724,E0093,2026-07-24,Present,09:23,7.09,8
ATT-E0093-20260727,E0093,2026-07-27,Leave,,0,0
ATT-E0093-20260728,E0093,2026-07-28,Absent,,0,0
ATT-E0093-20260729,E0093,2026-07-29,Present,10:18,9.36,63
ATT-E0093-20260730,E0093,2026-07-30,Present,11:07,8.57,112
ATT-E0093-20260731,E0093,2026-07-31,Absent,,0,0
ATT-E0093-20260803,E0093,2026-08-03,Present,10:54,8.1,99
ATT-E0093-20260804,E0093,2026-08-04,Absent,,0,0
ATT-E0093-20260805,E0093,2026-08-05,Leave,,0,0
ATT-E0093-20260806,E0093,2026-08-06,Present,11:05,8.71,110
ATT-E0093-20260807,E0093,2026-08-07,Absent,,0,0
ATT-E0093-20260810,E0093,2026-08-10,Present,10:13,7.63,58
ATT-E0093-20260811,E0093,2026-08-11,Present,08:37,7.4,0
ATT-E0093-20260812,E0093,2026-08-12,Present,11:41,10.16,146
ATT-E0093-20260813,E0093,2026-08-13,Present,10:38,9.92,83
ATT-E0093-20260814,E0093,2026-08-14,Present,10:46,8.33,91
ATT-E0093-20260817,E0093,2026-08-17,Present,10:38,7.5,83
ATT-E0093-20260818,E0093,2026-08-18,Present,11:23,8.89,128
ATT-E0093-20260819,E0093,2026-08-19,Present,08:51,10.24,0
ATT-E0093-20260820,E0093,2026-08-20,Present,08:36,9.69,0
ATT-E0093-20260821,E0093,2026-08-21,Present,11:17,9.24,122
ATT-E0093-20260824,E0093,2026-08-24,Present,08:08,9.51,0
ATT-E0093-20260825,E0093,2026-08-25,Leave,,0,0
ATT-E0093-20260826,E0093,2026-08-26,Present,10:56,9.65,101
ATT-E0093-20260827,E0093,2026-08-27,Present,08:26,7.41,0
ATT-E0093-20260828,E0093,2026-08-28,Absent,,0,0
ATT-E0093-20260831,E0093,2026-08-31,Present,10:01,7.31,46
ATT-E0094-20260601,E0094,2026-06-01,Absent,,0,0
ATT-E0094-20260602,E0094,2026-06-02,Present,10:58,8.99,103
ATT-E0094-20260603,E0094,2026-06-03,Absent,,0,0
ATT-E0094-20260604,E0094,2026-06-04,Leave,,0,0
ATT-E0094-20260605,E0094,2026-06-05,Present,10:12,8.68,57
ATT-E0094-20260608,E0094,2026-06-08,Present,10:55,7.24,100
ATT-E0094-20260609,E0094,2026-06-09,Present,09:32,10.18,17
ATT-E0094-20260610,E0094,2026-06-10,Present,11:46,7.85,151
ATT-E0094-20260611,E0094,2026-06-11,Present,08:58,9.74,0
ATT-E0094-20260612,E0094,2026-06-12,Present,10:07,8.75,52
ATT-E0094-20260615,E0094,2026-06-15,Present,08:16,9.98,0
ATT-E0094-20260616,E0094,2026-06-16,Present,11:35,7.1,140
ATT-E0094-20260617,E0094,2026-06-17,Present,08:11,9.44,0
ATT-E0094-20260618,E0094,2026-06-18,Present,08:22,8.96,0
ATT-E0094-20260619,E0094,2026-06-19,Present,11:03,8.03,108
ATT-E0094-20260622,E0094,2026-06-22,Absent,,0,0
ATT-E0094-20260623,E0094,2026-06-23,Present,09:01,9.43,0
ATT-E0094-20260624,E0094,2026-06-24,Present,10:09,8.49,54
ATT-E0094-20260625,E0094,2026-06-25,Present,11:15,10.17,120
ATT-E0094-20260626,E0094,2026-06-26,Present,08:58,10.49,0
ATT-E0094-20260629,E0094,2026-06-29,Present,11:27,9.62,132
ATT-E0094-20260630,E0094,2026-06-30,Present,11:38,9.8,143
ATT-E0094-20260701,E0094,2026-07-01,Present,11:06,9.42,111
ATT-E0094-20260702,E0094,2026-07-02,Present,08:35,7.77,0
ATT-E0094-20260703,E0094,2026-07-03,Present,09:34,7.98,19
ATT-E0094-20260706,E0094,2026-07-06,Present,11:14,7.43,119
ATT-E0094-20260707,E0094,2026-07-07,Present,09:35,10.43,20
ATT-E0094-20260708,E0094,2026-07-08,Present,10:07,8.81,52
ATT-E0094-20260709,E0094,2026-07-09,Present,10:37,10.44,82
ATT-E0094-20260710,E0094,2026-07-10,Present,09:30,8.68,15
ATT-E0094-20260713,E0094,2026-07-13,Present,11:03,7.1,108
ATT-E0094-20260714,E0094,2026-07-14,Present,08:49,9.87,0
ATT-E0094-20260715,E0094,2026-07-15,Present,10:35,7.11,80
ATT-E0094-20260716,E0094,2026-07-16,Absent,,0,0
ATT-E0094-20260717,E0094,2026-07-17,Leave,,0,0
ATT-E0094-20260720,E0094,2026-07-20,Present,11:47,7.57,152
ATT-E0094-20260721,E0094,2026-07-21,Present,10:26,9.95,71
ATT-E0094-20260722,E0094,2026-07-22,Present,10:57,7.51,102
ATT-E0094-20260723,E0094,2026-07-23,Present,08:12,8.87,0
ATT-E0094-20260724,E0094,2026-07-24,Present,09:27,8.65,12
ATT-E0094-20260727,E0094,2026-07-27,Present,11:24,8.11,129
ATT-E0094-20260728,E0094,2026-07-28,Present,11:14,8.81,119
ATT-E0094-20260729,E0094,2026-07-29,Present,09:41,7.37,26
ATT-E0094-20260730,E0094,2026-07-30,Present,08:54,10.45,0
ATT-E0094-20260731,E0094,2026-07-31,Present,10:44,9.77,89
ATT-E0094-20260803,E0094,2026-08-03,Present,09:01,10.34,0
ATT-E0094-20260804,E0094,2026-08-04,Present,08:02,7.37,0
ATT-E0094-20260805,E0094,2026-08-05,Present,11:16,8.73,121
ATT-E0094-20260806,E0094,2026-08-06,Present,10:03,9.35,48
ATT-E0094-20260807,E0094,2026-08-07,Leave,,0,0
ATT-E0094-20260810,E0094,2026-08-10,Present,11:29,7.14,134
ATT-E0094-20260811,E0094,2026-08-11,Present,08:23,7.89,0
ATT-E0094-20260812,E0094,2026-08-12,Present,10:54,9.69,99
ATT-E0094-20260813,E0094,2026-08-13,Present,11:57,9.79,162
ATT-E0094-20260814,E0094,2026-08-14,Present,10:30,9.21,75
ATT-E0094-20260817,E0094,2026-08-17,Present,11:26,10.28,131
ATT-E0094-20260818,E0094,2026-08-18,Present,08:10,9.67,0
ATT-E0094-20260819,E0094,2026-08-19,Leave,,0,0
ATT-E0094-20260820,E0094,2026-08-20,Present,10:05,8.91,50
ATT-E0094-20260821,E0094,2026-08-21,Present,10:52,7.84,97
ATT-E0094-20260824,E0094,2026-08-24,Present,09:16,7.85,1
ATT-E0094-20260825,E0094,2026-08-25,Present,08:52,7.37,0
ATT-E0094-20260826,E0094,2026-08-26,Present,08:02,9.1,0
ATT-E0094-20260827,E0094,2026-08-27,Present,11:33,7.56,138
ATT-E0094-20260828,E0094,2026-08-28,Absent,,0,0
ATT-E0094-20260831,E0094,2026-08-31,Present,08:44,10.2,0
ATT-E0095-20260601,E0095,2026-06-01,Absent,,0,0
ATT-E0095-20260602,E0095,2026-06-02,Absent,,0,0
ATT-E0095-20260603,E0095,2026-06-03,Present,11:20,9.43,125
ATT-E0095-20260604,E0095,2026-06-04,Present,10:33,10.48,78
ATT-E0095-20260605,E0095,2026-06-05,Present,09:05,8.18,0
ATT-E0095-20260608,E0095,2026-06-08,Present,09:37,9.23,22
ATT-E0095-20260609,E0095,2026-06-09,Leave,,0,0
ATT-E0095-20260610,E0095,2026-06-10,Present,08:04,8.43,0
ATT-E0095-20260611,E0095,2026-06-11,Present,08:34,10.19,0
ATT-E0095-20260612,E0095,2026-06-12,Present,10:02,10.06,47
ATT-E0095-20260615,E0095,2026-06-15,Present,09:46,7.59,31
ATT-E0095-20260616,E0095,2026-06-16,Present,09:50,8.31,35
ATT-E0095-20260617,E0095,2026-06-17,Present,11:08,7.13,113
ATT-E0095-20260618,E0095,2026-06-18,Present,10:36,7.99,81
ATT-E0095-20260619,E0095,2026-06-19,Present,08:12,9.21,0
ATT-E0095-20260622,E0095,2026-06-22,Absent,,0,0
ATT-E0095-20260623,E0095,2026-06-23,Leave,,0,0
ATT-E0095-20260624,E0095,2026-06-24,Absent,,0,0
ATT-E0095-20260625,E0095,2026-06-25,Present,10:48,10.09,93
ATT-E0095-20260626,E0095,2026-06-26,Present,08:45,8.65,0
ATT-E0095-20260629,E0095,2026-06-29,Present,09:51,7.06,36
ATT-E0095-20260630,E0095,2026-06-30,Present,08:22,8.41,0
ATT-E0095-20260701,E0095,2026-07-01,Present,08:13,9.6,0
ATT-E0095-20260702,E0095,2026-07-02,Absent,,0,0
ATT-E0095-20260703,E0095,2026-07-03,Present,11:25,8.18,130
ATT-E0095-20260706,E0095,2026-07-06,Leave,,0,0
ATT-E0095-20260707,E0095,2026-07-07,Present,10:29,8.4,74
ATT-E0095-20260708,E0095,2026-07-08,Present,08:41,8.1,0
ATT-E0095-20260709,E0095,2026-07-09,Present,11:34,7.42,139
ATT-E0095-20260710,E0095,2026-07-10,Present,11:37,9.87,142
ATT-E0095-20260713,E0095,2026-07-13,Present,09:35,9.85,20
ATT-E0095-20260714,E0095,2026-07-14,Present,10:14,8.13,59
ATT-E0095-20260715,E0095,2026-07-15,Present,08:44,7.32,0
ATT-E0095-20260716,E0095,2026-07-16,Present,09:47,10.36,32
ATT-E0095-20260717,E0095,2026-07-17,Present,11:29,9.41,134
ATT-E0095-20260720,E0095,2026-07-20,Present,11:46,7.47,151
ATT-E0095-20260721,E0095,2026-07-21,Absent,,0,0
ATT-E0095-20260722,E0095,2026-07-22,Present,09:12,9.75,0
ATT-E0095-20260723,E0095,2026-07-23,Leave,,0,0
ATT-E0095-20260724,E0095,2026-07-24,Present,09:36,10.35,21
ATT-E0095-20260727,E0095,2026-07-27,Present,11:08,8.98,113
ATT-E0095-20260728,E0095,2026-07-28,Absent,,0,0
ATT-E0095-20260729,E0095,2026-07-29,Leave,,0,0
ATT-E0095-20260730,E0095,2026-07-30,Present,11:25,7.87,130
ATT-E0095-20260731,E0095,2026-07-31,Present,08:54,7.18,0
ATT-E0095-20260803,E0095,2026-08-03,Present,10:16,7.16,61
ATT-E0095-20260804,E0095,2026-08-04,Absent,,0,0
ATT-E0095-20260805,E0095,2026-08-05,Present,08:26,10.19,0
ATT-E0095-20260806,E0095,2026-08-06,Absent,,0,0
ATT-E0095-20260807,E0095,2026-08-07,Present,09:50,8.69,35
ATT-E0095-20260810,E0095,2026-08-10,Present,08:16,9.89,0
ATT-E0095-20260811,E0095,2026-08-11,Present,11:15,8.02,120
ATT-E0095-20260812,E0095,2026-08-12,Present,11:50,8.66,155
ATT-E0095-20260813,E0095,2026-08-13,Present,09:22,8.06,7
ATT-E0095-20260814,E0095,2026-08-14,Present,09:14,7.18,0
ATT-E0095-20260817,E0095,2026-08-17,Present,11:41,7.74,146
ATT-E0095-20260818,E0095,2026-08-18,Present,09:47,9.76,32
ATT-E0095-20260819,E0095,2026-08-19,Present,11:24,7.33,129
ATT-E0095-20260820,E0095,2026-08-20,Present,11:57,10.1,162
ATT-E0095-20260821,E0095,2026-08-21,Present,11:07,7.9,112
ATT-E0095-20260824,E0095,2026-08-24,Present,11:51,8.45,156
ATT-E0095-20260825,E0095,2026-08-25,Present,10:14,7.66,59
ATT-E0095-20260826,E0095,2026-08-26,Absent,,0,0
ATT-E0095-20260827,E0095,2026-08-27,Present,08:13,7.77,0
ATT-E0095-20260828,E0095,2026-08-28,Present,08:38,8.87,0
ATT-E0095-20260831,E0095,2026-08-31,Absent,,0,0
ATT-E0096-20260601,E0096,2026-06-01,Leave,,0,0
ATT-E0096-20260602,E0096,2026-06-02,Absent,,0,0
ATT-E0096-20260603,E0096,2026-06-03,Present,11:50,7.4,155
ATT-E0096-20260604,E0096,2026-06-04,Present,11:19,8.01,124
ATT-E0096-20260605,E0096,2026-06-05,Present,09:35,8.85,20
ATT-E0096-20260608,E0096,2026-06-08,Present,10:56,8.4,101
ATT-E0096-20260609,E0096,2026-06-09,Present,09:00,7.39,0
ATT-E0096-20260610,E0096,2026-06-10,Present,09:11,9.31,0
ATT-E0096-20260611,E0096,2026-06-11,Present,08:47,9.71,0
ATT-E0096-20260612,E0096,2026-06-12,Present,10:33,8.81,78
ATT-E0096-20260615,E0096,2026-06-15,Present,09:14,9.26,0
ATT-E0096-20260616,E0096,2026-06-16,Present,09:01,9.83,0
ATT-E0096-20260617,E0096,2026-06-17,Present,09:21,7.81,6
ATT-E0096-20260618,E0096,2026-06-18,Present,10:48,9.33,93
ATT-E0096-20260619,E0096,2026-06-19,Present,08:11,9.45,0
ATT-E0096-20260622,E0096,2026-06-22,Leave,,0,0
ATT-E0096-20260623,E0096,2026-06-23,Present,10:43,10.34,88
ATT-E0096-20260624,E0096,2026-06-24,Present,08:31,7.97,0
ATT-E0096-20260625,E0096,2026-06-25,Present,08:40,7.27,0
ATT-E0096-20260626,E0096,2026-06-26,Present,11:36,8.81,141
ATT-E0096-20260629,E0096,2026-06-29,Present,10:23,10.19,68
ATT-E0096-20260630,E0096,2026-06-30,Leave,,0,0
ATT-E0096-20260701,E0096,2026-07-01,Absent,,0,0
ATT-E0096-20260702,E0096,2026-07-02,Present,08:43,9.82,0
ATT-E0096-20260703,E0096,2026-07-03,Present,10:40,7.2,85
ATT-E0096-20260706,E0096,2026-07-06,Present,10:26,9.21,71
ATT-E0096-20260707,E0096,2026-07-07,Present,08:42,7.26,0
ATT-E0096-20260708,E0096,2026-07-08,Present,10:12,8.01,57
ATT-E0096-20260709,E0096,2026-07-09,Present,11:58,7.28,163
ATT-E0096-20260710,E0096,2026-07-10,Present,10:15,8.98,60
ATT-E0096-20260713,E0096,2026-07-13,Present,09:41,9.92,26
ATT-E0096-20260714,E0096,2026-07-14,Present,10:14,8.24,59
ATT-E0096-20260715,E0096,2026-07-15,Present,11:19,8.12,124
ATT-E0096-20260716,E0096,2026-07-16,Present,09:45,8.5,30
ATT-E0096-20260717,E0096,2026-07-17,Present,08:55,9.64,0
ATT-E0096-20260720,E0096,2026-07-20,Present,09:48,10.15,33
ATT-E0096-20260721,E0096,2026-07-21,Present,11:00,7.5,105
ATT-E0096-20260722,E0096,2026-07-22,Present,08:20,8.18,0
ATT-E0096-20260723,E0096,2026-07-23,Leave,,0,0
ATT-E0096-20260724,E0096,2026-07-24,Present,08:07,9.35,0
ATT-E0096-20260727,E0096,2026-07-27,Present,11:18,9.81,123
ATT-E0096-20260728,E0096,2026-07-28,Present,09:07,7.64,0
ATT-E0096-20260729,E0096,2026-07-29,Present,09:41,9.94,26
ATT-E0096-20260730,E0096,2026-07-30,Present,08:45,9.14,0
ATT-E0096-20260731,E0096,2026-07-31,Present,11:51,10.16,156
ATT-E0096-20260803,E0096,2026-08-03,Present,10:07,7.49,52
ATT-E0096-20260804,E0096,2026-08-04,Present,08:37,7.62,0
ATT-E0096-20260805,E0096,2026-08-05,Present,08:03,9.33,0
ATT-E0096-20260806,E0096,2026-08-06,Absent,,0,0
ATT-E0096-20260807,E0096,2026-08-07,Present,09:49,7.45,34
ATT-E0096-20260810,E0096,2026-08-10,Present,08:51,7.36,0
ATT-E0096-20260811,E0096,2026-08-11,Absent,,0,0
ATT-E0096-20260812,E0096,2026-08-12,Present,10:29,10.13,74
ATT-E0096-20260813,E0096,2026-08-13,Present,11:46,7.05,151
ATT-E0096-20260814,E0096,2026-08-14,Present,08:50,9.65,0
ATT-E0096-20260817,E0096,2026-08-17,Present,08:12,10.01,0
ATT-E0096-20260818,E0096,2026-08-18,Present,08:52,8.27,0
ATT-E0096-20260819,E0096,2026-08-19,Present,09:16,8.41,1
ATT-E0096-20260820,E0096,2026-08-20,Leave,,0,0
ATT-E0096-20260821,E0096,2026-08-21,Present,10:23,9.62,68
ATT-E0096-20260824,E0096,2026-08-24,Present,10:14,9.57,59
ATT-E0096-20260825,E0096,2026-08-25,Present,10:06,7.36,51
ATT-E0096-20260826,E0096,2026-08-26,Present,09:28,9.88,13
ATT-E0096-20260827,E0096,2026-08-27,Present,08:35,8.5,0
ATT-E0096-20260828,E0096,2026-08-28,Present,08:18,9.23,0
ATT-E0096-20260831,E0096,2026-08-31,Present,08:08,10.3,0
ATT-E0097-20260601,E0097,2026-06-01,Present,10:38,10.44,83
ATT-E0097-20260602,E0097,2026-06-02,Leave,,0,0
ATT-E0097-20260603,E0097,2026-06-03,Present,10:57,9.37,102
ATT-E0097-20260604,E0097,2026-06-04,Present,11:46,8.34,151
ATT-E0097-20260605,E0097,2026-06-05,Present,08:37,9.71,0
ATT-E0097-20260608,E0097,2026-06-08,Present,10:18,8.3,63
ATT-E0097-20260609,E0097,2026-06-09,Leave,,0,0
ATT-E0097-20260610,E0097,2026-06-10,Present,08:17,8.83,0
ATT-E0097-20260611,E0097,2026-06-11,Present,09:19,9.74,4
ATT-E0097-20260612,E0097,2026-06-12,Present,10:31,9.54,76
ATT-E0097-20260615,E0097,2026-06-15,Present,09:37,7.28,22
ATT-E0097-20260616,E0097,2026-06-16,Present,10:31,9.45,76
ATT-E0097-20260617,E0097,2026-06-17,Present,11:06,7.26,111
ATT-E0097-20260618,E0097,2026-06-18,Present,11:39,8.96,144
ATT-E0097-20260619,E0097,2026-06-19,Present,09:49,10.03,34
ATT-E0097-20260622,E0097,2026-06-22,Present,08:17,9.98,0
ATT-E0097-20260623,E0097,2026-06-23,Absent,,0,0
ATT-E0097-20260624,E0097,2026-06-24,Absent,,0,0
ATT-E0097-20260625,E0097,2026-06-25,Present,09:40,8.71,25
ATT-E0097-20260626,E0097,2026-06-26,Present,11:27,9.03,132
ATT-E0097-20260629,E0097,2026-06-29,Present,09:07,10.09,0
ATT-E0097-20260630,E0097,2026-06-30,Present,09:14,10.43,0
ATT-E0097-20260701,E0097,2026-07-01,Present,10:42,7.54,87
ATT-E0097-20260702,E0097,2026-07-02,Present,08:11,10.18,0
ATT-E0097-20260703,E0097,2026-07-03,Present,11:38,8.34,143
ATT-E0097-20260706,E0097,2026-07-06,Present,10:57,8.74,102
ATT-E0097-20260707,E0097,2026-07-07,Present,11:09,7.82,114
ATT-E0097-20260708,E0097,2026-07-08,Present,11:33,10.31,138
ATT-E0097-20260709,E0097,2026-07-09,Present,10:58,9.7,103
ATT-E0097-20260710,E0097,2026-07-10,Absent,,0,0
ATT-E0097-20260713,E0097,2026-07-13,Present,10:15,7.74,60
ATT-E0097-20260714,E0097,2026-07-14,Present,10:02,9.05,47
ATT-E0097-20260715,E0097,2026-07-15,Present,10:09,9.76,54
ATT-E0097-20260716,E0097,2026-07-16,Present,08:13,7.8,0
ATT-E0097-20260717,E0097,2026-07-17,Present,10:56,10,101
ATT-E0097-20260720,E0097,2026-07-20,Present,08:34,10.05,0
ATT-E0097-20260721,E0097,2026-07-21,Present,11:09,7.72,114
ATT-E0097-20260722,E0097,2026-07-22,Absent,,0,0
ATT-E0097-20260723,E0097,2026-07-23,Present,11:02,8.74,107
ATT-E0097-20260724,E0097,2026-07-24,Present,08:02,9.72,0
ATT-E0097-20260727,E0097,2026-07-27,Present,11:10,9.11,115
ATT-E0097-20260728,E0097,2026-07-28,Present,10:50,7.47,95
ATT-E0097-20260729,E0097,2026-07-29,Absent,,0,0
ATT-E0097-20260730,E0097,2026-07-30,Absent,,0,0
ATT-E0097-20260731,E0097,2026-07-31,Present,11:12,9.54,117
ATT-E0097-20260803,E0097,2026-08-03,Absent,,0,0
ATT-E0097-20260804,E0097,2026-08-04,Present,11:28,7.78,133
ATT-E0097-20260805,E0097,2026-08-05,Present,09:41,10.27,26
ATT-E0097-20260806,E0097,2026-08-06,Present,10:07,7.43,52
ATT-E0097-20260807,E0097,2026-08-07,Present,09:15,9.74,0
ATT-E0097-20260810,E0097,2026-08-10,Present,10:14,7.15,59
ATT-E0097-20260811,E0097,2026-08-11,Present,08:51,10.01,0
ATT-E0097-20260812,E0097,2026-08-12,Absent,,0,0
ATT-E0097-20260813,E0097,2026-08-13,Absent,,0,0
ATT-E0097-20260814,E0097,2026-08-14,Present,08:26,8.13,0
ATT-E0097-20260817,E0097,2026-08-17,Present,10:21,9.93,66
ATT-E0097-20260818,E0097,2026-08-18,Leave,,0,0
ATT-E0097-20260819,E0097,2026-08-19,Present,11:19,10.04,124
ATT-E0097-20260820,E0097,2026-08-20,Present,11:18,9.59,123
ATT-E0097-20260821,E0097,2026-08-21,Present,11:14,7.08,119
ATT-E0097-20260824,E0097,2026-08-24,Present,09:07,9.15,0
ATT-E0097-20260825,E0097,2026-08-25,Present,11:03,9.22,108
ATT-E0097-20260826,E0097,2026-08-26,Present,08:46,7.63,0
ATT-E0097-20260827,E0097,2026-08-27,Absent,,0,0
ATT-E0097-20260828,E0097,2026-08-28,Present,11:55,8.8,160
ATT-E0097-20260831,E0097,2026-08-31,Leave,,0,0
ATT-E0098-20260601,E0098,2026-06-01,Absent,,0,0
ATT-E0098-20260602,E0098,2026-06-02,Present,08:43,7.26,0
ATT-E0098-20260603,E0098,2026-06-03,Present,08:52,8.54,0
ATT-E0098-20260604,E0098,2026-06-04,Absent,,0,0
ATT-E0098-20260605,E0098,2026-06-05,Present,11:40,9.65,145
ATT-E0098-20260608,E0098,2026-06-08,Present,08:49,7.58,0
ATT-E0098-20260609,E0098,2026-06-09,Present,11:34,7.93,139
ATT-E0098-20260610,E0098,2026-06-10,Present,08:25,9.69,0
ATT-E0098-20260611,E0098,2026-06-11,Leave,,0,0
ATT-E0098-20260612,E0098,2026-06-12,Leave,,0,0
ATT-E0098-20260615,E0098,2026-06-15,Absent,,0,0
ATT-E0098-20260616,E0098,2026-06-16,Present,09:43,9.73,28
ATT-E0098-20260617,E0098,2026-06-17,Present,10:24,7.28,69
ATT-E0098-20260618,E0098,2026-06-18,Present,11:10,8.44,115
ATT-E0098-20260619,E0098,2026-06-19,Leave,,0,0
ATT-E0098-20260622,E0098,2026-06-22,Present,09:18,10.17,3
ATT-E0098-20260623,E0098,2026-06-23,Leave,,0,0
ATT-E0098-20260624,E0098,2026-06-24,Present,11:50,7.46,155
ATT-E0098-20260625,E0098,2026-06-25,Absent,,0,0
ATT-E0098-20260626,E0098,2026-06-26,Leave,,0,0
ATT-E0098-20260629,E0098,2026-06-29,Present,08:05,9.37,0
ATT-E0098-20260630,E0098,2026-06-30,Present,08:31,9.94,0
ATT-E0098-20260701,E0098,2026-07-01,Present,08:42,9.45,0
ATT-E0098-20260702,E0098,2026-07-02,Present,11:42,7.04,147
ATT-E0098-20260703,E0098,2026-07-03,Present,09:10,9.79,0
ATT-E0098-20260706,E0098,2026-07-06,Leave,,0,0
ATT-E0098-20260707,E0098,2026-07-07,Present,08:22,9.05,0
ATT-E0098-20260708,E0098,2026-07-08,Absent,,0,0
ATT-E0098-20260709,E0098,2026-07-09,Present,10:31,10.11,76
ATT-E0098-20260710,E0098,2026-07-10,Absent,,0,0
ATT-E0098-20260713,E0098,2026-07-13,Present,11:59,8.31,164
ATT-E0098-20260714,E0098,2026-07-14,Present,10:49,8.89,94
ATT-E0098-20260715,E0098,2026-07-15,Present,09:43,8.73,28
ATT-E0098-20260716,E0098,2026-07-16,Present,08:55,9.42,0
ATT-E0098-20260717,E0098,2026-07-17,Present,11:33,7.63,138
ATT-E0098-20260720,E0098,2026-07-20,Present,09:10,9.02,0
ATT-E0098-20260721,E0098,2026-07-21,Present,08:05,9.5,0
ATT-E0098-20260722,E0098,2026-07-22,Present,11:24,10.28,129
ATT-E0098-20260723,E0098,2026-07-23,Absent,,0,0
ATT-E0098-20260724,E0098,2026-07-24,Leave,,0,0
ATT-E0098-20260727,E0098,2026-07-27,Absent,,0,0
ATT-E0098-20260728,E0098,2026-07-28,Present,10:55,9.1,100
ATT-E0098-20260729,E0098,2026-07-29,Present,08:27,8.78,0
ATT-E0098-20260730,E0098,2026-07-30,Present,10:01,8.2,46
ATT-E0098-20260731,E0098,2026-07-31,Absent,,0,0
ATT-E0098-20260803,E0098,2026-08-03,Present,09:31,10.35,16
ATT-E0098-20260804,E0098,2026-08-04,Present,11:27,7.87,132
ATT-E0098-20260805,E0098,2026-08-05,Present,10:57,9.24,102
ATT-E0098-20260806,E0098,2026-08-06,Present,08:52,7.96,0
ATT-E0098-20260807,E0098,2026-08-07,Present,09:50,7.43,35
ATT-E0098-20260810,E0098,2026-08-10,Absent,,0,0
ATT-E0098-20260811,E0098,2026-08-11,Present,08:24,8.06,0
ATT-E0098-20260812,E0098,2026-08-12,Present,10:12,7.8,57
ATT-E0098-20260813,E0098,2026-08-13,Present,10:11,8.05,56
ATT-E0098-20260814,E0098,2026-08-14,Present,08:51,9.74,0
ATT-E0098-20260817,E0098,2026-08-17,Present,10:00,7.96,45
ATT-E0098-20260818,E0098,2026-08-18,Present,09:58,8.69,43
ATT-E0098-20260819,E0098,2026-08-19,Present,10:25,10,70
ATT-E0098-20260820,E0098,2026-08-20,Absent,,0,0
ATT-E0098-20260821,E0098,2026-08-21,Leave,,0,0
ATT-E0098-20260824,E0098,2026-08-24,Present,08:00,9.47,0
ATT-E0098-20260825,E0098,2026-08-25,Present,10:51,8.88,96
ATT-E0098-20260826,E0098,2026-08-26,Present,09:49,7.37,34
ATT-E0098-20260827,E0098,2026-08-27,Present,10:44,8.45,89
ATT-E0098-20260828,E0098,2026-08-28,Present,08:06,8.6,0
ATT-E0098-20260831,E0098,2026-08-31,Leave,,0,0
ATT-E0099-20260601,E0099,2026-06-01,Present,09:58,10.41,43
ATT-E0099-20260602,E0099,2026-06-02,Present,10:13,7.48,58
ATT-E0099-20260603,E0099,2026-06-03,Leave,,0,0
ATT-E0099-20260604,E0099,2026-06-04,Present,09:26,8.02,11
ATT-E0099-20260605,E0099,2026-06-05,Present,08:57,8.59,0
ATT-E0099-20260608,E0099,2026-06-08,Present,11:31,10.01,136
ATT-E0099-20260609,E0099,2026-06-09,Present,11:27,8.99,132
ATT-E0099-20260610,E0099,2026-06-10,Present,09:02,7.37,0
ATT-E0099-20260611,E0099,2026-06-11,Present,09:18,7.56,3
ATT-E0099-20260612,E0099,2026-06-12,Absent,,0,0
ATT-E0099-20260615,E0099,2026-06-15,Leave,,0,0
ATT-E0099-20260616,E0099,2026-06-16,Present,11:50,9.38,155
ATT-E0099-20260617,E0099,2026-06-17,Present,08:37,9.29,0
ATT-E0099-20260618,E0099,2026-06-18,Present,10:16,8.31,61
ATT-E0099-20260619,E0099,2026-06-19,Leave,,0,0
ATT-E0099-20260622,E0099,2026-06-22,Present,09:32,7.35,17
ATT-E0099-20260623,E0099,2026-06-23,Present,09:09,8.54,0
ATT-E0099-20260624,E0099,2026-06-24,Present,11:36,7.6,141
ATT-E0099-20260625,E0099,2026-06-25,Absent,,0,0
ATT-E0099-20260626,E0099,2026-06-26,Present,10:16,7.25,61
ATT-E0099-20260629,E0099,2026-06-29,Present,09:07,8.54,0
ATT-E0099-20260630,E0099,2026-06-30,Present,11:09,7.85,114
ATT-E0099-20260701,E0099,2026-07-01,Leave,,0,0
ATT-E0099-20260702,E0099,2026-07-02,Present,11:40,7.72,145
ATT-E0099-20260703,E0099,2026-07-03,Absent,,0,0
ATT-E0099-20260706,E0099,2026-07-06,Present,10:00,8.7,45
ATT-E0099-20260707,E0099,2026-07-07,Present,10:17,9.59,62
ATT-E0099-20260708,E0099,2026-07-08,Present,08:18,8.54,0
ATT-E0099-20260709,E0099,2026-07-09,Present,09:38,8.15,23
ATT-E0099-20260710,E0099,2026-07-10,Present,11:51,9.21,156
ATT-E0099-20260713,E0099,2026-07-13,Present,09:46,7.5,31
ATT-E0099-20260714,E0099,2026-07-14,Present,08:13,10.22,0
ATT-E0099-20260715,E0099,2026-07-15,Present,08:28,7.76,0
ATT-E0099-20260716,E0099,2026-07-16,Present,10:06,7.29,51
ATT-E0099-20260717,E0099,2026-07-17,Present,09:10,8.61,0
ATT-E0099-20260720,E0099,2026-07-20,Present,10:38,8.65,83
ATT-E0099-20260721,E0099,2026-07-21,Present,08:07,10.17,0
ATT-E0099-20260722,E0099,2026-07-22,Leave,,0,0
ATT-E0099-20260723,E0099,2026-07-23,Present,08:47,8.75,0
ATT-E0099-20260724,E0099,2026-07-24,Present,11:39,7.12,144
ATT-E0099-20260727,E0099,2026-07-27,Present,10:54,7.85,99
ATT-E0099-20260728,E0099,2026-07-28,Present,09:46,9.7,31
ATT-E0099-20260729,E0099,2026-07-29,Present,10:00,7.04,45
ATT-E0099-20260730,E0099,2026-07-30,Present,09:09,8.5,0
ATT-E0099-20260731,E0099,2026-07-31,Present,08:01,9.64,0
ATT-E0099-20260803,E0099,2026-08-03,Absent,,0,0
ATT-E0099-20260804,E0099,2026-08-04,Present,08:39,10,0
ATT-E0099-20260805,E0099,2026-08-05,Leave,,0,0
ATT-E0099-20260806,E0099,2026-08-06,Leave,,0,0
ATT-E0099-20260807,E0099,2026-08-07,Present,08:02,10.3,0
ATT-E0099-20260810,E0099,2026-08-10,Present,08:34,8.24,0
ATT-E0099-20260811,E0099,2026-08-11,Present,08:32,8.53,0
ATT-E0099-20260812,E0099,2026-08-12,Present,10:24,7.65,69
ATT-E0099-20260813,E0099,2026-08-13,Present,09:10,7.52,0
ATT-E0099-20260814,E0099,2026-08-14,Present,09:34,7.05,19
ATT-E0099-20260817,E0099,2026-08-17,Leave,,0,0
ATT-E0099-20260818,E0099,2026-08-18,Present,11:11,7.33,116
ATT-E0099-20260819,E0099,2026-08-19,Present,08:00,7.56,0
ATT-E0099-20260820,E0099,2026-08-20,Present,09:18,10.38,3
ATT-E0099-20260821,E0099,2026-08-21,Present,09:46,8.17,31
ATT-E0099-20260824,E0099,2026-08-24,Leave,,0,0
ATT-E0099-20260825,E0099,2026-08-25,Present,10:14,8.52,59
ATT-E0099-20260826,E0099,2026-08-26,Present,09:47,7.2,32
ATT-E0099-20260827,E0099,2026-08-27,Present,08:48,7.62,0
ATT-E0099-20260828,E0099,2026-08-28,Leave,,0,0
ATT-E0099-20260831,E0099,2026-08-31,Present,09:15,9.89,0
ATT-E0100-20260601,E0100,2026-06-01,Present,11:46,9.14,151
ATT-E0100-20260602,E0100,2026-06-02,Present,08:56,8.96,0
ATT-E0100-20260603,E0100,2026-06-03,Present,09:13,10.19,0
ATT-E0100-20260604,E0100,2026-06-04,Absent,,0,0
ATT-E0100-20260605,E0100,2026-06-05,Present,08:30,8.87,0
ATT-E0100-20260608,E0100,2026-06-08,Leave,,0,0
ATT-E0100-20260609,E0100,2026-06-09,Present,08:16,10.4,0
ATT-E0100-20260610,E0100,2026-06-10,Present,08:11,9.76,0
ATT-E0100-20260611,E0100,2026-06-11,Present,09:52,10.06,37
ATT-E0100-20260612,E0100,2026-06-12,Leave,,0,0
ATT-E0100-20260615,E0100,2026-06-15,Present,09:49,8.39,34
ATT-E0100-20260616,E0100,2026-06-16,Present,09:22,8.83,7
ATT-E0100-20260617,E0100,2026-06-17,Present,09:17,7.97,2
ATT-E0100-20260618,E0100,2026-06-18,Leave,,0,0
ATT-E0100-20260619,E0100,2026-06-19,Present,09:38,9.21,23
ATT-E0100-20260622,E0100,2026-06-22,Leave,,0,0
ATT-E0100-20260623,E0100,2026-06-23,Present,11:45,7.34,150
ATT-E0100-20260624,E0100,2026-06-24,Present,10:07,7.22,52
ATT-E0100-20260625,E0100,2026-06-25,Present,08:33,7.01,0
ATT-E0100-20260626,E0100,2026-06-26,Present,10:27,8.65,72
ATT-E0100-20260629,E0100,2026-06-29,Present,08:21,7.64,0
ATT-E0100-20260630,E0100,2026-06-30,Present,09:45,8.87,30
ATT-E0100-20260701,E0100,2026-07-01,Present,09:31,10,16
ATT-E0100-20260702,E0100,2026-07-02,Present,08:28,7.29,0
ATT-E0100-20260703,E0100,2026-07-03,Present,11:58,10.5,163
ATT-E0100-20260706,E0100,2026-07-06,Absent,,0,0
ATT-E0100-20260707,E0100,2026-07-07,Present,11:08,9.65,113
ATT-E0100-20260708,E0100,2026-07-08,Present,08:59,7.94,0
ATT-E0100-20260709,E0100,2026-07-09,Present,10:25,7.54,70
ATT-E0100-20260710,E0100,2026-07-10,Present,11:50,8.82,155
ATT-E0100-20260713,E0100,2026-07-13,Absent,,0,0
ATT-E0100-20260714,E0100,2026-07-14,Absent,,0,0
ATT-E0100-20260715,E0100,2026-07-15,Present,10:49,8.66,94
ATT-E0100-20260716,E0100,2026-07-16,Present,10:26,9.31,71
ATT-E0100-20260717,E0100,2026-07-17,Present,08:02,8.78,0
ATT-E0100-20260720,E0100,2026-07-20,Present,08:58,7.55,0
ATT-E0100-20260721,E0100,2026-07-21,Leave,,0,0
ATT-E0100-20260722,E0100,2026-07-22,Present,11:11,9.78,116
ATT-E0100-20260723,E0100,2026-07-23,Present,09:27,8.23,12
ATT-E0100-20260724,E0100,2026-07-24,Present,10:31,8.62,76
ATT-E0100-20260727,E0100,2026-07-27,Present,09:41,8.35,26
ATT-E0100-20260728,E0100,2026-07-28,Present,10:11,9.19,56
ATT-E0100-20260729,E0100,2026-07-29,Present,11:27,9.59,132
ATT-E0100-20260730,E0100,2026-07-30,Present,10:28,9.56,73
ATT-E0100-20260731,E0100,2026-07-31,Present,09:22,9.39,7
ATT-E0100-20260803,E0100,2026-08-03,Present,09:35,7.46,20
ATT-E0100-20260804,E0100,2026-08-04,Present,11:37,10.34,142
ATT-E0100-20260805,E0100,2026-08-05,Present,11:21,7.65,126
ATT-E0100-20260806,E0100,2026-08-06,Leave,,0,0
ATT-E0100-20260807,E0100,2026-08-07,Absent,,0,0
ATT-E0100-20260810,E0100,2026-08-10,Absent,,0,0
ATT-E0100-20260811,E0100,2026-08-11,Leave,,0,0
ATT-E0100-20260812,E0100,2026-08-12,Leave,,0,0
ATT-E0100-20260813,E0100,2026-08-13,Present,10:02,10.07,47
ATT-E0100-20260814,E0100,2026-08-14,Absent,,0,0
ATT-E0100-20260817,E0100,2026-08-17,Present,08:25,9.51,0
ATT-E0100-20260818,E0100,2026-08-18,Present,09:31,7.21,16
ATT-E0100-20260819,E0100,2026-08-19,Present,08:01,7.96,0
ATT-E0100-20260820,E0100,2026-08-20,Leave,,0,0
ATT-E0100-20260821,E0100,2026-08-21,Present,10:51,8.7,96
ATT-E0100-20260824,E0100,2026-08-24,Leave,,0,0
ATT-E0100-20260825,E0100,2026-08-25,Present,09:45,10.13,30
ATT-E0100-20260826,E0100,2026-08-26,Present,11:09,9.68,114
ATT-E0100-20260827,E0100,2026-08-27,Present,09:01,9.74,0
ATT-E0100-20260828,E0100,2026-08-28,Leave,,0,0
ATT-E0100-20260831,E0100,2026-08-31,Present,09:23,8.29,8
ATT-E0101-20260601,E0101,2026-06-01,Leave,,0,0
ATT-E0101-20260602,E0101,2026-06-02,Leave,,0,0
ATT-E0101-20260603,E0101,2026-06-03,Present,08:16,9.72,0
ATT-E0101-20260604,E0101,2026-06-04,Present,08:39,7.59,0
ATT-E0101-20260605,E0101,2026-06-05,Present,10:24,8.39,69
ATT-E0101-20260608,E0101,2026-06-08,Present,10:44,8.29,89
ATT-E0101-20260609,E0101,2026-06-09,Absent,,0,0
ATT-E0101-20260610,E0101,2026-06-10,Present,10:15,9.83,60
ATT-E0101-20260611,E0101,2026-06-11,Leave,,0,0
ATT-E0101-20260612,E0101,2026-06-12,Present,09:23,8.56,8
ATT-E0101-20260615,E0101,2026-06-15,Leave,,0,0
ATT-E0101-20260616,E0101,2026-06-16,Leave,,0,0
ATT-E0101-20260617,E0101,2026-06-17,Present,11:49,9.61,154
ATT-E0101-20260618,E0101,2026-06-18,Present,10:07,8.26,52
ATT-E0101-20260619,E0101,2026-06-19,Present,08:41,8.23,0
ATT-E0101-20260622,E0101,2026-06-22,Present,08:55,7.77,0
ATT-E0101-20260623,E0101,2026-06-23,Present,09:02,8.04,0
ATT-E0101-20260624,E0101,2026-06-24,Present,09:15,10.04,0
ATT-E0101-20260625,E0101,2026-06-25,Present,11:26,9.47,131
ATT-E0101-20260626,E0101,2026-06-26,Present,09:27,9.78,12
ATT-E0101-20260629,E0101,2026-06-29,Present,10:48,8.44,93
ATT-E0101-20260630,E0101,2026-06-30,Present,10:34,8.16,79
ATT-E0101-20260701,E0101,2026-07-01,Present,09:42,9.84,27
ATT-E0101-20260702,E0101,2026-07-02,Present,08:32,7.32,0
ATT-E0101-20260703,E0101,2026-07-03,Leave,,0,0
ATT-E0101-20260706,E0101,2026-07-06,Present,11:52,9.78,157
ATT-E0101-20260707,E0101,2026-07-07,Leave,,0,0
ATT-E0101-20260708,E0101,2026-07-08,Present,08:19,8.23,0
ATT-E0101-20260709,E0101,2026-07-09,Absent,,0,0
ATT-E0101-20260710,E0101,2026-07-10,Leave,,0,0
ATT-E0101-20260713,E0101,2026-07-13,Leave,,0,0
ATT-E0101-20260714,E0101,2026-07-14,Absent,,0,0
ATT-E0101-20260715,E0101,2026-07-15,Present,10:05,9.09,50
ATT-E0101-20260716,E0101,2026-07-16,Present,08:28,9.34,0
ATT-E0101-20260717,E0101,2026-07-17,Present,10:15,7.45,60
ATT-E0101-20260720,E0101,2026-07-20,Present,11:26,8.13,131
ATT-E0101-20260721,E0101,2026-07-21,Present,10:56,9.49,101
ATT-E0101-20260722,E0101,2026-07-22,Leave,,0,0
ATT-E0101-20260723,E0101,2026-07-23,Absent,,0,0
ATT-E0101-20260724,E0101,2026-07-24,Leave,,0,0
ATT-E0101-20260727,E0101,2026-07-27,Present,11:50,9.57,155
ATT-E0101-20260728,E0101,2026-07-28,Absent,,0,0
ATT-E0101-20260729,E0101,2026-07-29,Leave,,0,0
ATT-E0101-20260730,E0101,2026-07-30,Present,10:47,8.88,92
ATT-E0101-20260731,E0101,2026-07-31,Present,11:29,9.34,134
ATT-E0101-20260803,E0101,2026-08-03,Present,10:18,10.37,63
ATT-E0101-20260804,E0101,2026-08-04,Present,10:41,8.23,86
ATT-E0101-20260805,E0101,2026-08-05,Absent,,0,0
ATT-E0101-20260806,E0101,2026-08-06,Absent,,0,0
ATT-E0101-20260807,E0101,2026-08-07,Present,10:35,9.27,80
ATT-E0101-20260810,E0101,2026-08-10,Absent,,0,0
ATT-E0101-20260811,E0101,2026-08-11,Present,08:27,7.29,0
ATT-E0101-20260812,E0101,2026-08-12,Present,09:51,7.98,36
ATT-E0101-20260813,E0101,2026-08-13,Present,11:24,8.66,129
ATT-E0101-20260814,E0101,2026-08-14,Present,09:35,9.57,20
ATT-E0101-20260817,E0101,2026-08-17,Leave,,0,0
ATT-E0101-20260818,E0101,2026-08-18,Present,08:43,10.46,0
ATT-E0101-20260819,E0101,2026-08-19,Absent,,0,0
ATT-E0101-20260820,E0101,2026-08-20,Present,08:51,9.78,0
ATT-E0101-20260821,E0101,2026-08-21,Leave,,0,0
ATT-E0101-20260824,E0101,2026-08-24,Present,09:19,7.38,4
ATT-E0101-20260825,E0101,2026-08-25,Absent,,0,0
ATT-E0101-20260826,E0101,2026-08-26,Present,11:43,9.63,148
ATT-E0101-20260827,E0101,2026-08-27,Present,09:22,8.34,7
ATT-E0101-20260828,E0101,2026-08-28,Present,10:11,10.32,56
ATT-E0101-20260831,E0101,2026-08-31,Present,08:44,8.28,0
