Invoice_ID,Order_ID,Invoice_Date,Due_Date,Net_Amount,Tax_Amount,Invoice_Amount,Invoice_Status
INV000001,O000154,2026-04-27,2026-06-11,146923.54,26446.24,173369.78,Partially Paid
INV000002,O000093,2025-09-29,2025-10-29,81542.06,14677.57,96219.64,Partially Paid
INV000003,O001200,2026-01-22,2026-03-23,485547.28,87398.51,572945.79,Open
INV000004,O002922,2026-08-17,2026-10-16,171817.08,30927.07,202744.15,Partially Paid
INV000005,O001689,2025-01-24,2025-02-08,11270.49,2028.69,13299.18,Paid
INV000006,O001044,2026-04-11,2026-05-11,111922.21,20146,132068.21,Paid
INV000007,O001470,2025-10-24,2025-11-08,61724.22,11110.36,72834.58,Paid
INV000008,O001032,2025-01-01,2025-01-16,85178.49,15332.13,100510.62,Open
INV000009,O002553,2025-09-27,2025-11-26,71593.25,12886.79,84480.04,Partially Paid
INV000010,O001893,2025-11-29,2025-12-14,157434.02,28338.12,185772.15,Paid
INV000011,O001578,2025-05-28,2025-07-12,358372.94,64507.13,422880.07,Paid
INV000012,O002165,2026-07-16,2026-09-14,42633.61,7674.05,50307.65,Open
INV000013,O000865,2025-11-07,2026-01-06,334720.19,60249.63,394969.83,Partially Paid
INV000014,O001212,2026-01-25,2026-02-09,117387.24,21129.7,138516.94,Partially Paid
INV000015,O002194,2025-09-09,2025-10-09,42906.33,7723.14,50629.47,Partially Paid
INV000017,O001438,2025-10-08,2025-12-07,112518.39,20253.31,132771.7,Paid
INV000018,O000698,2026-08-05,2026-10-04,89158.13,16048.46,105206.59,Paid
INV000019,O001480,2025-12-03,2025-12-18,286379.33,51548.28,337927.61,Open
INV000020,O001665,2025-09-09,2025-10-09,185754.85,33435.87,219190.72,Open
INV000021,O000078,2025-02-07,2025-04-08,205517.3,36993.11,242510.42,Paid
INV000022,O001156,2025-09-14,2025-11-13,42052.77,7569.5,49622.27,Open
INV000023,O002260,2026-04-25,2026-05-10,20449.1,3680.84,24129.94,Partially Paid
INV000024,O002380,2025-05-10,2025-07-09,99957.94,17992.43,117950.37,Partially Paid
INV000025,O002479,2025-07-11,2025-08-25,387307.35,69715.32,457022.68,Paid
INV000026,O000582,2025-04-26,2025-05-26,205240.56,36943.3,242183.86,Partially Paid
INV000027,O002979,2026-02-03,2026-04-04,298920.22,53805.64,352725.86,Open
INV000028,O001624,2025-01-17,2025-03-18,42807.85,7705.41,50513.27,Open
INV000029,O001741,2026-05-08,2026-06-22,135853.86,24453.69,160307.56,Partially Paid
INV000030,O000552,2025-01-12,2025-02-11,432404.73,77832.85,510237.58,Paid
INV000031,O001296,2026-04-21,2026-06-20,76451.03,13761.19,90212.21,Partially Paid
INV000033,O001729,2025-10-01,2025-11-15,142667.84,25680.21,168348.05,Open
INV000034,O000248,2025-09-15,2025-09-30,20421.08,3675.79,24096.88,Partially Paid
INV000035,O000341,2026-07-20,2026-09-18,48327.36,8698.93,57026.29,Open
INV000036,O000789,2026-08-06,2026-10-05,77386.38,13929.55,91315.93,Open
INV000037,O002173,2025-06-29,2025-08-28,14476.03,2605.68,17081.71,Open
INV000038,O000162,2026-03-04,2026-03-19,12602.1,2268.38,14870.47,Partially Paid
INV000039,O002854,2025-10-24,2025-12-08,267265.14,48107.73,315372.86,Paid
INV000040,O001928,2025-11-07,2026-01-06,289516.39,52112.95,341629.33,Open
INV000041,O002468,2025-01-16,2025-03-17,205177.23,36931.9,242109.13,Partially Paid
INV000042,O001358,2026-02-25,2026-03-27,554892.27,99880.61,654772.88,Partially Paid
INV000043,O000325,2026-04-18,2026-05-03,216948.11,39050.66,255998.77,Partially Paid
INV000044,O000366,2026-02-21,2026-03-23,133022.88,23944.12,156967,Partially Paid
INV000045,O002078,2025-03-14,2025-05-13,136758.98,24616.62,161375.59,Partially Paid
INV000046,O000460,2025-05-20,2025-07-04,310869.36,55956.48,366825.84,Open
INV000047,O000699,2025-06-04,2025-06-19,278087.24,50055.7,328142.95,Open
INV000048,O002735,2025-04-15,2025-06-14,1955.55,352,2307.55,Open
INV000049,O000438,2025-10-12,2025-10-27,458541.07,82537.39,541078.47,Open
INV000050,O001574,2025-08-04,2025-10-03,299791.54,53962.48,353754.01,Paid
INV000051,O001446,2025-03-10,2025-04-09,17824.95,3208.49,21033.44,Partially Paid
INV000052,O000725,2025-07-08,2025-09-06,181954.81,32751.86,214706.67,Partially Paid
INV000053,O002791,2026-08-04,2026-09-03,107494.51,19349.01,126843.52,Partially Paid
INV000054,O002695,2025-11-25,2026-01-09,153599.33,27647.88,181247.21,Partially Paid
INV000055,O001528,2026-07-13,2026-08-27,399888.77,71979.98,471868.74,Partially Paid
INV000056,O000246,2025-01-28,2025-02-27,40689.54,7324.12,48013.66,Open
INV000057,O002281,2025-06-12,2025-07-27,177996.21,32039.32,210035.52,Open
INV000058,O002765,2025-06-24,2025-07-09,43341.89,7801.54,51143.43,Partially Paid
INV000059,O000482,2026-05-30,2026-07-14,157114.83,28280.67,185395.5,Open
INV000060,O001508,2026-01-08,2026-01-23,110547.58,19898.56,130446.15,Paid
INV000061,O002319,2025-07-07,2025-07-22,30297.33,5453.52,35750.85,Open
INV000062,O001352,2026-04-24,2026-05-24,140178.52,25232.13,165410.65,Partially Paid
INV000063,O002465,2025-03-19,2025-05-18,32790.97,5902.37,38693.34,Open
INV000064,O002999,2026-08-08,2026-08-23,9243.04,1663.75,10906.78,Partially Paid
INV000065,O001263,2025-03-01,2025-04-30,16387.12,2949.68,19336.81,Partially Paid
INV000066,O000985,2026-03-05,2026-03-20,12662.54,2279.26,14941.79,Paid
INV000067,O000446,2025-04-12,2025-04-27,598854.74,107793.85,706648.59,Partially Paid
INV000068,O001386,2025-07-21,2025-08-05,433760.5,78076.89,511837.39,Paid
INV000069,O000089,2026-09-05,2026-10-20,75587.67,13605.78,89193.45,Open
INV000070,O001799,2025-05-30,2025-06-14,125704.69,22626.84,148331.53,Open
INV000071,O000290,2025-07-14,2025-08-13,47758.55,8596.54,56355.09,Paid
INV000072,O002037,2026-05-11,2026-06-25,337427.5,60736.95,398164.45,Paid
INV000073,O001052,2025-12-18,2026-01-02,11699.09,2105.84,13804.92,Paid
INV000074,O000292,2025-10-29,2025-11-28,272287.27,49011.71,321298.97,Open
INV000075,O002589,2025-02-04,2025-04-05,33047.56,5948.56,38996.12,Paid
INV000076,O001773,2026-07-28,2026-09-11,18808.33,3385.5,22193.83,Open
INV000077,O002801,2025-08-22,2025-09-21,247618.02,44571.24,292189.26,Paid
INV000078,O001125,2025-09-22,2025-11-06,65918.25,11865.29,77783.54,Open
INV000079,O001971,2025-05-31,2025-07-30,77588.54,13965.94,91554.48,Open
INV000080,O001984,2026-07-04,2026-09-02,38423.91,6916.3,45340.22,Paid
INV000081,O002709,2025-04-18,2025-06-02,10430.33,1877.46,12307.78,Partially Paid
INV000082,O001587,2025-06-02,2025-07-17,39922.76,7186.1,47108.85,Open
INV000083,O000773,2025-11-26,2026-01-10,94780.99,17060.58,111841.56,Open
INV000084,O000416,2026-08-21,2026-09-20,71924.82,12946.47,84871.29,Partially Paid
INV000085,O002564,2025-08-03,2025-08-18,201257.75,36226.4,237484.15,Open
INV000086,O000164,2025-09-24,2025-11-08,11644.87,2096.08,13740.95,Paid
INV000087,O002830,2025-10-28,2025-12-12,25788.13,4641.86,30429.99,Partially Paid
INV000088,O000937,2025-11-08,2025-11-23,542770.07,97698.61,640468.68,Partially Paid
INV000089,O000641,2026-01-17,2026-02-16,187587.51,33765.75,221353.26,Open
INV000090,O002870,2026-01-22,2026-02-06,608.44,109.52,717.95,Partially Paid
INV000091,O001014,2025-05-15,2025-05-30,159952.18,28791.39,188743.57,Partially Paid
INV000092,O000499,2026-01-12,2026-01-27,201237.31,36222.72,237460.02,Paid
INV000093,O002392,2025-05-08,2025-06-07,48467.27,8724.11,57191.38,Paid
INV000094,O001879,2026-04-21,2026-06-05,40830.38,7349.47,48179.84,Open
INV000095,O001647,2025-08-11,2025-09-10,85955.58,15472,101427.58,Partially Paid
INV000096,O001933,2025-04-15,2025-05-30,122319.72,22017.55,144337.27,Open
INV000097,O000238,2026-08-05,2026-10-04,433532.11,78035.78,511567.89,Partially Paid
INV000098,O000665,2025-07-17,2025-09-15,271422.35,48856.02,320278.37,Open
INV000099,O001484,2025-09-14,2025-11-13,44664.47,8039.6,52704.07,Open
INV000100,O001259,2025-01-27,2025-03-13,80604.72,14508.85,95113.56,Open
INV000101,O001540,2026-01-23,2026-02-07,14573.11,2623.16,17196.27,Paid
INV000102,O000409,2025-10-23,2025-12-22,172263.03,31007.35,203270.37,Open
INV000103,O001693,2025-06-03,2025-07-18,33218.02,5979.24,39197.26,Paid
INV000104,O002089,2025-12-07,2026-01-21,55823.34,10048.2,65871.54,Paid
INV000105,O001041,2026-07-28,2026-08-12,1258.62,226.55,1485.17,Open
INV000106,O001199,2025-08-01,2025-09-15,167775.86,30199.65,197975.51,Paid
INV000107,O001139,2025-06-17,2025-08-01,243405.27,43812.95,287218.22,Open
INV000108,O001556,2026-07-24,2026-09-07,197531.82,35555.73,233087.54,Open
INV000109,O002432,2025-08-15,2025-08-30,252002.1,45360.38,297362.48,Partially Paid
INV000110,O001718,2025-06-15,2025-07-30,26275.04,4729.51,31004.54,Open
INV000111,O001159,2026-05-27,2026-07-26,190920.89,34365.76,225286.65,Partially Paid
INV000112,O001497,2025-07-17,2025-08-16,149400.57,26892.1,176292.67,Paid
INV000113,O002637,2025-08-29,2025-10-28,260517.18,46893.09,307410.28,Open
INV000114,O002069,2025-10-18,2025-11-17,17636.64,3174.6,20811.24,Paid
INV000115,O002487,2026-02-25,2026-03-12,43830.8,7889.54,51720.34,Open
INV000116,O000738,2025-04-09,2025-06-08,13102.99,2358.54,15461.52,Open
INV000117,O001030,2026-07-14,2026-08-28,49700.78,8946.14,58646.92,Paid
INV000118,O002799,2025-11-01,2025-12-16,160713.52,28928.43,189641.95,Partially Paid
INV000119,O002936,2026-02-03,2026-04-04,2063.22,371.38,2434.6,Partially Paid
INV000120,O000345,2026-07-19,2026-08-18,2290.52,412.29,2702.82,Partially Paid
INV000121,O002721,2026-09-03,2026-10-03,63472.19,11424.99,74897.19,Open
INV000122,O002222,2026-09-04,2026-09-19,163058.74,29350.57,192409.31,Open
INV000123,O000934,2025-09-17,2025-11-16,200459.29,36082.67,236541.96,Partially Paid
INV000124,O000759,2026-01-01,2026-01-16,33217.48,5979.15,39196.62,Open
INV000125,O002083,2026-01-29,2026-03-30,40703.23,7326.58,48029.81,Paid
INV000126,O000276,2026-01-17,2026-03-03,488991.42,88018.46,577009.88,Paid
INV000127,O000361,2026-01-29,2026-02-28,29001.96,5220.35,34222.31,Paid
INV000128,O000992,2025-10-25,2025-12-09,410126.51,73822.77,483949.28,Open
INV000129,O001819,2026-05-21,2026-07-05,71989.79,12958.16,84947.95,Open
INV000130,O002592,2026-08-15,2026-09-14,39817.57,7167.16,46984.74,Paid
INV000131,O000521,2025-05-20,2025-06-19,29124.63,5242.43,34367.07,Partially Paid
INV000132,O001114,2025-01-10,2025-02-24,21880.52,3938.49,25819.01,Partially Paid
INV000133,O002797,2025-04-22,2025-05-22,17079.87,3074.38,20154.24,Partially Paid
INV000134,O002789,2025-06-08,2025-07-23,33971.12,6114.8,40085.92,Open
INV000135,O001143,2025-07-15,2025-09-13,1054.73,189.85,1244.58,Paid
INV000136,O002020,2025-03-26,2025-04-10,123720.52,22269.69,145990.21,Partially Paid
INV000137,O002440,2025-03-13,2025-04-27,334157.87,60148.42,394306.29,Open
INV000138,O000644,2025-08-03,2025-08-18,26739.13,4813.04,31552.17,Paid
INV000139,O002369,2025-09-03,2025-10-03,269371.77,48486.92,317858.69,Open
INV000140,O001875,2026-07-10,2026-07-25,36830.63,6629.51,43460.15,Open
INV000141,O001330,2025-08-13,2025-08-28,266128.25,47903.08,314031.33,Open
INV000142,O002354,2025-05-30,2025-07-29,230891.09,41560.4,272451.48,Partially Paid
INV000143,O000379,2026-01-23,2026-02-07,25248.87,4544.8,29793.67,Partially Paid
INV000144,O001091,2026-07-10,2026-07-25,252677.43,45481.94,298159.36,Partially Paid
INV000145,O001227,2026-01-11,2026-02-25,171717.46,30909.14,202626.6,Paid
INV000146,O002172,2025-10-12,2025-12-11,17743.31,3193.8,20937.11,Partially Paid
INV000147,O002357,2026-07-29,2026-08-28,82272.19,14808.99,97081.18,Partially Paid
INV000148,O001253,2025-03-27,2025-04-26,64943.86,11689.89,76633.76,Partially Paid
INV000149,O000082,2025-09-09,2025-10-24,32354.06,5823.73,38177.79,Partially Paid
INV000150,O000021,2025-08-11,2025-10-10,228745.73,41174.23,269919.97,Partially Paid
INV000151,O002353,2026-08-21,2026-09-20,608543.29,109537.79,718081.08,Partially Paid
INV000152,O002706,2026-03-25,2026-04-24,378400.57,68112.1,446512.68,Partially Paid
INV000153,O001268,2025-09-29,2025-10-29,362759.55,65296.72,428056.27,Paid
INV000154,O001575,2025-07-20,2025-08-04,37924.28,6826.37,44750.65,Partially Paid
INV000155,O001392,2026-05-08,2026-07-07,123242.27,22183.61,145425.88,Paid
INV000156,O002230,2025-04-24,2025-05-09,38357.08,6904.27,45261.35,Partially Paid
INV000157,O001045,2025-07-15,2025-09-13,12061.89,2171.14,14233.03,Paid
INV000158,O001660,2025-05-19,2025-07-18,60834.48,10950.21,71784.69,Paid
INV000159,O000962,2025-09-16,2025-11-15,52629.59,9473.33,62102.91,Open
INV000160,O002376,2026-03-18,2026-04-02,25599.3,4607.87,30207.17,Paid
INV000161,O000634,2025-10-20,2025-12-04,433945.06,78110.11,512055.17,Open
INV000162,O002640,2026-03-20,2026-04-19,43352.05,7803.37,51155.42,Paid
INV000163,O001185,2025-11-28,2025-12-28,282158.93,50788.61,332947.54,Partially Paid
INV000164,O002296,2026-06-05,2026-07-20,38617.37,6951.13,45568.5,Open
INV000165,O002061,2025-04-15,2025-06-14,126087.64,22695.77,148783.41,Partially Paid
INV000166,O002025,2025-05-27,2025-06-26,66993.7,12058.87,79052.56,Paid
INV000167,O002295,2026-04-04,2026-05-19,202817.3,36507.11,239324.42,Paid
INV000168,O000075,2025-06-24,2025-08-23,19396.73,3491.41,22888.14,Open
INV000169,O002638,2026-05-04,2026-06-03,298073.41,53653.21,351726.62,Partially Paid
INV000170,O001953,2026-03-07,2026-04-21,118137.09,21264.68,139401.77,Paid
INV000171,O001000,2026-04-18,2026-06-17,193932.04,34907.77,228839.81,Open
INV000172,O001960,2025-03-06,2025-04-20,192804.25,34704.76,227509.01,Partially Paid
INV000173,O001628,2025-10-28,2025-12-27,85390.97,15370.37,100761.34,Partially Paid
INV000174,O002729,2025-10-21,2025-12-05,511652.94,92097.53,603750.46,Open
INV000175,O002616,2025-11-25,2026-01-09,37990.93,6838.37,44829.3,Partially Paid
INV000176,O002759,2026-05-05,2026-05-20,33560.84,6040.95,39601.79,Paid
INV000177,O001956,2025-10-29,2025-11-13,439187.21,79053.7,518240.91,Partially Paid
INV000178,O001713,2025-09-28,2025-10-13,39714.06,7148.53,46862.59,Partially Paid
INV000179,O002995,2025-04-15,2025-05-15,266925.18,48046.53,314971.72,Partially Paid
INV000180,O002344,2026-01-18,2026-02-02,158512.45,28532.24,187044.7,Paid
INV000181,O001926,2026-01-22,2026-03-23,10658.66,1918.56,12577.22,Open
INV000182,O000843,2026-05-12,2026-05-27,223517.54,40233.16,263750.7,Paid
INV000183,O001855,2026-05-13,2026-05-28,585325.73,105358.63,690684.36,Open
INV000184,O002176,2026-08-14,2026-09-13,35166.75,6330.02,41496.77,Partially Paid
INV000185,O000186,2025-01-10,2025-02-24,37349.09,6722.84,44071.92,Open
INV000186,O001318,2025-01-09,2025-02-08,32671.72,5880.91,38552.63,Paid
INV000187,O001017,2025-12-22,2026-02-05,246070.28,44292.65,290362.93,Paid
INV000188,O001124,2025-06-08,2025-08-07,118561.9,21341.14,139903.04,Open
INV000189,O000607,2025-05-02,2025-05-17,44985.76,8097.44,53083.19,Open
INV000190,O001437,2026-03-16,2026-04-15,155327,27958.86,183285.86,Partially Paid
INV000191,O000457,2026-05-12,2026-05-27,151657.62,27298.37,178955.99,Partially Paid
INV000192,O002306,2025-06-06,2025-07-06,32025.12,5764.52,37789.64,Paid
INV000193,O002899,2026-04-06,2026-04-21,123092.33,22156.62,145248.95,Open
INV000194,O002204,2026-02-15,2026-03-02,4874.45,877.4,5751.85,Paid
INV000195,O001862,2025-09-03,2025-10-18,3041.98,547.56,3589.53,Open
INV000196,O000503,2026-05-04,2026-07-03,45736.55,8232.58,53969.12,Paid
INV000197,O001735,2026-08-30,2026-10-14,154724.84,27850.47,182575.31,Partially Paid
INV000198,O000520,2026-01-23,2026-03-24,91445.06,16460.11,107905.17,Partially Paid
INV000199,O002205,2026-01-06,2026-01-21,39647.36,7136.52,46783.89,Open
INV000200,O002342,2025-03-07,2025-03-22,250384.91,45069.28,295454.2,Paid
INV000201,O001829,2026-06-12,2026-07-12,291202.95,52416.53,343619.49,Paid
INV000202,O001256,2026-01-15,2026-03-01,98366.45,17705.96,116072.41,Partially Paid
INV000203,O001809,2026-08-03,2026-09-02,212689.37,38284.09,250973.46,Open
INV000204,O001783,2025-12-29,2026-02-12,303634.4,54654.19,358288.59,Paid
INV000205,O002861,2025-09-17,2025-11-01,28822.56,5188.06,34010.62,Open
INV000206,O001772,2026-01-14,2026-02-13,659176.25,118651.73,777827.98,Open
INV000207,O001742,2026-06-15,2026-08-14,240975.24,43375.54,284350.78,Open
INV000208,O001640,2025-10-05,2025-10-20,45343.19,8161.77,53504.96,Partially Paid
INV000209,O000235,2025-11-12,2025-12-12,685554.65,123399.84,808954.49,Open
INV000210,O002502,2026-02-06,2026-02-21,49673.24,8941.18,58614.42,Open
INV000211,O000335,2025-07-27,2025-09-25,58909.87,10603.78,69513.64,Open
INV000212,O002410,2025-10-16,2025-10-31,49751.15,8955.21,58706.36,Open
INV000213,O000494,2025-01-03,2025-02-17,28287.31,5091.72,33379.02,Paid
INV000214,O002464,2025-04-19,2025-05-19,412782.52,74300.85,487083.38,Paid
INV000215,O000778,2025-11-07,2025-12-22,266925.61,48046.61,314972.22,Partially Paid
INV000216,O001495,2026-08-10,2026-10-09,414587.3,74625.71,489213.01,Partially Paid
INV000217,O000671,2026-07-27,2026-08-11,32503.75,5850.67,38354.42,Paid
INV000218,O001559,2026-04-29,2026-06-28,260149.16,46826.85,306976.01,Paid
INV000219,O001037,2026-03-03,2026-04-17,1754.03,315.72,2069.75,Partially Paid
INV000220,O000517,2025-11-17,2025-12-02,258753.68,46575.66,305329.34,Paid
INV000221,O001403,2026-05-03,2026-05-18,18306.82,3295.23,21602.05,Partially Paid
INV000222,O002363,2025-02-04,2025-03-06,239931.5,43187.67,283119.17,Paid
INV000223,O002947,2025-09-12,2025-10-12,20530.97,3695.57,24226.55,Paid
INV000224,O002657,2025-10-17,2025-11-01,186971.96,33654.95,220626.92,Partially Paid
INV000225,O002504,2025-08-17,2025-10-16,13981.76,2516.72,16498.48,Paid
INV000226,O000863,2026-05-27,2026-07-11,24342.16,4381.59,28723.75,Partially Paid
INV000227,O000464,2025-11-11,2025-12-11,31537.4,5676.73,37214.13,Paid
INV000228,O001837,2026-06-15,2026-07-15,4148.67,746.76,4895.43,Paid
INV000229,O002868,2026-07-13,2026-08-12,14936.04,2688.49,17624.52,Open
INV000230,O002374,2026-05-30,2026-07-14,222592.64,40066.67,262659.31,Open
INV000231,O002033,2026-04-27,2026-05-27,54210.42,9757.88,63968.3,Paid
INV000232,O000064,2025-10-04,2025-10-19,258428.59,46517.15,304945.74,Open
INV000233,O002175,2025-12-30,2026-01-29,261825.11,47128.52,308953.63,Partially Paid
INV000234,O001455,2026-08-29,2026-09-13,16976.89,3055.84,20032.73,Paid
INV000235,O001723,2025-12-21,2026-02-19,23589.19,4246.05,27835.25,Partially Paid
INV000236,O001833,2026-08-12,2026-09-26,418598.28,75347.69,493945.97,Open
INV000237,O001305,2025-11-23,2025-12-08,147017.28,26463.11,173480.39,Paid
INV000238,O002356,2026-07-21,2026-08-20,70927.6,12766.97,83694.56,Paid
INV000239,O000479,2026-07-17,2026-09-15,30741.82,5533.53,36275.35,Paid
INV000240,O000108,2026-03-17,2026-05-16,139001.81,25020.33,164022.13,Open
INV000241,O002574,2026-09-03,2026-09-18,30928.58,5567.14,36495.72,Paid
INV000242,O001536,2026-05-31,2026-06-30,42474.16,7645.35,50119.5,Partially Paid
INV000243,O002674,2025-01-11,2025-02-25,9421.51,1695.87,11117.38,Open
INV000244,O001787,2025-12-07,2026-01-21,220116.01,39620.88,259736.89,Open
INV000245,O000871,2025-02-13,2025-04-14,18268.8,3288.38,21557.19,Paid
INV000246,O002422,2025-03-17,2025-05-16,259003.96,46620.71,305624.67,Paid
INV000247,O002672,2026-07-15,2026-08-14,89454.5,16101.81,105556.31,Partially Paid
INV000248,O002749,2026-04-17,2026-06-16,304479.94,54806.39,359286.33,Partially Paid
INV000249,O001703,2026-07-14,2026-09-12,94037.38,16926.73,110964.11,Open
INV000250,O001987,2026-07-08,2026-09-06,1220.12,219.62,1439.75,Open
INV000251,O000191,2026-03-10,2026-03-25,104878.82,18878.19,123757,Partially Paid
INV000252,O002710,2025-07-12,2025-09-10,5041.39,907.45,5948.84,Paid
INV000253,O001242,2025-06-17,2025-07-02,201107.83,36199.41,237307.24,Partially Paid
INV000254,O001137,2025-03-26,2025-05-25,17472.19,3144.99,20617.19,Paid
INV000255,O001825,2025-12-03,2026-01-17,95799.09,17243.84,113042.93,Partially Paid
INV000256,O002824,2026-02-18,2026-03-05,6795.67,1223.22,8018.89,Partially Paid
INV000257,O001972,2025-06-08,2025-08-07,4628.65,833.16,5461.81,Partially Paid
INV000258,O000455,2025-03-26,2025-05-10,78529.5,14135.31,92664.81,Paid
INV000259,O001113,2025-06-15,2025-07-15,108669.26,19560.47,128229.73,Paid
INV000260,O000140,2025-06-28,2025-07-13,78413.23,14114.38,92527.61,Paid
INV000261,O001456,2026-06-04,2026-07-04,226928.68,40847.16,267775.84,Partially Paid
INV000262,O001845,2025-07-06,2025-09-04,82626.37,14872.75,97499.12,Paid
INV000263,O001918,2025-06-18,2025-07-03,268610.32,48349.86,316960.17,Partially Paid
INV000264,O000227,2025-12-21,2026-01-05,210766.46,37937.96,248704.42,Paid
INV000265,O000553,2025-01-22,2025-03-23,5844.99,1052.1,6897.09,Open
INV000266,O001496,2025-04-16,2025-05-31,224511.84,40412.13,264923.97,Paid
INV000267,O002833,2026-01-09,2026-02-08,140291.69,25252.5,165544.2,Paid
INV000268,O000351,2025-10-24,2025-11-23,263837.35,47490.72,311328.07,Open
INV000269,O001475,2025-10-28,2025-11-27,30232.7,5441.89,35674.58,Open
INV000270,O001510,2026-04-21,2026-06-05,470690.52,84724.29,555414.82,Partially Paid
INV000271,O002974,2025-03-08,2025-03-23,10657.33,1918.32,12575.64,Open
INV000272,O001049,2025-10-11,2025-12-10,327769.3,58998.47,386767.77,Partially Paid
INV000273,O002531,2025-09-13,2025-11-12,24513.12,4412.36,28925.48,Partially Paid
INV000274,O002730,2025-04-14,2025-06-13,318470.25,57324.65,375794.9,Partially Paid
INV000275,O000147,2026-08-28,2026-09-12,12474.51,2245.41,14719.92,Partially Paid
INV000276,O002622,2025-02-07,2025-03-24,74921.19,13485.81,88407.01,Open
INV000277,O002544,2026-07-31,2026-09-29,233669.43,42060.5,275729.93,Paid
INV000278,O002552,2025-01-16,2025-02-15,192322.24,34618,226940.24,Partially Paid
INV000279,O002802,2026-07-21,2026-09-19,464041.18,83527.41,547568.59,Paid
INV000280,O001314,2025-03-27,2025-05-26,11297.02,2033.46,13330.49,Paid
INV000281,O001878,2025-12-12,2025-12-27,99638.47,17934.92,117573.4,Open
INV000282,O001327,2025-07-31,2025-09-14,5851.81,1053.33,6905.13,Partially Paid
INV000283,O000542,2026-01-11,2026-02-25,16835.97,3030.47,19866.45,Paid
INV000284,O001517,2026-06-27,2026-08-26,10567.19,1902.09,12469.29,Partially Paid
INV000285,O001596,2026-01-17,2026-02-01,148163.57,26669.44,174833.02,Open
INV000286,O002581,2026-02-04,2026-03-21,33917.01,6105.06,40022.07,Partially Paid
INV000287,O000887,2025-12-09,2026-02-07,164965.75,29693.83,194659.58,Partially Paid
INV000288,O002010,2026-06-19,2026-08-18,43644.86,7856.07,51500.93,Open
INV000289,O001059,2025-03-24,2025-04-08,28459.83,5122.77,33582.6,Partially Paid
INV000290,O001095,2025-12-02,2025-12-17,34788.72,6261.97,41050.69,Partially Paid
INV000291,O002252,2026-02-06,2026-02-21,333561.54,60041.08,393602.61,Partially Paid
INV000292,O001103,2025-10-28,2025-12-27,14431.86,2597.74,17029.6,Paid
INV000293,O001463,2025-09-12,2025-10-12,658658.17,118558.47,777216.64,Paid
INV000294,O001379,2026-08-26,2026-09-25,81701.4,14706.25,96407.65,Paid
INV000295,O001380,2025-06-18,2025-08-02,248221.91,44679.94,292901.86,Paid
INV000296,O002681,2025-10-08,2025-12-07,265975.31,47875.56,313850.87,Paid
INV000297,O001940,2026-04-15,2026-04-30,45289.12,8152.04,53441.16,Partially Paid
INV000298,O001599,2025-02-17,2025-04-18,5031.08,905.59,5936.67,Open
INV000299,O001680,2025-06-30,2025-07-15,6814.99,1226.7,8041.68,Open
INV000300,O002775,2025-06-15,2025-06-30,333856.74,60094.21,393950.95,Partially Paid
INV000301,O002873,2025-03-05,2025-04-19,415771.96,74838.95,490610.92,Partially Paid
INV000302,O002933,2026-04-16,2026-06-15,24992.98,4498.74,29491.71,Paid
INV000303,O002742,2026-03-09,2026-04-08,74739.73,13453.15,88192.88,Partially Paid
INV000304,O000753,2025-09-18,2025-11-17,216808.44,39025.52,255833.96,Partially Paid
INV000305,O000014,2026-05-10,2026-06-24,46551.28,8379.23,54930.52,Partially Paid
INV000306,O001368,2026-01-25,2026-03-26,272992.7,49138.69,322131.39,Paid
INV000307,O000109,2026-02-18,2026-04-19,3818.91,687.4,4506.31,Paid
INV000308,O002316,2026-08-23,2026-09-07,16988.12,3057.86,20045.98,Paid
INV000309,O001399,2025-08-24,2025-10-23,45150.81,8127.15,53277.96,Open
INV000310,O000884,2025-12-06,2025-12-21,391285.67,70431.42,461717.1,Open
INV000311,O000041,2026-02-25,2026-04-11,7549.47,1358.9,8908.38,Partially Paid
INV000312,O001841,2026-02-20,2026-04-06,20839.45,3751.1,24590.55,Open
INV000313,O000658,2026-02-20,2026-04-06,30697.07,5525.47,36222.54,Paid
INV000314,O001927,2026-02-15,2026-04-01,370632.37,66713.83,437346.2,Open
INV000315,O002820,2025-09-19,2025-11-03,44787.83,8061.81,52849.64,Partially Paid
INV000316,O000536,2025-11-27,2025-12-27,286192.24,51514.6,337706.84,Open
INV000317,O002163,2025-09-24,2025-10-09,116866.73,21036.01,137902.74,Partially Paid
INV000318,O002561,2025-03-25,2025-04-24,32781.4,5900.65,38682.05,Partially Paid
INV000319,O000586,2025-09-22,2025-10-22,30979.27,5576.27,36555.54,Partially Paid
INV000320,O001945,2025-05-25,2025-06-24,118762.75,21377.29,140140.04,Open
INV000321,O001594,2025-07-31,2025-08-15,222468,40044.24,262512.24,Paid
INV000322,O002343,2026-05-13,2026-07-12,117841.64,21211.49,139053.13,Partially Paid
INV000323,O001340,2026-08-17,2026-09-01,215481.26,38786.63,254267.89,Partially Paid
INV000324,O002079,2025-01-21,2025-02-05,268747.82,48374.61,317122.43,Paid
INV000325,O002279,2026-01-31,2026-03-17,89609.58,16129.72,105739.3,Open
INV000326,O002040,2025-03-26,2025-05-10,140715.71,25328.83,166044.54,Partially Paid
INV000327,O000247,2025-02-01,2025-04-02,549991.52,98998.47,648989.99,Open
INV000328,O002275,2025-04-07,2025-06-06,276116.43,49700.96,325817.39,Partially Paid
INV000329,O002381,2026-08-13,2026-09-12,47765.04,8597.71,56362.75,Open
INV000330,O001117,2025-08-05,2025-09-19,167738.65,30192.96,197931.6,Open
INV000331,O000646,2025-07-23,2025-09-06,370767.38,66738.13,437505.5,Paid
INV000332,O002643,2025-05-31,2025-07-30,156286.55,28131.58,184418.13,Partially Paid
INV000333,O001747,2026-08-12,2026-09-26,380917.51,68565.15,449482.66,Open
INV000334,O001652,2025-10-25,2025-11-09,203481.09,36626.6,240107.68,Open
INV000335,O000094,2025-01-15,2025-03-16,46143.34,8305.8,54449.15,Open
INV000336,O002842,2025-07-20,2025-08-19,70736.52,12732.57,83469.09,Open
INV000337,O001679,2026-03-17,2026-05-01,13153.77,2367.68,15521.45,Paid
INV000338,O001736,2026-06-17,2026-07-02,462955.18,83331.93,546287.11,Open
INV000339,O002500,2026-07-11,2026-09-09,38161.76,6869.12,45030.88,Paid
INV000340,O002214,2026-03-25,2026-05-09,33933.17,6107.97,40041.14,Partially Paid
INV000341,O000128,2026-06-14,2026-07-14,3064.08,551.54,3615.62,Partially Paid
INV000342,O002606,2025-06-12,2025-07-12,321726.48,57910.77,379637.24,Paid
INV000343,O000768,2025-03-25,2025-05-09,336320.8,60537.74,396858.55,Open
INV000344,O001904,2026-07-09,2026-09-07,78723.81,14170.29,92894.1,Partially Paid
INV000345,O002772,2026-05-23,2026-06-07,56384.13,10149.14,66533.28,Open
INV000346,O001255,2026-01-27,2026-03-28,116477.44,20965.94,137443.38,Paid
INV000347,O001083,2026-02-09,2026-03-26,942322.98,169618.14,1111941.12,Open
INV000348,O002216,2025-07-10,2025-07-25,31508.86,5671.59,37180.45,Partially Paid
INV000349,O000707,2025-04-11,2025-05-26,193587.66,34845.78,228433.44,Partially Paid
INV000350,O002628,2025-02-26,2025-04-12,146856.37,26434.15,173290.52,Open
INV000351,O002458,2026-09-01,2026-10-31,463787.35,83481.72,547269.07,Partially Paid
INV000352,O001170,2025-04-09,2025-06-08,262264.22,47207.56,309471.78,Partially Paid
INV000353,O000806,2026-04-29,2026-05-14,8530.4,1535.47,10065.87,Partially Paid
INV000354,O001477,2025-06-21,2025-08-20,279308.31,50275.5,329583.81,Open
INV000355,O000190,2026-08-28,2026-09-27,122565.02,22061.7,144626.72,Open
INV000356,O000232,2025-11-24,2026-01-08,11985.72,2157.43,14143.15,Paid
INV000357,O001975,2026-07-25,2026-08-24,342200.42,61596.08,403796.5,Partially Paid
INV000358,O002471,2025-09-30,2025-10-15,141065.24,25391.74,166456.98,Open
INV000359,O001631,2025-11-23,2025-12-23,267100.81,48078.15,315178.96,Open
INV000360,O000421,2026-09-03,2026-11-02,4682.13,842.78,5524.92,Open
INV000361,O001771,2025-04-20,2025-05-20,516334.75,92940.25,609275,Partially Paid
INV000362,O001454,2026-02-10,2026-03-27,111585.66,20085.42,131671.08,Partially Paid
INV000363,O000918,2025-11-23,2025-12-23,324479.85,58406.37,382886.22,Paid
INV000364,O001959,2025-04-18,2025-06-02,138035.1,24846.32,162881.42,Partially Paid
INV000365,O002031,2025-03-11,2025-05-10,163966.99,29514.06,193481.04,Open
INV000366,O001913,2025-04-24,2025-06-23,110833.34,19950,130783.34,Paid
INV000367,O002153,2025-01-19,2025-03-20,144354.72,25983.85,170338.57,Partially Paid
INV000368,O002827,2025-05-20,2025-06-19,244026.46,43924.76,287951.22,Partially Paid
INV000369,O000572,2025-11-19,2025-12-04,12366.93,2226.05,14592.97,Open
INV000370,O001140,2026-05-27,2026-07-11,111609.62,20089.73,131699.36,Paid
INV000371,O002012,2026-03-18,2026-04-02,17713.85,3188.49,20902.35,Partially Paid
INV000372,O000435,2026-08-17,2026-09-16,279377.06,50287.87,329664.94,Partially Paid
INV000373,O001721,2026-06-07,2026-08-06,43518.7,7833.37,51352.07,Partially Paid
INV000374,O001180,2025-07-08,2025-09-06,375228.82,67541.19,442770.01,Paid
INV000375,O002312,2025-06-15,2025-07-30,463506.5,83431.17,546937.67,Paid
INV000376,O000265,2026-08-19,2026-10-03,64310.18,11575.83,75886.02,Paid
INV000377,O002402,2025-08-21,2025-10-05,39571.03,7122.79,46693.82,Partially Paid
INV000378,O000458,2026-04-24,2026-05-24,37448.63,6740.75,44189.38,Open
INV000379,O002716,2026-02-18,2026-04-19,164960.36,29692.86,194653.22,Paid
INV000380,O000791,2026-05-07,2026-05-22,4841.09,871.4,5712.48,Partially Paid
INV000381,O001755,2026-02-06,2026-03-08,176892.58,31840.67,208733.25,Open
INV000382,O002384,2026-08-23,2026-10-22,12978.12,2336.06,15314.18,Paid
INV000383,O001367,2026-07-11,2026-09-09,224013.37,40322.41,264335.78,Paid
INV000384,O002932,2026-05-08,2026-07-07,227894.04,41020.93,268914.96,Open
INV000385,O001929,2026-03-17,2026-05-01,298796.58,53783.38,352579.96,Partially Paid
INV000386,O000712,2026-05-31,2026-07-30,49981.47,8996.66,58978.13,Open
INV000387,O001406,2026-08-14,2026-08-29,31954.82,5751.87,37706.69,Partially Paid
INV000388,O002488,2026-05-03,2026-05-18,35962.56,6473.26,42435.82,Open
INV000389,O000721,2025-07-23,2025-09-21,3367.26,606.11,3973.37,Open
INV000390,O001411,2025-10-10,2025-12-09,5569.65,1002.54,6572.19,Partially Paid
INV000391,O000148,2025-02-23,2025-04-24,170362.87,30665.32,201028.19,Open
INV000392,O000406,2026-02-05,2026-04-06,101791.51,18322.47,120113.98,Paid
INV000393,O001591,2025-02-19,2025-03-21,44594.16,8026.95,52621.11,Paid
INV000394,O002484,2025-06-05,2025-07-20,23406.1,4213.1,27619.2,Open
INV000395,O000303,2026-07-09,2026-08-08,194349.09,34982.84,229331.93,Open
INV000396,O001429,2025-07-17,2025-08-01,47708.12,8587.46,56295.58,Open
INV000397,O001750,2025-02-09,2025-03-11,42889.16,7720.05,50609.21,Open
INV000398,O002512,2026-08-06,2026-08-21,55536.39,9996.55,65532.93,Open
INV000399,O001952,2026-05-22,2026-06-06,42036.55,7566.58,49603.13,Partially Paid
INV000400,O002855,2025-11-21,2026-01-05,305890.2,55060.24,360950.44,Open
INV000401,O000254,2026-07-21,2026-08-05,47495.35,8549.16,56044.51,Paid
INV000402,O001968,2025-11-14,2026-01-13,135851.25,24453.22,160304.47,Paid
INV000403,O002560,2025-05-16,2025-07-15,7444.6,1340.03,8784.63,Partially Paid
INV000404,O002088,2025-07-14,2025-07-29,13458.33,2422.5,15880.83,Open
INV000405,O002975,2026-02-07,2026-04-08,19348.6,3482.75,22831.35,Paid
INV000406,O000853,2025-09-03,2025-11-02,47989.86,8638.17,56628.03,Partially Paid
INV000407,O000220,2025-11-08,2025-12-23,226918.18,40845.27,267763.46,Open
INV000408,O002888,2026-02-06,2026-04-07,243094.92,43757.08,286852,Open
INV000409,O000189,2025-08-12,2025-09-26,716456.99,128962.26,845419.25,Paid
INV000410,O000087,2025-04-29,2025-05-14,262781.44,47300.66,310082.1,Partially Paid
INV000411,O002146,2026-01-08,2026-01-23,220435.75,39678.43,260114.18,Partially Paid
INV000412,O000260,2026-06-12,2026-08-11,45281.1,8150.6,53431.69,Partially Paid
INV000413,O002648,2025-05-02,2025-06-16,78682.61,14162.87,92845.48,Partially Paid
INV000414,O002691,2026-04-13,2026-06-12,31674.83,5701.47,37376.3,Partially Paid
INV000415,O001262,2025-08-24,2025-09-23,1553.77,279.68,1833.45,Paid
INV000416,O002771,2026-06-11,2026-07-26,143615.19,25850.73,169465.93,Paid
INV000417,O000076,2025-04-26,2025-05-26,29806.34,5365.14,35171.48,Partially Paid
INV000418,O000580,2025-03-20,2025-05-04,14482.46,2606.84,17089.3,Partially Paid
INV000419,O000855,2025-12-10,2026-01-09,52468.4,9444.31,61912.71,Open
INV000420,O002599,2026-07-05,2026-08-19,38660.18,6958.83,45619.02,Paid
INV000421,O001228,2025-09-11,2025-10-11,29452.94,5301.53,34754.47,Open
INV000422,O000950,2026-03-23,2026-04-07,42089.25,7576.06,49665.31,Paid
INV000423,O000729,2026-01-31,2026-03-02,317386.35,57129.54,374515.9,Paid
INV000424,O002839,2026-04-27,2026-06-11,47671.58,8580.88,56252.46,Paid
INV000425,O002352,2025-08-01,2025-09-30,22610.21,4069.84,26680.05,Paid
INV000426,O000720,2025-04-05,2025-05-05,39600.16,7128.03,46728.19,Partially Paid
INV000427,O001142,2026-05-25,2026-07-24,112876.72,20317.81,133194.52,Open
INV000428,O002554,2025-05-28,2025-06-27,113082.75,20354.89,133437.64,Paid
INV000429,O001153,2026-03-02,2026-04-01,75844.51,13652.01,89496.52,Paid
INV000430,O000401,2026-08-13,2026-08-28,157686.8,28383.62,186070.43,Partially Paid
INV000431,O002262,2025-02-23,2025-03-10,343642.07,61855.57,405497.64,Partially Paid
INV000432,O000016,2026-08-22,2026-10-21,166923.93,30046.31,196970.23,Partially Paid
INV000433,O000370,2026-03-13,2026-03-28,171599.08,30887.84,202486.92,Paid
INV000434,O001554,2025-08-26,2025-10-25,15575.13,2803.52,18378.66,Paid
INV000435,O002365,2025-01-22,2025-02-21,3425.45,616.58,4042.03,Open
INV000436,O001444,2026-08-10,2026-10-09,173152.86,31167.51,204320.37,Partially Paid
INV000437,O002948,2025-09-19,2025-10-04,187882.87,33818.92,221701.78,Partially Paid
INV000438,O002603,2025-05-29,2025-06-28,3048.7,548.77,3597.47,Paid
INV000439,O000483,2025-08-24,2025-10-23,107397.4,19331.53,126728.93,Paid
INV000440,O000484,2025-07-16,2025-07-31,286789.97,51622.19,338412.17,Open
INV000441,O000715,2025-05-14,2025-07-13,42432.82,7637.91,50070.73,Partially Paid
INV000442,O002345,2025-10-03,2025-11-17,323143.16,58165.77,381308.93,Open
INV000443,O001231,2025-11-06,2025-12-21,143935.98,25908.48,169844.45,Paid
INV000444,O002766,2025-11-28,2026-01-27,281152.37,50607.43,331759.8,Paid
INV000445,O001077,2025-12-19,2026-02-02,48861.77,8795.12,57656.88,Paid
INV000446,O002963,2025-12-06,2026-02-04,519284.11,93471.14,612755.24,Partially Paid
INV000447,O001013,2025-08-20,2025-10-04,24378.08,4388.05,28766.14,Open
INV000448,O000280,2025-12-02,2026-01-01,442769.87,79698.58,522468.45,Partially Paid
INV000449,O000439,2025-09-29,2025-11-28,79261.31,14267.04,93528.34,Partially Paid
INV000450,O002879,2025-04-15,2025-04-30,41521.2,7473.82,48995.02,Partially Paid
INV000451,O000638,2025-02-09,2025-04-10,123900.12,22302.02,146202.14,Partially Paid
INV000452,O002267,2025-08-29,2025-09-13,254802.96,45864.53,300667.5,Partially Paid
INV000453,O002991,2026-01-30,2026-03-01,30691.09,5524.4,36215.49,Open
INV000454,O002456,2026-05-17,2026-07-16,97279,17510.22,114789.22,Open
INV000455,O000387,2026-05-16,2026-05-31,29836.86,5370.64,35207.5,Partially Paid
INV000456,O001078,2025-06-21,2025-07-21,179846.12,32372.3,212218.42,Open
INV000457,O001781,2025-09-03,2025-09-18,432642.37,77875.63,510517.99,Paid
INV000458,O001464,2025-12-30,2026-01-14,405668.96,73020.41,478689.37,Paid
INV000459,O002418,2026-06-19,2026-08-03,84466.01,15203.88,99669.89,Partially Paid
INV000460,O001430,2026-02-26,2026-03-13,34931.74,6287.71,41219.45,Partially Paid
INV000461,O000393,2025-11-30,2025-12-15,94636.7,17034.61,111671.3,Paid
INV000462,O000337,2026-06-20,2026-08-04,47111.51,8480.07,55591.58,Open
INV000463,O000595,2026-05-28,2026-07-27,62469.38,11244.49,73713.87,Open
INV000464,O000113,2026-04-14,2026-06-13,722585.93,130065.47,852651.4,Paid
INV000465,O002918,2025-07-12,2025-09-10,201228.57,36221.14,237449.72,Open
INV000466,O000945,2025-05-17,2025-07-16,59231.01,10661.58,69892.59,Paid
INV000467,O002809,2025-06-09,2025-08-08,76340.17,13741.23,90081.4,Partially Paid
INV000468,O000244,2025-11-24,2026-01-23,67765.37,12197.77,79963.13,Paid
INV000469,O001506,2025-05-18,2025-06-17,25238.92,4543.01,29781.93,Open
INV000470,O002469,2025-05-01,2025-06-15,83639.76,15055.16,98694.91,Partially Paid
INV000471,O001577,2026-06-25,2026-08-09,389245.87,70064.26,459310.12,Open
INV000472,O002577,2025-11-19,2025-12-04,140542.27,25297.61,165839.88,Partially Paid
INV000473,O002925,2025-01-14,2025-02-13,235718.09,42429.26,278147.35,Paid
INV000474,O002375,2025-06-16,2025-07-16,24438.57,4398.94,28837.51,Open
INV000475,O001040,2026-08-10,2026-08-25,371166.42,66809.96,437976.38,Open
INV000476,O000632,2025-12-26,2026-02-24,193456.09,34822.1,228278.19,Paid
INV000477,O000889,2025-10-11,2025-10-26,32567.63,5862.17,38429.81,Partially Paid
INV000478,O002351,2025-11-14,2026-01-13,23114.42,4160.6,27275.02,Paid
INV000479,O001189,2025-11-11,2025-12-26,322994.85,58139.07,381133.93,Paid
INV000480,O000774,2026-02-19,2026-04-05,42317.78,7617.2,49934.98,Open
INV000481,O002285,2025-05-03,2025-07-02,3644.43,656,4300.43,Paid
INV000482,O000852,2025-12-15,2026-01-29,44174.07,7951.33,52125.4,Partially Paid
INV000483,O001973,2025-03-30,2025-05-14,396668.57,71400.34,468068.92,Paid
INV000484,O002543,2025-01-14,2025-02-28,201236.7,36222.61,237459.3,Open
INV000485,O001176,2025-03-16,2025-04-30,4423.58,796.24,5219.82,Partially Paid
INV000486,O000652,2026-06-24,2026-08-23,16960,3052.8,20012.8,Paid
INV000487,O002171,2025-11-16,2025-12-31,14239.89,2563.18,16803.06,Open
INV000488,O002052,2025-02-09,2025-03-11,130740.73,23533.33,154274.06,Paid
INV000489,O001229,2026-04-24,2026-05-24,477377,85927.86,563304.86,Open
INV000490,O002530,2025-10-25,2025-11-24,17832.3,3209.81,21042.12,Partially Paid
INV000491,O000993,2026-01-30,2026-03-16,677464.07,121943.53,799407.6,Open
INV000492,O001942,2026-07-13,2026-07-28,14703.41,2646.61,17350.03,Paid
INV000493,O001964,2025-07-15,2025-08-14,43696.25,7865.32,51561.57,Paid
INV000494,O000989,2025-08-16,2025-09-30,353519.22,63633.46,417152.69,Paid
INV000495,O002883,2026-03-16,2026-03-31,221327.73,39838.99,261166.73,Partially Paid
INV000496,O002253,2025-02-19,2025-03-06,77276.61,13909.79,91186.39,Paid
INV000497,O002860,2025-06-12,2025-06-27,141898.02,25541.64,167439.66,Partially Paid
INV000498,O002594,2025-05-08,2025-06-07,341235.2,61422.34,402657.54,Paid
INV000499,O000998,2025-09-07,2025-09-22,71136.65,12804.6,83941.24,Partially Paid
INV000500,O000040,2026-05-22,2026-06-06,7326.9,1318.84,8645.75,Open
INV000501,O000735,2026-05-22,2026-06-06,44388.82,7989.99,52378.8,Paid
INV000502,O001838,2026-05-31,2026-06-30,19566.22,3521.92,23088.13,Partially Paid
INV000503,O001946,2026-08-28,2026-10-27,722.49,130.05,852.54,Paid
INV000504,O000560,2025-11-15,2025-11-30,215884.61,38859.23,254743.84,Partially Paid
INV000505,O002958,2025-07-16,2025-08-15,598.59,107.75,706.33,Open
INV000506,O001860,2025-10-23,2025-12-07,309579.25,55724.27,365303.52,Open
INV000507,O002358,2026-06-08,2026-07-23,85012.6,15302.27,100314.87,Open
INV000508,O000838,2026-08-25,2026-10-24,383985.48,69117.39,453102.86,Paid
INV000509,O000306,2025-07-15,2025-08-29,224219.44,40359.5,264578.94,Partially Paid
INV000510,O001643,2026-01-27,2026-02-11,199738.23,35952.88,235691.12,Open
INV000511,O000649,2025-01-21,2025-03-22,87725.75,15790.63,103516.38,Open
INV000512,O001466,2025-12-27,2026-01-11,144317.37,25977.13,170294.5,Paid
INV000513,O002750,2025-02-27,2025-03-14,159322.58,28678.06,188000.64,Partially Paid
INV000514,O002939,2025-07-15,2025-07-30,203690.17,36664.23,240354.4,Partially Paid
INV000515,O002565,2025-01-03,2025-02-02,12747.73,2294.59,15042.32,Paid
INV000516,O000811,2026-07-17,2026-09-15,27134.93,4884.29,32019.22,Partially Paid
INV000517,O000647,2026-03-08,2026-04-07,117256.42,21106.16,138362.58,Open
INV000518,O001739,2025-03-08,2025-03-23,22988.02,4137.84,27125.86,Paid
INV000519,O002969,2025-06-25,2025-07-25,28769.61,5178.53,33948.14,Partially Paid
INV000520,O000597,2025-08-17,2025-10-16,140624.85,25312.47,165937.33,Open
INV000521,O002894,2025-10-18,2025-12-02,11556.67,2080.2,13636.87,Partially Paid
INV000522,O001251,2025-11-27,2025-12-12,48864.89,8795.68,57660.57,Paid
INV000523,O002094,2025-12-01,2025-12-31,50268.46,9048.32,59316.79,Partially Paid
INV000524,O001008,2026-05-11,2026-07-10,65047.14,11708.48,76755.62,Open
INV000525,O001909,2025-09-03,2025-10-03,16940.56,3049.3,19989.86,Partially Paid
INV000526,O000589,2025-03-29,2025-05-28,232826.99,41908.86,274735.85,Partially Paid
INV000527,O001617,2025-11-30,2025-12-15,32922.93,5926.13,38849.06,Open
INV000528,O002288,2025-12-28,2026-02-11,32680.14,5882.42,38562.56,Paid
INV000529,O001890,2026-06-03,2026-08-02,42534.44,7656.2,50190.64,Open
INV000530,O001997,2025-08-17,2025-10-16,44665.3,8039.75,52705.05,Partially Paid
INV000531,O002414,2026-03-21,2026-04-05,463457.24,83422.3,546879.54,Paid
INV000532,O000986,2026-01-22,2026-03-08,585783.85,105441.09,691224.94,Partially Paid
INV000533,O002090,2026-03-08,2026-04-07,60050.4,10809.07,70859.48,Partially Paid
INV000534,O002157,2025-11-18,2025-12-03,46224.67,8320.44,54545.11,Partially Paid
INV000535,O002333,2026-03-04,2026-05-03,238003.17,42840.57,280843.73,Paid
INV000536,O001100,2026-01-24,2026-02-08,86507.42,15571.34,102078.75,Open
INV000537,O002436,2025-05-22,2025-06-06,39854.6,7173.83,47028.42,Paid
INV000538,O002496,2025-01-11,2025-01-26,209082.18,37634.79,246716.98,Open
INV000539,O000703,2025-05-07,2025-06-06,28340.01,5101.2,33441.21,Partially Paid
INV000540,O002467,2025-08-30,2025-10-29,140887.39,25359.73,166247.12,Paid
INV000541,O002757,2025-02-13,2025-03-15,29551.79,5319.32,34871.11,Paid
INV000542,O001813,2025-07-02,2025-08-16,385608.83,69409.59,455018.41,Partially Paid
INV000543,O000679,2025-01-26,2025-02-25,27233.27,4901.99,32135.26,Open
INV000544,O002075,2025-03-12,2025-03-27,109767.06,19758.07,129525.13,Paid
INV000545,O001998,2026-06-19,2026-08-18,29755.68,5356.02,35111.7,Paid
INV000546,O001967,2025-11-29,2026-01-13,43271.14,7788.81,51059.95,Partially Paid
INV000547,O001054,2025-06-06,2025-07-21,193478.49,34826.13,228304.62,Partially Paid
INV000548,O002675,2025-06-11,2025-06-26,27823.54,5008.24,32831.77,Partially Paid
INV000549,O002206,2025-01-22,2025-02-06,159005.22,28620.94,187626.16,Open
INV000550,O001572,2026-04-03,2026-05-03,88611.61,15950.09,104561.7,Open
INV000551,O000342,2025-06-08,2025-07-08,19318.92,3477.41,22796.33,Paid
INV000552,O000214,2025-11-05,2025-11-20,397566.85,71562.03,469128.89,Open
INV000553,O001207,2025-12-20,2026-01-04,7203.27,1296.59,8499.86,Paid
INV000554,O000074,2025-04-21,2025-06-05,12033.37,2166.01,14199.38,Partially Paid
INV000555,O001815,2026-03-12,2026-04-26,13831.1,2489.6,16320.7,Paid
INV000556,O001555,2025-06-15,2025-08-14,34610.25,6229.85,40840.1,Paid
INV000557,O000678,2025-02-07,2025-02-22,39240.61,7063.31,46303.92,Partially Paid
INV000558,O001545,2025-12-11,2026-01-10,26805.58,4825,31630.58,Partially Paid
INV000559,O001561,2025-07-13,2025-07-28,632973.68,113935.26,746908.95,Partially Paid
INV000560,O001285,2025-06-14,2025-07-29,255009.58,45901.72,300911.3,Partially Paid
INV000561,O000749,2025-03-28,2025-04-12,23280.08,4190.41,27470.5,Paid
INV000562,O001154,2025-05-18,2025-06-17,44524.16,8014.35,52538.51,Open
INV000563,O000411,2025-11-24,2026-01-23,10140.41,1825.27,11965.68,Paid
INV000564,O001298,2025-08-11,2025-09-10,23106.03,4159.09,27265.11,Partially Paid
INV000565,O001991,2025-09-18,2025-11-17,203548.25,36638.68,240186.93,Paid
INV000566,O000903,2025-01-12,2025-02-26,526233.4,94722.01,620955.41,Partially Paid
INV000567,O000305,2026-01-29,2026-03-15,159492.65,28708.68,188201.32,Open
INV000568,O002105,2026-03-16,2026-04-30,36373.53,6547.24,42920.77,Partially Paid
INV000569,O000206,2026-05-08,2026-07-07,145794.26,26242.97,172037.22,Paid
INV000570,O000577,2026-01-21,2026-02-05,373134.83,67164.27,440299.1,Open
INV000571,O002734,2025-10-13,2025-11-27,18236.56,3282.58,21519.14,Paid
INV000572,O001171,2026-05-29,2026-06-28,78014.05,14042.53,92056.58,Open
INV000573,O000083,2026-03-01,2026-03-31,65827.77,11849,77676.77,Partially Paid
INV000574,O001081,2026-01-27,2026-03-13,501904.68,90342.84,592247.52,Paid
INV000575,O000318,2025-12-27,2026-02-10,472719.64,85089.54,557809.18,Paid
INV000576,O000033,2026-05-26,2026-06-25,69529.62,12515.33,82044.96,Paid
INV000577,O001885,2026-08-28,2026-09-12,161421.27,29055.83,190477.1,Open
INV000578,O000419,2026-01-24,2026-02-08,25416.26,4574.93,29991.19,Open
INV000579,O002322,2026-03-30,2026-05-14,26973.44,4855.22,31828.66,Paid
INV000580,O000283,2025-11-27,2025-12-12,67273.64,12109.26,79382.9,Partially Paid
INV000581,O002971,2026-06-11,2026-06-26,183160.97,32968.97,216129.94,Partially Paid
INV000582,O001147,2026-04-20,2026-05-05,33552.79,6039.5,39592.3,Open
INV000583,O001022,2026-01-13,2026-03-14,51526.92,9274.85,60801.77,Paid
INV000584,O001018,2026-05-14,2026-06-13,187476.6,33745.79,221222.39,Paid
INV000585,O001870,2025-06-05,2025-06-20,22337.69,4020.78,26358.47,Partially Paid
INV000586,O000231,2025-06-11,2025-06-26,26228.49,4721.13,30949.62,Paid
INV000587,O002885,2026-03-06,2026-04-20,11555.9,2080.06,13635.97,Paid
INV000588,O001730,2025-02-23,2025-04-09,11653.32,2097.6,13750.92,Paid
INV000589,O001493,2026-05-24,2026-06-23,4426.45,796.76,5223.21,Partially Paid
INV000590,O001794,2025-03-28,2025-04-12,25529.37,4595.29,30124.66,Partially Paid
INV000591,O002168,2025-02-20,2025-04-21,4122.57,742.06,4864.63,Paid
INV000592,O002808,2026-05-30,2026-06-14,12336.85,2220.63,14557.48,Partially Paid
INV000593,O001193,2026-06-09,2026-08-08,182508.16,32851.47,215359.63,Partially Paid
INV000594,O001621,2025-03-15,2025-05-14,16244.33,2923.98,19168.3,Partially Paid
INV000595,O000910,2025-01-31,2025-03-02,36934.74,6648.25,43582.99,Partially Paid
INV000596,O001465,2025-12-30,2026-02-13,211762.23,38117.2,249879.43,Paid
INV000597,O001302,2025-01-14,2025-01-29,72731.65,13091.7,85823.35,Open
INV000598,O000123,2025-04-04,2025-05-19,266145.13,47906.12,314051.25,Partially Paid
INV000599,O000324,2025-08-04,2025-09-18,101134.84,18204.27,119339.11,Paid
INV000600,O002386,2025-04-14,2025-05-14,32693.03,5884.75,38577.77,Paid
INV000601,O000859,2026-06-24,2026-08-23,455102.63,81918.47,537021.1,Partially Paid
INV000602,O001516,2025-08-03,2025-09-02,12467.69,2244.18,14711.88,Paid
INV000603,O000857,2025-08-23,2025-09-22,6396.53,1151.38,7547.91,Partially Paid
INV000604,O000259,2025-05-23,2025-06-22,24794.12,4462.94,29257.07,Open
INV000605,O000326,2026-01-19,2026-02-03,9233.83,1662.09,10895.92,Partially Paid
INV000606,O000125,2025-11-16,2026-01-15,722682.61,130082.87,852765.48,Open
INV000607,O000467,2025-12-31,2026-03-01,635909.13,114463.64,750372.77,Paid
INV000608,O001325,2025-12-09,2026-01-23,38927.07,7006.87,45933.94,Partially Paid
INV000609,O002478,2025-06-05,2025-07-05,207971.8,37434.92,245406.72,Paid
INV000610,O001238,2026-01-02,2026-01-17,213046.59,38348.39,251394.98,Paid
INV000611,O001513,2025-02-05,2025-02-20,13193.55,2374.84,15568.39,Open
INV000612,O002407,2025-11-25,2026-01-24,494988.37,89097.91,584086.28,Paid
INV000613,O002446,2025-12-24,2026-01-23,262939.33,47329.08,310268.41,Open
INV000614,O000923,2026-03-02,2026-04-01,14351.83,2583.33,16935.16,Partially Paid
INV000615,O000376,2025-05-28,2025-06-27,433560.35,78040.86,511601.22,Partially Paid
INV000616,O000897,2025-09-04,2025-11-03,169117.1,30441.08,199558.17,Partially Paid
INV000617,O001955,2026-07-20,2026-09-18,9371.8,1686.92,11058.72,Open
INV000618,O000236,2025-10-16,2025-10-31,265169.65,47730.54,312900.18,Paid
INV000619,O002646,2025-04-03,2025-05-03,36194.13,6514.94,42709.07,Paid
INV000620,O000269,2025-04-11,2025-05-11,42795.92,7703.27,50499.18,Partially Paid
INV000621,O001889,2026-01-30,2026-03-16,10300.56,1854.1,12154.66,Open
INV000622,O001128,2025-04-22,2025-06-06,33838.66,6090.96,39929.62,Open
INV000623,O002324,2025-05-31,2025-06-30,19728.77,3551.18,23279.95,Paid
INV000624,O000781,2025-11-10,2025-12-10,230639.87,41515.18,272155.05,Paid
INV000625,O000378,2026-06-27,2026-08-11,227117.64,40881.18,267998.81,Open
INV000626,O001848,2025-05-18,2025-06-02,103560.94,18640.97,122201.91,Open
INV000627,O001473,2025-05-28,2025-07-12,147772.82,26599.11,174371.92,Partially Paid
INV000628,O001700,2025-05-22,2025-07-06,26775.93,4819.67,31595.6,Partially Paid
INV000629,O000114,2025-10-02,2025-12-01,8673.96,1561.31,10235.27,Open
INV000630,O002047,2026-03-09,2026-04-08,37724.47,6790.4,44514.88,Open
INV000631,O000956,2025-11-10,2025-12-10,164563.82,29621.49,194185.31,Partially Paid
INV000632,O000028,2025-05-27,2025-06-26,375977.72,67675.99,443653.7,Partially Paid
INV000633,O000758,2025-03-09,2025-05-08,479139.57,86245.12,565384.69,Paid
INV000634,O000425,2026-05-20,2026-06-04,290312.42,52256.24,342568.66,Open
INV000635,O001824,2026-01-07,2026-02-06,43774.39,7879.39,51653.78,Open
INV000636,O000873,2025-03-05,2025-04-04,79904.49,14382.81,94287.3,Paid
INV000637,O001857,2025-03-08,2025-04-22,165466.7,29784.01,195250.7,Open
INV000638,O002566,2025-08-31,2025-09-15,239306.55,43075.18,282381.72,Open
INV000639,O000967,2026-04-15,2026-05-30,85286,15351.48,100637.48,Paid
INV000640,O002997,2026-06-29,2026-08-13,8141.68,1465.5,9607.18,Partially Paid
INV000641,O000182,2026-06-07,2026-08-06,164682.27,29642.81,194325.08,Paid
INV000642,O002450,2025-12-22,2026-02-20,1820.54,327.7,2148.23,Partially Paid
INV000643,O000024,2025-05-18,2025-06-17,35731.7,6431.71,42163.41,Open
INV000644,O002571,2026-05-22,2026-06-21,174819.22,31467.46,206286.68,Open
INV000645,O001186,2025-11-30,2025-12-15,165627.55,29812.96,195440.51,Partially Paid
INV000646,O002318,2026-02-05,2026-04-06,55094.5,9917.01,65011.51,Open
INV000647,O000704,2026-06-02,2026-07-02,116864.62,21035.63,137900.26,Paid
INV000648,O001695,2025-07-11,2025-08-10,72176.2,12991.72,85167.92,Open
INV000649,O002912,2025-06-11,2025-08-10,48807.68,8785.38,57593.06,Open
INV000650,O000315,2025-10-11,2025-11-10,7321.31,1317.84,8639.14,Partially Paid
INV000651,O002978,2025-06-08,2025-06-23,123547.04,22238.47,145785.51,Partially Paid
INV000652,O000648,2025-10-24,2025-12-08,38687.48,6963.75,45651.23,Open
INV000653,O000653,2025-06-10,2025-07-25,7709.31,1387.68,9096.99,Open
INV000654,O001070,2026-08-17,2026-09-16,275230.01,49541.4,324771.41,Partially Paid
INV000655,O002769,2025-01-28,2025-02-27,3258.42,586.52,3844.94,Open
INV000656,O000001,2025-06-29,2025-07-29,22655.72,4078.03,26733.75,Paid
INV000657,O001704,2026-08-10,2026-10-09,92110.87,16579.96,108690.83,Partially Paid
INV000658,O000317,2026-04-19,2026-05-19,374235.29,67362.35,441597.64,Open
INV000659,O002582,2026-01-25,2026-03-26,30406.22,5473.12,35879.34,Paid
INV000660,O002148,2026-03-23,2026-05-07,173182.08,31172.77,204354.86,Paid
INV000661,O001562,2025-05-12,2025-05-27,377421.55,67935.88,445357.43,Partially Paid
INV000662,O001371,2025-11-17,2026-01-01,419663.83,75539.49,495203.31,Open
INV000663,O001106,2025-04-09,2025-05-09,68899.1,12401.84,81300.94,Open
INV000664,O002668,2025-11-09,2025-11-24,161660.73,29098.93,190759.66,Paid
INV000665,O001651,2025-03-31,2025-04-15,74067.77,13332.2,87399.97,Open
INV000666,O000218,2025-03-09,2025-04-23,73164.08,13169.53,86333.62,Paid
INV000667,O000701,2026-04-13,2026-04-28,129969.58,23394.52,153364.1,Paid
INV000668,O001283,2025-01-26,2025-02-25,142834.67,25710.24,168544.91,Partially Paid
INV000669,O000349,2025-06-09,2025-08-08,361498.38,65069.71,426568.09,Partially Paid
INV000670,O001110,2026-06-09,2026-07-09,332457.66,59842.38,392300.04,Partially Paid
INV000671,O001023,2025-10-06,2025-10-21,2352.2,423.4,2775.59,Paid
INV000672,O002692,2025-01-29,2025-02-28,138341.22,24901.42,163242.64,Open
INV000673,O002223,2026-01-31,2026-02-15,84254.92,15165.88,99420.8,Open
INV000674,O000170,2026-03-02,2026-04-01,181347.75,32642.59,213990.34,Open
INV000675,O001134,2026-02-11,2026-03-13,252033.42,45366.02,297399.44,Paid
INV000676,O001930,2026-08-23,2026-10-07,34240.86,6163.35,40404.21,Open
INV000677,O002359,2025-04-11,2025-05-26,43933.63,7908.05,51841.68,Open
INV000678,O000263,2026-03-10,2026-04-09,91875.83,16537.65,108413.49,Partially Paid
INV000679,O002282,2025-09-17,2025-11-16,49373.71,8887.27,58260.98,Paid
INV000680,O000127,2026-06-24,2026-07-24,33929.87,6107.38,40037.25,Partially Paid
INV000681,O000134,2026-08-06,2026-09-20,8641.95,1555.55,10197.5,Paid
INV000682,O001241,2025-06-06,2025-08-05,125394.95,22571.09,147966.04,Paid
INV000683,O001389,2025-07-23,2025-08-22,6090.38,1096.27,7186.65,Open
INV000684,O000216,2026-04-07,2026-05-22,35926.14,6466.71,42392.85,Partially Paid
INV000685,O000340,2025-11-30,2025-12-30,189678.09,34142.06,223820.15,Open
INV000686,O001294,2026-08-02,2026-10-01,120546.57,21698.38,142244.96,Paid
INV000687,O002510,2025-03-06,2025-04-05,58976.91,10615.84,69592.75,Paid
INV000688,O000287,2025-05-19,2025-06-18,35173.19,6331.17,41504.37,Open
INV000689,O000461,2025-07-15,2025-07-30,37182.36,6692.82,43875.18,Paid
INV000690,O001344,2026-03-08,2026-05-07,721.68,129.9,851.59,Partially Paid
INV000691,O002981,2026-05-21,2026-07-20,125370.09,22566.62,147936.71,Partially Paid
INV000692,O000239,2025-03-13,2025-04-27,219876.54,39577.78,259454.32,Open
INV000693,O000619,2025-07-13,2025-08-12,57281.44,10310.66,67592.1,Partially Paid
INV000694,O001974,2025-10-30,2025-11-14,363548.71,65438.77,428987.48,Partially Paid
INV000695,O001664,2025-12-13,2026-01-12,47597.1,8567.48,56164.58,Partially Paid
INV000696,O002377,2025-11-04,2025-11-19,302354.44,54423.8,356778.24,Partially Paid
INV000697,O001123,2025-08-31,2025-10-15,320871.26,57756.83,378628.08,Partially Paid
INV000698,O002026,2025-10-03,2025-10-18,33565.56,6041.8,39607.36,Open
INV000699,O001986,2025-05-09,2025-06-23,198028.1,35645.06,233673.16,Partially Paid
INV000700,O001791,2026-01-08,2026-02-07,25876.37,4657.75,30534.12,Paid
INV000701,O001709,2025-02-03,2025-02-18,12114.3,2180.57,14294.87,Partially Paid
INV000702,O000204,2025-06-19,2025-08-03,413281.09,74390.6,487671.69,Partially Paid
INV000703,O001341,2025-03-06,2025-04-05,319434.95,57498.29,376933.24,Open
INV000704,O002928,2025-10-02,2025-11-16,21502.64,3870.48,25373.12,Paid
INV000705,O002058,2025-07-30,2025-09-28,452126.79,81382.82,533509.62,Paid
INV000706,O001362,2025-08-02,2025-10-01,419948.05,75590.65,495538.7,Partially Paid
INV000707,O001541,2025-08-23,2025-09-07,338319.21,60897.46,399216.67,Partially Paid
INV000708,O000614,2026-02-20,2026-03-07,385397.48,69371.55,454769.03,Paid
INV000709,O002437,2025-10-01,2025-10-16,7893.18,1420.77,9313.95,Open
INV000710,O001935,2026-02-13,2026-04-14,88808.34,15985.5,104793.84,Partially Paid
INV000711,O001434,2026-01-28,2026-03-14,73151.21,13167.22,86318.43,Open
INV000712,O000034,2025-03-26,2025-04-25,36467.02,6564.06,43031.09,Open
INV000713,O001120,2025-06-22,2025-08-21,49574.14,8923.35,58497.49,Paid
INV000714,O000693,2025-02-04,2025-04-05,368296.21,66293.32,434589.53,Open
INV000715,O000736,2026-01-28,2026-03-14,22025.86,3964.65,25990.51,Open
INV000716,O001269,2025-07-11,2025-09-09,384809.66,69265.74,454075.4,Partially Paid
INV000717,O001642,2026-07-19,2026-08-03,154320.55,27777.7,182098.25,Partially Paid
INV000718,O001069,2025-09-28,2025-10-13,109686.22,19743.52,129429.74,Open
INV000719,O000234,2025-10-28,2025-11-12,7192.74,1294.69,8487.44,Paid
INV000720,O001585,2026-08-05,2026-08-20,287014.65,51662.64,338677.29,Open
INV000721,O001080,2026-05-07,2026-05-22,674286.47,121371.56,795658.03,Open
INV000722,O002049,2026-08-22,2026-09-06,14333.54,2580.04,16913.58,Partially Paid
INV000723,O002373,2026-03-28,2026-04-27,86099.12,15497.84,101596.96,Partially Paid
INV000724,O000450,2025-03-20,2025-05-04,10020.95,1803.77,11824.73,Partially Paid
INV000725,O002016,2026-01-17,2026-02-16,5116.72,921.01,6037.73,Open
INV000726,O001383,2026-03-25,2026-04-09,88241.22,15883.42,104124.64,Paid
INV000727,O001057,2025-11-18,2026-01-17,112567.89,20262.22,132830.11,Open
INV000728,O000434,2025-10-14,2025-11-13,33726.63,6070.79,39797.43,Open
INV000729,O002123,2026-04-28,2026-05-13,373697.58,67265.56,440963.14,Open
INV000730,O002348,2026-05-29,2026-07-28,240823.23,43348.18,284171.41,Partially Paid
INV000731,O002043,2026-02-04,2026-02-19,16166.62,2909.99,19076.61,Paid
INV000732,O002044,2025-08-26,2025-09-10,80609.97,14509.8,95119.77,Paid
INV000733,O000448,2026-06-20,2026-08-04,6242.78,1123.7,7366.48,Open
INV000734,O000475,2026-03-12,2026-04-26,365058.18,65710.47,430768.65,Open
INV000735,O001230,2026-02-10,2026-04-11,300003.91,54000.7,354004.61,Open
INV000736,O000398,2025-04-04,2025-05-04,122639.28,22075.07,144714.35,Partially Paid
INV000737,O001568,2026-08-16,2026-08-31,17881.25,3218.62,21099.87,Open
INV000738,O000228,2026-03-22,2026-05-21,4424,796.32,5220.32,Open
INV000739,O001512,2026-03-06,2026-04-05,129330.78,23279.54,152610.32,Paid
INV000740,O002591,2026-02-07,2026-04-08,6037.18,1086.69,7123.88,Paid
INV000741,O000310,2026-06-26,2026-08-25,28276.5,5089.77,33366.27,Open
INV000742,O002045,2026-02-28,2026-03-15,406750.01,73215,479965.01,Partially Paid
INV000743,O001353,2025-12-19,2026-01-03,180908.64,32563.56,213472.2,Open
INV000744,O001451,2026-08-12,2026-09-26,209201.2,37656.22,246857.41,Partially Paid
INV000745,O002008,2026-03-11,2026-04-10,158912.44,28604.24,187516.68,Paid
INV000746,O000173,2026-06-18,2026-08-17,17413.46,3134.42,20547.88,Partially Paid
INV000747,O002983,2026-03-20,2026-04-19,39662.88,7139.32,46802.2,Paid
INV000748,O001645,2025-06-25,2025-08-24,202528.57,36455.14,238983.72,Open
INV000749,O002015,2025-01-20,2025-02-19,5407.16,973.29,6380.44,Open
INV000750,O002247,2025-05-25,2025-07-09,503516.67,90633,594149.67,Open
INV000751,O001563,2026-06-02,2026-07-02,1774.14,319.35,2093.49,Partially Paid
INV000752,O001336,2025-07-20,2025-08-04,228392.58,41110.67,269503.25,Partially Paid
INV000753,O000192,2025-07-13,2025-09-11,7218.01,1299.24,8517.25,Paid
INV000754,O001076,2026-01-30,2026-03-16,140077.64,25213.98,165291.62,Partially Paid
INV000755,O002331,2026-01-02,2026-02-01,7926.14,1426.71,9352.84,Paid
INV000756,O001187,2026-02-19,2026-04-20,56698.71,10205.77,66904.48,Paid
INV000757,O000375,2025-06-30,2025-07-30,13399.64,2411.94,15811.58,Partially Paid
INV000758,O001225,2026-02-21,2026-04-22,77964.4,14033.59,91998,Paid
INV000759,O002866,2026-07-16,2026-07-31,44764.65,8057.64,52822.29,Open
INV000760,O000563,2025-10-21,2025-11-20,182207.93,32797.43,215005.36,Partially Paid
INV000761,O001068,2025-06-03,2025-07-03,43959.4,7912.69,51872.09,Open
INV000762,O000594,2026-05-23,2026-07-22,36928.42,6647.12,43575.53,Partially Paid
INV000763,O001657,2025-08-19,2025-10-18,8354.79,1503.86,9858.65,Partially Paid
INV000764,O002023,2026-05-21,2026-06-20,3799.14,683.85,4482.99,Paid
INV000765,O000077,2025-06-02,2025-07-02,337482.97,60746.93,398229.9,Partially Paid
INV000766,O002601,2026-04-30,2026-05-15,23123.63,4162.25,27285.88,Paid
INV000767,O002207,2025-03-14,2025-04-13,291860.93,52534.97,344395.89,Partially Paid
INV000768,O000249,2025-02-28,2025-03-15,15265.34,2747.76,18013.11,Partially Paid
INV000769,O001420,2025-10-11,2025-10-26,436318.24,78537.28,514855.52,Paid
INV000770,O000179,2026-07-09,2026-08-23,27144.43,4886,32030.43,Partially Paid
INV000771,O000266,2025-06-19,2025-08-18,229647.96,41336.63,270984.59,Open
INV000772,O001346,2026-07-30,2026-09-28,185021.89,33303.94,218325.83,Open
INV000773,O000508,2025-05-21,2025-07-05,220915.81,39764.85,260680.66,Open
INV000774,O000932,2025-02-02,2025-03-04,33833.7,6090.07,39923.77,Partially Paid
INV000775,O001796,2025-01-09,2025-03-10,9080.16,1634.43,10714.58,Open
INV000776,O002097,2026-01-02,2026-03-03,25380.75,4568.53,29949.28,Open
INV000777,O001701,2025-01-05,2025-02-19,339642.65,61135.68,400778.32,Open
INV000778,O002949,2026-03-29,2026-05-28,159694.07,28744.93,188439.01,Paid
INV000779,O001683,2026-06-24,2026-07-09,346165.95,62309.87,408475.82,Partially Paid
INV000780,O002897,2025-02-09,2025-02-24,32456.78,5842.22,38299,Partially Paid
INV000781,O001033,2026-07-17,2026-08-01,30616.63,5510.99,36127.62,Paid
INV000782,O001820,2025-10-26,2025-11-10,196883.5,35439.03,232322.52,Partially Paid
INV000783,O000177,2026-06-02,2026-07-17,35630.21,6413.44,42043.65,Paid
INV000784,O001202,2025-04-30,2025-05-15,91690.16,16504.23,108194.39,Partially Paid
INV000785,O002682,2025-12-08,2026-01-07,182962.84,32933.31,215896.15,Paid
INV000786,O002822,2025-03-31,2025-04-15,119535.13,21516.32,141051.45,Paid
INV000787,O000258,2026-01-03,2026-01-18,279439.16,50299.05,329738.21,Paid
INV000788,O001684,2025-11-08,2025-11-23,218885.24,39399.34,258284.58,Partially Paid
INV000789,O002887,2025-11-18,2025-12-18,44963.65,8093.46,53057.11,Paid
INV000790,O000477,2025-05-14,2025-05-29,87680.42,15782.48,103462.89,Open
INV000791,O001208,2025-03-14,2025-05-13,322407.9,58033.42,380441.32,Paid
INV000792,O002293,2025-09-24,2025-11-23,229057.46,41230.34,270287.81,Paid
INV000794,O002366,2026-01-05,2026-02-04,267264.24,48107.56,315371.8,Partially Paid
INV000795,O001566,2025-12-10,2026-01-24,43787.31,7881.72,51669.03,Partially Paid
INV000796,O000322,2026-02-27,2026-04-13,168451.63,30321.29,198772.92,Open
INV000797,O002931,2025-03-23,2025-05-22,436541.25,78577.43,515118.68,Open
INV000798,O000044,2025-03-04,2025-04-03,109142.1,19645.58,128787.67,Paid
INV000799,O000181,2026-07-26,2026-09-24,25037.26,4506.71,29543.96,Paid
INV000800,O001758,2026-08-14,2026-09-13,74563.43,13421.42,87984.85,Paid
INV000801,O002191,2026-07-29,2026-09-12,22662.73,4079.29,26742.03,Partially Paid
INV000802,O000319,2026-05-23,2026-06-22,35086.72,6315.61,41402.33,Partially Paid
INV000803,O001085,2026-06-16,2026-07-01,336628.19,60593.07,397221.27,Open
INV000804,O000901,2026-07-13,2026-07-28,3307.69,595.39,3903.08,Open
INV000805,O001745,2025-01-16,2025-01-31,193235.17,34782.33,228017.51,Open
INV000806,O002732,2026-06-20,2026-07-20,268321.93,48297.95,316619.88,Open
INV000807,O002291,2025-07-09,2025-07-24,146144.7,26306.05,172450.75,Partially Paid
INV000808,O002525,2025-05-27,2025-07-26,34372.94,6187.13,40560.06,Paid
INV000809,O000925,2025-06-13,2025-07-28,202765.66,36497.82,239263.47,Open
INV000810,O001915,2025-09-29,2025-10-14,396720.86,71409.75,468130.62,Paid
INV000811,O001604,2025-06-12,2025-07-27,118200.23,21276.04,139476.27,Partially Paid
INV000812,O002213,2026-08-18,2026-10-02,260140.35,46825.26,306965.62,Partially Paid
INV000813,O000430,2025-07-09,2025-07-24,224162.42,40349.23,264511.65,Paid
INV000814,O000195,2026-08-10,2026-09-09,14532.05,2615.77,17147.81,Paid
INV000815,O001282,2026-04-01,2026-05-31,34645.98,6236.28,40882.26,Open
INV000816,O001031,2025-10-08,2025-10-23,1423.38,256.21,1679.59,Open
INV000817,O000498,2025-05-16,2025-06-15,273202.51,49176.45,322378.96,Partially Paid
INV000818,O001881,2026-05-04,2026-06-18,113284.73,20391.25,133675.98,Partially Paid
INV000819,O000343,2026-06-01,2026-07-16,21970,3954.6,25924.6,Paid
INV000820,O001321,2025-08-04,2025-09-03,464861.47,83675.06,548536.54,Open
INV000821,O000155,2026-04-08,2026-05-23,33599.43,6047.9,39647.33,Open
INV000822,O000120,2025-12-03,2025-12-18,31913.24,5744.38,37657.62,Open
INV000823,O002835,2025-11-02,2026-01-01,12047.28,2168.51,14215.79,Paid
INV000824,O002795,2025-09-05,2025-10-20,47364.52,8525.61,55890.14,Open
INV000825,O000057,2026-03-19,2026-05-18,56872.35,10237.02,67109.37,Open
INV000826,O000330,2026-07-06,2026-07-21,188912.86,34004.31,222917.17,Partially Paid
INV000827,O001873,2025-12-08,2026-02-06,241612.61,43490.27,285102.88,Partially Paid
INV000828,O001425,2025-09-06,2025-09-21,124875.96,22477.67,147353.64,Partially Paid
INV000829,O002743,2025-07-23,2025-08-07,225864.93,40655.69,266520.62,Open
INV000830,O000025,2026-09-01,2026-10-31,8343.17,1501.77,9844.94,Partially Paid
INV000831,O002208,2025-12-18,2026-01-17,46873.26,8437.19,55310.45,Paid
INV000832,O001839,2025-05-03,2025-05-18,354266.55,63767.98,418034.53,Open
INV000833,O001939,2026-03-16,2026-05-15,6012.41,1082.23,7094.64,Partially Paid
INV000834,O001026,2026-06-24,2026-08-23,724.2,130.36,854.55,Open
INV000835,O000734,2026-01-26,2026-03-12,4886.91,879.64,5766.56,Partially Paid
INV000836,O002077,2026-08-08,2026-09-07,141333.65,25440.06,166773.71,Partially Paid
INV000837,O001164,2025-08-30,2025-10-14,22053.66,3969.66,26023.32,Partially Paid
INV000838,O001507,2026-07-21,2026-09-04,138364.86,24905.68,163270.54,Paid
INV000839,O001486,2025-02-17,2025-04-03,35271.09,6348.8,41619.88,Partially Paid
INV000840,O001871,2026-04-20,2026-05-20,274474.22,49405.36,323879.58,Partially Paid
INV000841,O001790,2025-07-22,2025-08-21,27751.47,4995.26,32746.74,Partially Paid
INV000842,O002641,2026-02-08,2026-02-23,13061.18,2351.01,15412.19,Partially Paid
INV000843,O001753,2026-04-10,2026-06-09,687637.45,123774.74,811412.19,Open
INV000844,O001980,2025-01-15,2025-02-14,40400.16,7272.03,47672.19,Open
INV000845,O001976,2025-12-29,2026-02-12,18503.55,3330.64,21834.19,Partially Paid
INV000846,O000188,2025-03-28,2025-04-12,47611.01,8569.98,56180.99,Paid
INV000847,O001776,2025-06-22,2025-07-07,96848.04,17432.65,114280.68,Paid
INV000848,O002158,2025-08-18,2025-10-17,305393.57,54970.84,360364.41,Open
INV000849,O002000,2026-07-19,2026-08-18,418207.76,75277.4,493485.16,Open
INV000850,O000538,2025-05-24,2025-06-08,30874.73,5557.45,36432.18,Open
INV000851,O002858,2026-07-16,2026-08-30,56749.47,10214.9,66964.37,Paid
INV000852,O002271,2025-04-04,2025-05-04,14032.03,2525.76,16557.79,Open
INV000853,O002328,2026-03-13,2026-03-28,374757.75,67456.39,442214.14,Paid
INV000854,O000953,2026-04-23,2026-06-07,159100.75,28638.13,187738.88,Open
INV000855,O002856,2025-07-03,2025-08-02,123795,22283.1,146078.1,Open
INV000856,O000481,2025-10-02,2025-10-17,195308.8,35155.58,230464.39,Partially Paid
INV000857,O001061,2026-06-12,2026-08-11,181784.54,32721.22,214505.76,Paid
INV000858,O000841,2026-05-20,2026-06-04,68166.49,12269.97,80436.45,Open
INV000859,O002203,2025-12-09,2026-01-23,251423.33,45256.2,296679.53,Paid
INV000860,O002308,2025-07-01,2025-07-16,244830.77,44069.54,288900.31,Partially Paid
INV000861,O000454,2025-11-10,2025-12-10,83334.39,15000.19,98334.58,Paid
INV000862,O001485,2026-03-01,2026-04-30,249889.14,44980.05,294869.18,Paid
INV000863,O002490,2025-01-27,2025-03-28,356408.19,64153.47,420561.66,Partially Paid
INV000864,O001854,2025-11-23,2026-01-22,11582.77,2084.9,13667.67,Partially Paid
INV000865,O000724,2026-02-09,2026-03-11,46811.03,8425.99,55237.01,Partially Paid
INV000866,O001490,2025-09-08,2025-10-23,13589.13,2446.04,16035.17,Partially Paid
INV000867,O001988,2026-04-04,2026-05-04,17430.12,3137.42,20567.54,Partially Paid
INV000868,O002406,2025-07-26,2025-09-24,100512.38,18092.23,118604.61,Paid
INV000869,O000804,2025-08-09,2025-09-23,322824,58108.32,380932.32,Paid
INV000870,O001732,2026-04-13,2026-05-28,7357.89,1324.42,8682.32,Open
INV000871,O001900,2026-06-05,2026-06-20,85011.19,15302.01,100313.21,Open
INV000872,O001149,2025-11-29,2026-01-13,202098.87,36377.8,238476.66,Paid
INV000873,O000223,2025-08-01,2025-09-15,33991.84,6118.53,40110.37,Partially Paid
INV000874,O002423,2026-03-14,2026-05-13,32911.38,5924.05,38835.43,Partially Paid
INV000875,O002954,2026-02-01,2026-04-02,147435.27,26538.35,173973.62,Paid
INV000876,O000185,2025-12-25,2026-01-24,626296.39,112733.35,739029.74,Open
INV000877,O001415,2025-07-23,2025-09-06,282611.09,50870,333481.09,Paid
INV000878,O001097,2025-05-30,2025-07-14,195089.32,35116.08,230205.4,Partially Paid
INV000879,O001174,2026-01-22,2026-02-21,116018.62,20883.35,136901.97,Paid
INV000880,O001906,2025-11-05,2025-12-05,23867.68,4296.18,28163.87,Partially Paid
INV000881,O001602,2026-01-24,2026-03-10,11526.21,2074.72,13600.93,Paid
INV000882,O002179,2025-01-04,2025-02-18,40825.57,7348.6,48174.17,Partially Paid
INV000883,O000372,2025-09-12,2025-10-27,154197,27755.46,181952.46,Partially Paid
INV000884,O000723,2026-06-11,2026-07-11,31877.81,5738.01,37615.81,Partially Paid
INV000885,O000677,2025-02-23,2025-03-25,301721.53,54309.88,356031.41,Paid
INV000886,O001402,2026-02-01,2026-02-16,15456.18,2782.11,18238.29,Partially Paid
INV000887,O001659,2025-02-06,2025-03-23,13469.18,2424.45,15893.64,Paid
INV000888,O000529,2026-02-14,2026-03-16,24996.35,4499.34,29495.69,Partially Paid
INV000889,O000250,2025-04-08,2025-06-07,249312.81,44876.3,294189.11,Paid
INV000890,O000886,2025-06-21,2025-07-06,38739.38,6973.09,45712.46,Paid
INV000891,O002278,2025-09-28,2025-11-12,212944.15,38329.95,251274.09,Partially Paid
INV000892,O000394,2025-12-26,2026-01-10,69058.58,12430.54,81489.13,Paid
INV000893,O000060,2026-06-16,2026-07-31,38580.85,6944.55,45525.4,Partially Paid
INV000894,O000157,2025-10-18,2025-11-02,854686.86,153843.64,1008530.5,Open
INV000895,O000610,2026-03-06,2026-04-05,42427.06,7636.87,50063.93,Partially Paid
INV000896,O002489,2026-05-23,2026-07-07,363584.19,65445.15,429029.34,Open
INV000897,O002011,2026-04-30,2026-05-15,225498.74,40589.77,266088.52,Paid
INV000898,O000158,2025-06-14,2025-08-13,93309.48,16795.71,110105.19,Partially Paid
INV000899,O002313,2025-07-02,2025-07-17,148047.81,26648.61,174696.42,Partially Paid
INV000900,O001653,2026-02-16,2026-04-02,35752.67,6435.48,42188.15,Partially Paid
INV000901,O000690,2026-05-16,2026-07-15,714815.98,128666.88,843482.85,Paid
INV000902,O000194,2025-05-05,2025-07-04,153721.03,27669.79,181390.82,Open
INV000903,O001632,2026-04-24,2026-06-08,234887.13,42279.68,277166.81,Paid
INV000904,O000987,2026-02-19,2026-03-06,6568.4,1182.31,7750.71,Partially Paid
INV000905,O002796,2026-01-26,2026-02-10,24695.03,4445.11,29140.14,Open
INV000906,O000256,2026-06-15,2026-06-30,210943.11,37969.76,248912.87,Paid
INV000907,O000928,2026-06-14,2026-06-29,39416.24,7094.92,46511.16,Paid
INV000908,O001523,2025-05-07,2025-06-06,21545.52,3878.19,25423.71,Paid
INV000909,O001381,2026-02-15,2026-04-16,37463.25,6743.38,44206.63,Paid
INV000910,O001441,2026-02-08,2026-02-23,44054.63,7929.83,51984.47,Partially Paid
INV000911,O000433,2026-07-15,2026-08-14,181771.15,32718.81,214489.95,Open
INV000912,O001303,2025-01-31,2025-04-01,58912.03,10604.16,69516.19,Paid
INV000913,O000505,2026-05-31,2026-07-30,209507.04,37711.27,247218.3,Paid
INV000914,O002190,2025-10-06,2025-11-20,5054.11,909.74,5963.85,Paid
INV000915,O001795,2025-12-11,2026-01-25,30679.39,5522.29,36201.68,Partially Paid
INV000916,O001552,2025-04-07,2025-04-22,96583.77,17385.08,113968.85,Open
INV000917,O002523,2025-05-07,2025-05-22,418549.89,75338.98,493888.88,Open
INV000918,O001785,2026-05-07,2026-06-21,52551.9,9459.34,62011.24,Paid
INV000919,O001694,2026-08-10,2026-08-25,78813.52,14186.43,92999.95,Open
INV000920,O000622,2025-11-23,2025-12-23,17620.15,3171.63,20791.78,Open
INV000921,O001663,2025-01-11,2025-02-25,277927.62,50026.97,327954.59,Open
INV000922,O001423,2025-01-05,2025-01-20,22508.47,4051.53,26560,Paid
INV000923,O001625,2025-06-23,2025-07-23,27234.87,4902.28,32137.15,Open
INV000924,O000790,2025-01-20,2025-03-06,192773.73,34699.27,227473,Open
INV000925,O001581,2025-10-07,2025-11-21,229254.53,41265.82,270520.35,Open
INV000926,O002128,2026-03-05,2026-04-19,137531.19,24755.61,162286.8,Open
INV000927,O000544,2026-07-24,2026-08-08,253272.85,45589.11,298861.96,Open
INV000928,O001474,2025-12-14,2026-02-12,5461.51,983.07,6444.58,Paid
INV000929,O002916,2025-08-13,2025-09-27,739.11,133.04,872.15,Partially Paid
INV000930,O001539,2026-04-08,2026-04-23,38266.71,6888.01,45154.72,Open
INV000931,O002152,2026-05-07,2026-06-21,5216.99,939.06,6156.05,Paid
INV000932,O000771,2025-05-11,2025-06-10,26876.52,4837.77,31714.3,Open
INV000933,O000592,2025-10-01,2025-11-15,2535.08,456.31,2991.39,Paid
INV000934,O002233,2026-03-03,2026-05-02,106317.48,19137.15,125454.63,Partially Paid
INV000935,O002812,2026-08-07,2026-10-06,247807.78,44605.4,292413.18,Open
INV000936,O002578,2025-02-05,2025-03-22,364926.95,65686.85,430613.8,Partially Paid
INV000937,O001337,2025-01-27,2025-02-11,195845.24,35252.14,231097.38,Open
INV000938,O001131,2025-10-01,2025-11-30,27936.18,5028.51,32964.69,Paid
INV000939,O002585,2025-04-19,2025-05-04,260610.24,46909.84,307520.08,Paid
INV000940,O002871,2025-01-21,2025-02-20,501365.67,90245.82,591611.48,Partially Paid
INV000941,O000081,2025-05-24,2025-06-08,15079.1,2714.24,17793.33,Partially Paid
INV000942,O002919,2026-02-12,2026-03-29,102484.89,18447.28,120932.16,Open
INV000943,O001099,2025-12-16,2026-02-14,32293.67,5812.86,38106.53,Partially Paid
INV000944,O002584,2025-04-13,2025-04-28,44207.59,7957.37,52164.95,Partially Paid
INV000945,O002807,2026-02-18,2026-04-19,378267.94,68088.23,446356.17,Open
INV000946,O001897,2025-04-03,2025-04-18,101013.71,18182.47,119196.18,Open
INV000947,O000837,2026-09-03,2026-10-03,25824.28,4648.37,30472.65,Partially Paid
INV000948,O002453,2026-07-03,2026-08-17,27329.76,4919.36,32249.11,Open
INV000949,O000397,2026-01-16,2026-03-02,39159.79,7048.76,46208.55,Paid
INV000950,O000820,2026-03-23,2026-05-22,252445.84,45440.25,297886.09,Partially Paid
INV000951,O001178,2026-04-02,2026-06-01,149810.27,26965.85,176776.12,Partially Paid
INV000952,O002145,2025-12-05,2026-01-19,24696.7,4445.41,29142.11,Partially Paid
INV000953,O000230,2025-02-01,2025-03-18,48362.65,8705.28,57067.92,Partially Paid
INV000954,O002630,2025-02-19,2025-03-06,88378.14,15908.07,104286.2,Open
INV000955,O000105,2025-06-23,2025-08-07,375514,67592.52,443106.51,Open
INV000956,O001311,2026-05-24,2026-07-08,95800.6,17244.11,113044.7,Paid
INV000957,O000010,2025-08-21,2025-09-05,52057.37,9370.33,61427.7,Open
INV000958,O000896,2026-03-14,2026-04-28,21570.17,3882.63,25452.8,Partially Paid
INV000959,O000798,2025-03-25,2025-04-09,494197.21,88955.5,583152.71,Partially Paid
INV000960,O000661,2026-08-19,2026-10-18,45635,8214.3,53849.3,Partially Paid
INV000961,O002338,2025-07-05,2025-07-20,91931.41,16547.65,108479.06,Open
INV000962,O000600,2026-05-30,2026-07-29,55935.43,10068.38,66003.8,Paid
INV000963,O001056,2026-07-26,2026-08-10,9465.57,1703.8,11169.37,Paid
INV000964,O002475,2025-06-17,2025-07-17,368197.36,66275.53,434472.89,Paid
INV000965,O002770,2025-06-16,2025-07-01,11077.06,1993.87,13070.93,Paid
INV000966,O002455,2025-05-19,2025-06-03,169506.78,30511.22,200018,Paid
INV000967,O001982,2025-12-25,2026-02-23,182169.24,32790.46,214959.7,Open
INV000968,O002361,2025-09-30,2025-11-14,278449.54,50120.92,328570.46,Paid
INV000969,O002788,2025-06-18,2025-08-02,209593.02,37726.74,247319.77,Partially Paid
INV000970,O002196,2025-05-10,2025-05-25,24898.61,4481.75,29380.37,Partially Paid
INV000971,O001458,2025-11-05,2025-12-05,8612.78,1550.3,10163.08,Paid
INV000972,O001547,2025-11-23,2025-12-23,413018.37,74343.31,487361.68,Open
INV000973,O002238,2025-06-02,2025-07-02,147500.1,26550.02,174050.11,Paid
INV000974,O001619,2026-08-02,2026-08-17,34019.37,6123.49,40142.86,Paid
INV000975,O001155,2025-11-24,2026-01-08,121572.66,21883.08,143455.74,Paid
INV000976,O000474,2025-12-07,2026-01-21,14175.63,2551.61,16727.24,Open
INV000977,O002745,2025-11-22,2025-12-22,340531.35,61295.64,401827,Open
INV000978,O000056,2026-08-18,2026-10-17,20846.73,3752.41,24599.15,Partially Paid
INV000979,O001550,2025-10-24,2025-11-08,47693.81,8584.89,56278.7,Partially Paid
INV000980,O000012,2025-02-14,2025-03-01,185648.21,33416.68,219064.89,Partially Paid
INV000981,O000567,2025-08-31,2025-09-15,397449.07,71540.83,468989.9,Partially Paid
INV000982,O000882,2026-02-17,2026-04-18,20124.27,3622.37,23746.63,Partially Paid
INV000983,O002321,2025-11-01,2025-11-16,211829.19,38129.25,249958.44,Partially Paid
INV000984,O000462,2026-07-12,2026-09-10,44119.37,7941.49,52060.85,Partially Paid
INV000985,O002811,2026-08-25,2026-09-24,117262.44,21107.24,138369.68,Partially Paid
INV000986,O002080,2026-07-14,2026-07-29,64249.77,11564.96,75814.73,Partially Paid
INV000987,O000642,2025-01-16,2025-02-15,504002.55,90720.46,594723.01,Paid
INV000988,O001714,2026-04-15,2026-05-30,125997,22679.46,148676.45,Paid
INV000989,O001332,2026-04-18,2026-05-03,284452.52,51201.45,335653.98,Open
INV000990,O002517,2025-05-04,2025-07-03,210648.71,37916.77,248565.48,Open
INV000991,O000849,2025-10-02,2025-11-16,22884.4,4119.19,27003.6,Partially Paid
INV000992,O000003,2025-04-13,2025-05-28,217592.82,39166.71,256759.53,Partially Paid
INV000993,O001452,2025-04-26,2025-06-10,80057.59,14410.37,94467.96,Partially Paid
INV000994,O001093,2026-07-19,2026-08-18,23208.33,4177.5,27385.83,Paid
INV000995,O001248,2026-09-01,2026-09-16,48765.2,8777.74,57542.94,Paid
INV000996,O001427,2026-04-07,2026-04-22,37521.73,6753.91,44275.65,Partially Paid
INV000997,O002337,2026-02-22,2026-04-23,68058.53,12250.54,80309.07,Open
INV000998,O001950,2025-10-14,2025-11-28,616.58,110.98,727.57,Paid
INV000999,O001288,2025-12-18,2026-01-17,120859.99,21754.8,142614.79,Partially Paid
INV001000,O002814,2025-09-18,2025-10-03,10019.03,1803.42,11822.45,Open
INV001001,O001818,2025-11-26,2026-01-10,280498.01,50489.64,330987.65,Open
INV001002,O000079,2025-09-17,2025-11-16,16257.16,2926.29,19183.45,Open
INV001003,O000787,2026-01-08,2026-01-23,16497.97,2969.63,19467.6,Paid
INV001004,O000566,2025-10-30,2025-12-29,3798.98,683.82,4482.79,Open
INV001005,O001158,2026-04-26,2026-05-26,75972.79,13675.1,89647.89,Partially Paid
INV001006,O001766,2025-05-18,2025-07-02,232040.47,41767.28,273807.75,Open
INV001007,O002483,2025-04-12,2025-04-27,22058.2,3970.48,26028.68,Open
INV001008,O001400,2025-02-14,2025-03-16,230485.33,41487.36,271972.69,Open
INV001009,O000502,2026-02-16,2026-04-17,88649.62,15956.93,104606.55,Partially Paid
INV001010,O000964,2025-12-04,2026-02-02,3431.97,617.75,4049.72,Open
INV001011,O000764,2025-05-12,2025-06-26,200078.8,36014.18,236092.99,Partially Paid
INV001012,O001278,2025-03-03,2025-03-18,4858.08,874.45,5732.53,Open
INV001013,O002098,2026-04-21,2026-05-06,296850.51,53433.09,350283.61,Open
INV001014,O000011,2026-03-15,2026-04-29,555937.23,100068.7,656005.93,Paid
INV001015,O000583,2025-03-13,2025-05-12,286588.82,51585.99,338174.8,Open
INV001016,O000579,2026-07-21,2026-08-20,9744.61,1754.03,11498.64,Paid
INV001017,O000958,2025-04-27,2025-05-27,387515.92,69752.87,457268.79,Paid
INV001018,O001810,2026-08-09,2026-08-24,70007.9,12601.42,82609.33,Partially Paid
INV001019,O002976,2025-03-01,2025-03-31,24589.98,4426.2,29016.18,Partially Paid
INV001020,O002046,2026-08-14,2026-08-29,33859.44,6094.7,39954.14,Paid
INV001021,O002404,2026-03-14,2026-04-28,218669.56,39360.52,258030.09,Open
INV001022,O002224,2025-02-06,2025-03-08,37919.8,6825.56,44745.36,Paid
INV001023,O002704,2026-07-13,2026-08-12,422068.39,75972.31,498040.7,Open
INV001024,O000645,2026-08-14,2026-09-13,117796.69,21203.4,139000.1,Paid
INV001025,O001532,2026-07-10,2026-08-24,344732.69,62051.88,406784.57,Partially Paid
INV001026,O001136,2025-01-30,2025-03-31,163823.37,29488.21,193311.58,Partially Paid
INV001027,O002551,2025-12-28,2026-02-11,606984.46,109257.2,716241.66,Paid
INV001028,O000497,2025-11-09,2025-12-24,81850.11,14733.02,96583.13,Partially Paid
INV001029,O000119,2026-04-11,2026-06-10,32434.71,5838.25,38272.96,Paid
INV001030,O000539,2026-07-07,2026-08-06,85457.29,15382.31,100839.61,Open
INV001031,O000963,2025-07-07,2025-08-21,15211.78,2738.12,17949.9,Open
INV001032,O000031,2026-06-25,2026-07-25,13592.2,2446.6,16038.79,Partially Paid
INV001033,O002926,2025-10-03,2025-11-02,2163.06,389.35,2552.41,Partially Paid
INV001034,O001001,2026-05-29,2026-07-28,411446.54,74060.38,485506.91,Paid
INV001035,O001342,2025-02-05,2025-03-22,380502.18,68490.39,448992.57,Open
INV001036,O002198,2025-12-13,2025-12-28,2121.19,381.81,2503,Open
INV001037,O001182,2026-04-07,2026-05-07,379112.7,68240.29,447352.98,Partially Paid
INV001038,O000049,2025-02-09,2025-02-24,78808.91,14185.6,92994.52,Open
INV001039,O000328,2026-03-26,2026-04-10,191308.57,34435.54,225744.12,Open
INV001040,O001994,2025-01-31,2025-03-17,112419.91,20235.58,132655.5,Paid
INV001041,O000933,2026-09-01,2026-09-16,255881.52,46058.67,301940.2,Paid
INV001042,O000872,2026-05-09,2026-05-24,12792.54,2302.66,15095.19,Paid
INV001043,O002036,2026-03-11,2026-04-10,132810.25,23905.85,156716.1,Paid
INV001044,O000755,2026-02-18,2026-03-20,19665.75,3539.84,23205.59,Paid
INV001045,O000233,2025-11-14,2026-01-13,3127.16,562.89,3690.05,Paid
INV001046,O000386,2025-04-14,2025-06-13,69965.55,12593.8,82559.35,Partially Paid
INV001047,O000009,2026-02-22,2026-04-23,9599.66,1727.94,11327.6,Partially Paid
INV001048,O001405,2026-08-03,2026-09-02,318726.08,57370.69,376096.77,Paid
INV001049,O001934,2026-06-19,2026-08-18,84062.04,15131.17,99193.2,Paid
INV001050,O001573,2026-02-28,2026-03-30,3600.4,648.07,4248.47,Partially Paid
INV001051,O000098,2025-01-31,2025-03-02,480458.95,86482.61,566941.56,Partially Paid
INV001052,O000657,2025-02-23,2025-04-24,21449.2,3860.86,25310.05,Open
INV001053,O001887,2025-09-22,2025-11-06,202422.49,36436.05,238858.53,Open
INV001054,O001292,2026-05-08,2026-06-07,123083.09,22154.96,145238.05,Open
INV001055,O001629,2025-03-10,2025-05-09,2751.27,495.23,3246.49,Open
INV001056,O000103,2025-01-07,2025-02-21,140989.31,25378.08,166367.39,Partially Paid
INV001057,O002499,2025-06-02,2025-07-02,186912.52,33644.25,220556.77,Open
INV001058,O002604,2025-11-04,2025-12-04,175516.89,31593.04,207109.93,Open
INV001059,O000243,2025-08-21,2025-10-20,563997.63,101519.57,665517.21,Partially Paid
INV001060,O001834,2026-08-26,2026-10-10,15612.11,2810.18,18422.29,Paid
INV001061,O001277,2025-02-16,2025-03-03,17356.39,3124.15,20480.54,Open
INV001062,O001118,2025-06-02,2025-07-17,182017.33,32763.12,214780.45,Open
INV001063,O002130,2025-05-03,2025-07-02,39694.44,7145,46839.44,Partially Paid
INV001064,O000672,2025-05-13,2025-05-28,45179.56,8132.32,53311.88,Open
INV001065,O001876,2025-12-29,2026-02-12,186716.23,33608.92,220325.15,Partially Paid
INV001066,O001006,2026-03-18,2026-05-02,147373.41,26527.21,173900.62,Open
INV001067,O000673,2025-07-07,2025-08-21,10906.57,1963.18,12869.75,Paid
INV001068,O000612,2026-07-10,2026-08-24,39951.06,7191.19,47142.25,Partially Paid
INV001069,O000988,2025-07-03,2025-09-01,171670.22,30900.64,202570.85,Open
INV001070,O002188,2026-04-23,2026-06-22,40715.99,7328.88,48044.87,Paid
INV001071,O001850,2026-06-21,2026-07-06,43283.58,7791.04,51074.62,Paid
INV001072,O001111,2026-01-03,2026-01-18,334661.08,60238.99,394900.07,Open
INV001073,O002896,2026-05-26,2026-07-10,331066.47,59591.96,390658.43,Partially Paid
INV001074,O002059,2026-07-08,2026-08-07,89742.29,16153.61,105895.9,Partially Paid
INV001075,O002559,2025-05-14,2025-06-28,89533.69,16116.06,105649.75,Open
INV001076,O002246,2025-08-28,2025-09-27,14171,2550.78,16721.78,Paid
INV001077,O002583,2025-02-25,2025-04-11,19791.66,3562.5,23354.16,Partially Paid
INV001078,O000369,2026-04-15,2026-04-30,37911.25,6824.03,44735.28,Partially Paid
INV001079,O002314,2026-01-17,2026-02-16,139858.68,25174.56,165033.24,Partially Paid
INV001080,O000630,2026-04-02,2026-05-02,24744.1,4453.94,29198.04,Paid
INV001081,O000050,2025-10-03,2025-12-02,21845.26,3932.15,25777.41,Paid
INV001082,O000784,2026-07-04,2026-08-03,769158.6,138448.55,907607.14,Paid
INV001083,O001962,2026-08-20,2026-09-04,291567.85,52482.21,344050.07,Partially Paid
INV001084,O001046,2026-04-13,2026-05-28,9696.64,1745.4,11442.04,Paid
INV001085,O000338,2025-11-27,2025-12-27,127940.84,23029.35,150970.2,Paid
INV001086,O001027,2025-08-03,2025-10-02,84342.07,15181.57,99523.64,Partially Paid
INV001087,O000667,2025-08-18,2025-10-17,15750.99,2835.18,18586.17,Partially Paid
INV001088,O001606,2025-08-23,2025-10-22,36181.7,6512.71,42694.41,Partially Paid
INV001089,O000006,2025-11-18,2026-01-02,3235.86,582.45,3818.31,Paid
INV001090,O000911,2025-01-28,2025-02-12,48451.18,8721.21,57172.39,Paid
INV001091,O000336,2025-12-12,2026-01-11,1205.39,216.97,1422.36,Paid
INV001092,O000706,2026-05-04,2026-06-03,47081.45,8474.66,55556.11,Open
INV001093,O001977,2025-09-15,2025-10-30,185498.37,33389.71,218888.07,Paid
INV001094,O000459,2026-04-07,2026-04-22,193212.83,34778.31,227991.15,Paid
INV001095,O000377,2025-06-18,2025-07-03,18618.35,3351.3,21969.66,Paid
INV001096,O000027,2025-04-20,2025-06-19,28027.38,5044.93,33072.31,Paid
INV001097,O002877,2026-08-16,2026-09-15,72427.83,13037.01,85464.84,Partially Paid
INV001098,O001421,2026-08-10,2026-09-09,627206.94,112897.25,740104.19,Partially Paid
INV001099,O002102,2025-06-07,2025-07-07,37348.34,6722.7,44071.04,Open
INV001100,O002837,2025-03-16,2025-05-15,105299.14,18953.84,124252.98,Paid
INV001101,O000739,2025-06-12,2025-08-11,230292.01,41452.56,271744.57,Open
INV001102,O000150,2026-05-18,2026-06-02,39051.77,7029.32,46081.09,Partially Paid
INV001103,O000655,2025-01-15,2025-03-16,136074.95,24493.49,160568.44,Paid
INV001104,O001725,2025-06-20,2025-07-20,207933.78,37428.08,245361.86,Paid
INV001105,O002368,2026-05-01,2026-05-31,24395.17,4391.13,28786.3,Open
INV001106,O001840,2025-04-30,2025-06-29,68004.64,12240.84,80245.47,Partially Paid
INV001107,O000115,2025-07-20,2025-08-04,42053.23,7569.58,49622.81,Paid
INV001108,O000240,2025-07-21,2025-09-04,70043.27,12607.79,82651.06,Open
INV001109,O002546,2026-08-08,2026-08-23,20149.57,3626.92,23776.49,Partially Paid
INV001110,O000675,2025-12-14,2026-01-28,36180.26,6512.45,42692.7,Paid
INV001111,O002722,2025-01-23,2025-03-24,128190.05,23074.21,151264.26,Paid
INV001112,O000518,2025-09-28,2025-10-13,29228.49,5261.13,34489.62,Partially Paid
INV001113,O000959,2025-02-09,2025-03-11,1849.02,332.82,2181.84,Open
INV001114,O000166,2026-01-09,2026-03-10,622406.83,112033.23,734440.06,Partially Paid
INV001115,O002836,2026-05-21,2026-06-20,125790.58,22642.31,148432.89,Open
INV001116,O001641,2026-07-26,2026-08-10,23313.67,4196.46,27510.13,Partially Paid
INV001117,O002385,2026-01-19,2026-02-03,92346.28,16622.33,108968.61,Partially Paid
INV001118,O001133,2026-08-14,2026-10-13,435435.82,78378.45,513814.27,Open
INV001119,O002844,2026-03-19,2026-04-18,17197.52,3095.55,20293.07,Open
INV001120,O000971,2025-08-07,2025-09-06,47491.33,8548.44,56039.77,Open
INV001121,O001378,2026-01-23,2026-02-22,507763.97,91397.51,599161.49,Open
INV001122,O002783,2026-06-28,2026-08-27,47509.51,8551.71,56061.22,Open
INV001123,O002687,2026-08-27,2026-10-11,15954.4,2871.79,18826.19,Partially Paid
INV001124,O000708,2025-12-01,2025-12-31,396974.38,71455.39,468429.77,Partially Paid
INV001125,O002862,2025-10-29,2025-12-28,20310.57,3655.9,23966.48,Open
INV001126,O002073,2026-02-11,2026-04-12,4561.05,820.99,5382.04,Partially Paid
INV001127,O000741,2026-03-08,2026-03-23,93701.57,16866.28,110567.85,Open
INV001128,O000251,2026-01-22,2026-03-08,373787.02,67281.66,441068.68,Open
INV001129,O000427,2026-08-19,2026-09-18,34508.47,6211.52,40719.99,Partially Paid
INV001130,O002528,2025-06-19,2025-07-19,11514.8,2072.66,13587.47,Paid
INV001131,O001275,2025-02-17,2025-04-03,24942.94,4489.73,29432.67,Partially Paid
INV001132,O001529,2025-09-14,2025-10-14,213508.04,38431.45,251939.49,Partially Paid
INV001133,O001417,2025-10-17,2025-12-16,9762.22,1757.2,11519.43,Partially Paid
INV001134,O002758,2025-09-13,2025-09-28,83873.47,15097.22,98970.69,Partially Paid
INV001135,O001797,2025-04-21,2025-06-05,8881.12,1598.6,10479.72,Paid
INV001136,O001087,2025-06-29,2025-07-29,76757.42,13816.34,90573.76,Open
INV001137,O001301,2025-07-22,2025-08-06,62075.16,11173.53,73248.69,Open
INV001138,O000548,2025-11-06,2026-01-05,6477.96,1166.03,7644,Open
INV001139,O000180,2025-08-09,2025-10-08,11261.05,2026.99,13288.04,Partially Paid
INV001140,O001051,2025-02-22,2025-04-23,19312.73,3476.29,22789.02,Partially Paid
INV001141,O000051,2026-08-10,2026-09-24,118427.91,21317.02,139744.93,Open
INV001142,O002662,2025-02-17,2025-03-19,29556.54,5320.18,34876.71,Paid
INV001143,O001534,2025-02-04,2025-04-05,23513.47,4232.42,27745.89,Paid
INV001144,O002382,2025-07-07,2025-07-22,161836.61,29130.59,190967.2,Open
INV001145,O002307,2025-06-23,2025-08-22,16408.64,2953.56,19362.2,Open
INV001146,O000593,2025-10-11,2025-11-25,49027.9,8825.02,57852.93,Paid
INV001147,O000209,2026-05-19,2026-07-03,139955.62,25192.01,165147.63,Partially Paid
INV001148,O000261,2025-05-31,2025-06-15,72078.53,12974.14,85052.67,Partially Paid
INV001149,O000046,2026-02-21,2026-04-22,29861.57,5375.08,35236.66,Partially Paid
INV001150,O001461,2026-03-31,2026-05-30,412190.42,74194.28,486384.7,Paid
INV001151,O001690,2025-04-29,2025-06-28,30457.5,5482.35,35939.85,Partially Paid
INV001152,O000007,2025-05-02,2025-06-01,25299.45,4553.9,29853.36,Partially Paid
INV001153,O001009,2026-08-19,2026-10-18,22978.21,4136.08,27114.28,Partially Paid
INV001154,O002113,2025-08-06,2025-09-05,126022.83,22684.11,148706.94,Partially Paid
INV001155,O001295,2026-01-30,2026-03-16,119778.07,21560.05,141338.12,Open
INV001156,O000086,2025-01-07,2025-03-08,161872.89,29137.12,191010.02,Open
INV001157,O002241,2026-01-24,2026-03-25,24752.99,4455.54,29208.53,Open
INV001158,O002532,2026-08-13,2026-09-12,86447.26,15560.51,102007.77,Paid
INV001159,O000766,2026-05-31,2026-06-30,21928.01,3947.04,25875.05,Open
INV001160,O000139,2026-07-02,2026-08-01,223571.16,40242.81,263813.97,Partially Paid
INV001161,O002650,2025-07-22,2025-08-21,40775.27,7339.55,48114.82,Paid
INV001162,O000877,2025-04-20,2025-05-20,229233.61,41262.05,270495.66,Paid
INV001163,O002522,2026-04-13,2026-04-28,15192.89,2734.72,17927.62,Partially Paid
INV001164,O001237,2026-05-12,2026-06-26,47255.73,8506.03,55761.76,Paid
INV001165,O001716,2025-10-04,2025-10-19,31560.65,5680.92,37241.56,Open
INV001166,O000436,2025-04-14,2025-04-29,62194.54,11195.02,73389.56,Partially Paid
INV001167,O000443,2025-09-16,2025-10-01,100308.49,18055.53,118364.02,Paid
INV001168,O002491,2025-02-09,2025-03-11,209770.39,37758.67,247529.06,Partially Paid
INV001169,O002076,2025-07-01,2025-07-16,95010.5,17101.89,112112.4,Paid
INV001170,O000316,2026-02-14,2026-04-15,69495.42,12509.18,82004.6,Paid
INV001171,O000969,2025-04-17,2025-05-17,203977.31,36715.92,240693.23,Partially Paid
INV001172,O000834,2025-10-18,2025-12-17,81823.72,14728.27,96551.99,Partially Paid
INV001173,O002290,2026-05-24,2026-07-08,103376.27,18607.73,121983.99,Paid
INV001174,O001280,2025-06-07,2025-07-07,91804.87,16524.88,108329.74,Partially Paid
INV001175,O000298,2025-08-06,2025-09-05,93571.66,16842.9,110414.56,Open
INV001176,O001607,2026-01-16,2026-03-17,38201.25,6876.22,45077.47,Open
INV001177,O001586,2026-07-24,2026-09-07,225640.01,40615.2,266255.21,Partially Paid
INV001178,O001919,2025-01-01,2025-01-16,357390.7,64330.33,421721.03,Partially Paid
INV001179,O001151,2025-08-24,2025-09-08,98213.26,17678.39,115891.65,Paid
INV001180,O002429,2025-10-10,2025-12-09,221778.37,39920.11,261698.47,Partially Paid
INV001181,O001196,2025-05-02,2025-06-16,217622.83,39172.11,256794.94,Paid
INV001182,O002074,2025-02-05,2025-03-22,196326.55,35338.78,231665.33,Partially Paid
INV001183,O002832,2026-01-17,2026-02-16,139712.49,25148.25,164860.74,Open
INV001184,O002774,2025-11-13,2025-12-13,364102.59,65538.47,429641.05,Open
INV001185,O001047,2025-10-31,2025-11-30,486913.1,87644.36,574557.46,Open
INV001186,O000954,2025-06-17,2025-07-17,298086.58,53655.58,351742.17,Open
INV001187,O001715,2026-02-28,2026-04-14,143201,25776.18,168977.17,Open
INV001188,O002853,2026-02-14,2026-03-01,234646.6,42236.39,276882.99,Paid
INV001189,O002917,2026-02-14,2026-03-31,708.62,127.55,836.17,Partially Paid
INV001190,O002261,2025-11-24,2025-12-24,440765.35,79337.76,520103.11,Partially Paid
INV001191,O001162,2025-02-03,2025-03-20,89143.35,16045.8,105189.15,Paid
INV001192,O000309,2025-03-18,2025-05-17,21496.82,3869.43,25366.24,Paid
INV001193,O001382,2026-07-11,2026-07-26,241188.44,43413.92,284602.36,Partially Paid
INV001194,O001896,2026-04-29,2026-05-14,11530.23,2075.44,13605.67,Paid
INV001195,O000365,2026-08-11,2026-08-26,8174.65,1471.44,9646.09,Partially Paid
INV001196,O001743,2026-02-16,2026-04-02,13522.91,2434.12,15957.03,Open
INV001197,O000418,2025-08-14,2025-09-28,38876.34,6997.74,45874.09,Open
INV001198,O001235,2025-06-09,2025-08-08,337445.92,60740.27,398186.19,Partially Paid
INV001199,O000100,2026-01-03,2026-01-18,43763.36,7877.4,51640.76,Partially Paid
INV001200,O000769,2025-02-18,2025-04-19,76112.53,13700.25,89812.78,Paid
INV001201,O001981,2026-03-29,2026-04-28,329527.7,59314.99,388842.68,Paid
INV001202,O000752,2025-08-29,2025-10-13,17614.47,3170.61,20785.08,Partially Paid
INV001203,O000846,2026-04-04,2026-06-03,52303.91,9414.7,61718.61,Partially Paid
INV001204,O000407,2025-04-21,2025-06-05,39861.85,7175.13,47036.99,Open
INV001205,O002819,2026-01-20,2026-02-19,283406.04,51013.09,334419.13,Paid
INV001206,O001662,2026-05-28,2026-07-27,10277.83,1850.01,12127.84,Paid
INV001207,O002937,2026-03-16,2026-04-15,52370.65,9426.72,61797.36,Open
INV001208,O000899,2025-06-25,2025-08-09,265814.18,47846.55,313660.73,Open
INV001209,O001948,2025-10-01,2025-11-30,39000.66,7020.12,46020.78,Open
INV001210,O002434,2025-01-26,2025-02-10,188170.99,33870.78,222041.77,Open
INV001211,O000618,2026-08-09,2026-10-08,956.61,172.19,1128.8,Paid
INV001212,O001699,2026-08-03,2026-09-17,58533.29,10535.99,69069.29,Partially Paid
INV001213,O001666,2025-10-20,2025-11-04,222471.62,40044.89,262516.51,Partially Paid
INV001214,O002663,2026-02-02,2026-04-03,48729.48,8771.31,57500.79,Open
INV001215,O000253,2026-07-28,2026-09-11,115485.46,20787.38,136272.85,Open
INV001216,O000417,2025-11-27,2026-01-26,48280.75,8690.53,56971.28,Partially Paid
INV001217,O000978,2025-12-04,2025-12-19,272622.37,49072.03,321694.4,Partially Paid
INV001218,O002159,2026-07-05,2026-07-20,398692.09,71764.58,470456.66,Paid
INV001219,O001249,2025-07-22,2025-09-05,11896.55,2141.38,14037.93,Paid
INV001220,O002131,2025-09-20,2025-10-20,156533.08,28175.95,184709.03,Open
INV001221,O000609,2025-10-03,2025-11-17,114568.87,20622.4,135191.27,Paid
INV001222,O001261,2025-03-23,2025-04-22,333236.97,59982.66,393219.63,Partially Paid
INV001223,O000178,2025-12-23,2026-01-22,353522.91,63634.12,417157.03,Partially Paid
INV001224,O000281,2025-08-08,2025-09-22,29134.03,5244.13,34378.15,Paid
INV001225,O001322,2026-08-20,2026-10-04,86592.33,15586.62,102178.95,Paid
INV001226,O002576,2025-04-17,2025-05-02,152956.44,27532.16,180488.6,Partially Paid
INV001227,O002272,2026-08-19,2026-10-18,107193.25,19294.78,126488.03,Partially Paid
INV001228,O001668,2025-11-19,2025-12-19,304475.86,54805.65,359281.51,Open
INV001229,O000143,2025-07-13,2025-09-11,285102.23,51318.4,336420.63,Paid
INV001230,O001163,2025-08-13,2025-10-12,43728.23,7871.08,51599.31,Open
INV001231,O002235,2025-05-08,2025-06-22,67120.74,12081.73,79202.47,Paid
INV001232,O002019,2026-04-14,2026-04-29,282950.84,50931.15,333882,Paid
INV001233,O002042,2025-03-17,2025-04-01,177595.64,31967.22,209562.86,Paid
INV001234,O002838,2025-01-17,2025-03-18,197178.97,35492.21,232671.18,Open
INV001235,O002929,2025-08-10,2025-08-25,184044.73,33128.05,217172.78,Paid
INV001236,O000389,2026-01-20,2026-02-04,30471.01,5484.78,35955.79,Open
INV001237,O000883,2026-01-20,2026-03-06,302565.2,54461.74,357026.94,Open
INV001238,O002106,2025-02-25,2025-04-26,466427.36,83956.92,550384.28,Open
INV001239,O000426,2025-10-11,2025-11-10,119300.92,21474.17,140775.08,Open
INV001240,O000876,2025-11-20,2025-12-20,265892.36,47860.62,313752.98,Partially Paid
INV001241,O000717,2025-04-24,2025-06-23,10171.17,1830.81,12001.98,Paid
INV001242,O002355,2025-03-08,2025-05-07,81484.8,14667.26,96152.07,Partially Paid
INV001243,O002232,2026-06-22,2026-07-07,113638.32,20454.9,134093.22,Partially Paid
INV001244,O000400,2026-01-10,2026-02-09,41123,7402.14,48525.14,Open
INV001245,O002255,2025-12-11,2025-12-26,22926.03,4126.69,27052.71,Paid
INV001246,O001348,2025-04-19,2025-05-04,19859.04,3574.63,23433.67,Paid
INV001247,O000628,2025-06-17,2025-08-01,226127.34,40702.92,266830.26,Open
INV001248,O001514,2026-03-05,2026-05-04,296981.3,53456.63,350437.93,Paid
INV001249,O002670,2026-08-05,2026-10-04,258552.36,46539.43,305091.79,Partially Paid
INV001250,O002201,2025-09-17,2025-10-02,128970.11,23214.62,152184.73,Paid
INV001251,O001221,2025-09-18,2025-11-02,391069.48,70392.51,461461.99,Paid
INV001252,O001623,2026-04-18,2026-06-02,370444.94,66680.09,437125.03,Partially Paid
INV001253,O000574,2026-04-21,2026-05-21,68936.49,12408.57,81345.06,Open
INV001254,O001990,2026-01-22,2026-03-23,193295.99,34793.28,228089.26,Paid
INV001255,O000862,2025-03-29,2025-05-13,95237.62,17142.77,112380.39,Partially Paid
INV001256,O002063,2025-07-05,2025-07-20,91338.02,16440.84,107778.86,Partially Paid
INV001257,O001558,2026-04-26,2026-05-26,23430.47,4217.48,27647.95,Partially Paid
INV001258,O000241,2026-03-19,2026-04-18,331774.41,59719.39,391493.81,Open
INV001259,O000754,2025-03-19,2025-05-18,164370.59,29586.71,193957.29,Partially Paid
INV001260,O000065,2026-02-23,2026-03-25,367291.01,66112.38,433403.4,Partially Paid
INV001261,O002443,2025-01-11,2025-01-26,394131.04,70943.59,465074.63,Paid
INV001262,O002698,2025-05-15,2025-06-29,89860.38,16174.87,106035.25,Partially Paid
INV001263,O002219,2025-10-19,2025-12-03,122628.22,22073.08,144701.3,Paid
INV001264,O001898,2025-04-13,2025-05-28,321840.02,57931.2,379771.23,Partially Paid
INV001265,O002457,2025-10-01,2025-11-15,43768.2,7878.28,51646.47,Partially Paid
INV001266,O000602,2025-03-08,2025-05-07,20943.78,3769.88,24713.66,Partially Paid
INV001267,O000782,2025-12-10,2026-01-24,7948.22,1430.68,9378.9,Open
INV001268,O002276,2025-02-28,2025-04-14,173390.86,31210.35,204601.22,Open
INV001269,O002211,2026-03-18,2026-04-02,139700.2,25146.04,164846.24,Paid
INV001270,O001618,2025-09-06,2025-10-21,92239.27,16603.07,108842.34,Paid
INV001271,O001338,2025-10-01,2025-11-30,70589.81,12706.17,83295.98,Paid
INV001272,O000221,2025-05-28,2025-06-27,79172.34,14251.02,93423.37,Partially Paid
INV001273,O001094,2025-01-04,2025-02-18,407062.75,73271.29,480334.04,Open
INV001274,O000917,2026-01-15,2026-03-16,15807.26,2845.31,18652.57,Partially Paid
INV001275,O001265,2025-03-24,2025-05-08,232036.25,41766.52,273802.77,Paid
INV001276,O002379,2026-01-22,2026-02-21,18342.36,3301.62,21643.99,Open
INV001277,O002763,2025-12-07,2026-02-05,631.07,113.59,744.66,Paid
INV001278,O000981,2025-09-23,2025-10-08,314172.66,56551.08,370723.74,Paid
INV001279,O000842,2025-12-29,2026-02-12,35347.66,6362.58,41710.23,Open
INV001280,O001600,2026-05-19,2026-07-18,65132.99,11723.94,76856.92,Open
INV001281,O000468,2025-02-14,2025-03-01,18446.33,3320.34,21766.66,Partially Paid
INV001282,O000492,2025-11-08,2025-12-08,53621.36,9651.85,63273.21,Partially Paid
INV001283,O002849,2025-03-26,2025-04-25,198941.41,35809.45,234750.87,Paid
INV001284,O002893,2026-07-20,2026-08-04,371288.38,66831.91,438120.29,Open
INV001285,O000095,2025-08-18,2025-09-02,19657.16,3538.29,23195.45,Partially Paid
INV001286,O000264,2025-12-18,2026-02-16,243088.07,43755.85,286843.92,Open
INV001287,O001866,2026-06-16,2026-07-31,98908.85,17803.59,116712.44,Paid
INV001288,O000017,2026-06-05,2026-07-05,167352.76,30123.5,197476.25,Partially Paid
INV001289,O000576,2025-09-20,2025-11-19,31092.65,5596.68,36689.33,Paid
INV001290,O002199,2026-02-15,2026-04-16,11847.21,2132.5,13979.71,Partially Paid
INV001291,O002843,2025-07-11,2025-08-10,173947.36,31310.52,205257.88,Open
INV001292,O002996,2025-09-14,2025-10-29,10931.48,1967.67,12899.14,Partially Paid
INV001293,O000431,2025-05-12,2025-05-27,143460.97,25822.98,169283.95,Open
INV001294,O000493,2025-12-07,2025-12-22,199440.11,35899.22,235339.33,Partially Paid
INV001295,O002310,2026-07-20,2026-08-04,65974.33,11875.38,77849.71,Open
INV001296,O001770,2026-02-21,2026-04-07,245622.65,44212.08,289834.73,Partially Paid
INV001297,O001868,2025-10-01,2025-10-16,42956.16,7732.11,50688.27,Open
INV001298,O001062,2026-06-02,2026-07-17,177540.24,31957.24,209497.48,Open
INV001299,O002251,2026-07-25,2026-08-24,299299.85,53873.97,353173.82,Open
INV001300,O002315,2026-07-08,2026-07-23,97047.07,17468.47,114515.54,Partially Paid
INV001301,O002445,2026-04-10,2026-05-10,41795.5,7523.19,49318.69,Open
INV001302,O000491,2026-03-19,2026-04-03,153136.14,27564.51,180700.64,Paid
INV001303,O000213,2026-03-26,2026-04-25,33691.65,6064.5,39756.14,Partially Paid
INV001304,O001355,2026-06-17,2026-08-16,47671.49,8580.87,56252.36,Paid
INV001305,O001168,2025-05-03,2025-05-18,474462.82,85403.31,559866.12,Partially Paid
INV001306,O000792,2025-02-01,2025-02-16,40376.33,7267.74,47644.07,Open
INV001307,O001954,2025-09-03,2025-10-03,46309.35,8335.68,54645.04,Paid
INV001308,O002951,2026-04-18,2026-05-18,11251.91,2025.34,13277.26,Partially Paid
INV001309,O001826,2025-04-15,2025-05-30,101388.29,18249.89,119638.18,Open
INV001310,O002903,2025-11-22,2026-01-06,172488.23,31047.88,203536.11,Partially Paid
INV001311,O002237,2026-02-28,2026-03-30,151881.44,27338.66,179220.1,Paid
INV001312,O002034,2025-10-19,2025-11-18,318088.09,57255.86,375343.95,Partially Paid
INV001313,O001488,2026-05-04,2026-07-03,134376.26,24187.73,158563.99,Open
INV001314,O001462,2026-01-21,2026-02-20,156865.03,28235.7,185100.73,Open
INV001315,O001350,2025-10-31,2025-11-30,67828.93,12209.21,80038.14,Open
INV001316,O002084,2025-06-15,2025-07-30,100981.16,18176.61,119157.77,Partially Paid
INV001317,O001016,2025-09-23,2025-10-08,110509.39,19891.69,130401.08,Partially Paid
INV001318,O002289,2025-04-27,2025-06-11,144461.41,26003.05,170464.46,Paid
INV001319,O000530,2025-12-12,2026-01-11,589221.12,106059.8,695280.93,Partially Paid
INV001320,O002021,2025-03-21,2025-04-05,285901.05,51462.19,337363.23,Open
INV001321,O001920,2026-07-01,2026-07-31,29753.75,5355.67,35109.42,Open
INV001322,O002680,2025-12-25,2026-02-23,59250.22,10665.04,69915.26,Paid
INV001323,O000636,2025-10-10,2025-10-25,185754.8,33435.86,219190.66,Open
INV001324,O002805,2026-01-02,2026-03-03,42476.92,7645.84,50122.76,Partially Paid
INV001325,O002720,2025-05-19,2025-07-03,97863.45,17615.42,115478.87,Partially Paid
INV001326,O001119,2026-03-11,2026-04-10,321407.74,57853.39,379261.14,Open
INV001327,O000892,2025-04-30,2025-06-14,4134.61,744.23,4878.84,Partially Paid
INV001328,O002786,2026-03-03,2026-04-17,249638.86,44935,294573.86,Paid
INV001329,O000879,2025-04-30,2025-06-14,124751.35,22455.24,147206.59,Open
INV001330,O001055,2026-03-28,2026-04-12,5596.42,1007.36,6603.78,Open
INV001331,O000621,2025-01-24,2025-03-25,235634.67,42414.24,278048.91,Paid
INV001332,O002921,2025-05-26,2025-07-10,38140.19,6865.23,45005.42,Paid
INV001333,O002428,2025-03-26,2025-04-10,476387.17,85749.69,562136.87,Open
INV001334,O002753,2025-11-02,2025-11-17,405137.45,72924.74,478062.19,Partially Paid
INV001335,O001024,2025-09-09,2025-11-08,277316.07,49916.89,327232.96,Open
INV001336,O002249,2025-03-11,2025-04-10,25655.86,4618.06,30273.92,Partially Paid
INV001337,O000313,2025-08-03,2025-09-17,42828.16,7709.07,50537.22,Paid
INV001338,O000797,2025-04-29,2025-06-28,44288.8,7971.98,52260.79,Open
INV001339,O000088,2025-03-02,2025-05-01,23433.74,4218.07,27651.81,Partially Paid
INV001340,O002570,2025-08-06,2025-08-21,37361.25,6725.03,44086.28,Open
INV001341,O000329,2025-04-19,2025-06-18,8338.86,1500.99,9839.85,Paid
INV001342,O000951,2025-06-08,2025-07-08,594196.58,106955.39,701151.97,Open
INV001343,O001908,2026-07-30,2026-09-28,3562.78,641.3,4204.08,Open
INV001344,O000977,2025-03-08,2025-04-22,87169.96,15690.59,102860.55,Paid
INV001345,O001503,2025-08-08,2025-09-07,161135.15,29004.33,190139.48,Partially Paid
INV001346,O002782,2026-02-03,2026-03-20,54433.57,9798.04,64231.61,Paid
INV001347,O002748,2025-11-10,2025-12-25,157284.73,28311.25,185595.98,Partially Paid
INV001348,O000858,2025-08-11,2025-09-25,25290.69,4552.32,29843.01,Open
INV001349,O000874,2025-06-06,2025-07-06,136380.66,24548.52,160929.18,Paid
INV001350,O000415,2025-10-20,2025-11-19,216139.74,38905.15,255044.89,Paid
INV001351,O000847,2026-04-25,2026-06-09,117218.38,21099.31,138317.69,Partially Paid
INV001352,O002993,2026-03-19,2026-05-18,55277.72,9949.99,65227.71,Paid
INV001353,O002108,2025-12-03,2026-02-01,29386.07,5289.49,34675.56,Paid
INV001354,O000731,2025-11-26,2026-01-25,36284.21,6531.16,42815.37,Paid
INV001355,O002656,2025-02-26,2025-04-27,47082.59,8474.87,55557.46,Partially Paid
INV001356,O000995,2026-08-22,2026-10-06,36619.97,6591.6,43211.57,Paid
INV001357,O002513,2025-04-02,2025-04-17,289461.2,52103.02,341564.21,Paid
INV001358,O001086,2025-12-09,2026-02-07,31004.13,5580.74,36584.87,Open
INV001359,O002744,2025-06-22,2025-08-06,15865.13,2855.72,18720.85,Paid
INV001360,O002747,2026-05-08,2026-06-22,337324.48,60718.41,398042.89,Open
INV001361,O001676,2025-02-17,2025-04-03,208910.52,37603.89,246514.42,Partially Paid
INV001362,O002556,2025-01-12,2025-03-13,20172.72,3631.09,23803.8,Open
INV001363,O000302,2026-01-03,2026-02-17,223001.43,40140.26,263141.69,Open
INV001364,O000413,2025-01-26,2025-02-25,27378.68,4928.16,32306.85,Paid
INV001365,O001765,2025-06-16,2025-07-16,16846.87,3032.44,19879.31,Open
INV001366,O002617,2026-05-21,2026-06-20,364532.14,65615.79,430147.93,Partially Paid
INV001367,O002727,2025-04-08,2025-05-23,311034.49,55986.21,367020.7,Paid
INV001368,O000943,2025-04-14,2025-06-13,225703.25,40626.59,266329.84,Paid
INV001369,O000061,2026-07-02,2026-08-31,191326.43,34438.76,225765.19,Paid
INV001370,O002248,2026-04-23,2026-05-08,114160.33,20548.86,134709.19,Paid
INV001371,O001247,2025-07-06,2025-08-20,38761.26,6977.03,45738.29,Paid
INV001372,O001190,2025-07-16,2025-08-15,338417.26,60915.11,399332.37,Partially Paid
INV001373,O002826,2025-01-19,2025-02-18,142283.83,25611.09,167894.92,Paid
INV001374,O000348,2025-03-07,2025-03-22,231471.43,41664.86,273136.29,Paid
INV001375,O000604,2025-04-14,2025-05-29,55595.61,10007.21,65602.82,Open
INV001376,O002114,2026-08-20,2026-10-04,446869.02,80436.42,527305.44,Open
INV001377,O001788,2026-08-25,2026-09-09,20160.9,3628.96,23789.86,Open
INV001378,O000104,2026-05-29,2026-07-13,27636.28,4974.53,32610.8,Partially Paid
INV001379,O001293,2025-05-11,2025-05-26,132764.83,23897.67,156662.5,Paid
INV001380,O001408,2026-07-11,2026-08-10,224846.54,40472.38,265318.92,Paid
INV001381,O002370,2025-02-22,2025-03-09,240940.81,43369.34,284310.15,Open
INV001382,O000742,2025-03-18,2025-05-02,169647.7,30536.59,200184.28,Partially Paid
INV001383,O002299,2026-05-28,2026-07-27,45883.42,8259.02,54142.44,Partially Paid
INV001384,O001073,2025-08-24,2025-10-08,323699.19,58265.85,381965.04,Partially Paid
INV001385,O001419,2025-07-30,2025-09-13,195988.14,35277.87,231266.01,Partially Paid
INV001386,O000812,2026-01-06,2026-02-20,49607.53,8929.36,58536.88,Open
INV001387,O000284,2026-08-20,2026-09-04,113700.07,20466.01,134166.08,Partially Paid
INV001388,O002449,2025-10-29,2025-11-28,25691.76,4624.52,30316.28,Partially Paid
INV001389,O001849,2026-08-31,2026-10-15,12782.35,2300.82,15083.17,Partially Paid
INV001390,O002439,2025-05-23,2025-07-22,38110.88,6859.96,44970.84,Open
INV001391,O001039,2025-02-10,2025-03-27,16559.36,2980.69,19540.05,Paid
INV001392,O002258,2025-05-29,2025-06-13,4774.36,859.38,5633.74,Partially Paid
INV001393,O001281,2025-06-07,2025-08-06,35346.43,6362.36,41708.79,Open
INV001394,O002311,2025-08-21,2025-10-20,420914.22,75764.56,496678.78,Partially Paid
INV001395,O000848,2026-02-16,2026-04-17,45183.38,8133.01,53316.39,Partially Paid
INV001396,O002619,2025-06-10,2025-06-25,181257.12,32626.28,213883.4,Open
INV001397,O000827,2025-09-30,2025-10-30,40948.71,7370.77,48319.48,Paid
INV001398,O001633,2025-09-11,2025-10-26,17986.22,3237.52,21223.74,Partially Paid
INV001399,O002427,2026-05-15,2026-05-30,48485.36,8727.36,57212.72,Partially Paid
INV001400,O002831,2025-09-26,2025-11-25,70446.66,12680.4,83127.06,Partially Paid
INV001401,O000357,2025-07-24,2025-09-22,567728.15,102191.07,669919.22,Partially Paid
INV001402,O001036,2026-06-10,2026-06-25,219435.16,39498.33,258933.49,Paid
INV001403,O001329,2026-06-26,2026-07-26,44377.68,7987.98,52365.66,Paid
INV001404,O002371,2026-02-17,2026-03-19,4709.72,847.75,5557.47,Partially Paid
INV001405,O002741,2025-03-25,2025-04-24,11653.14,2097.57,13750.7,Open
INV001406,O000868,2025-09-25,2025-11-24,46183.26,8312.99,54496.25,Partially Paid
INV001407,O001116,2025-11-05,2025-12-20,158713.04,28568.35,187281.38,Partially Paid
INV001408,O002516,2026-06-11,2026-07-26,362729.49,65291.31,428020.8,Partially Paid
INV001409,O000794,2025-06-29,2025-08-28,174630.75,31433.53,206064.28,Paid
INV001410,O002494,2025-01-31,2025-03-17,315639.73,56815.15,372454.88,Partially Paid
INV001411,O000029,2026-01-13,2026-03-14,330706.02,59527.08,390233.1,Partially Paid
INV001412,O000775,2025-11-09,2025-11-24,14454.86,2601.88,17056.74,Partially Paid
INV001413,O001588,2025-01-02,2025-02-01,399628.89,71933.2,471562.09,Open
INV001414,O000818,2025-12-05,2026-01-04,39920.41,7185.67,47106.08,Open
INV001415,O002220,2026-03-08,2026-04-07,852.49,153.45,1005.94,Paid
INV001416,O001395,2025-09-26,2025-11-25,166558.65,29980.56,196539.2,Open
INV001417,O002474,2026-06-03,2026-08-02,7655.3,1377.95,9033.25,Open
INV001418,O000130,2026-06-10,2026-06-25,12661.42,2279.06,14940.48,Partially Paid
INV001419,O000327,2025-07-21,2025-08-20,36370.42,6546.68,42917.1,Open
INV001420,O000997,2026-06-05,2026-07-05,36949.93,6650.99,43600.92,Open
INV001421,O001205,2025-05-05,2025-06-04,32436.55,5838.58,38275.13,Paid
INV001422,O000097,2025-10-21,2025-11-05,85478.75,15386.17,100864.92,Paid
INV001423,O000639,2026-08-26,2026-10-25,44095.02,7937.1,52032.12,Open
INV001424,O001489,2025-09-01,2025-10-01,32395.87,5831.26,38227.13,Partially Paid
INV001425,O002790,2025-01-31,2025-02-15,687988.3,123837.89,811826.19,Partially Paid
INV001426,O000757,2025-07-29,2025-09-12,58779.35,10580.28,69359.63,Open
INV001427,O000352,2025-08-02,2025-08-17,447275.93,80509.67,527785.59,Partially Paid
INV001428,O001115,2026-06-24,2026-07-09,12819.8,2307.56,15127.37,Open
INV001429,O001377,2026-05-10,2026-06-24,316919.07,57045.43,373964.5,Open
INV001430,O000546,2026-01-18,2026-03-19,149257.56,26866.36,176123.92,Partially Paid
INV001431,O002536,2025-04-07,2025-05-07,8943.05,1609.75,10552.8,Open
INV001432,O002041,2025-12-26,2026-01-10,12673.49,2281.23,14954.71,Open
INV001433,O001649,2026-01-19,2026-02-03,45683.33,8223,53906.33,Open
INV001434,O000048,2025-04-29,2025-06-28,20989.95,3778.19,24768.14,Partially Paid
INV001435,O002988,2026-07-02,2026-08-31,264812.68,47666.28,312478.97,Open
INV001436,O001675,2025-12-15,2025-12-30,17862.17,3215.19,21077.36,Partially Paid
INV001437,O003000,2025-06-18,2025-07-18,3150.36,567.06,3717.42,Open
INV001438,O001388,2025-10-02,2025-12-01,41260.61,7426.91,48687.52,Partially Paid
INV001439,O000921,2025-10-18,2025-12-02,4993.29,898.79,5892.09,Partially Paid
INV001440,O001223,2026-02-03,2026-03-05,283893.24,51100.78,334994.03,Open
INV001441,O000275,2025-04-29,2025-06-13,888748.87,159974.8,1048723.67,Open
INV001442,O002472,2025-08-27,2025-09-26,257418.67,46335.36,303754.03,Paid
INV001443,O001622,2026-04-02,2026-05-17,162647.56,29276.56,191924.12,Open
INV001444,O000585,2026-07-31,2026-09-14,29700.08,5346.01,35046.1,Partially Paid
INV001445,O000207,2026-09-02,2026-10-17,47054.67,8469.84,55524.51,Paid
INV001446,O001364,2025-12-20,2026-02-18,170331.99,30659.76,200991.75,Open
INV001447,O001252,2026-04-06,2026-04-21,70134.69,12624.24,82758.94,Paid
INV001448,O001782,2025-11-11,2025-11-26,24730.04,4451.41,29181.45,Paid
INV001449,O000935,2026-02-27,2026-04-13,41913.35,7544.4,49457.76,Partially Paid
INV001450,O001239,2026-01-10,2026-02-24,128952.54,23211.46,152164,Open
INV001451,O000907,2026-08-11,2026-09-25,244305.73,43975.03,288280.76,Paid
INV001452,O000018,2026-06-29,2026-08-13,402822.29,72508.01,475330.3,Partially Paid
INV001453,O000445,2025-11-01,2025-12-16,3876.93,697.85,4574.77,Open
INV001454,O001786,2026-06-15,2026-08-14,342329.4,61619.29,403948.7,Paid
INV001455,O000085,2026-04-14,2026-05-14,251690.71,45304.33,296995.03,Open
INV001456,O002760,2025-01-26,2025-03-12,20120.78,3621.74,23742.52,Open
INV001457,O002660,2025-04-12,2025-06-11,4283.82,771.09,5054.91,Partially Paid
INV001458,O001088,2025-06-18,2025-08-02,434795.3,78263.15,513058.46,Partially Paid
INV001459,O002629,2026-06-28,2026-08-27,22742.95,4093.73,26836.68,Paid
INV001460,O002718,2025-05-21,2025-07-20,44825.19,8068.53,52893.72,Partially Paid
INV001461,O001145,2026-06-05,2026-07-05,110220.54,19839.7,130060.23,Open
INV001462,O002139,2025-06-20,2025-07-05,13240.59,2383.31,15623.9,Partially Paid
INV001463,O002082,2026-08-12,2026-09-11,176861.88,31835.14,208697.02,Paid
INV001464,O001266,2025-07-24,2025-09-22,185556.61,33400.19,218956.79,Open
INV001465,O001565,2025-12-20,2026-01-04,32077.63,5773.97,37851.61,Paid
INV001466,O000709,2026-03-07,2026-05-06,334844.81,60272.07,395116.88,Paid
INV001467,O002162,2026-01-07,2026-01-22,325460.84,58582.95,384043.79,Paid
INV001468,O001682,2026-05-17,2026-07-16,380648.1,68516.66,449164.76,Paid
INV001469,O000528,2026-01-18,2026-02-02,10881.99,1958.76,12840.75,Open
INV001470,O001865,2025-01-04,2025-03-05,288709.91,51967.78,340677.7,Paid
INV001471,O002878,2025-05-23,2025-07-22,258280.62,46490.51,304771.13,Open
INV001472,O001129,2025-04-04,2025-05-19,8376.3,1507.73,9884.03,Paid
INV001473,O001175,2025-01-09,2025-02-23,34300.94,6174.17,40475.11,Partially Paid
INV001474,O000092,2026-08-20,2026-09-04,28414.12,5114.54,33528.66,Partially Paid
INV001475,O000557,2025-03-01,2025-04-15,415488.67,74787.96,490276.63,Open
INV001476,O001728,2025-08-17,2025-09-16,388974.42,70015.4,458989.82,Paid
INV001477,O000506,2025-10-05,2025-11-19,33144.16,5965.95,39110.11,Open
INV001478,O000395,2026-08-31,2026-10-15,10423.47,1876.23,12299.7,Paid
INV001479,O000523,2026-05-08,2026-06-07,294001.67,52920.3,346921.97,Paid
INV001480,O002595,2026-04-15,2026-04-30,28409.99,5113.8,33523.79,Partially Paid
INV001481,O002515,2025-07-24,2025-08-08,8084.64,1455.24,9539.88,Partially Paid
INV001482,O001105,2025-12-13,2026-01-27,60529.95,10895.39,71425.34,Open
INV001483,O001570,2025-08-17,2025-09-01,89112.78,16040.3,105153.08,Open
INV001484,O001418,2025-03-29,2025-05-28,30838.98,5551.02,36390,Open
INV001485,O000938,2025-07-18,2025-08-17,6023.79,1084.28,7108.07,Paid
INV001486,O002941,2026-08-29,2026-10-28,211214.17,38018.55,249232.72,Open
INV001487,O001300,2026-07-08,2026-08-07,90605.17,16308.93,106914.11,Partially Paid
INV001488,O000278,2026-06-30,2026-07-30,317846.81,57212.42,375059.23,Open
INV001489,O000793,2025-06-23,2025-08-22,45580.34,8204.46,53784.8,Partially Paid
INV001490,O002403,2026-08-29,2026-09-13,40653.38,7317.61,47970.99,Open
INV001491,O002244,2025-05-13,2025-06-12,145994.52,26279.01,172273.54,Paid
INV001492,O000205,2025-07-19,2025-09-02,8485.84,1527.45,10013.29,Open
INV001493,O000444,2026-03-31,2026-04-15,49978.96,8996.21,58975.18,Paid
INV001494,O000144,2026-07-09,2026-07-24,7595.6,1367.21,8962.81,Open
INV001495,O001373,2026-08-06,2026-10-05,46732.34,8411.82,55144.16,Partially Paid
INV001496,O002234,2025-04-23,2025-06-22,29025.01,5224.5,34249.51,Paid
INV001497,O001409,2025-05-01,2025-05-16,78547.42,14138.53,92685.95,Open
INV001498,O002134,2025-07-14,2025-08-13,11411.05,2053.99,13465.03,Paid
INV001499,O002452,2025-02-05,2025-03-07,486966.11,87653.9,574620.01,Open
INV001500,O002091,2026-06-09,2026-08-08,217832.28,39209.81,257042.09,Paid
INV001501,O000866,2026-08-14,2026-09-13,341533.8,61476.08,403009.88,Paid
INV001502,O002135,2025-05-03,2025-07-02,83321.59,14997.89,98319.47,Paid
INV001503,O000850,2025-09-30,2025-10-30,125197.03,22535.47,147732.49,Partially Paid
INV001504,O001763,2026-04-12,2026-04-27,13871.5,2496.87,16368.36,Partially Paid
INV001505,O001894,2026-08-22,2026-09-06,99413,17894.34,117307.34,Paid
INV001506,O000656,2025-06-25,2025-07-10,63569.08,11442.44,75011.52,Open
INV001507,O002259,2025-03-25,2025-04-24,29816.02,5366.88,35182.91,Open
INV001508,O002940,2025-03-15,2025-04-29,100417.96,18075.23,118493.19,Open
INV001509,O001184,2026-01-02,2026-02-01,99215.2,17858.74,117073.93,Partially Paid
INV001510,O000976,2025-04-13,2025-05-13,27814.67,5006.64,32821.31,Open
INV001511,O002461,2026-06-06,2026-08-05,156381.34,28148.64,184529.98,Paid
INV001512,O001401,2025-12-21,2026-01-20,195180.26,35132.45,230312.71,Partially Paid
INV001513,O002081,2025-09-09,2025-10-09,78666.51,14159.97,92826.48,Paid
INV001514,O000456,2025-03-30,2025-05-14,56210.9,10117.96,66328.86,Paid
INV001515,O001312,2026-06-23,2026-07-08,279465.08,50303.71,329768.8,Paid
INV001516,O002702,2025-08-03,2025-10-02,52494.58,9449.02,61943.6,Paid
INV001517,O001543,2026-08-09,2026-09-08,255330.76,45959.54,301290.29,Paid
INV001518,O002542,2025-11-19,2026-01-18,95027.38,17104.93,112132.31,Paid
INV001519,O002480,2025-05-29,2025-07-28,13692.21,2464.6,16156.81,Partially Paid
INV001520,O001549,2026-01-27,2026-03-13,294494.83,53009.07,347503.89,Partially Paid
INV001521,O001440,2025-01-15,2025-03-01,22290.66,4012.32,26302.98,Paid
INV001522,O002273,2025-02-01,2025-03-03,213409.18,38413.65,251822.83,Partially Paid
INV001523,O000912,2026-08-26,2026-09-25,136037.88,24486.82,160524.7,Paid
INV001524,O001074,2026-04-10,2026-04-25,14804.24,2664.76,17469,Paid
INV001525,O000355,2025-05-09,2025-07-08,348583.01,62744.94,411327.95,Open
INV001526,O001316,2025-05-01,2025-06-30,316704.9,57006.88,373711.79,Open
INV001527,O000685,2025-07-01,2025-07-16,230657.76,41518.4,272176.16,Paid
INV001528,O002950,2025-12-19,2026-02-02,19313.75,3476.47,22790.22,Open
INV001529,O002032,2025-03-01,2025-04-15,344543.42,62017.82,406561.24,Paid
INV001530,O001793,2025-01-27,2025-02-11,177692.16,31984.59,209676.75,Paid
INV001531,O000219,2025-10-04,2025-12-03,25232.43,4541.84,29774.27,Partially Paid
INV001532,O002715,2026-02-13,2026-04-14,297670.93,53580.77,351251.69,Partially Paid
INV001533,O002398,2026-06-10,2026-07-25,1824.14,328.34,2152.48,Partially Paid
INV001534,O002545,2026-03-07,2026-04-06,36977.91,6656.02,43633.93,Paid
INV001535,O002120,2025-10-02,2025-12-01,13412.6,2414.27,15826.87,Paid
INV001536,O002001,2025-04-10,2025-06-09,230018.93,41403.41,271422.34,Paid
INV001537,O001567,2025-01-03,2025-01-18,125325.82,22558.65,147884.47,Partially Paid
INV001538,O001995,2025-11-08,2026-01-07,38548.47,6938.72,45487.2,Partially Paid
INV001539,O000165,2026-05-06,2026-07-05,8795.03,1583.1,10378.13,Partially Paid
INV001540,O000684,2025-05-31,2025-07-15,56251.45,10125.26,66376.72,Open
INV001541,O002785,2026-04-09,2026-06-08,10206,1837.08,12043.08,Paid
INV001542,O001832,2025-04-24,2025-05-09,256481.29,46166.63,302647.92,Partially Paid
INV001543,O001107,2025-01-27,2025-03-28,89089.58,16036.12,105125.7,Paid
INV001544,O001304,2025-06-03,2025-06-18,14528.04,2615.05,17143.08,Open
INV001545,O000202,2025-12-05,2026-01-04,77383.85,13929.09,91312.95,Paid
INV001546,O002942,2026-08-17,2026-09-16,81092.06,14596.57,95688.63,Paid
INV001547,O001979,2025-10-04,2025-10-19,279339.86,50281.18,329621.04,Open
INV001548,O002197,2026-08-04,2026-09-18,41912.83,7544.31,49457.14,Partially Paid
INV001549,O002438,2025-07-17,2025-08-01,32211.17,5798.01,38009.18,Partially Paid
INV001550,O000160,2026-01-06,2026-01-21,276575.71,49783.63,326359.34,Paid
INV001551,O002596,2025-07-05,2025-08-04,10593.54,1906.84,12500.38,Paid
INV001552,O002182,2025-01-21,2025-03-07,4277.17,769.89,5047.06,Paid
INV001553,O000245,2025-10-08,2025-12-07,40446.41,7280.35,47726.77,Open
INV001554,O000979,2025-10-23,2025-11-07,35647.18,6416.49,42063.67,Open
INV001555,O001370,2026-01-28,2026-02-12,109337.84,19680.81,129018.65,Paid
INV001556,O002287,2025-02-21,2025-04-07,123133.16,22163.97,145297.13,Open
INV001557,O000795,2025-07-11,2025-07-26,103342.62,18601.67,121944.3,Open
INV001558,O000282,2025-09-17,2025-11-16,44290.17,7972.23,52262.4,Open
INV001559,O000554,2025-10-10,2025-11-24,163311.73,29396.11,192707.84,Paid
INV001560,O002935,2026-08-29,2026-10-28,41758.43,7516.52,49274.95,Paid
INV001561,O001217,2025-08-31,2025-09-30,40084.48,7215.21,47299.69,Partially Paid
INV001562,O001234,2025-10-11,2025-11-10,211823.33,38128.2,249951.53,Paid
INV001563,O000565,2025-06-26,2025-08-10,17579.3,3164.27,20743.57,Paid
INV001564,O002781,2025-03-19,2025-04-03,12980.01,2336.4,15316.41,Paid
INV001565,O002597,2026-04-25,2026-06-09,55189.25,9934.06,65123.31,Open
INV001566,O000403,2025-10-25,2025-11-09,210274.3,37849.37,248123.68,Partially Paid
INV001567,O002263,2026-03-14,2026-05-13,146343.23,26341.78,172685.01,Paid
INV001568,O002417,2025-03-19,2025-04-03,37311.62,6716.09,44027.71,Paid
INV001569,O002664,2025-03-04,2025-04-03,22777.68,4099.98,26877.66,Paid
INV001570,O002396,2026-05-27,2026-06-11,2530.22,455.44,2985.67,Open
INV001571,O002340,2025-06-09,2025-07-09,67314.81,12116.66,79431.47,Partially Paid
INV001572,O000463,2025-10-03,2025-11-02,304971.22,54894.82,359866.04,Partially Paid
INV001573,O000080,2026-02-07,2026-02-22,18675.15,3361.53,22036.67,Open
INV001574,O002612,2025-12-08,2025-12-23,251313.53,45236.43,296549.96,Partially Paid
INV001575,O002776,2025-09-03,2025-09-18,336484.24,60567.16,397051.41,Open
INV001576,O002882,2026-03-24,2026-05-23,277853.22,50013.58,327866.79,Open
INV001577,O001447,2026-04-21,2026-06-05,376911.71,67844.11,444755.82,Open
INV001578,O002054,2026-03-13,2026-04-12,4537.37,816.73,5354.1,Partially Paid
INV001579,O000891,2025-04-18,2025-05-03,27837.32,5010.72,32848.04,Partially Paid
INV001580,O000277,2025-03-12,2025-04-26,9592.09,1726.58,11318.66,Partially Paid
INV001581,O000066,2025-09-12,2025-11-11,75616.12,13610.9,89227.02,Open
INV001582,O001082,2025-11-14,2025-12-14,222946.01,40130.28,263076.3,Paid
INV001583,O000633,2025-11-09,2026-01-08,13032.69,2345.88,15378.57,Paid
INV001584,O001590,2025-04-14,2025-05-29,268571.29,48342.83,316914.13,Partially Paid
INV001585,O002435,2025-01-15,2025-02-14,490202.82,88236.51,578439.33,Paid
INV001586,O001067,2025-01-27,2025-02-11,342269.75,61608.56,403878.31,Paid
INV001587,O000562,2025-02-23,2025-04-09,246066.77,44292.02,290358.79,Open
INV001588,O000822,2026-03-28,2026-04-27,98672.31,17761.02,116433.33,Paid
INV001589,O000519,2026-02-20,2026-03-22,175043.33,31507.8,206551.13,Open
INV001590,O001936,2026-08-20,2026-09-04,81446.71,14660.41,96107.11,Partially Paid
INV001591,O002383,2025-11-27,2026-01-26,23415.82,4214.85,27630.67,Paid
INV001592,O000681,2025-12-23,2026-01-07,376143.19,67705.77,443848.97,Open
INV001593,O000906,2025-04-08,2025-05-08,1323.31,238.2,1561.51,Partially Paid
INV001594,O000920,2025-05-16,2025-06-15,35725.02,6430.5,42155.52,Open
INV001595,O000603,2026-03-05,2026-05-04,39018.28,7023.29,46041.57,Partially Paid
INV001596,O000833,2026-04-03,2026-05-18,381338.21,68640.88,449979.09,Partially Paid
INV001597,O002621,2026-01-18,2026-03-19,285111.25,51320.02,336431.27,Partially Paid
INV001598,O000285,2026-04-12,2026-04-27,3481.02,626.58,4107.61,Open
INV001599,O002548,2025-01-29,2025-03-30,388795.4,69983.17,458778.57,Open
INV001600,O002563,2026-08-19,2026-10-18,2048.84,368.79,2417.63,Paid
INV001601,O002901,2026-03-25,2026-05-24,43414.69,7814.64,51229.33,Open
INV001602,O002505,2026-01-08,2026-02-22,29143.27,5245.79,34389.05,Partially Paid
INV001603,O001816,2026-03-16,2026-05-15,88884.08,15999.13,104883.22,Open
INV001604,O001357,2025-11-05,2025-12-20,49207.23,8857.3,58064.53,Paid
INV001605,O002138,2026-02-27,2026-04-13,98048.67,17648.76,115697.44,Partially Paid
INV001606,O001761,2025-02-25,2025-04-26,136911.84,24644.13,161555.97,Paid
INV001607,O002462,2025-09-01,2025-10-31,311477.15,56065.89,367543.03,Open
INV001608,O001744,2025-12-25,2026-02-23,294079.97,52934.4,347014.37,Partially Paid
INV001609,O000257,2025-08-10,2025-09-09,37445.8,6740.24,44186.05,Partially Paid
INV001610,O002349,2026-04-22,2026-05-22,45491.6,8188.49,53680.08,Open
INV001611,O002859,2026-07-04,2026-08-18,105305.77,18955.04,124260.81,Paid
INV001612,O001360,2025-11-15,2025-12-30,78428.92,14117.21,92546.12,Open
INV001613,O000616,2026-07-25,2026-09-08,376374.27,67747.37,444121.64,Paid
INV001614,O000307,2025-12-22,2026-02-05,34585.36,6225.36,40810.72,Partially Paid
INV001615,O001958,2026-02-09,2026-02-24,185310.72,33355.93,218666.65,Open
INV001616,O002096,2026-03-07,2026-05-06,150631.24,27113.62,177744.86,Paid
INV001617,O001152,2025-09-09,2025-10-24,44486.7,8007.61,52494.31,Open
INV001618,O001502,2025-10-29,2025-11-28,154931.66,27887.7,182819.35,Open
INV001619,O000824,2025-10-22,2025-11-21,172418.7,31035.37,203454.07,Open
INV001620,O000931,2025-12-15,2026-01-14,94908.91,17083.6,111992.51,Open
INV001621,O000358,2026-06-25,2026-08-24,38822.54,6988.06,45810.6,Paid
INV001622,O001250,2026-01-15,2026-02-14,38633.07,6953.95,45587.02,Partially Paid
INV001623,O002957,2025-10-08,2025-10-23,195048.22,35108.68,230156.9,Open
INV001624,O001173,2026-04-28,2026-06-27,10490.81,1888.35,12379.15,Open
INV001625,O001244,2026-05-02,2026-07-01,15556.21,2800.12,18356.33,Paid
INV001626,O002537,2025-03-03,2025-03-18,75943.54,13669.84,89613.37,Open
INV001627,O000949,2025-05-27,2025-06-11,90335.27,16260.35,106595.62,Partially Paid
INV001628,O000332,2026-07-01,2026-07-16,128366.73,23106.01,151472.74,Paid
INV001629,O002390,2025-05-28,2025-06-12,220466.95,39684.05,260151,Open
INV001630,O000861,2025-10-11,2025-12-10,309444.71,55700.05,365144.76,Paid
INV001631,O000968,2025-02-14,2025-03-16,147876.71,26617.81,174494.52,Partially Paid
INV001632,O002586,2026-06-04,2026-07-19,216273.02,38929.14,255202.17,Paid
INV001633,O000556,2026-04-25,2026-06-09,359006.93,64621.25,423628.18,Open
INV001634,O000090,2026-01-12,2026-01-27,300981.2,54176.62,355157.81,Open
INV001635,O000888,2025-03-12,2025-04-11,227354.88,40923.88,268278.76,Open
INV001636,O001365,2026-08-30,2026-09-29,58423.07,10516.15,68939.23,Open
INV001637,O001963,2026-04-04,2026-06-03,33256.89,5986.24,39243.13,Partially Paid
INV001638,O000203,2025-12-19,2026-02-17,20798.2,3743.68,24541.87,Partially Paid
INV001639,O002863,2025-11-09,2025-12-09,7401.94,1332.35,8734.29,Paid
INV001640,O000533,2026-05-30,2026-07-29,266795.06,48023.11,314818.17,Paid
INV001641,O001613,2026-04-01,2026-05-16,100113.31,18020.4,118133.7,Open
INV001642,O002394,2025-05-02,2025-06-16,14554.06,2619.73,17173.79,Open
INV001643,O002712,2026-07-23,2026-08-07,124449.34,22400.88,146850.22,Paid
INV001644,O001910,2025-07-13,2025-08-27,5884.53,1059.22,6943.75,Open
INV001645,O000898,2026-01-02,2026-02-16,113581.05,20444.59,134025.64,Partially Paid
INV001646,O000478,2025-02-25,2025-03-27,198251.84,35685.33,233937.17,Partially Paid
INV001647,O001141,2025-11-26,2025-12-11,479577.49,86323.95,565901.43,Paid
INV001648,O002800,2026-02-27,2026-04-13,61311.79,11036.12,72347.92,Paid
INV001649,O001101,2025-07-10,2025-08-24,94552.68,17019.48,111572.16,Partially Paid
INV001650,O001639,2025-09-14,2025-10-29,23991.43,4318.46,28309.88,Paid
INV001651,O002268,2026-04-29,2026-06-28,129203.06,23256.55,152459.61,Open
INV001652,O000485,2025-04-08,2025-06-07,169448.98,30500.82,199949.8,Partially Paid
INV001653,O001369,2026-07-15,2026-08-14,516820.08,93027.61,609847.69,Open
INV001654,O001903,2025-10-24,2025-12-08,46325.51,8338.59,54664.1,Partially Paid
INV001655,O001812,2026-02-07,2026-02-22,580271.92,104448.95,684720.86,Open
INV001656,O001901,2025-11-09,2026-01-08,966.49,173.97,1140.45,Open
INV001657,O002412,2025-06-19,2025-08-03,188264.03,33887.53,222151.55,Paid
INV001658,O001075,2026-04-01,2026-04-16,106893.9,19240.9,126134.8,Partially Paid
INV001659,O000800,2025-03-18,2025-05-17,64958.67,11692.56,76651.23,Open
INV001660,O002421,2026-06-21,2026-07-21,286234.18,51522.15,337756.33,Open
INV001661,O002426,2025-12-14,2025-12-29,12227.27,2200.91,14428.17,Open
INV001662,O002166,2026-08-20,2026-10-04,226856.72,40834.21,267690.93,Partially Paid
INV001663,O002393,2025-06-28,2025-08-12,87657.78,15778.4,103436.18,Partially Paid
INV001664,O002977,2026-05-15,2026-06-14,27616.14,4970.91,32587.05,Paid
INV001665,O000867,2025-08-21,2025-09-20,11169.5,2010.51,13180.01,Open
INV001666,O001426,2025-04-21,2025-06-05,222503.06,40050.55,262553.62,Paid
INV001667,O002200,2025-11-18,2025-12-03,87448.46,15740.72,103189.18,Open
INV001668,O002701,2026-05-20,2026-07-19,274571.3,49422.83,323994.14,Paid
INV001669,O000383,2025-04-03,2025-05-03,111638.71,20094.97,131733.67,Paid
INV001670,O001611,2025-08-24,2025-10-08,65886.66,11859.6,77746.26,Partially Paid
INV001671,O000845,2025-11-01,2025-11-16,392271.5,70608.87,462880.37,Paid
INV001672,O001764,2025-09-17,2025-10-17,136347.56,24542.56,160890.12,Partially Paid
INV001673,O001778,2026-07-18,2026-08-02,25025.86,4504.66,29530.52,Paid
INV001674,O000124,2025-10-21,2025-11-20,218735.8,39372.44,258108.24,Paid
INV001675,O000465,2025-03-05,2025-03-20,6020.53,1083.7,7104.23,Open
INV001676,O001938,2025-11-22,2025-12-22,107485.75,19347.44,126833.19,Paid
INV001677,O000823,2026-05-22,2026-07-21,133333.59,24000.05,157333.64,Paid
INV001678,O002004,2026-02-23,2026-04-24,196724.36,35410.39,232134.75,Open
INV001679,O001019,2025-01-20,2025-02-19,337519.53,60753.51,398273.04,Partially Paid
INV001680,O000551,2025-06-14,2025-08-13,108716.85,19569.03,128285.88,Partially Paid
INV001681,O002880,2026-05-02,2026-06-16,15016.34,2702.94,17719.28,Open
INV001682,O002644,2026-04-17,2026-06-16,57368.92,10326.41,67695.33,Open
INV001683,O000107,2025-11-20,2026-01-04,324477.55,58405.96,382883.5,Open
INV001684,O001146,2026-02-16,2026-03-03,122626.28,22072.73,144699.01,Partially Paid
INV001685,O000640,2025-05-17,2025-07-01,46694.98,8405.1,55100.07,Partially Paid
INV001686,O000412,2025-02-27,2025-04-13,109120.87,19641.76,128762.63,Paid
INV001687,O001005,2026-02-16,2026-03-18,11584.53,2085.22,13669.74,Open
INV001688,O000163,2025-12-30,2026-02-13,319992.88,57598.72,377591.6,Paid
INV001689,O000626,2025-07-06,2025-08-20,44450.01,8001,52451.01,Open
INV001690,O001188,2026-05-19,2026-06-03,486654.54,87597.82,574252.36,Paid
INV001691,O002768,2025-03-26,2025-04-25,59834.14,10770.14,70604.28,Paid
INV001692,O002143,2026-07-01,2026-08-15,332019.02,59763.42,391782.44,Partially Paid
INV001693,O000299,2026-04-19,2026-05-19,224937.05,40488.67,265425.71,Partially Paid
INV001694,O002728,2025-08-01,2025-09-30,299247.25,53864.51,353111.76,Open
INV001695,O002549,2026-06-22,2026-07-22,61233.8,11022.08,72255.89,Partially Paid
INV001696,O001284,2026-03-25,2026-05-09,26020.24,4683.64,30703.88,Partially Paid
INV001697,O002864,2025-11-28,2026-01-12,14811.94,2666.15,17478.09,Open
INV001698,O001538,2025-12-22,2026-02-05,129860.31,23374.86,153235.17,Paid
INV001699,O000817,2026-03-14,2026-05-13,137157.26,24688.31,161845.57,Paid
INV001700,O002972,2026-04-14,2026-05-29,1043.1,187.76,1230.86,Paid
INV001701,O002761,2025-07-07,2025-08-06,72060.05,12970.81,85030.86,Open
INV001702,O000159,2025-11-08,2025-12-23,122080.74,21974.53,144055.27,Open
INV001703,O002301,2025-09-11,2025-11-10,43038.51,7746.93,50785.45,Open
INV001704,O002169,2025-01-31,2025-03-17,218894.52,39401.01,258295.53,Paid
INV001705,O001335,2026-08-08,2026-08-23,228016.55,41042.98,269059.53,Paid
INV001706,O001557,2025-07-13,2025-07-28,49981.53,8996.67,58978.2,Paid
INV001707,O001966,2026-01-29,2026-03-30,36093.91,6496.9,42590.81,Open
INV001708,O002430,2025-04-23,2025-06-07,320280.05,57650.41,377930.45,Open
INV001709,O002998,2025-11-03,2025-12-03,96770.49,17418.69,114189.18,Paid
INV001710,O002524,2026-08-20,2026-10-19,129108.02,23239.44,152347.46,Paid
INV001711,O002180,2025-08-20,2025-10-19,108832.79,19589.9,128422.69,Paid
INV001712,O000584,2025-04-25,2025-06-09,25074.4,4513.39,29587.79,Open
INV001713,O001551,2026-02-21,2026-04-07,66946.85,12050.43,78997.29,Open
INV001714,O001393,2025-06-01,2025-07-01,528554.13,95139.74,623693.87,Paid
INV001715,O001161,2025-03-07,2025-03-22,94487.78,17007.8,111495.58,Open
INV001716,O000172,2026-06-18,2026-07-18,37378.45,6728.12,44106.57,Open
INV001717,O002696,2026-08-19,2026-10-18,87912.05,15824.17,103736.22,Partially Paid
INV001718,O001579,2026-04-30,2026-05-30,240644.17,43315.95,283960.13,Partially Paid
INV001719,O001224,2025-06-01,2025-06-16,34011.63,6122.09,40133.72,Partially Paid
INV001720,O002335,2026-04-18,2026-05-18,145488.13,26187.86,171675.99,Partially Paid
INV001721,O000881,2025-05-05,2025-07-04,71246.07,12824.29,84070.36,Partially Paid
INV001722,O002132,2026-03-02,2026-03-17,6864.48,1235.61,8100.09,Open
INV001723,O002065,2025-03-29,2025-05-13,36896.87,6641.44,43538.31,Paid
INV001724,O001215,2026-07-15,2026-07-30,290946.64,52370.39,343317.03,Partially Paid
INV001725,O000662,2026-04-01,2026-05-16,21836.52,3930.57,25767.09,Partially Paid
INV001726,O002717,2026-03-18,2026-05-02,92195.86,16595.25,108791.11,Partially Paid
INV001727,O000696,2026-08-28,2026-09-27,130502.65,23490.48,153993.13,Open
INV001728,O000637,2026-02-21,2026-04-07,25763.11,4637.36,30400.46,Partially Paid
INV001729,O000510,2025-05-18,2025-06-02,61347.14,11042.48,72389.62,Open
INV001730,O001428,2026-04-19,2026-05-19,4630.58,833.5,5464.09,Open
INV001731,O000112,2025-05-04,2025-07-03,142042.61,25567.67,167610.28,Partially Paid
INV001732,O000197,2025-01-31,2025-03-17,359000.17,64620.03,423620.2,Partially Paid
INV001733,O000972,2025-02-23,2025-04-09,19210.59,3457.91,22668.49,Open
INV001734,O001063,2025-03-11,2025-04-25,142695.2,25685.14,168380.33,Paid
INV001735,O002181,2026-03-16,2026-04-30,37796.01,6803.28,44599.3,Open
INV001736,O002051,2025-04-26,2025-05-26,19476.95,3505.85,22982.81,Paid
INV001737,O000267,2025-01-06,2025-02-05,126251.03,22725.19,148976.21,Paid
INV001738,O002986,2025-01-23,2025-02-22,89356.39,16084.15,105440.54,Paid
INV001739,O000611,2025-12-08,2026-01-07,6513.45,1172.42,7685.87,Open
INV001740,O000321,2025-10-13,2025-12-12,76045.48,13688.19,89733.66,Paid
INV001741,O002221,2026-07-17,2026-09-15,32839.21,5911.06,38750.27,Paid
INV001742,O001658,2026-06-26,2026-08-10,339338.57,61080.94,400419.51,Paid
INV001743,O000371,2025-01-30,2025-02-14,122980.66,22136.52,145117.18,Partially Paid
INV001744,O000268,2026-05-17,2026-06-16,42443.57,7639.84,50083.41,Open
INV001745,O000697,2026-08-19,2026-10-18,103694.4,18664.99,122359.4,Paid
INV001746,O001127,2025-02-12,2025-02-27,14335.02,2580.3,16915.33,Open
INV001747,O001169,2026-02-22,2026-03-24,210711.62,37928.09,248639.72,Paid
INV001748,O001038,2025-07-20,2025-08-04,783080.01,140954.4,924034.41,Partially Paid
INV001749,O002399,2025-04-27,2025-06-26,100973.23,18175.18,119148.41,Partially Paid
INV001750,O000405,2026-08-19,2026-09-18,217042.73,39067.69,256110.42,Partially Paid
INV001751,O000116,2025-10-02,2025-12-01,24774.2,4459.36,29233.56,Paid
INV001752,O002330,2025-07-18,2025-08-17,250198.52,45035.73,295234.26,Paid
INV001753,O002013,2026-01-27,2026-02-26,222360.23,40024.84,262385.07,Paid
INV001754,O002624,2026-01-06,2026-03-07,24880.74,4478.53,29359.28,Paid
INV001755,O000224,2026-01-29,2026-03-30,369150.61,66447.11,435597.72,Paid
INV001756,O000844,2026-05-15,2026-06-14,99883.82,17979.09,117862.91,Partially Paid
INV001757,O000813,2026-02-26,2026-03-13,18387.52,3309.75,21697.27,Open
INV001758,O000765,2025-08-28,2025-10-27,44652.36,8037.43,52689.79,Paid
INV001759,O000819,2026-05-17,2026-07-01,42820.48,7707.69,50528.16,Paid
INV001760,O001167,2025-07-24,2025-09-07,501534.61,90276.23,591810.84,Open
INV001761,O001608,2025-05-10,2025-05-25,29477.78,5306,34783.78,Partially Paid
INV001762,O002666,2025-02-26,2025-03-28,9707.5,1747.35,11454.85,Partially Paid
INV001763,O001727,2026-07-14,2026-08-13,16987.3,3057.71,20045.01,Paid
INV001764,O000122,2025-04-06,2025-06-05,122829.51,22109.31,144938.82,Partially Paid
INV001765,O001090,2025-01-31,2025-03-02,724803.83,130464.69,855268.52,Open
INV001766,O000828,2025-01-15,2025-03-16,10952.67,1971.48,12924.16,Paid
INV001767,O000135,2026-03-28,2026-05-12,14431.17,2597.61,17028.78,Open
INV001768,O000242,2025-05-07,2025-07-06,56361.82,10145.13,66506.95,Partially Paid
INV001769,O002910,2025-12-10,2026-02-08,25609.13,4609.64,30218.78,Partially Paid
INV001770,O002613,2025-01-06,2025-03-07,230063.57,41411.44,271475.01,Partially Paid
INV001771,O002952,2025-05-15,2025-07-14,418313.8,75296.48,493610.29,Open
INV001772,O002064,2025-08-31,2025-10-15,128366.3,23105.93,151472.23,Paid
INV001773,O000002,2026-07-14,2026-08-13,59337.33,10680.72,70018.05,Open
INV001774,O000301,2026-08-10,2026-08-25,32111.54,5780.08,37891.62,Open
INV001775,O000733,2025-07-30,2025-09-28,27176,4891.68,32067.68,Partially Paid
INV001776,O000069,2026-05-16,2026-07-15,493658.88,88858.6,582517.48,Partially Paid
INV001777,O001852,2025-10-14,2025-11-28,191169.95,34410.59,225580.55,Open
INV001778,O001609,2025-08-24,2025-10-23,1378.14,248.07,1626.21,Paid
INV001779,O002736,2026-08-02,2026-09-16,409710.01,73747.8,483457.81,Open
INV001780,O002874,2025-03-09,2025-04-08,162451.45,29241.26,191692.71,Open
INV001781,O002659,2026-07-09,2026-07-24,160834.47,28950.2,189784.67,Open
INV001782,O000939,2026-04-19,2026-06-03,161184.28,29013.17,190197.45,Partially Paid
INV001783,O001746,2026-08-07,2026-09-06,28441.25,5119.42,33560.67,Partially Paid
INV001784,O000527,2025-01-28,2025-02-12,449119.77,80841.56,529961.33,Open
INV001785,O001677,2025-01-20,2025-03-21,60591,10906.38,71497.38,Open
INV001786,O001678,2025-11-22,2026-01-21,15400.66,2772.12,18172.78,Partially Paid
INV001787,O001179,2026-07-06,2026-09-04,74798.35,13463.7,88262.06,Paid
INV001788,O001754,2026-01-01,2026-01-31,143977.35,25915.92,169893.27,Paid
INV001789,O002635,2026-02-24,2026-03-11,133120.55,23961.7,157082.25,Paid
INV001790,O000694,2025-07-20,2025-08-19,230617.04,41511.07,272128.11,Partially Paid
INV001791,O000288,2025-08-29,2025-10-13,14905.01,2682.9,17587.91,Partially Paid
INV001792,O001598,2025-09-04,2025-10-19,338509.82,60931.77,399441.59,Open
INV001793,O000730,2025-03-10,2025-03-25,49003.09,8820.56,57823.65,Open
INV001794,O002395,2026-04-09,2026-04-24,558654.77,100557.86,659212.62,Paid
INV001795,O001460,2025-02-01,2025-03-18,2862.78,515.3,3378.08,Open
INV001796,O002093,2025-01-07,2025-02-06,308886.55,55599.58,364486.13,Paid
INV001797,O002302,2025-06-14,2025-08-13,271518.89,48873.4,320392.3,Partially Paid
INV001798,O001553,2025-09-29,2025-11-13,94568.93,17022.41,111591.34,Partially Paid
INV001799,O001320,2025-01-27,2025-03-28,118653.71,21357.67,140011.38,Open
INV001800,O000540,2026-08-13,2026-10-12,40192.94,7234.73,47427.67,Open
INV001801,O001313,2025-12-16,2026-01-30,37771.54,6798.88,44570.41,Partially Paid
INV001802,O000168,2025-07-26,2025-08-10,223335.6,40200.41,263536.01,Open
INV001803,O002226,2025-10-08,2025-11-07,215727.93,38831.03,254558.96,Open
INV001804,O001969,2025-09-20,2025-11-04,109144.73,19646.05,128790.78,Open
INV001805,O002907,2026-05-23,2026-07-22,36736,6612.48,43348.48,Open
INV001806,O001042,2026-03-05,2026-03-20,715482.59,128786.87,844269.45,Partially Paid
INV001807,O001842,2025-02-06,2025-04-07,198335.95,35700.47,234036.42,Open
INV001808,O002122,2025-03-19,2025-05-03,10369.57,1866.52,12236.09,Open
INV001809,O000722,2025-01-02,2025-03-03,327711.8,58988.12,386699.92,Open
INV001810,O002109,2025-04-09,2025-06-08,136822.62,24628.07,161450.69,Paid
INV001811,O001126,2026-05-19,2026-07-18,326709.77,58807.76,385517.53,Partially Paid
INV001812,O002886,2025-09-29,2025-11-13,186520.45,33573.68,220094.14,Partially Paid
INV001813,O001021,2026-04-19,2026-06-18,37663.35,6779.4,44442.75,Open
INV001814,O001390,2026-08-17,2026-09-16,9307.81,1675.41,10983.21,Partially Paid
INV001815,O002286,2025-12-24,2026-02-22,377145.64,67886.22,445031.85,Partially Paid
INV001816,O002129,2026-02-13,2026-04-14,331147.91,59606.62,390754.53,Partially Paid
INV001817,O001011,2025-02-07,2025-04-08,211296.49,38033.37,249329.86,Partially Paid
INV001818,O001396,2026-02-14,2026-03-31,33755.82,6076.05,39831.86,Paid
INV001819,O002303,2026-02-17,2026-04-03,172777.41,31099.93,203877.34,Open
INV001820,O000384,2025-01-12,2025-03-13,503.86,90.69,594.55,Partially Paid
INV001821,O002773,2025-08-30,2025-10-14,342662.56,61679.26,404341.82,Paid
INV001822,O000534,2025-12-19,2026-02-02,44955.25,8091.94,53047.19,Partially Paid
INV001823,O002177,2026-07-11,2026-08-25,30041.73,5407.51,35449.24,Partially Paid
INV001824,O002476,2025-03-07,2025-04-21,26929.81,4847.37,31777.17,Partially Paid
INV001825,O001276,2026-05-16,2026-06-15,78431.74,14117.71,92549.46,Partially Paid
INV001826,O001397,2025-08-22,2025-10-21,2460.24,442.84,2903.08,Partially Paid
INV001827,O001965,2026-06-29,2026-08-13,54630.87,9833.56,64464.43,Paid
INV001828,O001916,2026-05-22,2026-07-06,48520.3,8733.65,57253.96,Paid
INV001829,O001720,2025-09-29,2025-10-29,26190.53,4714.29,30904.82,Open
INV001830,O000102,2025-12-12,2026-02-10,45771.35,8238.84,54010.19,Paid
INV001831,O001363,2025-05-02,2025-06-01,489893.26,88180.79,578074.05,Open
INV001832,O002793,2025-12-24,2026-02-07,7929.75,1427.35,9357.1,Open
INV001833,O000561,2025-03-30,2025-05-29,159775.76,28759.64,188535.4,Paid
INV001834,O002178,2025-09-07,2025-10-22,15642.49,2815.65,18458.14,Partially Paid
INV001835,O000042,2026-08-11,2026-09-25,38138.5,6864.93,45003.44,Paid
INV001836,O001436,2026-01-05,2026-01-20,211166.74,38010.01,249176.76,Paid
INV001837,O001560,2025-06-17,2025-08-16,29692.97,5344.74,35037.71,Paid
INV001838,O001232,2025-09-20,2025-11-19,9277.12,1669.88,10947,Paid
INV001839,O002567,2025-11-12,2025-11-27,506136.75,91104.61,597241.36,Paid
INV001840,O002632,2025-03-11,2025-04-10,413197.65,74375.58,487573.22,Paid
INV001841,O001626,2025-04-16,2025-06-15,73014.16,13142.55,86156.7,Paid
INV001842,O002708,2026-01-12,2026-02-11,79638.55,14334.94,93973.49,Partially Paid
INV001843,O000466,2026-02-07,2026-04-08,30348.66,5462.76,35811.42,Partially Paid
INV001844,O001359,2025-08-22,2025-09-21,12608.28,2269.49,14877.78,Open
INV001845,O001692,2025-06-02,2025-08-01,89053.44,16029.62,105083.06,Paid
INV001846,O002840,2026-03-10,2026-05-09,74330.51,13379.49,87710,Partially Paid
INV001847,O002652,2026-02-13,2026-03-30,156330.99,28139.58,184470.57,Partially Paid
INV001848,O000936,2026-04-05,2026-06-04,6576.64,1183.79,7760.43,Partially Paid
INV001849,O001702,2025-12-18,2026-01-17,72628.52,13073.13,85701.66,Partially Paid
INV001850,O000878,2025-06-15,2025-08-14,187688.73,33783.97,221472.7,Partially Paid
INV001851,O001483,2025-09-24,2025-11-23,356844.24,64231.96,421076.2,Open
INV001852,O001985,2026-04-08,2026-04-23,62665.46,11279.78,73945.24,Partially Paid
INV001853,O000111,2025-02-09,2025-03-26,306913.07,55244.35,362157.42,Partially Paid
INV001854,O000605,2025-04-18,2025-06-02,115831.16,20849.61,136680.76,Open
INV001855,O002062,2025-05-26,2025-07-25,511762.22,92117.2,603879.42,Paid
INV001856,O002092,2025-04-04,2025-06-03,288691.8,51964.52,340656.33,Open
INV001857,O002845,2025-01-30,2025-03-31,55739.03,10033.03,65772.06,Paid
INV001858,O000537,2026-04-04,2026-06-03,23116.94,4161.05,27277.99,Paid
INV001859,O002588,2025-08-04,2025-10-03,169379.04,30488.23,199867.27,Open
INV001860,O001414,2026-05-26,2026-06-10,19081.99,3434.76,22516.75,Paid
INV001861,O001501,2025-12-15,2026-02-13,302270.4,54408.67,356679.08,Partially Paid
INV001862,O000308,2026-08-15,2026-09-14,47506.22,8551.12,56057.33,Open
INV001863,O001882,2026-03-06,2026-05-05,70317.04,12657.07,82974.11,Paid
INV001864,O002960,2025-03-28,2025-05-12,99134.83,17844.27,116979.1,Open
INV001865,O000606,2025-03-03,2025-04-02,19701.73,3546.31,23248.04,Open
INV001866,O000211,2025-05-03,2025-07-02,130194.44,23435,153629.43,Paid
INV001867,O002851,2025-12-19,2026-02-02,185438.28,33378.89,218817.17,Partially Paid
INV001868,O000840,2025-07-26,2025-09-24,23615.62,4250.81,27866.43,Open
INV001869,O002387,2025-03-27,2025-04-11,279505.78,50311.04,329816.82,Paid
INV001870,O000153,2026-04-08,2026-05-08,32128.19,5783.07,37911.26,Paid
INV001871,O000045,2025-08-01,2025-09-15,23621.78,4251.92,27873.7,Paid
INV001872,O001751,2026-06-09,2026-07-24,135906.55,24463.18,160369.73,Open
INV001873,O002389,2025-05-15,2025-06-29,321151.63,57807.29,378958.92,Open
INV001874,O000598,2026-01-03,2026-01-18,25652.04,4617.37,30269.41,Open
INV001875,O002655,2026-08-30,2026-10-29,29157.65,5248.38,34406.03,Paid
INV001876,O000356,2026-06-05,2026-07-20,246746.84,44414.43,291161.27,Partially Paid
INV001877,O002961,2026-03-10,2026-03-25,94679.42,17042.3,111721.71,Paid
INV001878,O000339,2026-03-19,2026-04-03,99240.11,17863.22,117103.33,Paid
INV001879,O002228,2025-08-22,2025-09-21,60135.66,10824.42,70960.08,Paid
INV001880,O000136,2026-02-09,2026-03-26,296160.72,53308.93,349469.65,Open
INV001881,O000777,2026-05-27,2026-07-26,159871.59,28776.89,188648.47,Paid
INV001882,O000532,2026-02-06,2026-02-21,31121.8,5601.92,36723.72,Paid
INV001883,O002754,2025-03-07,2025-05-06,193922.33,34906.02,228828.35,Paid
INV001884,O002067,2025-11-25,2026-01-24,64608.38,11629.51,76237.89,Paid
INV001885,O001814,2025-08-16,2025-08-31,237011.23,42662.02,279673.26,Paid
INV001886,O002884,2025-01-12,2025-01-27,279700.08,50346.01,330046.1,Open
INV001887,O001469,2026-04-08,2026-05-23,115658.72,20818.57,136477.29,Partially Paid
INV001888,O001595,2026-07-19,2026-09-17,40914.44,7364.6,48279.03,Partially Paid
INV001889,O001989,2026-08-01,2026-08-16,22126.41,3982.75,26109.17,Paid
INV001890,O001655,2026-01-03,2026-03-04,5859.41,1054.69,6914.11,Partially Paid
INV001891,O002598,2025-10-28,2025-12-27,142933.45,25728.02,168661.47,Partially Paid
INV001892,O001970,2025-03-15,2025-03-30,44598.87,8027.8,52626.67,Paid
INV001893,O001749,2025-01-07,2025-01-22,17431.03,3137.58,20568.61,Paid
INV001894,O001923,2025-04-04,2025-05-19,54976.61,9895.79,64872.4,Partially Paid
INV001895,O001204,2026-07-08,2026-08-07,325818.4,58647.31,384465.71,Partially Paid
INV001896,O002274,2025-06-11,2025-07-26,44738.13,8052.86,52790.99,Paid
INV001897,O002726,2025-08-24,2025-09-23,9546.97,1718.45,11265.42,Open
INV001898,O000004,2026-06-17,2026-08-01,366232.93,65921.93,432154.85,Paid
INV001899,O000702,2025-02-28,2025-04-14,269860.21,48574.84,318435.05,Partially Paid
INV001900,O000745,2025-07-29,2025-08-28,45986.43,8277.56,54263.99,Open
INV001901,O002665,2025-12-10,2025-12-25,79510.46,14311.88,93822.35,Paid
INV001902,O002360,2026-02-17,2026-03-04,236669.26,42600.47,279269.73,Paid
INV001903,O001874,2026-05-23,2026-07-07,112191.61,20194.49,132386.1,Partially Paid
INV001904,O002654,2026-03-19,2026-05-18,3725.69,670.62,4396.32,Open
INV001905,O000535,2025-03-08,2025-05-07,32714.11,5888.54,38602.65,Paid
INV001906,O000469,2025-01-13,2025-01-28,290904.24,52362.76,343267.01,Open
INV001907,O002294,2026-07-07,2026-09-05,111486.65,20067.6,131554.25,Partially Paid
INV001908,O000719,2026-08-26,2026-09-25,116294.88,20933.08,137227.96,Open
INV001909,O000776,2025-02-10,2025-04-11,56736.73,10212.61,66949.35,Partially Paid
INV001910,O000718,2026-08-22,2026-10-21,29358.8,5284.58,34643.39,Open
INV001911,O002115,2025-05-11,2025-06-10,453639.53,81655.12,535294.64,Partially Paid
INV001912,O001638,2026-01-06,2026-01-21,14701.44,2646.26,17347.7,Partially Paid
INV001913,O002810,2026-01-29,2026-02-13,382693.39,68884.81,451578.2,Partially Paid
INV001914,O000588,2025-07-04,2025-07-19,127957.74,23032.39,150990.14,Open
INV001915,O002127,2025-02-26,2025-04-12,32804.29,5904.77,38709.06,Partially Paid
INV001916,O002872,2026-05-07,2026-06-21,325255.44,58545.98,383801.42,Paid
INV001917,O000564,2025-05-13,2025-06-27,361342.74,65041.69,426384.43,Paid
INV001918,O002953,2025-03-05,2025-05-04,156168.51,28110.33,184278.84,Paid
INV001919,O001669,2025-04-22,2025-05-22,76075.45,13693.58,89769.03,Paid
INV001920,O000055,2025-11-06,2025-12-21,128921.29,23205.83,152127.12,Paid
INV001921,O001053,2026-05-03,2026-07-02,181969.54,32754.52,214724.06,Open
INV001922,O001166,2025-03-15,2025-04-14,518574.57,93343.42,611917.99,Open
INV001923,O002713,2025-02-20,2025-04-21,42966.09,7733.9,50699.98,Open
INV001924,O001515,2025-12-14,2026-02-12,236794.28,42622.97,279417.25,Open
INV001925,O000146,2025-06-07,2025-07-07,20475.61,3685.61,24161.22,Paid
INV001926,O001789,2025-10-19,2025-12-03,135496.73,24389.41,159886.14,Paid
INV001927,O000674,2025-02-28,2025-03-15,21921.88,3945.94,25867.82,Paid
INV001928,O000599,2026-06-10,2026-07-25,31069.93,5592.59,36662.52,Partially Paid
INV001929,O000489,2025-02-21,2025-03-23,389359.46,70084.7,459444.17,Paid
INV001930,O001569,2025-08-29,2025-09-13,227109.75,40879.75,267989.5,Partially Paid
INV001931,O000922,2025-10-08,2025-12-07,278644.65,50156.04,328800.69,Open
INV001932,O002420,2026-08-31,2026-09-30,43878.9,7898.2,51777.1,Paid
INV001933,O000668,2025-03-31,2025-05-30,43544.5,7838.01,51382.51,Open
INV001934,O000043,2025-01-29,2025-03-30,29828.24,5369.08,35197.33,Paid
INV001935,O001317,2025-02-26,2025-03-13,437402,78732.36,516134.36,Paid
INV001936,O000429,2025-08-23,2025-09-07,9770.95,1758.77,11529.72,Open
INV001937,O002029,2026-06-02,2026-07-02,165214.53,29738.62,194953.15,Paid
INV001938,O000320,2025-05-18,2025-07-17,32577.73,5863.99,38441.72,Paid
INV001939,O001576,2026-03-20,2026-04-19,35620.13,6411.62,42031.75,Open
INV001940,O000151,2026-03-10,2026-03-25,472613.92,85070.51,557684.43,Paid
INV001941,O001717,2025-06-17,2025-08-16,18814.74,3386.65,22201.39,Partially Paid
INV001942,O001104,2025-09-28,2025-11-12,7263.9,1307.5,8571.41,Paid
INV001943,O000374,2025-06-24,2025-07-24,2784.87,501.28,3286.15,Partially Paid
INV001944,O001740,2025-06-09,2025-08-08,22427.26,4036.91,26464.16,Paid
INV001945,O002193,2025-08-08,2025-10-07,175903.17,31662.57,207565.75,Partially Paid
INV001946,O000312,2025-05-17,2025-06-01,139027.11,25024.88,164051.99,Open
INV001947,O002099,2026-01-08,2026-02-22,2956.22,532.12,3488.34,Partially Paid
INV001948,O001398,2025-09-05,2025-10-20,12783.18,2300.97,15084.15,Paid
INV001949,O002555,2025-01-26,2025-03-12,298613.7,53750.47,352364.17,Paid
INV001950,O001737,2026-05-24,2026-07-08,200868.2,36156.28,237024.47,Paid
INV001951,O000525,2026-08-02,2026-08-17,27252.57,4905.46,32158.04,Paid
INV001952,O002151,2025-10-12,2025-10-27,22977.67,4135.98,27113.65,Paid
INV001953,O002189,2025-08-10,2025-09-24,5358.93,964.61,6323.53,Partially Paid
INV001954,O001035,2026-03-29,2026-05-13,75033.14,13505.96,88539.1,Paid
INV001955,O002934,2025-06-25,2025-07-10,50979.96,9176.39,60156.35,Paid
INV001956,O000952,2025-09-28,2025-11-12,948141.15,170665.41,1118806.55,Paid
INV001957,O001530,2025-06-26,2025-08-25,255125.98,45922.68,301048.66,Partially Paid
INV001958,O002815,2026-02-14,2026-03-31,2885.74,519.43,3405.17,Open
INV001959,O000999,2026-02-14,2026-04-15,38975.22,7015.54,45990.76,Paid
INV001960,O002119,2026-02-25,2026-04-11,57323.22,10318.18,67641.4,Partially Paid
INV001961,O001807,2026-05-03,2026-06-02,82142.03,14785.57,96927.6,Paid
INV001962,O000058,2025-05-17,2025-06-01,14437.85,2598.81,17036.67,Paid
INV001963,O002133,2025-12-22,2026-02-05,250015.04,45002.71,295017.75,Partially Paid
INV001964,O000052,2025-04-25,2025-06-24,42390.35,7630.26,50020.62,Open
INV001965,O000760,2025-05-17,2025-06-16,351980.06,63356.41,415336.47,Paid
INV001966,O002690,2026-06-09,2026-06-24,66287.12,11931.68,78218.8,Partially Paid
INV001967,O001808,2025-12-26,2026-01-10,404321.24,72777.82,477099.07,Partially Paid
INV001968,O001264,2025-04-04,2025-05-04,66413.1,11954.36,78367.46,Paid
INV001969,O002965,2025-02-26,2025-03-13,132057.76,23770.4,155828.15,Open
INV001970,O001917,2025-06-09,2025-07-09,117058.95,21070.61,138129.56,Paid
INV001971,O000380,2026-05-31,2026-07-30,56570.55,10182.7,66753.24,Open
INV001972,O000909,2025-06-10,2025-06-25,122415.79,22034.84,144450.64,Paid
INV001973,O000829,2025-04-13,2025-06-12,15868.73,2856.37,18725.1,Partially Paid
INV001974,O000368,2025-06-26,2025-08-10,8443.71,1519.87,9963.58,Partially Paid
INV001975,O001522,2025-10-12,2025-11-11,47376.52,8527.77,55904.29,Open
INV001976,O002336,2025-11-23,2026-01-22,11165.6,2009.81,13175.41,Paid
INV001977,O001505,2026-04-06,2026-06-05,1247.77,224.6,1472.37,Paid
INV001978,O002266,2026-02-16,2026-04-17,154022.95,27724.13,181747.09,Open
INV001979,O001449,2026-05-28,2026-07-27,443361.71,79805.11,523166.82,Paid
INV001980,O002482,2025-02-09,2025-02-24,34491.54,6208.48,40700.01,Paid
INV001981,O002107,2025-03-15,2025-04-29,142136.2,25584.52,167720.72,Paid
INV001982,O002920,2026-03-26,2026-04-10,67586.86,12165.64,79752.5,Partially Paid
INV001983,O002557,2025-09-25,2025-10-10,202830.51,36509.49,239340,Partially Paid
INV001984,O000788,2025-05-12,2025-05-27,44946.13,8090.3,53036.43,Paid
INV001985,O001122,2025-05-04,2025-06-03,91406.45,16453.16,107859.61,Paid
INV001986,O001670,2026-06-27,2026-08-26,204171.55,36750.88,240922.43,Open
INV001987,O002633,2026-05-08,2026-07-07,140589.66,25306.14,165895.8,Paid
INV001988,O000054,2026-05-26,2026-07-10,370580.59,66704.51,437285.1,Paid
INV001989,O000262,2025-01-12,2025-02-26,412361.02,74224.98,486586,Open
INV001990,O002847,2025-03-18,2025-04-02,44952.56,8091.46,53044.02,Paid
INV001991,O001216,2026-06-18,2026-08-02,233590.83,42046.35,275637.18,Open
INV001992,O001079,2025-11-22,2025-12-22,111982.47,20156.84,132139.32,Paid
INV001993,O001707,2025-09-17,2025-10-02,194888.8,35079.98,229968.79,Partially Paid
INV001994,O000526,2025-07-28,2025-08-12,31145.06,5606.11,36751.17,Partially Paid
INV001995,O001273,2025-03-12,2025-03-27,24824.18,4468.35,29292.53,Paid
INV001996,O002485,2026-01-22,2026-02-06,6008.15,1081.47,7089.62,Partially Paid
INV001997,O000761,2026-06-04,2026-07-19,175006.07,31501.09,206507.16,Partially Paid
INV001998,O000869,2026-04-13,2026-05-28,196964.1,35453.54,232417.64,Paid
INV001999,O001949,2026-01-12,2026-03-13,433383.27,78008.99,511392.25,Open
INV002000,O002967,2026-03-04,2026-04-03,131556.05,23680.09,155236.14,Partially Paid
INV002001,O000452,2026-01-19,2026-02-03,96427.96,17357.03,113785,Partially Paid
INV002002,O002141,2026-01-13,2026-01-28,112940.5,20329.29,133269.79,Paid
INV002003,O000947,2025-08-20,2025-09-19,735486.81,132387.63,867874.44,Paid
INV002004,O001533,2025-01-09,2025-01-24,10325.28,1858.55,12183.83,Partially Paid
INV002005,O000511,2026-04-12,2026-05-27,30405,5472.9,35877.91,Partially Paid
INV002006,O000507,2026-07-03,2026-08-17,16781.3,3020.63,19801.93,Open
INV002007,O000680,2025-08-17,2025-09-01,168932.65,30407.88,199340.52,Paid
INV002008,O002539,2025-05-13,2025-05-28,18202.07,3276.37,21478.44,Partially Paid
INV002009,O000167,2025-04-15,2025-05-15,91109.47,16399.7,107509.17,Open
INV002010,O002857,2026-02-11,2026-04-12,94209.65,16957.74,111167.39,Open
INV002011,O002240,2025-04-16,2025-05-16,60874.83,10957.47,71832.3,Open
INV002012,O000196,2026-01-17,2026-03-18,203188.18,36573.87,239762.05,Partially Paid
INV002013,O001978,2025-03-04,2025-04-03,42926.78,7726.82,50653.6,Open
INV002014,O001160,2026-01-31,2026-03-17,45881.59,8258.69,54140.28,Partially Paid
INV002015,O002964,2025-09-19,2025-11-03,166065.85,29891.85,195957.71,Open
INV002016,O002185,2025-05-09,2025-07-08,305681.18,55022.61,360703.79,Partially Paid
INV002017,O000856,2026-01-10,2026-02-09,285258.88,51346.6,336605.48,Open
INV002018,O002924,2025-12-20,2026-02-18,48283.94,8691.11,56975.05,Open
INV002019,O000200,2026-08-10,2026-09-09,29874.56,5377.42,35251.98,Partially Paid
INV002020,O000399,2026-08-28,2026-10-12,33100.24,5958.04,39058.28,Open
INV002021,O001924,2026-01-02,2026-01-17,121448.77,21860.78,143309.55,Partially Paid
INV002022,O000825,2025-02-13,2025-04-14,232209.53,41797.72,274007.24,Paid
INV002023,O001270,2025-11-18,2026-01-02,44183.04,7952.95,52135.99,Partially Paid
INV002024,O000831,2026-01-17,2026-03-03,24441.47,4399.46,28840.93,Open
INV002025,O002825,2025-10-24,2025-11-23,100391.92,18070.54,118462.46,Paid
INV002026,O001482,2026-06-11,2026-06-26,215878.72,38858.17,254736.89,Partially Paid
INV002027,O001258,2025-06-15,2025-07-30,48912.82,8804.31,57717.12,Paid
INV002028,O001614,2025-01-24,2025-02-08,9303.88,1674.7,10978.58,Open
INV002029,O002164,2025-07-23,2025-08-22,575891.92,103660.54,679552.46,Open
INV002030,O001148,2025-09-24,2025-11-08,9872.29,1777.01,11649.31,Paid
INV002031,O001366,2025-07-16,2025-08-30,30656.23,5518.12,36174.35,Partially Paid
INV002032,O001274,2026-08-03,2026-09-02,15380.3,2768.45,18148.75,Open
INV002033,O000826,2025-04-14,2025-06-13,1930.9,347.56,2278.46,Paid
INV002034,O000601,2026-07-14,2026-09-12,212962.97,38333.34,251296.31,Paid
INV002035,O000559,2025-10-18,2025-11-02,103558.14,18640.46,122198.6,Open
INV002036,O002100,2025-07-10,2025-08-24,58871.67,10596.9,69468.57,Paid
INV002037,O002048,2025-09-25,2025-11-24,41496.93,7469.45,48966.37,Paid
INV002038,O002803,2026-01-21,2026-02-20,177480.19,31946.43,209426.63,Open
INV002039,O002913,2025-07-11,2025-08-10,223108.49,40159.53,263268.02,Partially Paid
INV002040,O002118,2025-08-23,2025-10-22,4033.63,726.05,4759.68,Paid
INV002041,O001494,2025-07-02,2025-07-17,212077.62,38173.97,250251.59,Paid
INV002042,O001724,2026-04-22,2026-06-06,251243.84,45223.89,296467.73,Paid
INV002043,O001478,2025-12-09,2026-01-23,33956.93,6112.25,40069.18,Partially Paid
INV002044,O002053,2025-09-19,2025-11-18,130104.21,23418.76,153522.97,Partially Paid
INV002045,O002103,2026-06-05,2026-07-05,75593.28,13606.79,89200.07,Paid
INV002046,O001201,2026-02-10,2026-02-25,479117.21,86241.1,565358.3,Partially Paid
INV002047,O002327,2025-12-21,2026-01-20,42927.35,7726.92,50654.27,Paid
INV002048,O000410,2025-10-10,2025-10-25,225447.15,40580.49,266027.64,Paid
INV002049,O001803,2025-07-17,2025-09-15,453520.23,81633.64,535153.87,Open
INV002050,O002144,2026-01-18,2026-02-17,245259.52,44146.71,289406.24,Partially Paid
INV002051,O001004,2025-04-17,2025-06-16,13159.9,2368.78,15528.68,Paid
INV002052,O000620,2026-01-23,2026-02-07,223542.28,40237.61,263779.89,Partially Paid
INV002053,O000019,2025-04-13,2025-04-28,410274.87,73849.48,484124.35,Open
INV002054,O001108,2025-04-21,2025-05-21,9385.78,1689.44,11075.22,Open
INV002055,O001931,2026-05-11,2026-06-10,60547.13,10898.48,71445.61,Open
INV002056,O001324,2026-06-12,2026-07-12,156930.77,28247.54,185178.31,Open
INV002057,O000940,2025-07-27,2025-09-10,8657.65,1558.38,10216.03,Open
INV002058,O001943,2025-04-14,2025-06-13,238960.32,43012.86,281973.17,Open
INV002059,O002634,2025-08-17,2025-09-16,104296.26,18773.33,123069.59,Open
INV002060,O001630,2025-06-05,2025-08-04,265386.19,47769.51,313155.7,Open
INV002061,O002160,2025-05-28,2025-07-12,247935.24,44628.34,292563.59,Open
INV002062,O001098,2025-04-21,2025-06-20,60779.88,10940.38,71720.26,Paid
INV002063,O002068,2026-08-26,2026-09-10,55089.46,9916.1,65005.57,Partially Paid
INV002064,O001738,2026-07-08,2026-08-07,323912.43,58304.24,382216.67,Paid
INV002065,O002388,2025-04-16,2025-05-16,38965.79,7013.84,45979.64,Partially Paid
INV002066,O001472,2025-07-16,2025-08-30,34463.82,6203.49,40667.31,Paid
INV002067,O000291,2026-03-30,2026-04-29,369409.65,66493.74,435903.39,Partially Paid
INV002068,O002623,2026-04-22,2026-05-22,112827.68,20308.98,133136.66,Open
INV002069,O002779,2025-12-19,2026-01-03,2237.33,402.72,2640.05,Partially Paid
INV002070,O000821,2025-06-06,2025-06-21,41378.03,7448.05,48826.08,Paid
INV002071,O001526,2025-02-23,2025-04-24,312109.09,56179.64,368288.72,Partially Paid
INV002072,O002519,2025-07-29,2025-08-28,208414.54,37514.62,245929.16,Partially Paid
INV002073,O002777,2025-07-07,2025-08-21,19357.25,3484.31,22841.56,Paid
INV002074,O001524,2026-02-12,2026-02-27,160110.15,28819.83,188929.98,Partially Paid
INV002075,O001821,2025-09-20,2025-10-05,131408.15,23653.47,155061.62,Partially Paid
INV002076,O002568,2025-06-07,2025-08-06,165374.78,29767.46,195142.24,Paid
INV002077,O000659,2025-05-26,2025-06-25,12073.91,2173.3,14247.21,Partially Paid
INV002078,O002693,2025-05-25,2025-06-09,20638.99,3715.02,24354,Partially Paid
INV002079,O002697,2026-05-17,2026-07-16,268104.9,48258.88,316363.78,Paid
INV002080,O002787,2025-06-28,2025-07-13,19744.43,3554,23298.43,Partially Paid
INV002081,O000198,2025-01-09,2025-02-08,34948.76,6290.78,41239.53,Paid
INV002082,O000210,2025-12-11,2026-02-09,5006.71,901.21,5907.92,Paid
INV002083,O000073,2026-02-11,2026-04-12,26225.76,4720.64,30946.4,Open
INV002084,O000664,2025-03-04,2025-05-03,9303.78,1674.68,10978.46,Open
INV002085,O002902,2026-04-01,2026-05-31,220973.15,39775.17,260748.32,Paid
INV002086,O001531,2025-07-31,2025-09-14,274499.26,49409.87,323909.12,Partially Paid
INV002087,O001661,2025-02-06,2025-02-21,110502.97,19890.53,130393.5,Open
INV002088,O002755,2025-03-10,2025-05-09,19567.85,3522.21,23090.07,Paid
INV002089,O002070,2025-03-30,2025-05-14,43229.99,7781.4,51011.39,Paid
INV002090,O001376,2025-12-11,2026-01-25,126434.33,22758.18,149192.5,Partially Paid
INV002091,O000682,2026-05-31,2026-06-15,113963.95,20513.51,134477.46,Paid
INV002092,O002994,2026-05-23,2026-06-07,18006.5,3241.17,21247.67,Open
INV002093,O001002,2025-03-16,2025-04-30,119604.35,21528.78,141133.13,Partially Paid
INV002094,O002492,2025-08-03,2025-09-17,60091.02,10816.38,70907.4,Partially Paid
INV002095,O002677,2026-02-23,2026-03-25,103396.64,18611.39,122008.03,Paid
INV002096,O002329,2025-01-07,2025-02-21,450724.63,81130.43,531855.06,Open
INV002097,O002451,2025-09-30,2025-11-14,9822.86,1768.11,11590.97,Paid
INV002098,O002540,2026-06-29,2026-08-13,123556.06,22240.09,145796.15,Partially Paid
INV002099,O001453,2025-05-23,2025-06-07,81888.33,14739.9,96628.23,Paid
INV002100,O001869,2026-07-16,2026-07-31,340084.61,61215.23,401299.84,Partially Paid
INV002101,O002038,2025-10-07,2025-10-22,2703.24,486.58,3189.82,Paid
INV002102,O000929,2026-01-22,2026-02-06,207252.34,37305.42,244557.77,Paid
INV002103,O001479,2025-12-21,2026-02-04,141030.83,25385.55,166416.38,Open
INV002104,O002658,2026-08-05,2026-09-19,55365.59,9965.81,65331.4,Paid
INV002105,O002003,2025-10-14,2025-12-13,550820.55,99147.7,649968.24,Open
INV002106,O000880,2025-05-24,2025-06-23,235427.77,42377,277804.77,Open
INV002107,O000476,2026-06-01,2026-07-01,294421.72,52995.91,347417.62,Paid
INV002108,O001636,2025-08-18,2025-09-17,34758.44,6256.52,41014.96,Paid
INV002109,O002192,2026-02-19,2026-04-05,2072.6,373.07,2445.67,Open
INV002110,O001752,2026-07-04,2026-09-02,13048.49,2348.73,15397.22,Paid
INV002111,O002828,2025-10-12,2025-11-26,35537.94,6396.83,41934.77,Partially Paid
INV002112,O001384,2025-10-02,2025-12-01,160207.49,28837.35,189044.83,Partially Paid
INV002113,O002707,2025-07-13,2025-09-11,32741.48,5893.47,38634.95,Partially Paid
INV002114,O001413,2025-01-24,2025-02-08,42879.33,7718.28,50597.61,Partially Paid
INV002115,O002326,2026-08-14,2026-09-13,680205.11,122436.92,802642.03,Paid
INV002116,O002714,2025-10-25,2025-11-09,52376.69,9427.8,61804.5,Paid
INV002117,O002111,2026-07-04,2026-09-02,338420.57,60915.7,399336.27,Open
INV002118,O000805,2026-04-29,2026-05-14,8489.16,1528.05,10017.21,Partially Paid
INV002119,O001130,2025-09-12,2025-09-27,22048.43,3968.72,26017.15,Partially Paid
INV002120,O000176,2025-11-18,2026-01-17,115338.71,20760.97,136099.68,Paid
INV002121,O000996,2025-06-20,2025-08-19,63565.5,11441.79,75007.29,Open
INV002122,O001525,2026-07-04,2026-08-03,649871.73,116976.91,766848.64,Paid
INV002123,O001542,2025-07-27,2025-09-25,109036.45,19626.56,128663.01,Open
INV002124,O001831,2025-09-02,2025-11-01,15764.8,2837.66,18602.47,Paid
INV002125,O001895,2025-09-30,2025-10-30,211131.12,38003.6,249134.72,Paid
INV002126,O001858,2026-02-27,2026-03-14,87842.35,15811.62,103653.97,Paid
INV002127,O002989,2025-04-27,2025-05-12,334260.48,60166.89,394427.36,Open
INV002128,O002431,2025-07-12,2025-09-10,46285.48,8331.39,54616.87,Partially Paid
INV002129,O001880,2025-12-30,2026-02-28,117247.86,21104.62,138352.48,Paid
INV002130,O002055,2026-07-09,2026-08-08,374400.23,67392.04,441792.27,Open
INV002131,O001722,2026-01-01,2026-03-02,46187.01,8313.66,54500.68,Partially Paid
INV002132,O001096,2026-08-12,2026-09-26,357126.03,64282.69,421408.72,Open
INV002133,O000687,2025-04-24,2025-05-09,155663.96,28019.51,183683.47,Paid
INV002134,O002521,2025-01-19,2025-02-03,2408.41,433.51,2841.92,Open
INV002135,O000894,2025-11-20,2025-12-05,32280.54,5810.5,38091.03,Open
INV002136,O001610,2025-08-10,2025-09-24,237560.68,42760.92,280321.6,Open
INV002137,O002547,2025-06-30,2025-08-29,404117.58,72741.16,476858.75,Open
INV002138,O001912,2026-07-24,2026-08-23,75286.3,13551.53,88837.83,Paid
INV002139,O000360,2026-03-30,2026-04-29,246989.75,44458.15,291447.9,Open
INV002140,O002719,2026-08-13,2026-09-12,165946.68,29870.4,195817.08,Paid
INV002141,O001520,2026-05-05,2026-06-19,216574.26,38983.37,255557.63,Partially Paid
INV002142,O000129,2026-04-07,2026-05-07,9754.85,1755.87,11510.73,Partially Paid
INV002143,O000334,2025-02-21,2025-04-22,28123.72,5062.27,33185.99,Paid
INV002144,O002024,2025-03-23,2025-04-22,235084.21,42315.16,277399.37,Paid
INV002145,O001007,2025-06-23,2025-08-22,63869.79,11496.56,75366.35,Paid
INV002146,O000990,2026-03-22,2026-04-06,822.53,148.06,970.59,Open
INV002147,O002433,2026-04-23,2026-06-07,648816.31,116786.94,765603.25,Open
INV002148,O000666,2025-11-19,2025-12-19,132754.45,23895.8,156650.25,Open
INV002149,O001209,2026-04-11,2026-04-26,44234.02,7962.12,52196.14,Open
INV002150,O000432,2025-02-08,2025-02-23,337591.94,60766.55,398358.48,Open
INV002151,O001407,2025-07-12,2025-08-26,83603.23,15048.58,98651.81,Open
INV002152,O002270,2025-12-23,2026-02-21,133848.94,24092.81,157941.75,Partially Paid
INV002153,O000629,2026-07-06,2026-08-20,893734.73,160872.25,1054606.98,Open
INV002154,O001760,2026-06-26,2026-07-11,87216.6,15698.99,102915.59,Open
INV002155,O002009,2026-01-17,2026-03-03,92655.14,16677.93,109333.07,Paid
INV002156,O002304,2025-02-01,2025-04-02,523716.68,94269,617985.68,Partially Paid
INV002157,O002968,2025-06-12,2025-07-27,26187.77,4713.8,30901.57,Paid
INV002158,O001048,2025-12-03,2026-02-01,284430.76,51197.54,335628.29,Partially Paid
INV002159,O001416,2026-05-08,2026-06-07,292371.92,52626.95,344998.87,Open
INV002160,O000613,2026-05-19,2026-06-18,11419.62,2055.53,13475.15,Open
INV002161,O001759,2026-06-14,2026-08-13,11081.21,1994.62,13075.83,Partially Paid
INV002162,O000175,2026-08-16,2026-10-15,7659.85,1378.77,9038.62,Open
INV002163,O000748,2025-10-21,2025-11-05,15182.21,2732.8,17915.01,Partially Paid
INV002164,O000570,2025-06-11,2025-08-10,153129.3,27563.27,180692.58,Paid
INV002165,O002762,2025-03-28,2025-04-12,336763.8,60617.48,397381.29,Open
INV002166,O001183,2026-08-23,2026-09-22,27463.79,4943.48,32407.28,Paid
INV002167,O000590,2026-03-09,2026-04-08,1947.83,350.61,2298.44,Open
INV002168,O002334,2025-03-07,2025-04-21,197381.21,35528.62,232909.82,Partially Paid
INV002169,O002441,2025-11-11,2025-11-26,20496.62,3689.39,24186.01,Partially Paid
INV002170,O000726,2026-03-19,2026-05-03,21371.6,3846.89,25218.49,Partially Paid
INV002171,O001272,2025-03-09,2025-04-23,302482.1,54446.78,356928.87,Paid
INV002172,O000294,2025-12-12,2026-01-26,281816.61,50726.99,332543.59,Open
INV002173,O000692,2025-06-02,2025-06-17,86495.5,15569.19,102064.69,Partially Paid
INV002174,O001911,2025-08-18,2025-10-17,43983.35,7917,51900.35,Partially Paid
INV002175,O001580,2025-03-14,2025-04-13,41928.9,7547.2,49476.1,Open
INV002176,O001592,2026-05-20,2026-06-19,63445.74,11420.23,74865.98,Open
INV002177,O002642,2025-03-25,2025-05-09,236970.57,42654.7,279625.28,Partially Paid
INV002178,O000184,2026-04-15,2026-05-15,262061.23,47171.02,309232.25,Partially Paid
INV002179,O002300,2025-06-16,2025-07-16,153723.07,27670.15,181393.22,Open
INV002180,O002156,2025-09-12,2025-10-27,138882.98,24998.94,163881.91,Partially Paid
INV002181,O001445,2025-06-22,2025-08-06,45733.84,8232.09,53965.93,Open
INV002182,O000875,2025-01-07,2025-03-08,419868.92,75576.41,495445.33,Partially Paid
INV002183,O000488,2026-01-12,2026-03-13,237653.98,42777.72,280431.7,Partially Paid
INV002184,O002463,2026-04-13,2026-06-12,489.93,88.19,578.12,Paid
INV002185,O000982,2026-07-30,2026-09-28,265865.24,47855.74,313720.99,Open
INV002186,O000091,2025-10-29,2025-11-28,31923.4,5746.21,37669.61,Partially Paid
INV002187,O001999,2026-02-24,2026-03-11,38633.67,6954.06,45587.73,Paid
INV002188,O001243,2025-06-04,2025-08-03,305125.76,54922.64,360048.4,Paid
INV002189,O002651,2025-07-22,2025-09-20,23245.71,4184.23,27429.93,Open
INV002190,O002895,2025-06-25,2025-07-10,15939.58,2869.13,18808.71,Paid
INV002191,O001385,2025-05-26,2025-07-10,303536.87,54636.64,358173.51,Partially Paid
INV002192,O002973,2025-11-06,2026-01-05,351805.59,63325.01,415130.59,Open
INV002193,O001673,2026-09-01,2026-09-16,2992.75,538.7,3531.45,Open
INV002194,O000212,2025-09-23,2025-11-07,83210.02,14977.8,98187.82,Open
INV002195,O002283,2025-09-15,2025-09-30,352166.66,63390,415556.66,Paid
INV002196,O000504,2026-08-22,2026-09-06,44972.21,8095,53067.21,Open
INV002197,O000138,2025-08-09,2025-10-08,13182.76,2372.9,15555.66,Open
INV002198,O002602,2026-03-29,2026-05-13,15036.34,2706.54,17742.88,Open
INV002199,O001905,2025-04-10,2025-05-25,308557.48,55540.35,364097.83,Open
INV002200,O001487,2025-03-01,2025-03-31,64670.51,11640.69,76311.2,Paid
INV002201,O000333,2026-02-05,2026-02-20,16836.29,3030.53,19866.82,Open
INV002202,O000916,2025-05-06,2025-06-20,189065.5,34031.79,223097.29,Open
INV002203,O000944,2026-04-20,2026-06-19,313938.22,56508.88,370447.1,Partially Paid
INV002204,O001498,2026-02-24,2026-04-10,11048.61,1988.75,13037.36,Open
INV002205,O000751,2025-05-13,2025-05-28,138517.44,24933.14,163450.57,Partially Paid
INV002206,O001802,2025-08-28,2025-09-27,32758.84,5896.59,38655.43,Partially Paid
INV002207,O002678,2025-09-09,2025-10-24,17944.5,3230.01,21174.51,Paid
INV002208,O001914,2026-03-08,2026-03-23,270960.81,48772.95,319733.76,Open
INV002209,O001387,2025-03-11,2025-05-10,197825.45,35608.58,233434.04,Partially Paid
INV002210,O002661,2025-08-13,2025-09-27,256696.52,46205.37,302901.9,Open
INV002211,O000670,2025-04-24,2025-06-08,23093.34,4156.8,27250.14,Open
INV002212,O000624,2026-05-20,2026-07-19,224268.63,40368.35,264636.98,Partially Paid
INV002213,O002848,2025-05-05,2025-06-19,4126.93,742.85,4869.77,Paid
INV002214,O000118,2025-12-02,2026-01-16,43048.32,7748.7,50797.01,Paid
INV002215,O000608,2026-02-28,2026-03-15,260495.15,46889.13,307384.28,Open
INV002216,O002136,2025-07-06,2025-07-21,38914.48,7004.61,45919.09,Paid
INV002217,O001767,2026-07-19,2026-08-03,79067.32,14232.12,93299.44,Open
INV002218,O000385,2025-01-10,2025-01-25,5361.89,965.14,6327.03,Open
INV002219,O000676,2026-01-29,2026-02-28,5140.64,925.32,6065.96,Open
INV002220,O001347,2025-04-02,2025-05-17,221448.89,39860.8,261309.69,Partially Paid
INV002221,O000941,2025-09-03,2025-10-03,19283.57,3471.04,22754.62,Partially Paid
INV002222,O000695,2025-04-12,2025-04-27,29813.09,5366.36,35179.44,Partially Paid
INV002223,O002890,2025-05-29,2025-06-28,6127.54,1102.96,7230.5,Paid
INV002224,O000983,2025-11-11,2026-01-10,4741.44,853.46,5594.9,Paid
INV002225,O001191,2025-11-21,2025-12-06,296862.86,53435.32,350298.18,Paid
INV002226,O002202,2025-04-02,2025-05-17,164052.38,29529.43,193581.8,Paid
INV002227,O000835,2025-12-01,2025-12-16,34196.7,6155.41,40352.1,Partially Paid
INV002228,O000270,2025-02-01,2025-03-18,68009.08,12241.64,80250.72,Paid
INV002229,O000686,2026-05-06,2026-05-21,194097.44,34937.54,229034.98,Paid
INV002230,O000208,2025-04-02,2025-05-17,20770.42,3738.68,24509.09,Paid
INV002231,O002865,2025-02-18,2025-03-05,405713.55,73028.44,478741.99,Open
INV002232,O002780,2025-06-18,2025-07-18,49894.12,8980.94,58875.06,Open
INV002233,O001612,2026-04-13,2026-05-13,196209.43,35317.7,231527.12,Paid
INV002234,O000808,2025-08-30,2025-10-14,264560.97,47620.98,312181.95,Partially Paid
INV002235,O001339,2025-10-10,2025-11-24,12086.16,2175.51,14261.67,Paid
INV002236,O000145,2025-06-06,2025-07-21,194675.45,35041.58,229717.03,Open
INV002237,O001165,2026-08-03,2026-09-02,39922.15,7185.99,47108.14,Paid
INV002238,O002829,2025-02-26,2025-03-13,252971.56,45534.88,298506.44,Partially Paid
INV002239,O001504,2025-03-28,2025-04-27,592.32,106.62,698.94,Open
INV002240,O002236,2026-08-16,2026-09-30,74935.39,13488.37,88423.76,Open
INV002241,O000364,2025-03-20,2025-04-04,30982.96,5576.93,36559.9,Open
INV002242,O002017,2025-03-21,2025-05-20,219486.2,39507.52,258993.71,Paid
INV002243,O002792,2025-03-17,2025-04-01,43016.73,7743.01,50759.74,Paid
INV002244,O002459,2026-08-15,2026-10-14,127823.71,23008.27,150831.98,Partially Paid
INV002245,O000860,2025-10-19,2025-11-18,279293.98,50272.92,329566.9,Partially Paid
INV002246,O000424,2026-01-15,2026-02-14,398943.62,71809.85,470753.47,Partially Paid
INV002247,O000541,2025-03-31,2025-04-15,499261.21,89867.02,589128.23,Partially Paid
INV002248,O001132,2026-06-20,2026-07-20,346232.91,62321.92,408554.83,Open
INV002249,O001333,2025-09-14,2025-09-29,331393.34,59650.8,391044.14,Paid
INV002250,O000663,2026-07-28,2026-09-26,241317.14,43437.09,284754.23,Paid
INV002251,O000801,2026-01-08,2026-03-09,22546.75,4058.42,26605.17,Open
INV002252,O001656,2026-02-19,2026-03-06,32681.23,5882.62,38563.85,Partially Paid
INV002253,O001710,2026-06-14,2026-06-29,94158.05,16948.45,111106.49,Partially Paid
INV002254,O000691,2025-11-10,2025-12-25,77758.13,13996.46,91754.6,Open
INV002255,O001375,2025-06-29,2025-07-14,441807.18,79525.29,521332.48,Partially Paid
INV002256,O000555,2025-02-27,2025-04-28,21811.97,3926.15,25738.12,Paid
INV002257,O002257,2026-06-04,2026-07-04,267515.89,48152.86,315668.75,Paid
INV002258,O002891,2026-07-27,2026-08-26,296155.51,53307.99,349463.5,Paid
INV002259,O000815,2025-09-19,2025-10-04,25923.07,4666.15,30589.22,Paid
INV002260,O001593,2025-04-21,2025-06-20,191725.98,34510.68,226236.66,Open
INV002261,O002627,2025-03-19,2025-05-03,68406.99,12313.26,80720.25,Paid
INV002262,O000032,2025-06-05,2025-07-20,79592.23,14326.6,93918.83,Open
INV002263,O002520,2025-11-23,2026-01-22,34189.17,6154.05,40343.22,Paid
INV002264,O001527,2025-12-13,2025-12-28,23148.75,4166.77,27315.52,Open
INV002265,O000669,2025-05-24,2025-07-23,41197.9,7415.62,48613.52,Open
INV002266,O000545,2025-05-27,2025-07-11,108085.8,19455.44,127541.24,Partially Paid
INV002267,O001548,2025-02-10,2025-03-27,231487.72,41667.79,273155.51,Partially Paid
INV002268,O000960,2026-03-23,2026-05-22,204102.7,36738.49,240841.18,Open
INV002269,O002320,2026-02-14,2026-03-31,72161.46,12989.06,85150.52,Paid
INV002270,O000020,2026-03-27,2026-04-26,25895.57,4661.2,30556.77,Open
INV002271,O001072,2025-05-16,2025-06-30,377160.67,67888.92,445049.59,Partially Paid
INV002272,O002703,2026-06-16,2026-07-01,2834.94,510.29,3345.23,Partially Paid
INV002273,O002818,2026-02-19,2026-03-21,407625.14,73372.53,480997.67,Open
INV002274,O000942,2026-07-25,2026-08-24,159308.18,28675.47,187983.65,Open
INV002275,O001777,2025-10-07,2025-11-21,55703.33,10026.6,65729.92,Open
INV002276,O001801,2026-06-17,2026-07-02,234026.31,42124.74,276151.05,Open
INV002277,O001597,2025-08-17,2025-09-16,35742.36,6433.63,42175.99,Open
INV002278,O002367,2025-02-12,2025-02-27,242428.28,43637.09,286065.37,Open
INV002279,O000440,2025-09-20,2025-11-04,309188.69,55653.96,364842.65,Partially Paid
INV002280,O001271,2025-12-25,2026-01-09,79391.27,14290.43,93681.7,Open
INV002281,O000635,2025-06-21,2025-08-20,258030.16,46445.43,304475.59,Paid
INV002282,O001804,2025-01-10,2025-03-11,61423.52,11056.23,72479.75,Partially Paid
INV002283,O001637,2026-08-18,2026-10-02,257716.16,46388.91,304105.07,Partially Paid
INV002284,O000471,2025-04-27,2025-05-12,367764.83,66197.67,433962.5,Paid
INV002285,O001394,2026-08-07,2026-08-22,218489.81,39328.17,257817.98,Partially Paid
INV002286,O001605,2025-07-26,2025-08-25,294935.16,53088.33,348023.48,Partially Paid
INV002287,O002269,2026-01-13,2026-02-12,135325.83,24358.65,159684.47,Paid
INV002288,O001836,2025-01-09,2025-01-24,223371,40206.78,263577.78,Paid
INV002289,O002966,2026-07-01,2026-08-30,634623.13,114232.16,748855.29,Open
INV002290,O002325,2025-04-05,2025-05-05,194563.66,35021.46,229585.11,Partially Paid
INV002291,O002305,2025-05-05,2025-06-19,121994.92,21959.09,143954.01,Partially Paid
INV002292,O001805,2025-04-07,2025-04-22,26328.33,4739.1,31067.43,Paid
INV002293,O000279,2026-07-13,2026-09-11,42803.11,7704.56,50507.67,Partially Paid
INV002294,O002580,2025-03-01,2025-04-15,146615.33,26390.76,173006.09,Open
INV002295,O000084,2026-06-05,2026-07-05,20624.27,3712.37,24336.63,Paid
INV002296,O001331,2025-07-05,2025-08-19,152083.55,27375.04,179458.59,Open
INV002297,O002364,2026-05-01,2026-06-15,39733.17,7151.97,46885.15,Open
INV002298,O000402,2025-06-18,2025-08-02,16444.27,2959.97,19404.24,Partially Paid
INV002299,O002667,2025-01-28,2025-03-29,252003.82,45360.69,297364.5,Paid
INV002300,O000381,2025-07-30,2025-09-13,113174.62,20371.43,133546.05,Open
INV002301,O002733,2025-08-02,2025-09-01,392183.77,70593.08,462776.85,Partially Paid
INV002302,O001326,2025-10-22,2025-11-06,48457.47,8722.34,57179.81,Paid
INV002303,O000388,2025-12-18,2026-01-17,472178.43,84992.12,557170.54,Paid
INV002304,O001671,2026-02-24,2026-03-26,16593.57,2986.84,19580.41,Partially Paid
INV002305,O000473,2025-10-23,2025-11-07,396882.55,71438.86,468321.41,Paid
INV002306,O001951,2026-02-05,2026-03-22,1324.21,238.36,1562.56,Paid
INV002307,O000946,2026-07-03,2026-09-01,243861.9,43895.14,287757.05,Open
INV002308,O002688,2025-06-19,2025-07-19,11175.29,2011.55,13186.85,Open
INV002309,O000885,2025-11-22,2025-12-22,44562.06,8021.17,52583.24,Paid
INV002310,O000961,2026-05-19,2026-07-18,56471.54,10164.88,66636.42,Partially Paid
INV002311,O002711,2025-12-29,2026-01-13,192760.42,34696.88,227457.29,Partially Paid
INV002312,O001667,2026-02-10,2026-03-27,135879.71,24458.35,160338.05,Paid
INV002313,O002050,2026-01-08,2026-03-09,15351.89,2763.34,18115.23,Open
INV002314,O002614,2026-03-07,2026-05-06,174578.84,31424.19,206003.03,Partially Paid
INV002315,O000924,2026-08-14,2026-08-29,46631.97,8393.75,55025.72,Partially Paid
INV002316,O002210,2026-02-24,2026-04-10,232880.63,41918.51,274799.14,Paid
INV002317,O001719,2025-03-14,2025-03-29,22572.83,4063.11,26635.94,Partially Paid
INV002318,O002798,2025-05-01,2025-05-16,28926.3,5206.73,34133.04,Open
INV002319,O002739,2025-12-23,2026-01-22,231396.74,41651.41,273048.15,Paid
INV002320,O001457,2026-01-13,2026-01-28,420066.18,75611.91,495678.1,Open
INV002321,O000346,2025-02-05,2025-02-20,48975.29,8815.55,57790.84,Paid
INV002322,O001798,2025-10-24,2025-12-08,138646.83,24956.43,163603.25,Paid
INV002323,O001351,2025-02-28,2025-04-14,1653.6,297.65,1951.25,Paid
INV002324,O001361,2026-03-16,2026-04-15,4148.09,746.66,4894.75,Open
INV002325,O002639,2026-03-21,2026-05-20,15689.5,2824.11,18513.61,Open
INV002326,O001921,2025-09-23,2025-10-23,10014.83,1802.67,11817.5,Open
INV002327,O000022,2025-05-09,2025-06-08,289463.81,52103.49,341567.3,Partially Paid
INV002328,O000156,2026-03-05,2026-04-04,374643.03,67435.74,442078.77,Paid
INV002329,O002035,2025-08-26,2025-10-25,1947.28,350.51,2297.79,Partially Paid
INV002330,O002112,2025-02-04,2025-04-05,19924.71,3586.45,23511.16,Open
INV002331,O000711,2025-08-11,2025-09-25,738.07,132.85,870.93,Partially Paid
INV002332,O000627,2025-07-18,2025-08-17,49028.66,8825.16,57853.82,Partially Paid
INV002333,O002292,2025-05-30,2025-07-29,126109.44,22699.7,148809.14,Paid
INV002334,O000437,2025-11-06,2026-01-05,242732.78,43691.9,286424.68,Partially Paid
INV002335,O002558,2026-05-20,2026-06-04,49072.36,8833.03,57905.39,Paid
INV002336,O000121,2025-06-12,2025-06-27,25514.84,4592.67,30107.51,Paid
INV002337,O001711,2025-05-05,2025-06-19,89623.61,16132.25,105755.85,Paid
INV002338,O002518,2026-06-29,2026-08-28,39761.92,7157.15,46919.06,Partially Paid
INV002339,O000756,2025-09-29,2025-10-14,59605.13,10728.92,70334.05,Partially Paid
INV002340,O002608,2025-08-15,2025-10-14,323757.03,58276.27,382033.29,Partially Paid
INV002341,O001065,2025-10-15,2025-11-14,503906.01,90703.08,594609.09,Partially Paid
INV002342,O000101,2025-09-22,2025-10-07,178209.47,32077.7,210287.17,Paid
INV002343,O000783,2026-03-19,2026-05-18,464250.81,83565.15,547815.95,Open
INV002344,O001150,2025-10-12,2025-12-11,202804.61,36504.83,239309.44,Paid
INV002345,O000226,2025-05-08,2025-05-23,279607.13,50329.28,329936.41,Paid
INV002346,O002746,2026-05-10,2026-07-09,14590.1,2626.22,17216.32,Paid
INV002347,O001206,2025-07-26,2025-09-24,153534.02,27636.12,181170.15,Partially Paid
INV002348,O000013,2026-04-27,2026-05-12,10566.1,1901.9,12468,Partially Paid
INV002349,O001310,2025-10-20,2025-12-19,300140.64,54025.32,354165.96,Partially Paid
INV002350,O002137,2025-03-01,2025-04-30,47473.32,8545.2,56018.52,Paid
INV002351,O000304,2025-10-22,2025-11-21,33547.08,6038.47,39585.55,Open
INV002352,O000169,2025-12-21,2026-02-04,189141.17,34045.41,223186.58,Paid
INV002353,O000930,2026-01-06,2026-02-05,76626.37,13792.75,90419.12,Open
INV002354,O002620,2026-01-29,2026-03-15,35910.62,6463.91,42374.54,Paid
INV002355,O002686,2026-07-04,2026-09-02,16857.74,3034.39,19892.13,Paid
INV002356,O001010,2026-04-02,2026-04-17,441016.21,79382.92,520399.13,Open
INV002357,O002794,2025-05-21,2025-06-20,79228.06,14261.05,93489.11,Partially Paid
INV002358,O000072,2026-05-29,2026-07-28,165568.89,29802.4,195371.29,Partially Paid
INV002359,O000428,2026-07-10,2026-09-08,213169.64,38370.53,251540.17,Paid
INV002360,O002636,2026-09-01,2026-10-31,330205.96,59437.07,389643.04,Open
INV002361,O000728,2025-10-27,2025-11-11,338654.77,60957.86,399612.63,Partially Paid
INV002362,O002212,2025-05-20,2025-07-19,152544.29,27457.97,180002.26,Paid
INV002363,O002346,2026-02-26,2026-03-28,278620.87,50151.76,328772.62,Open
INV002364,O002442,2026-08-10,2026-09-09,130780.02,23540.4,154320.42,Paid
INV002365,O001892,2026-05-09,2026-06-08,357453.05,64341.55,421794.6,Partially Paid
INV002366,O001774,2025-09-30,2025-11-29,212471.77,38244.92,250716.69,Partially Paid
INV002367,O001603,2025-01-30,2025-02-14,108846.63,19592.39,128439.02,Paid
INV002368,O002673,2025-06-10,2025-07-10,244017.21,43923.1,287940.31,Open
INV002369,O001343,2025-07-04,2025-07-19,3706.38,667.15,4373.53,Open
INV002370,O002575,2025-03-28,2025-04-12,11108.49,1999.53,13108.01,Open
INV002371,O000890,2026-02-21,2026-03-08,349005.92,62821.07,411826.98,Open
INV002372,O001941,2026-03-11,2026-05-10,338490.53,60928.3,399418.83,Partially Paid
INV002373,O000408,2025-05-31,2025-07-30,84389.2,15190.06,99579.25,Partially Paid
INV002374,O002448,2026-05-03,2026-06-02,292538.01,52656.84,345194.85,Open
INV002375,O002006,2026-01-18,2026-02-02,509033.52,91626.03,600659.56,Open
INV002376,O001195,2025-08-04,2025-09-03,78070.37,14052.67,92123.04,Paid
INV002377,O001102,2026-02-15,2026-03-17,97859.31,17614.68,115473.98,Paid
INV002378,O000654,2026-01-22,2026-03-08,102102.65,18378.48,120481.13,Paid
INV002379,O002444,2025-10-27,2025-11-26,218729.84,39371.37,258101.22,Partially Paid
INV002380,O001650,2026-01-15,2026-03-01,88847.86,15992.61,104840.47,Paid
INV002381,O001648,2025-02-11,2025-03-13,58928.67,10607.16,69535.83,Paid
INV002382,O002347,2025-05-30,2025-07-14,3139.94,565.19,3705.13,Paid
INV002383,O000591,2025-11-03,2025-12-18,135465.28,24383.75,159849.03,Partially Paid
INV002384,O000762,2025-02-03,2025-02-18,27319.47,4917.51,32236.98,Paid
INV002385,O002875,2025-02-02,2025-03-19,20262,3647.16,23909.16,Paid
INV002386,O000740,2025-02-28,2025-03-30,26460.67,4762.92,31223.59,Paid
INV002387,O001511,2026-03-13,2026-05-12,22969.82,4134.57,27104.39,Open
INV002388,O000472,2025-10-04,2025-12-03,49304.69,8874.84,58179.53,Open
INV002389,O000915,2025-07-02,2025-08-16,271639.78,48895.16,320534.94,Open
INV002390,O002676,2025-02-17,2025-03-19,34522.93,6214.13,40737.06,Paid
INV002391,O002140,2025-05-23,2025-06-07,318617.67,57351.18,375968.85,Partially Paid
INV002392,O000442,2026-03-07,2026-04-06,17213.66,3098.46,20312.12,Open
INV002393,O002990,2026-06-22,2026-07-07,192695.32,34685.16,227380.48,Open
INV002394,O001043,2026-01-17,2026-02-01,210016.12,37802.9,247819.02,Open
INV002395,O001307,2025-05-07,2025-06-21,203498.11,36629.66,240127.77,Paid
INV002396,O002927,2025-12-03,2026-01-17,49662.94,8939.33,58602.27,Open
INV002397,O000423,2026-01-20,2026-02-04,50981.84,9176.73,60158.57,Partially Paid
INV002398,O002889,2025-05-20,2025-07-19,29405.49,5292.99,34698.48,Paid
INV002399,O001856,2026-05-06,2026-06-05,4969.89,894.58,5864.47,Open
INV002400,O001450,2025-02-19,2025-04-20,160647.98,28916.64,189564.62,Open
INV002401,O001644,2025-06-12,2025-07-27,260798.65,46943.76,307742.4,Open
INV002402,O002071,2025-01-31,2025-03-17,662918.32,119325.3,782243.61,Paid
INV002403,O001844,2026-03-18,2026-04-02,18225.34,3280.56,21505.91,Open
INV002404,O001830,2025-03-08,2025-04-22,24227.21,4360.9,28588.11,Paid
INV002405,O001372,2025-04-11,2025-05-11,204169.74,36750.55,240920.29,Open
INV002406,O001708,2025-09-06,2025-10-06,351582.38,63284.83,414867.2,Open
INV002407,O000071,2025-09-01,2025-10-31,19673.21,3541.18,23214.39,Partially Paid
INV002408,O001775,2026-06-10,2026-06-25,42889.42,7720.1,50609.52,Open
INV002409,O001564,2026-03-18,2026-05-02,61037.9,10986.82,72024.72,Paid
INV002410,O000524,2026-06-02,2026-07-02,47131.86,8483.73,55615.59,Partially Paid
INV002411,O000225,2025-02-16,2025-04-17,28042.48,5047.65,33090.13,Partially Paid
INV002412,O000948,2025-12-16,2026-01-30,29227.18,5260.89,34488.07,Paid
INV002413,O000984,2025-06-12,2025-06-27,10871.86,1956.93,12828.79,Paid
INV002414,O001992,2025-07-12,2025-08-26,25161.83,4529.13,29690.96,Partially Paid
INV002415,O001944,2026-01-29,2026-03-30,197531.1,35555.6,233086.7,Paid
INV002416,O001459,2025-01-17,2025-02-01,156995.76,28259.24,185254.99,Open
INV002417,O002391,2026-07-08,2026-09-06,380691.28,68524.43,449215.71,Partially Paid
INV002418,O002607,2026-08-15,2026-08-30,125112.19,22520.19,147632.38,Open
INV002419,O001226,2026-03-06,2026-04-20,274675.94,49441.67,324117.61,Partially Paid
INV002420,O002227,2026-03-17,2026-05-01,36397.73,6551.59,42949.32,Paid
INV002421,O001222,2026-07-08,2026-08-07,29542.4,5317.63,34860.03,Partially Paid
INV002422,O002911,2025-12-01,2025-12-16,69854.19,12573.75,82427.94,Open
INV002423,O001733,2026-07-07,2026-08-21,152767.52,27498.15,180265.67,Partially Paid
INV002424,O001020,2025-08-21,2025-09-20,275724.78,49630.46,325355.24,Partially Paid
INV002425,O002323,2026-05-02,2026-05-17,9778.55,1760.14,11538.69,Open
INV002426,O000222,2026-07-27,2026-08-26,302857.79,54514.4,357372.19,Paid
INV002427,O001157,2025-04-29,2025-05-14,15631.93,2813.75,18445.68,Open
INV002428,O001615,2025-04-05,2025-04-20,456465.75,82163.84,538629.59,Paid
INV002429,O000991,2026-04-26,2026-06-10,153142.15,27565.59,180707.73,Partially Paid
INV002430,O002408,2025-02-15,2025-04-01,48233.57,8682.04,56915.61,Partially Paid
INV002431,O000716,2026-02-22,2026-03-09,256232.97,46121.94,302354.91,Partially Paid
INV002432,O001537,2025-01-20,2025-02-19,88907.54,16003.36,104910.89,Paid
INV002433,O001780,2026-01-14,2026-02-28,648813.97,116786.51,765600.49,Open
INV002434,O001345,2025-08-29,2025-10-28,35089.12,6316.04,41405.16,Open
INV002435,O000763,2025-01-19,2025-02-18,144213.24,25958.38,170171.63,Open
INV002436,O002869,2025-06-18,2025-07-18,122397.67,22031.58,144429.26,Open
INV002437,O000515,2025-02-17,2025-03-19,37615.09,6770.72,44385.81,Partially Paid
INV002438,O001034,2026-01-28,2026-02-12,36065.92,6491.87,42557.79,Paid
INV002439,O001236,2025-03-17,2025-04-01,21521.05,3873.79,25394.83,Open
INV002440,O002149,2025-12-21,2026-01-20,67654.61,12177.83,79832.44,Paid
INV002441,O000037,2026-07-14,2026-07-29,117790.94,21202.37,138993.31,Open
INV002442,O000451,2025-05-14,2025-05-29,127898.66,23021.76,150920.42,Paid
INV002443,O000067,2026-03-14,2026-05-13,45604.95,8208.89,53813.84,Partially Paid
INV002444,O001734,2025-07-13,2025-09-11,142527.95,25655.03,168182.98,Partially Paid
INV002445,O001432,2026-01-23,2026-03-24,2388.59,429.95,2818.54,Open
INV002446,O000500,2026-03-07,2026-04-21,342012.05,61562.17,403574.21,Open
INV002447,O002615,2025-05-08,2025-05-23,50592.22,9106.6,59698.82,Paid
INV002448,O001112,2026-07-01,2026-08-30,122798.66,22103.76,144902.42,Open
INV002449,O002823,2025-01-06,2025-02-20,195729.84,35231.37,230961.21,Open
INV002450,O002284,2025-07-14,2025-08-28,20974.38,3775.39,24749.77,Partially Paid
INV002451,O000816,2026-03-20,2026-05-19,179320.02,32277.6,211597.62,Partially Paid
INV002452,O000575,2026-04-27,2026-06-11,21076.32,3793.74,24870.06,Paid
INV002453,O001092,2025-05-05,2025-06-04,30894.28,5560.97,36455.25,Partially Paid
INV002454,O002362,2026-06-12,2026-06-27,675978.82,121676.19,797655.01,Open
INV002455,O000803,2026-08-30,2026-10-29,277736.32,49992.54,327728.86,Paid
INV002456,O002618,2026-08-02,2026-10-01,73365.76,13205.84,86571.59,Partially Paid
INV002457,O000068,2025-01-31,2025-03-02,5394.65,971.04,6365.68,Open
INV002458,O002946,2025-05-16,2025-06-15,307152.97,55287.53,362440.5,Open
INV002459,O000392,2025-07-17,2025-08-16,110059.37,19810.69,129870.06,Open
INV002460,O000799,2025-09-02,2025-09-17,368899.37,66401.89,435301.26,Open
INV002461,O001003,2026-02-02,2026-04-03,135209.85,24337.77,159547.62,Paid
INV002462,O000571,2026-07-09,2026-09-07,18769.36,3378.48,22147.84,Open
INV002463,O000973,2025-07-10,2025-07-25,273063.88,49151.5,322215.38,Paid
INV002464,O000767,2025-08-25,2025-10-24,121480.06,21866.41,143346.47,Open
INV002465,O002915,2025-01-30,2025-03-01,306963.48,55253.43,362216.91,Partially Paid
INV002466,O000187,2026-01-07,2026-01-22,194503.14,35010.57,229513.71,Paid
INV002467,O002590,2026-06-24,2026-08-23,240160.24,43228.84,283389.09,Open
INV002468,O002229,2025-01-14,2025-02-28,222188.13,39993.86,262181.99,Partially Paid
INV002469,O001297,2026-06-23,2026-07-08,17873.64,3217.26,21090.9,Partially Paid
INV002470,O000615,2025-05-12,2025-07-11,151509.83,27271.77,178781.6,Paid
INV002471,O002945,2025-05-11,2025-06-10,145900.76,26262.14,172162.9,Partially Paid
INV002472,O002626,2025-05-21,2025-07-20,36367.25,6546.1,42913.35,Open
INV002473,O002852,2025-09-26,2025-11-10,65563.64,11801.46,77365.09,Paid
INV002474,O002538,2025-11-24,2025-12-09,19714.05,3548.53,23262.57,Partially Paid
INV002475,O002101,2025-03-11,2025-04-10,18314.2,3296.56,21610.76,Partially Paid
INV002476,O002416,2026-05-07,2026-06-21,89783.29,16160.99,105944.28,Open
INV002477,O000286,2026-01-25,2026-03-11,7265.36,1307.76,8573.13,Paid
INV002478,O000832,2025-03-12,2025-05-11,22951.74,4131.31,27083.05,Open
INV002479,O000549,2025-07-11,2025-07-26,151379.08,27248.23,178627.31,Open
INV002480,O002694,2025-03-07,2025-05-06,86248.15,15524.67,101772.82,Open
INV002481,O000785,2025-06-19,2025-07-04,111433.56,20058.04,131491.6,Open
INV002482,O002943,2025-08-27,2025-09-11,23912.59,4304.27,28216.86,Partially Paid
INV002483,O001233,2025-07-05,2025-09-03,233207.16,41977.29,275184.45,Paid
INV002484,O000957,2026-06-02,2026-06-17,447597.41,80567.53,528164.94,Paid
INV002485,O002086,2025-11-21,2026-01-20,333.15,59.97,393.11,Open
INV002486,O000229,2025-01-06,2025-03-07,116933.62,21048.05,137981.67,Open
INV002487,O001691,2026-07-25,2026-08-24,4704.71,846.85,5551.56,Open
INV002488,O001864,2026-05-10,2026-07-09,35454.11,6381.74,41835.85,Paid
INV002489,O001058,2026-04-26,2026-05-11,54488.53,9807.94,64296.46,Partially Paid
INV002490,O000854,2025-05-14,2025-07-13,88051.21,15849.22,103900.43,Open
INV002491,O001712,2025-12-13,2026-01-12,63676.1,11461.7,75137.79,Partially Paid
INV002492,O000373,2026-02-02,2026-02-17,35486.62,6387.59,41874.21,Partially Paid
INV002493,O000039,2025-05-08,2025-07-07,34459.15,6202.65,40661.79,Paid
INV002494,O000980,2026-04-22,2026-05-22,94328.42,16979.12,111307.54,Paid
INV002495,O002339,2025-10-13,2025-12-12,45118.2,8121.28,53239.47,Paid
INV002496,O002507,2026-07-05,2026-07-20,341505.15,61470.93,402976.08,Paid
INV002497,O000414,2025-12-27,2026-01-26,45516.98,8193.06,53710.04,Paid
INV002498,O001634,2026-06-14,2026-06-29,243409.35,43813.68,287223.03,Open
INV002499,O001315,2025-06-12,2025-06-27,226890.05,40840.21,267730.25,Partially Paid
INV002500,O001681,2026-07-23,2026-09-06,35290.66,6352.32,41642.98,Paid
INV002501,O002764,2025-08-01,2025-09-15,451574.7,81283.45,532858.15,Partially Paid
INV002502,O000142,2025-05-13,2025-06-27,45016.46,8102.96,53119.42,Open
INV002503,O002605,2025-01-14,2025-02-13,42910.3,7723.85,50634.15,Open
INV002504,O000623,2025-03-24,2025-04-23,98241.14,17683.41,115924.55,Paid
INV002505,O002473,2025-05-22,2025-06-21,41861.97,7535.15,49397.12,Paid
INV002506,O002514,2026-08-25,2026-09-24,2830.61,509.51,3340.12,Open
INV002507,O001571,2025-04-24,2025-05-09,361454.72,65061.85,426516.57,Paid
INV002508,O000522,2025-01-13,2025-03-14,310417.12,55875.08,366292.21,Partially Paid
INV002509,O002401,2025-02-08,2025-03-25,321885.53,57939.39,379824.92,Open
INV002510,O000581,2026-04-24,2026-06-23,131216.33,23618.94,154835.26,Open
INV002511,O002087,2025-04-22,2025-06-06,251802.58,45324.46,297127.04,Open
INV002512,O002850,2025-02-11,2025-03-28,237551.49,42759.27,280310.76,Partially Paid
INV002513,O001439,2025-01-19,2025-02-03,26659,4798.62,31457.62,Open
INV002514,O001197,2025-04-04,2025-05-04,43885.54,7899.4,51784.94,Open
INV002515,O001066,2025-07-11,2025-07-26,354894.88,63881.08,418775.96,Paid
INV002516,O001328,2025-07-30,2025-09-13,398506.37,71731.15,470237.51,Open
INV002517,O000350,2025-12-08,2026-01-07,235984.99,42477.3,278462.29,Open
INV002518,O001286,2025-12-03,2025-12-18,214809.81,38665.77,253475.58,Partially Paid
INV002519,O002992,2026-05-20,2026-07-04,7924.78,1426.46,9351.24,Paid
INV002520,O002804,2026-01-25,2026-03-26,449589.32,80926.08,530515.39,Paid
INV002521,O001706,2025-07-18,2025-09-01,34690.99,6244.38,40935.36,Paid
INV002522,O002495,2025-04-14,2025-05-14,28263.33,5087.4,33350.73,Open
INV002523,O002350,2026-08-16,2026-10-15,149123.61,26842.25,175965.86,Paid
INV002524,O000390,2026-02-21,2026-03-08,215294.08,38752.93,254047.01,Paid
INV002525,O000631,2025-05-06,2025-06-05,26009.49,4681.71,30691.19,Partially Paid
INV002526,O001491,2025-01-20,2025-02-19,33828.36,6089.1,39917.46,Open
INV002527,O000131,2025-05-20,2025-07-19,47184.13,8493.14,55677.28,Paid
INV002528,O002126,2026-08-08,2026-10-07,227187.24,40893.7,268080.94,Partially Paid
INV002529,O002005,2025-07-26,2025-09-24,208758.35,37576.5,246334.85,Paid
INV002530,O002600,2026-01-27,2026-03-28,217455.35,39141.96,256597.31,Partially Paid
INV002531,O001902,2026-01-01,2026-03-02,82735.16,14892.33,97627.49,Paid
INV002532,O002930,2026-05-25,2026-07-24,10487.21,1887.7,12374.91,Partially Paid
INV002533,O001961,2026-05-11,2026-06-25,80126.8,14422.82,94549.62,Partially Paid
INV002534,O002104,2026-07-22,2026-09-20,433222.55,77980.06,511202.61,Paid
INV002535,O001688,2026-06-08,2026-08-07,62217.92,11199.23,73417.15,Paid
INV002536,O002508,2025-10-25,2025-11-09,177286.03,31911.49,209197.51,Open
INV002537,O001779,2025-12-01,2026-01-30,17110.22,3079.84,20190.06,Partially Paid
INV002538,O000038,2026-01-31,2026-03-02,208896.54,37601.38,246497.91,Open
INV002539,O001289,2026-06-30,2026-08-14,133273.57,23989.24,157262.81,Partially Paid
INV002540,O002898,2026-07-12,2026-09-10,92027.16,16564.89,108592.05,Partially Paid
INV002541,O002161,2025-04-08,2025-04-23,38358.95,6904.61,45263.56,Paid
INV002542,O002460,2025-01-06,2025-02-20,277092.79,49876.7,326969.49,Paid
INV002543,O001138,2025-10-12,2025-10-27,105397.44,18971.54,124368.98,Paid
INV002544,O000851,2026-02-14,2026-03-01,17294.74,3113.05,20407.79,Open
INV002545,O000274,2025-07-04,2025-09-02,11684.27,2103.17,13787.44,Partially Paid
INV002546,O002022,2025-06-26,2025-07-11,28242.69,5083.68,33326.37,Open
INV002547,O002611,2026-07-22,2026-09-05,116636.2,20994.52,137630.71,Paid
INV002548,O002751,2025-12-29,2026-01-28,24029.03,4325.23,28354.26,Open
INV002549,O001267,2026-07-06,2026-09-04,25847.34,4652.52,30499.86,Partially Paid
INV002550,O002846,2025-03-14,2025-03-29,357081.77,64274.72,421356.49,Partially Paid
INV002551,O002424,2025-01-18,2025-02-17,188013.78,33842.48,221856.26,Open
INV002552,O001029,2026-05-07,2026-06-21,34305.76,6175.04,40480.79,Open
INV002553,O001627,2025-06-07,2025-06-22,294654.9,53037.88,347692.78,Partially Paid
INV002554,O000026,2025-03-16,2025-03-31,286592.18,51586.59,338178.77,Partially Paid
INV002555,O002738,2025-10-05,2025-12-04,148241.63,26683.49,174925.13,Paid
INV002556,O000217,2025-04-29,2025-06-13,172026.88,30964.84,202991.72,Partially Paid
INV002557,O001957,2025-11-19,2026-01-18,65673.99,11821.32,77495.3,Open
INV002558,O001257,2025-12-23,2026-01-07,7799.59,1403.93,9203.52,Partially Paid
INV002559,O002184,2026-03-05,2026-05-04,12905.27,2322.95,15228.22,Paid
INV002560,O001872,2026-04-13,2026-06-12,170005.04,30600.91,200605.95,Open
INV002561,O001899,2025-05-31,2025-06-15,42951.75,7731.31,50683.06,Partially Paid
INV002562,O001620,2025-04-16,2025-06-15,12706.31,2287.14,14993.44,Paid
INV002563,O002527,2026-07-16,2026-07-31,131474.89,23665.48,155140.37,Partially Paid
INV002564,O002503,2026-04-21,2026-05-06,23522.07,4233.97,27756.04,Paid
INV002565,O002631,2025-01-15,2025-02-14,220258.52,39646.53,259905.05,Partially Paid
INV002566,O000449,2025-11-22,2025-12-07,162770.24,29298.64,192068.89,Open
INV002567,O001674,2025-05-14,2025-07-13,17261.53,3107.07,20368.6,Open
INV002568,O000550,2026-02-28,2026-04-29,230551.52,41499.27,272050.79,Open
INV002569,O001584,2025-10-09,2025-11-08,462030.09,83165.42,545195.5,Paid
INV002570,O000053,2026-05-15,2026-06-29,4949.92,890.99,5840.91,Open
INV002571,O001448,2025-12-22,2026-02-05,14301.87,2574.34,16876.2,Paid
INV002572,O000893,2026-05-01,2026-05-31,168127.39,30262.93,198390.32,Paid
INV002573,O002309,2026-01-25,2026-03-11,442528.71,79655.17,522183.88,Partially Paid
INV002574,O000700,2025-11-12,2026-01-11,46708.98,8407.62,55116.6,Paid
INV002575,O002980,2025-07-24,2025-08-23,10072.58,1813.06,11885.64,Open
INV002576,O002506,2025-11-16,2026-01-15,25870.29,4656.65,30526.94,Paid
INV002577,O000688,2026-06-24,2026-08-08,159859.13,28774.64,188633.77,Open
INV002578,O001177,2025-11-26,2025-12-11,16616,2990.88,19606.88,Open
INV002579,O000705,2025-07-24,2025-09-07,371130.81,66803.55,437934.36,Open
INV002580,O000919,2026-01-19,2026-03-20,465201.72,83736.31,548938.03,Partially Paid
INV002581,O001535,2026-06-13,2026-08-12,37717.8,6789.2,44507.01,Paid
INV002582,O000447,2025-04-13,2025-05-28,25610.09,4609.82,30219.91,Open
INV002583,O001768,2025-09-25,2025-11-09,104526.07,18814.69,123340.77,Paid
INV002584,O002569,2025-06-19,2025-07-04,106526.47,19174.77,125701.24,Partially Paid
INV002585,O001827,2025-06-29,2025-07-14,15542.58,2797.66,18340.25,Partially Paid
INV002586,O000779,2025-09-30,2025-11-14,1356.87,244.24,1601.1,Partially Paid
INV002587,O001144,2025-11-29,2025-12-14,238110.15,42859.83,280969.98,Paid
INV002588,O001601,2026-06-04,2026-07-19,211738.42,38112.92,249851.34,Partially Paid
INV002589,O002218,2026-05-13,2026-06-12,205641.71,37015.51,242657.22,Open
INV002590,O002529,2025-08-13,2025-08-28,108050.38,19449.07,127499.44,Paid
INV002591,O000814,2026-08-20,2026-09-19,31102.5,5598.45,36700.95,Paid
INV002592,O002684,2025-07-23,2025-09-06,81024.21,14584.36,95608.57,Paid
INV002593,O001686,2026-07-29,2026-08-28,35710.61,6427.91,42138.53,Partially Paid
INV002594,O002056,2026-04-04,2026-04-19,80272.68,14449.08,94721.76,Paid
INV002595,O001861,2026-01-11,2026-02-10,155893.19,28060.77,183953.97,Partially Paid
INV002596,O002914,2025-09-09,2025-10-24,17490.64,3148.31,20638.95,Partially Paid
INV002597,O001843,2025-09-16,2025-11-15,51092.67,9196.68,60289.35,Paid
INV002598,O001846,2025-10-16,2025-11-15,34696.54,6245.38,40941.92,Partially Paid
INV002599,O002671,2026-01-21,2026-02-05,44259.3,7966.67,52225.98,Open
INV002600,O002985,2026-06-28,2026-07-13,135957.06,24472.27,160429.33,Paid
INV002601,O000441,2025-10-07,2025-10-22,54140.48,9745.29,63885.77,Partially Paid
INV002602,O001089,2026-01-20,2026-03-06,95807.68,17245.38,113053.06,Open
INV002603,O001218,2025-01-04,2025-03-05,545908.85,98263.59,644172.44,Paid
INV002604,O001792,2026-08-13,2026-08-28,20299.06,3653.83,23952.89,Paid
INV002605,O002265,2025-08-28,2025-10-27,95496.03,17189.29,112685.31,Open
INV002606,O001937,2026-08-05,2026-09-04,179934.97,32388.29,212323.26,Partially Paid
INV002607,O002027,2026-01-12,2026-02-11,137875.46,24817.58,162693.05,Paid
INV002608,O001291,2026-01-19,2026-03-05,10709.79,1927.76,12637.55,Paid
INV002609,O002154,2026-08-29,2026-09-28,19232.88,3461.92,22694.8,Partially Paid
INV002610,O001481,2026-01-03,2026-01-18,15899.29,2861.87,18761.16,Paid
INV002611,O000569,2025-02-14,2025-03-31,700731.81,126131.73,826863.53,Open
INV002612,O000487,2026-04-08,2026-06-07,13689.71,2464.15,16153.85,Open
INV002613,O000926,2025-08-05,2025-09-04,107630.42,19373.48,127003.89,Partially Paid
INV002614,O002124,2025-05-04,2025-05-19,662179.95,119192.39,781372.34,Partially Paid
INV002615,O002155,2025-10-27,2025-12-26,32701.08,5886.2,38587.28,Partially Paid
INV002616,O000578,2025-04-13,2025-05-13,8471.9,1524.94,9996.84,Paid
INV002617,O001109,2026-04-09,2026-05-09,49043.68,8827.86,57871.54,Partially Paid
INV002618,O000809,2025-10-24,2025-12-23,21851.58,3933.28,25784.86,Open
INV002619,O000807,2026-08-14,2026-09-13,301626.23,54292.72,355918.95,Open
INV002620,O001748,2025-02-11,2025-04-12,115814.13,20846.54,136660.68,Partially Paid
INV002621,O002541,2025-05-24,2025-06-08,299676.72,53941.81,353618.54,Open
INV002622,O001349,2025-06-30,2025-08-14,374657.26,67438.31,442095.57,Open
INV002623,O001433,2026-05-16,2026-06-30,46726.28,8410.73,55137.01,Paid
INV002624,O002007,2025-01-10,2025-02-24,17684.96,3183.29,20868.26,Paid
INV002625,O002117,2025-04-06,2025-06-05,14510.13,2611.82,17121.96,Paid
INV002626,O001907,2026-06-08,2026-06-23,254821.19,45867.81,300689,Paid
INV002627,O000737,2025-07-09,2025-07-24,205260.26,36946.85,242207.11,Paid
INV002628,O001762,2025-12-08,2026-01-07,273223.93,49180.31,322404.23,Open
INV002629,O001847,2025-05-14,2025-06-28,29161.82,5249.13,34410.95,Paid
INV002630,O001299,2026-08-01,2026-09-15,925911.97,166664.16,1092576.13,Open
INV002631,O002534,2025-10-14,2025-11-28,88568.36,15942.3,104510.66,Open
INV002632,O002085,2026-04-09,2026-05-24,37797.88,6803.62,44601.5,Paid
INV002633,O001499,2026-07-11,2026-08-25,24957.95,4492.43,29450.38,Partially Paid
INV002634,O001354,2026-02-13,2026-03-15,55456.3,9982.13,65438.44,Paid
INV002635,O000215,2025-11-28,2026-01-27,77937.02,14028.66,91965.68,Open
INV002636,O001121,2025-11-05,2026-01-04,9766.38,1757.95,11524.33,Paid
INV002637,O000331,2025-06-11,2025-07-26,108734.26,19572.17,128306.42,Partially Paid
INV002638,O001891,2025-06-04,2025-07-19,239967.29,43194.11,283161.4,Partially Paid
INV002639,O001356,2025-08-21,2025-10-05,300668.39,54120.31,354788.7,Open
INV002640,O002689,2025-05-12,2025-06-26,129685.57,23343.4,153028.97,Paid
INV002641,O002841,2026-08-25,2026-09-09,215418.01,38775.24,254193.26,Partially Paid
INV002642,O002150,2026-08-15,2026-08-30,159815.38,28766.77,188582.15,Partially Paid
INV002643,O002984,2025-07-07,2025-07-22,25326.06,4558.69,29884.75,Partially Paid
INV002644,O001823,2026-03-28,2026-04-12,344909.18,62083.65,406992.84,Open
INV002645,O002411,2026-09-02,2026-10-02,32513.74,5852.47,38366.21,Open
INV002646,O002816,2025-07-04,2025-07-19,31139.78,5605.16,36744.94,Open
INV002647,O001198,2025-05-29,2025-06-28,139789.51,25162.11,164951.62,Partially Paid
INV002648,O000810,2026-01-06,2026-02-05,180579.15,32504.25,213083.4,Paid
INV002649,O001028,2026-04-26,2026-05-26,63093.81,11356.89,74450.7,Open
INV002650,O002906,2025-11-12,2025-12-27,18323.74,3298.27,21622.01,Paid
INV002651,O001932,2026-07-18,2026-08-17,36275.07,6529.51,42804.58,Paid
INV002652,O001654,2026-04-23,2026-05-23,155566.84,28002.03,183568.87,Paid
INV002653,O000070,2025-03-08,2025-04-07,307455.88,55342.06,362797.94,Paid
INV002654,O001060,2026-03-19,2026-05-18,36507.46,6571.34,43078.8,Paid
INV002655,O002724,2025-02-27,2025-04-28,154673.37,27841.21,182514.57,Partially Paid
INV002656,O000573,2026-08-16,2026-08-31,8381.05,1508.59,9889.64,Paid
INV002657,O001254,2025-06-03,2025-08-02,27333.64,4920.06,32253.69,Open
INV002658,O002908,2025-11-27,2026-01-11,4934.95,888.29,5823.24,Partially Paid
INV002659,O002243,2025-10-25,2025-12-09,193912.34,34904.22,228816.57,Open
INV002660,O001287,2025-08-11,2025-09-10,569508.73,102511.57,672020.3,Partially Paid
INV002661,O002737,2025-06-25,2025-07-10,247773.74,44599.27,292373.02,Open
INV002662,O002756,2026-08-03,2026-10-02,36680.02,6602.4,43282.42,Partially Paid
INV002663,O002509,2026-06-11,2026-06-26,165417.38,29775.13,195192.51,Paid
INV002664,O002821,2025-09-10,2025-10-10,965.51,173.79,1139.3,Paid
INV002665,O000273,2026-06-02,2026-08-01,15136.98,2724.66,17861.64,Open
INV002666,O002217,2025-05-08,2025-05-23,40622.42,7312.04,47934.46,Open
INV002667,O000296,2025-11-06,2025-12-21,164545.69,29618.22,194163.92,Partially Paid
INV002668,O000900,2025-10-04,2025-11-03,34634.19,6234.15,40868.35,Partially Paid
INV002669,O001546,2026-07-25,2026-09-23,63031.56,11345.68,74377.25,Partially Paid
INV002670,O001194,2025-07-12,2025-08-11,92541.53,16657.48,109199.01,Partially Paid
INV002671,O000743,2025-04-26,2025-06-10,282937.71,50928.79,333866.49,Paid
INV002672,O001635,2025-09-01,2025-10-31,26691.4,4804.45,31495.85,Partially Paid
INV002673,O000514,2025-06-09,2025-06-24,105011.46,18902.06,123913.52,Paid
INV002674,O001306,2025-04-01,2025-04-16,49251.83,8865.33,58117.16,Open
INV002675,O002125,2025-03-13,2025-04-12,1054.37,189.79,1244.15,Paid
INV002676,O002245,2025-10-17,2025-12-16,40182.57,7232.86,47415.43,Open
INV002677,O002962,2025-10-14,2025-10-29,555456.58,99982.18,655438.76,Paid
INV002678,O002254,2025-06-16,2025-08-15,314475.56,56605.6,371081.16,Paid
INV002679,O001996,2025-06-26,2025-08-10,129820.51,23367.69,153188.21,Partially Paid
INV002680,O000132,2025-10-30,2025-12-29,55256.95,9946.25,65203.21,Open
INV002681,O002250,2025-03-23,2025-04-07,95529.64,17195.33,112724.97,Open
INV002682,O002002,2026-06-23,2026-08-07,42281.97,7610.75,49892.72,Partially Paid
INV002683,O000047,2025-09-15,2025-10-15,107177.63,19291.97,126469.61,Partially Paid
INV002684,O000927,2025-12-05,2026-01-19,35643.27,6415.79,42059.06,Open
INV002685,O002987,2025-08-24,2025-10-23,117451.38,21141.25,138592.63,Paid
INV002686,O002944,2025-08-03,2025-09-02,57977.24,10435.9,68413.14,Open
INV002687,O000617,2025-01-29,2025-02-13,26474.29,4765.37,31239.66,Partially Paid
INV002688,O000062,2026-01-13,2026-01-28,97353.31,17523.6,114876.91,Open
INV002689,O000161,2025-01-08,2025-02-07,41375.94,7447.67,48823.61,Partially Paid
INV002690,O000174,2025-10-10,2025-11-09,8649.03,1556.82,10205.85,Open
INV002691,O001211,2025-07-03,2025-08-17,473614.57,85250.62,558865.19,Open
INV002692,O000786,2026-05-29,2026-07-28,33468.33,6024.3,39492.63,Partially Paid
INV002693,O002909,2025-12-07,2025-12-22,32869.33,5916.48,38785.81,Paid
INV002694,O000363,2026-04-12,2026-05-12,199793.39,35962.81,235756.2,Paid
INV002695,O001334,2025-02-16,2025-03-18,29165.93,5249.87,34415.79,Paid
INV002696,O002982,2025-08-21,2025-09-20,327457.84,58942.41,386400.25,Open
INV002697,O000727,2025-06-28,2025-08-12,257164.28,46289.57,303453.85,Open
INV002698,O002767,2025-05-01,2025-05-16,104081.78,18734.72,122816.5,Paid
INV002699,O001476,2026-07-19,2026-08-03,19852.8,3573.5,23426.3,Partially Paid
INV002700,O001886,2025-11-20,2025-12-20,129714.42,23348.6,153063.02,Open
INV002701,O001544,2025-01-09,2025-03-10,46234.26,8322.17,54556.43,Paid
INV002702,O002060,2025-09-06,2025-09-21,14759.12,2656.64,17415.76,Paid
INV002703,O001800,2025-10-31,2025-11-15,439834.09,79170.14,519004.22,Partially Paid
INV002704,O000420,2025-10-12,2025-10-27,47345.57,8522.2,55867.77,Open
INV002705,O000396,2025-11-05,2025-11-20,101756.77,18316.22,120072.99,Paid
INV002706,O000008,2026-01-07,2026-01-22,29241.65,5263.5,34505.15,Paid
INV002707,O002397,2025-11-15,2026-01-14,48018.37,8643.31,56661.68,Paid
INV002708,O002183,2026-02-05,2026-03-22,152359.62,27424.73,179784.36,Paid
INV002709,O001015,2025-01-30,2025-03-01,455283.34,81951,537234.34,Open
INV002710,O001888,2026-02-12,2026-03-29,112472.22,20245,132717.22,Paid
INV002711,O000314,2025-06-14,2025-08-13,445257.71,80146.39,525404.09,Partially Paid
INV002712,O000237,2025-04-27,2025-05-12,82945.76,14930.24,97876,Open
INV002713,O002685,2025-10-15,2025-11-14,620537.89,111696.82,732234.71,Open
INV002714,O001492,2025-03-26,2025-04-25,343927.38,61906.93,405834.31,Open
INV002715,O001210,2025-11-22,2026-01-21,193548.76,34838.78,228387.53,Partially Paid
INV002716,O002579,2025-09-18,2025-10-18,21479.16,3866.25,25345.4,Paid
INV002717,O000746,2026-08-24,2026-09-08,49444.34,8899.98,58344.32,Open
INV002718,O002057,2025-12-11,2026-02-09,155513.22,27992.38,183505.6,Paid
INV002719,O002938,2026-03-17,2026-04-01,23167.99,4170.24,27338.23,Paid
INV002720,O001835,2025-10-02,2025-11-01,49875.61,8977.61,58853.22,Paid
INV002721,O002400,2026-08-13,2026-08-28,51906.96,9343.25,61250.21,Open
INV002722,O001442,2025-05-28,2025-07-27,85602.12,15408.38,101010.5,Paid
INV002723,O002834,2025-04-06,2025-05-21,16120.55,2901.7,19022.25,Paid
INV002724,O001993,2026-08-09,2026-09-23,365525.12,65794.52,431319.64,Paid
INV002725,O002231,2025-11-03,2026-01-02,39034.19,7026.15,46060.34,Open
INV002726,O000486,2025-08-25,2025-10-09,312034.68,56166.24,368200.92,Open
INV002727,O002477,2026-08-25,2026-10-09,34789.27,6262.07,41051.33,Paid
INV002728,O002700,2025-11-06,2026-01-05,46576.93,8383.85,54960.78,Open
INV002729,O001246,2026-01-20,2026-02-04,32633.69,5874.07,38507.76,Paid
INV002730,O000404,2025-05-03,2025-07-02,128242.12,23083.58,151325.7,Partially Paid
INV002731,O001672,2026-08-25,2026-09-09,11246.05,2024.29,13270.34,Paid
INV002732,O000252,2026-02-09,2026-04-10,45083.59,8115.05,53198.64,Paid
INV002733,O000323,2026-06-03,2026-07-18,462381.68,83228.7,545610.38,Open
INV002734,O001500,2025-09-04,2025-10-19,1198.23,215.68,1413.92,Paid
INV002735,O002498,2025-07-08,2025-09-06,237604.56,42768.82,280373.38,Paid
INV002736,O000714,2025-03-09,2025-04-08,39288.01,7071.84,46359.85,Paid
INV002737,O001884,2026-04-27,2026-06-26,330615.53,59510.8,390126.32,Partially Paid
INV002738,O002317,2025-08-20,2025-09-04,12072.32,2173.02,14245.33,Partially Paid
INV002739,O000133,2026-06-15,2026-06-30,587883.06,105818.95,693702.01,Open
INV002740,O000543,2025-12-27,2026-01-11,255521.56,45993.88,301515.44,Paid
INV002741,O001853,2026-07-11,2026-08-10,265995.73,47879.23,313874.96,Paid
INV002742,O002170,2025-01-26,2025-02-10,21807.57,3925.36,25732.94,Paid
INV002743,O001391,2025-09-08,2025-11-07,31736.18,5712.51,37448.69,Paid
INV002744,O000516,2025-07-01,2025-07-31,239424.3,43096.37,282520.67,Paid
INV002745,O001192,2025-07-17,2025-08-31,473700.15,85266.03,558966.17,Open
INV002746,O000453,2025-12-29,2026-01-28,454789.8,81862.16,536651.96,Open
INV002747,O000531,2025-07-07,2025-07-22,37141.26,6685.43,43826.69,Open
INV002748,O000914,2026-03-31,2026-05-15,9338.28,1680.89,11019.18,Partially Paid
INV002749,O000311,2025-11-13,2026-01-12,20253.3,3645.59,23898.89,Open
INV002750,O002481,2025-06-27,2025-07-27,7613.54,1370.44,8983.98,Open
