Order_ID,Order_Date,Customer_ID,Employee_ID,Region_ID,Order_Status,Order_Channel
O000001,2026-06-11,C00297,E0020,R001,Delivered,Direct Sales
O000002,2026-07-11,C00097,E0040,R005,Delivered,Marketplace
O000003,2025-04-09,C00309,E0019,R002,Processing,Marketplace
O000004,2026-06-15,C00148,E0001,R002,Delivered,Marketplace
O000005,2025-06-16,C00497,E0028,R006,Delivered,Direct Sales
O000006,2025-07-12,C00159,E0034,R001,Processing,Online
O000007,2025-04-30,C00428,E0031,R001,Delivered,Online
O000008,2026-01-07,C00492,E0024,R002,Delivered,Distributor
O000009,2025-11-08,C00536,E0023,R004,Delivered,Online
O000010,2025-08-21,C00228,E0010,R004,Delivered,Direct Sales
O000011,2026-03-12,C00215,E0010,R004,Delivered,Online
O000012,2025-02-13,C00020,E0032,R001,Delivered,Online
O000013,2026-04-26,C00034,E0034,R001,Delivered,Marketplace
O000014,2025-01-11,C00045,E0005,R005,Delivered,Online
O000015,2025-07-09,C00211,E0039,R005,Delivered,Online
O000016,2026-08-17,C00093,E0011,R008,Delivered,Marketplace
O000017,2026-06-02,C00165,E0034,R001,Cancelled,Online
O000018,2026-06-26,C00102,E0039,R005,Delivered,Direct Sales
O000019,2025-04-12,C00289,E0012,R004,Delivered,Distributor
O000020,2026-03-27,C00376,E0039,R005,Delivered,Direct Sales
O000021,2025-08-08,C00364,E0026,R006,Processing,Direct Sales
O000022,2025-05-07,C00418,E0009,R002,Shipped,Online
O000024,2025-04-29,C00085,E0022,R003,Delivered,Marketplace
O000025,2026-03-31,C00468,E0040,R005,Delivered,Distributor
O000026,2025-03-13,C00298,E0029,R006,Shipped,Marketplace
O000027,2025-04-18,C00184,E0001,R002,Delivered,Distributor
O000028,2025-05-27,C00536,E0006,R002,Delivered,Distributor
O000029,2026-01-08,C00105,E0012,R004,Delivered,Marketplace
O000030,2025-05-06,C00206,E0040,R005,Delivered,Distributor
O000031,2026-02-14,C00512,E0019,R002,Delivered,Distributor
O000032,2025-05-31,C00415,E0033,R008,Shipped,Online
O000033,2026-05-25,C00126,E0018,R003,Delivered,Direct Sales
O000034,2025-03-11,C00031,E0007,R002,Shipped,Online
O000035,2025-06-06,C00184,E0026,R006,Delivered,Online
O000036,2026-04-23,C00079,E0035,R002,Delivered,Marketplace
O000037,2026-07-10,C00510,E0033,R008,Delivered,Online
O000038,2026-01-28,C00033,E0029,R006,Shipped,Marketplace
O000039,2025-02-06,C00386,E0030,R003,Delivered,Direct Sales
O000040,2026-05-19,C00571,E0021,R001,Delivered,Direct Sales
O000041,2025-04-23,C00320,E0026,R006,Cancelled,Distributor
O000042,2026-05-03,C00568,E0036,R004,Processing,Direct Sales
O000043,2025-09-27,C00519,E0004,R008,Shipped,Distributor
O000044,2025-03-04,C00362,E0020,R001,Delivered,Online
O000045,2026-08-21,C00132,E0025,R004,Delivered,Marketplace
O000046,2025-12-20,C00390,E0007,R002,Delivered,Distributor
O000047,2025-09-11,C00360,E0004,R008,Delivered,Marketplace
O000048,2025-04-28,C00087,E0005,R005,Delivered,Direct Sales
O000049,2025-02-08,C00021,E0036,R004,Shipped,Distributor
O000050,2025-10-01,C00582,E0034,R001,Delivered,Distributor
O000051,2026-08-08,C00023,E0022,R003,Delivered,Marketplace
O000052,2025-04-13,C00587,E0007,R002,Delivered,Marketplace
O000053,2025-06-20,C00509,E0034,R001,Cancelled,Marketplace
O000054,2026-05-24,C00373,E0029,R006,Delivered,Direct Sales
O000055,2025-11-01,C00295,E0018,R003,Cancelled,Distributor
O000056,2026-08-16,C00232,E0041,R002,Delivered,Marketplace
O000057,2026-03-14,C00280,E0005,R005,Delivered,Marketplace
O000058,2026-03-20,C00079,E0021,R001,Processing,Marketplace
O000059,2025-09-15,C00205,E0028,R006,Cancelled,Distributor
O000060,2026-06-13,C00561,E0013,R004,Delivered,Distributor
O000061,2026-06-30,C00219,E0031,R001,Cancelled,Distributor
O000062,2026-01-09,C00580,E0004,R008,Shipped,Direct Sales
O000063,2026-03-22,C00247,E0011,R008,Delivered,Marketplace
O000064,2025-10-01,C00066,E0015,R008,Delivered,Direct Sales
O000065,2026-02-20,C00263,E0040,R005,Delivered,Online
O000066,2025-09-09,C00154,E0014,R005,Delivered,Distributor
O000067,2026-03-09,C00498,E0037,R004,Delivered,Direct Sales
O000068,2025-01-30,C00164,E0019,R002,Delivered,Marketplace
O000069,2026-05-13,C00564,E0013,R004,Delivered,Online
O000070,2025-03-07,C00086,E0022,R003,Delivered,Marketplace
O000071,2025-08-30,C00093,E0027,R008,Delivered,Online
O000072,2026-05-24,C00535,E0039,R005,Delivered,Direct Sales
O000073,2026-08-22,C00126,E0022,R003,Delivered,Direct Sales
O000074,2025-04-20,C00434,E0015,R008,Delivered,Direct Sales
O000075,2025-09-18,C00282,E0030,R003,Cancelled,Online
O000076,2025-04-26,C00503,E0036,R004,Delivered,Distributor
O000077,2025-05-29,C00487,E0017,R002,Delivered,Distributor
O000079,2025-11-13,C00260,E0037,R004,Delivered,Online
O000080,2026-02-02,C00548,E0017,R002,Delivered,Distributor
O000081,2025-08-30,C00262,E0021,R001,Delivered,Direct Sales
O000082,2026-02-21,C00165,E0030,R003,Delivered,Marketplace
O000083,2026-02-27,C00083,E0033,R008,Delivered,Distributor
O000084,2026-06-03,C00103,E0012,R004,Delivered,Marketplace
O000085,2026-04-10,C00431,E0040,R005,Delivered,Online
O000086,2025-01-04,C00189,E0030,R003,Delivered,Direct Sales
O000087,2025-04-24,C00313,E0022,R003,Delivered,Direct Sales
O000088,2025-11-24,C00529,E0010,R004,Shipped,Distributor
O000089,2026-08-31,C00137,E0018,R003,Delivered,Marketplace
O000090,2026-01-12,C00204,E0006,R002,Delivered,Distributor
O000091,2025-01-22,C00387,E0038,R002,Delivered,Direct Sales
O000092,2025-09-26,C00092,E0031,R001,Delivered,Online
O000093,2025-09-24,C00411,E0041,R002,Delivered,Online
O000094,2025-01-15,C00377,E0012,R004,Processing,Distributor
O000095,2025-08-18,C00465,E0033,R008,Delivered,Direct Sales
O000096,2026-01-27,C00273,E0020,R001,Delivered,Distributor
O000097,2025-10-17,C00212,E0040,R005,Delivered,Distributor
O000098,2025-01-30,C00185,E0028,R006,Delivered,Marketplace
O000099,2025-09-12,C00242,E0041,R002,Delivered,Distributor
O000100,2025-05-17,C00088,E0001,R002,Delivered,Distributor
O000101,2025-09-20,C00218,E0026,R006,Delivered,Online
O000103,2025-01-06,C00363,E0040,R005,Delivered,Distributor
O000104,2025-05-16,C00310,E0027,R008,Processing,Online
O000105,2025-06-23,C00595,E0013,R004,Processing,Distributor
O000106,2025-04-02,C00348,E0031,R001,Delivered,Distributor
O000107,2025-11-17,C00146,E0018,R003,Delivered,Direct Sales
O000108,2026-03-17,C00512,E0019,R002,Delivered,Marketplace
O000109,2026-03-23,C00271,E0035,R002,Delivered,Marketplace
O000110,2025-02-24,C00504,E0011,R008,Delivered,Direct Sales
O000111,2025-02-06,C00056,E0016,R002,Shipped,Marketplace
O000112,2025-04-29,C00168,E0031,R001,Shipped,Online
O000113,2026-04-14,C00453,E0024,R002,Shipped,Online
O000114,2025-04-06,C00152,E0009,R002,Delivered,Marketplace
O000115,2026-07-31,C00185,E0012,R004,Cancelled,Direct Sales
O000116,2026-03-03,C00598,E0001,R002,Delivered,Direct Sales
O000117,2025-01-27,C00511,E0007,R002,Delivered,Online
O000118,2025-11-28,C00404,E0025,R004,Delivered,Online
O000119,2026-04-10,C00084,E0031,R001,Delivered,Online
O000120,2025-11-29,C00338,E0003,R001,Cancelled,Direct Sales
O000121,2025-11-27,C00217,E0004,R008,Delivered,Online
O000122,2025-04-05,C00561,E0040,R005,Delivered,Marketplace
O000123,2025-04-02,C00183,E0017,R002,Delivered,Direct Sales
O000124,2025-10-19,C00167,E0026,R006,Delivered,Online
O000125,2025-11-14,C00306,E0033,R008,Cancelled,Direct Sales
O000126,2026-06-09,C00368,E0007,R002,Delivered,Distributor
O000127,2025-10-02,C00457,E0026,R006,Cancelled,Distributor
O000128,2025-07-10,C00093,E0029,R006,Delivered,Distributor
O000129,2026-04-20,C00096,E0003,R001,Delivered,Direct Sales
O000130,2025-10-25,C00508,E0035,R002,Shipped,Distributor
O000132,2025-10-30,C00255,E0035,R002,Cancelled,Online
O000133,2026-06-10,C00565,E0005,R005,Delivered,Distributor
O000134,2026-08-06,C00423,E0007,R002,Delivered,Marketplace
O000135,2026-05-31,C00261,E0039,R005,Delivered,Online
O000136,2026-02-07,C00474,E0013,R004,Delivered,Online
O000137,2026-08-25,C00427,E0021,R001,Shipped,Distributor
O000138,2025-08-05,C00272,E0023,R004,Delivered,Online
O000139,2026-07-02,C00266,E0007,R002,Delivered,Online
O000140,2025-06-25,C00405,E0009,R002,Shipped,Distributor
O000141,2025-11-07,C00415,E0040,R005,Cancelled,Marketplace
O000142,2025-05-09,C00405,E0021,R001,Delivered,Online
O000143,2025-07-12,C00196,E0009,R002,Delivered,Direct Sales
O000144,2026-03-23,C00493,E0011,R008,Processing,Direct Sales
O000145,2025-06-01,C00089,E0021,R001,Shipped,Distributor
O000146,2025-06-06,C00023,E0009,R002,Shipped,Distributor
O000147,2026-08-23,C00483,E0002,R002,Delivered,Direct Sales
O000148,2025-02-22,C00302,E0038,R002,Delivered,Online
O000149,2026-05-23,C00106,E0029,R006,Cancelled,Marketplace
O000150,2026-05-13,C00038,E0033,R008,Processing,Distributor
O000151,2026-03-09,C00238,E0004,R008,Cancelled,Marketplace
O000152,2026-03-04,C00567,E0005,R005,Shipped,Online
O000153,2026-04-05,C00507,E0041,R002,Delivered,Online
O000154,2026-04-26,C00166,E0020,R001,Delivered,Distributor
O000155,2026-08-25,C00238,E0034,R001,Delivered,Distributor
O000156,2026-03-03,C00135,E0020,R001,Delivered,Distributor
O000157,2025-10-17,C00166,E0041,R002,Delivered,Distributor
O000158,2025-06-10,C00133,E0013,R004,Cancelled,Distributor
O000159,2025-11-07,C00104,E0028,R006,Delivered,Direct Sales
O000160,2026-01-03,C00571,E0004,R008,Delivered,Marketplace
O000161,2025-03-07,C00163,E0013,R004,Delivered,Distributor
O000162,2025-05-04,C00117,E0041,R002,Processing,Direct Sales
O000163,2025-12-30,C00499,E0018,R003,Delivered,Marketplace
O000164,2025-02-21,C00155,E0034,R001,Shipped,Distributor
O000165,2026-07-30,C00114,E0007,R002,Delivered,Online
O000166,2026-01-06,C00172,E0009,R002,Delivered,Marketplace
O000167,2025-04-12,C00453,E0034,R001,Delivered,Marketplace
O000168,2025-07-26,C00343,E0010,R004,Shipped,Distributor
O000169,2025-12-16,C00007,E0017,R002,Delivered,Direct Sales
O000170,2026-03-01,C00088,E0019,R002,Delivered,Direct Sales
O000171,2025-08-22,C00156,E0035,R002,Delivered,Distributor
O000172,2026-06-13,C00424,E0028,R006,Delivered,Online
O000173,2026-06-14,C00454,E0011,R008,Delivered,Online
O000174,2025-06-18,C00347,E0022,R003,Delivered,Online
O000175,2026-08-12,C00403,E0003,R001,Delivered,Marketplace
O000176,2025-11-18,C00430,E0027,R008,Delivered,Online
O000177,2026-02-18,C00287,E0035,R002,Shipped,Direct Sales
O000178,2025-12-20,C00558,E0041,R002,Delivered,Direct Sales
O000179,2026-07-05,C00309,E0006,R002,Delivered,Distributor
O000180,2025-08-07,C00130,E0035,R002,Delivered,Marketplace
O000181,2025-01-24,C00534,E0023,R004,Delivered,Marketplace
O000182,2026-06-02,C00248,E0021,R001,Delivered,Online
O000183,2025-05-07,C00382,E0018,R003,Delivered,Online
O000184,2026-04-10,C00460,E0021,R001,Delivered,Direct Sales
O000185,2025-12-25,C00596,E0038,R002,Delivered,Marketplace
O000186,2026-06-17,C00587,E0010,R004,Delivered,Online
O000187,2026-01-05,C00336,E0035,R002,Shipped,Online
O000188,2025-03-25,C00151,E0029,R006,Delivered,Online
O000189,2025-08-08,C00436,E0010,R004,Shipped,Online
O000190,2026-08-26,C00379,E0035,R002,Processing,Distributor
O000191,2026-03-10,C00271,E0039,R005,Shipped,Distributor
O000192,2026-06-02,C00427,E0012,R004,Delivered,Distributor
O000193,2025-08-06,C00469,E0010,R004,Shipped,Distributor
O000194,2025-05-02,C00034,E0012,R004,Cancelled,Distributor
O000195,2026-08-09,C00113,E0009,R002,Delivered,Online
O000196,2026-01-16,C00536,E0011,R008,Delivered,Marketplace
O000197,2025-01-29,C00311,E0020,R001,Delivered,Direct Sales
O000198,2025-10-18,C00432,E0004,R008,Delivered,Direct Sales
O000199,2026-07-15,C00501,E0001,R002,Delivered,Online
O000200,2026-08-10,C00046,E0028,R006,Delivered,Distributor
O000201,2025-05-16,C00346,E0026,R006,Delivered,Distributor
O000202,2025-11-30,C00461,E0030,R003,Delivered,Distributor
O000203,2025-12-14,C00397,E0016,R002,Processing,Online
O000204,2025-06-19,C00454,E0019,R002,Delivered,Marketplace
O000205,2025-07-17,C00575,E0009,R002,Cancelled,Online
O000206,2026-05-03,C00584,E0035,R002,Processing,Online
O000207,2025-01-20,C00124,E0036,R004,Delivered,Direct Sales
O000208,2025-03-28,C00252,E0039,R005,Processing,Marketplace
O000209,2026-05-19,C00412,E0039,R005,Delivered,Marketplace
O000210,2025-01-25,C00448,E0013,R004,Processing,Marketplace
O000211,2025-04-28,C00392,E0018,R003,Delivered,Direct Sales
O000212,2025-09-19,C00293,E0011,R008,Delivered,Direct Sales
O000213,2025-03-02,C00315,E0028,R006,Cancelled,Marketplace
O000214,2025-11-02,C00186,E0002,R002,Delivered,Online
O000215,2025-11-28,C00328,E0011,R008,Delivered,Distributor
O000216,2025-09-03,C00124,E0004,R008,Cancelled,Direct Sales
O000217,2025-04-28,C00505,E0034,R001,Delivered,Online
O000218,2025-03-09,C00326,E0031,R001,Shipped,Online
O000219,2025-10-03,C00418,E0016,R002,Processing,Online
O000220,2025-11-08,C00253,E0037,R004,Cancelled,Distributor
O000221,2025-05-26,C00457,E0006,R002,Delivered,Direct Sales
O000222,2026-07-23,C00252,E0036,R004,Shipped,Online
O000223,2025-06-21,C00002,E0031,R001,Delivered,Online
O000224,2026-01-25,C00494,E0019,R002,Delivered,Direct Sales
O000225,2025-02-16,C00600,E0034,R001,Delivered,Online
O000226,2025-05-06,C00308,E0006,R002,Delivered,Marketplace
O000227,2025-12-17,C00443,E0015,R008,Delivered,Distributor
O000228,2025-12-16,C00280,E0017,R002,Delivered,Distributor
O000229,2025-01-03,C00337,E0002,R002,Cancelled,Distributor
O000230,2026-02-28,C00005,E0001,R002,Processing,Distributor
O000231,2025-03-21,C00403,E0036,R004,Processing,Online
O000232,2026-01-21,C00456,E0009,R002,Cancelled,Marketplace
O000233,2025-05-08,C00397,E0013,R004,Shipped,Marketplace
O000234,2025-08-15,C00198,E0030,R003,Delivered,Marketplace
O000235,2025-11-07,C00367,E0014,R005,Delivered,Direct Sales
O000236,2025-10-15,C00506,E0025,R004,Shipped,Direct Sales
O000237,2025-04-24,C00008,E0014,R005,Delivered,Distributor
O000238,2026-08-03,C00175,E0037,R004,Cancelled,Direct Sales
O000239,2025-03-08,C00067,E0039,R005,Delivered,Marketplace
O000240,2025-07-16,C00584,E0016,R002,Delivered,Marketplace
O000241,2026-03-14,C00574,E0031,R001,Delivered,Marketplace
O000242,2025-05-05,C00443,E0028,R006,Processing,Distributor
O000243,2025-08-18,C00508,E0025,R004,Delivered,Marketplace
O000244,2025-11-20,C00431,E0036,R004,Delivered,Distributor
O000245,2026-08-09,C00200,E0023,R004,Delivered,Direct Sales
O000246,2025-07-21,C00434,E0005,R005,Delivered,Marketplace
O000247,2025-01-29,C00319,E0005,R005,Shipped,Distributor
O000248,2025-09-14,C00025,E0039,R005,Delivered,Online
O000249,2025-02-25,C00485,E0017,R002,Delivered,Direct Sales
O000250,2025-04-08,C00075,E0040,R005,Shipped,Online
O000251,2026-01-22,C00088,E0004,R008,Delivered,Online
O000252,2025-02-26,C00131,E0004,R008,Delivered,Distributor
O000253,2026-07-27,C00068,E0007,R002,Delivered,Marketplace
O000254,2026-02-25,C00391,E0027,R008,Delivered,Online
O000255,2026-03-15,C00465,E0026,R006,Cancelled,Online
O000256,2026-06-14,C00348,E0002,R002,Delivered,Direct Sales
O000257,2025-03-11,C00111,E0007,R002,Cancelled,Direct Sales
O000258,2025-12-30,C00587,E0010,R004,Delivered,Distributor
O000259,2025-05-21,C00456,E0013,R004,Delivered,Online
O000260,2026-06-10,C00131,E0021,R001,Delivered,Marketplace
O000261,2025-05-31,C00598,E0036,R004,Shipped,Marketplace
O000262,2025-01-09,C00352,E0020,R001,Processing,Direct Sales
O000263,2026-03-09,C00059,E0017,R002,Delivered,Direct Sales
O000264,2025-12-16,C00206,E0014,R005,Delivered,Distributor
O000265,2026-08-16,C00479,E0040,R005,Cancelled,Marketplace
O000266,2025-06-16,C00307,E0028,R006,Delivered,Distributor
O000267,2025-01-04,C00044,E0033,R008,Delivered,Direct Sales
O000268,2025-09-02,C00478,E0041,R002,Shipped,Marketplace
O000269,2025-07-08,C00385,E0015,R008,Delivered,Marketplace
O000270,2025-01-31,C00011,E0005,R005,Processing,Online
O000271,2025-07-19,C00146,E0020,R001,Cancelled,Marketplace
O000272,2025-07-22,C00045,E0002,R002,Delivered,Direct Sales
O000273,2025-12-14,C00225,E0018,R003,Processing,Direct Sales
O000274,2025-06-30,C00183,E0014,R005,Delivered,Online
O000275,2025-04-24,C00022,E0010,R004,Delivered,Direct Sales
O000276,2026-01-14,C00313,E0031,R001,Delivered,Direct Sales
O000277,2025-03-08,C00540,E0041,R002,Delivered,Direct Sales
O000278,2026-06-30,C00134,E0014,R005,Delivered,Marketplace
O000279,2025-09-08,C00326,E0040,R005,Delivered,Direct Sales
O000280,2025-12-02,C00549,E0020,R001,Delivered,Online
O000281,2025-08-03,C00287,E0010,R004,Delivered,Distributor
O000282,2026-06-06,C00067,E0012,R004,Delivered,Distributor
O000283,2025-11-26,C00532,E0031,R001,Delivered,Distributor
O000284,2026-08-19,C00507,E0032,R001,Delivered,Online
O000285,2026-04-08,C00213,E0016,R002,Delivered,Distributor
O000286,2026-01-22,C00224,E0021,R001,Cancelled,Direct Sales
O000287,2025-05-18,C00384,E0018,R003,Delivered,Marketplace
O000288,2025-08-24,C00456,E0035,R002,Cancelled,Online
O000289,2026-03-13,C00477,E0034,R001,Shipped,Distributor
O000290,2026-05-25,C00443,E0028,R006,Delivered,Marketplace
O000291,2026-03-29,C00392,E0002,R002,Delivered,Marketplace
O000292,2025-10-29,C00078,E0024,R002,Processing,Online
O000293,2025-05-02,C00284,E0016,R002,Delivered,Marketplace
O000294,2025-12-08,C00040,E0036,R004,Delivered,Marketplace
O000295,2025-07-15,C00257,E0021,R001,Cancelled,Direct Sales
O000296,2025-11-03,C00557,E0018,R003,Delivered,Marketplace
O000297,2026-04-29,C00414,E0027,R008,Processing,Direct Sales
O000298,2025-08-03,C00408,E0016,R002,Shipped,Direct Sales
O000299,2026-04-18,C00529,E0039,R005,Delivered,Online
O000300,2026-03-04,C00321,E0014,R005,Delivered,Distributor
O000301,2026-01-19,C00461,E0037,R004,Delivered,Direct Sales
O000302,2025-12-30,C00313,E0001,R002,Delivered,Direct Sales
O000303,2026-07-05,C00430,E0029,R006,Delivered,Marketplace
O000304,2025-05-23,C00024,E0038,R002,Delivered,Marketplace
O000305,2026-01-26,C00582,E0040,R005,Delivered,Distributor
O000306,2025-07-12,C00066,E0036,R004,Shipped,Online
O000307,2025-11-08,C00337,E0038,R002,Delivered,Direct Sales
O000308,2025-02-02,C00107,E0037,R004,Cancelled,Distributor
O000309,2025-03-13,C00028,E0013,R004,Delivered,Marketplace
O000310,2026-06-21,C00211,E0016,R002,Delivered,Distributor
O000311,2025-06-25,C00059,E0025,R004,Delivered,Distributor
O000312,2025-05-13,C00401,E0012,R004,Processing,Distributor
O000313,2025-07-31,C00490,E0005,R005,Delivered,Direct Sales
O000314,2025-06-12,C00318,E0029,R006,Cancelled,Marketplace
O000315,2025-10-10,C00208,E0034,R001,Delivered,Online
O000316,2026-02-13,C00147,E0030,R003,Cancelled,Direct Sales
O000317,2026-04-17,C00539,E0023,R004,Shipped,Online
O000318,2025-12-22,C00094,E0020,R001,Delivered,Distributor
O000319,2025-07-03,C00180,E0028,R006,Cancelled,Distributor
O000320,2026-08-06,C00469,E0026,R006,Delivered,Distributor
O000321,2025-10-08,C00045,E0017,R002,Processing,Marketplace
O000322,2026-02-26,C00069,E0015,R008,Processing,Online
O000323,2026-06-01,C00378,E0005,R005,Delivered,Distributor
O000324,2025-08-01,C00462,E0012,R004,Processing,Online
O000325,2026-04-18,C00474,E0002,R002,Delivered,Marketplace
O000326,2025-02-08,C00409,E0014,R005,Delivered,Marketplace
O000327,2026-04-21,C00118,E0010,R004,Shipped,Distributor
O000328,2026-03-25,C00070,E0006,R002,Delivered,Distributor
O000329,2025-01-19,C00286,E0012,R004,Cancelled,Online
O000330,2026-07-02,C00182,E0020,R001,Delivered,Direct Sales
O000331,2025-06-07,C00080,E0001,R002,Shipped,Marketplace
O000332,2026-06-30,C00183,E0015,R008,Delivered,Distributor
O000333,2026-02-04,C00049,E0035,R002,Delivered,Distributor
O000334,2025-02-19,C00054,E0040,R005,Delivered,Direct Sales
O000335,2025-07-24,C00256,E0025,R004,Delivered,Online
O000336,2025-12-12,C00432,E0002,R002,Delivered,Online
O000337,2025-06-21,C00226,E0007,R002,Delivered,Distributor
O000338,2025-11-27,C00525,E0007,R002,Processing,Direct Sales
O000339,2026-03-15,C00213,E0036,R004,Delivered,Direct Sales
O000340,2025-11-28,C00219,E0007,R002,Delivered,Online
O000341,2026-02-03,C00412,E0022,R003,Delivered,Distributor
O000342,2026-01-13,C00226,E0005,R005,Delivered,Online
O000343,2026-05-27,C00224,E0028,R006,Delivered,Direct Sales
O000344,2026-02-02,C00258,E0007,R002,Delivered,Marketplace
O000345,2025-03-11,C00180,E0022,R003,Delivered,Online
O000346,2026-06-08,C00600,E0030,R003,Delivered,Online
O000347,2025-11-13,C00239,E0002,R002,Delivered,Distributor
O000348,2025-03-03,C00250,E0041,R002,Delivered,Marketplace
O000349,2025-06-05,C00511,E0020,R001,Delivered,Direct Sales
O000350,2025-12-03,C00039,E0017,R002,Delivered,Marketplace
O000351,2025-10-23,C00326,E0003,R001,Delivered,Direct Sales
O000352,2025-07-30,C00340,E0023,R004,Processing,Online
O000353,2026-06-18,C00255,E0016,R002,Delivered,Direct Sales
O000354,2026-05-19,C00453,E0001,R002,Delivered,Direct Sales
O000355,2025-05-09,C00054,E0011,R008,Delivered,Direct Sales
O000356,2026-06-04,C00563,E0015,R008,Delivered,Distributor
O000357,2025-07-22,C00479,E0021,R001,Delivered,Distributor
O000358,2025-11-07,C00181,E0040,R005,Delivered,Distributor
O000359,2025-03-23,C00207,E0019,R002,Delivered,Distributor
O000360,2026-03-28,C00387,E0012,R004,Delivered,Distributor
O000361,2026-01-26,C00160,E0032,R001,Delivered,Online
O000362,2026-07-21,C00308,E0040,R005,Delivered,Marketplace
O000363,2026-04-10,C00390,E0031,R001,Delivered,Distributor
O000364,2025-03-15,C00576,E0040,R005,Delivered,Direct Sales
O000365,2025-07-14,C00481,E0014,R005,Delivered,Online
O000366,2026-02-19,C00513,E0025,R004,Delivered,Distributor
O000367,2025-11-12,C00383,E0026,R006,Cancelled,Online
O000368,2026-01-30,C00419,E0003,R001,Cancelled,Direct Sales
O000369,2025-12-23,C00199,E0029,R006,Processing,Distributor
O000370,2026-03-11,C00378,E0004,R008,Delivered,Direct Sales
O000371,2025-01-29,C00490,E0003,R001,Delivered,Marketplace
O000372,2025-09-11,C00467,E0011,R008,Cancelled,Direct Sales
O000374,2025-06-19,C00531,E0014,R005,Delivered,Marketplace
O000375,2026-08-24,C00310,E0034,R001,Delivered,Distributor
O000376,2025-05-27,C00092,E0007,R002,Delivered,Direct Sales
O000377,2025-06-22,C00408,E0021,R001,Shipped,Online
O000378,2026-06-22,C00100,E0005,R005,Delivered,Marketplace
O000379,2026-01-19,C00442,E0012,R004,Delivered,Direct Sales
O000380,2026-05-30,C00203,E0033,R008,Delivered,Distributor
O000381,2025-07-25,C00581,E0015,R008,Delivered,Direct Sales
O000382,2026-03-28,C00197,E0018,R003,Cancelled,Online
O000383,2025-03-29,C00171,E0006,R002,Delivered,Online
O000384,2025-01-31,C00284,E0005,R005,Cancelled,Direct Sales
O000385,2025-01-10,C00490,E0033,R008,Delivered,Marketplace
O000386,2025-04-10,C00008,E0039,R005,Delivered,Online
O000387,2026-05-13,C00385,E0040,R005,Shipped,Marketplace
O000388,2025-12-18,C00440,E0023,R004,Delivered,Direct Sales
O000389,2025-02-28,C00370,E0027,R008,Delivered,Marketplace
O000390,2026-02-16,C00103,E0001,R002,Delivered,Online
O000391,2025-09-12,C00126,E0035,R002,Delivered,Distributor
O000392,2025-07-12,C00487,E0034,R001,Delivered,Marketplace
O000393,2025-11-30,C00018,E0025,R004,Shipped,Direct Sales
O000394,2025-12-23,C00497,E0027,R008,Delivered,Distributor
O000395,2025-07-19,C00103,E0026,R006,Delivered,Online
O000396,2025-11-05,C00131,E0033,R008,Processing,Distributor
O000397,2026-05-09,C00173,E0030,R003,Processing,Direct Sales
O000398,2025-04-02,C00250,E0015,R008,Delivered,Distributor
O000399,2026-01-28,C00030,E0012,R004,Delivered,Direct Sales
O000400,2025-05-20,C00264,E0032,R001,Processing,Distributor
O000401,2026-08-13,C00093,E0023,R004,Cancelled,Online
O000402,2026-07-30,C00352,E0026,R006,Delivered,Direct Sales
O000403,2025-10-25,C00229,E0018,R003,Delivered,Online
O000404,2025-04-29,C00092,E0023,R004,Cancelled,Marketplace
O000405,2026-08-14,C00131,E0022,R003,Delivered,Marketplace
O000406,2026-02-02,C00064,E0039,R005,Delivered,Marketplace
O000407,2025-04-20,C00374,E0010,R004,Delivered,Online
O000408,2025-05-29,C00552,E0031,R001,Delivered,Direct Sales
O000409,2025-10-18,C00512,E0031,R001,Delivered,Online
O000410,2025-10-08,C00328,E0021,R001,Cancelled,Distributor
O000411,2026-01-21,C00221,E0033,R008,Delivered,Marketplace
O000412,2025-02-23,C00157,E0015,R008,Delivered,Distributor
O000413,2025-01-23,C00402,E0021,R001,Processing,Distributor
O000414,2025-12-23,C00346,E0029,R006,Delivered,Distributor
O000415,2025-10-17,C00074,E0035,R002,Delivered,Distributor
O000416,2026-08-18,C00100,E0010,R004,Delivered,Marketplace
O000417,2026-03-29,C00469,E0012,R004,Shipped,Marketplace
O000418,2025-07-20,C00149,E0015,R008,Delivered,Marketplace
O000419,2026-01-21,C00590,E0007,R002,Delivered,Direct Sales
O000420,2026-05-01,C00058,E0007,R002,Delivered,Online
O000421,2026-08-31,C00121,E0034,R001,Delivered,Direct Sales
O000422,2025-05-02,C00414,E0017,R002,Delivered,Distributor
O000423,2026-01-20,C00501,E0021,R001,Delivered,Distributor
O000424,2026-01-12,C00392,E0019,R002,Delivered,Online
O000425,2026-05-16,C00120,E0006,R002,Processing,Direct Sales
O000426,2025-10-08,C00024,E0039,R005,Delivered,Direct Sales
O000427,2025-11-02,C00394,E0032,R001,Cancelled,Direct Sales
O000428,2026-07-05,C00102,E0022,R003,Delivered,Distributor
O000429,2025-03-07,C00021,E0027,R008,Processing,Online
O000430,2025-07-04,C00213,E0009,R002,Delivered,Distributor
O000431,2025-05-12,C00322,E0009,R002,Cancelled,Direct Sales
O000432,2025-02-05,C00166,E0006,R002,Delivered,Online
O000433,2026-07-12,C00519,E0021,R001,Delivered,Distributor
O000434,2025-02-17,C00001,E0017,R002,Processing,Marketplace
O000435,2026-08-14,C00547,E0030,R003,Shipped,Marketplace
O000436,2025-04-12,C00536,E0024,R002,Delivered,Direct Sales
O000437,2025-11-03,C00038,E0014,R005,Delivered,Direct Sales
O000438,2025-10-12,C00566,E0015,R008,Delivered,Distributor
O000439,2025-09-24,C00077,E0037,R004,Delivered,Direct Sales
O000440,2025-09-18,C00410,E0031,R001,Delivered,Direct Sales
O000441,2025-10-03,C00549,E0015,R008,Delivered,Marketplace
O000442,2026-03-06,C00578,E0034,R001,Delivered,Marketplace
O000443,2025-09-11,C00445,E0026,R006,Delivered,Marketplace
O000444,2026-07-16,C00128,E0036,R004,Delivered,Online
O000445,2025-12-08,C00338,E0006,R002,Delivered,Direct Sales
O000446,2025-04-11,C00232,E0019,R002,Delivered,Direct Sales
O000447,2025-06-29,C00388,E0007,R002,Processing,Marketplace
O000448,2026-08-09,C00502,E0007,R002,Delivered,Marketplace
O000449,2025-11-22,C00102,E0004,R008,Delivered,Direct Sales
O000450,2026-05-04,C00354,E0036,R004,Cancelled,Direct Sales
O000451,2025-05-10,C00266,E0001,R002,Delivered,Distributor
O000452,2026-01-15,C00582,E0019,R002,Delivered,Distributor
O000453,2025-12-29,C00469,E0013,R004,Shipped,Marketplace
O000454,2025-11-09,C00283,E0029,R006,Delivered,Marketplace
O000455,2025-03-23,C00417,E0022,R003,Delivered,Direct Sales
O000456,2025-03-28,C00096,E0012,R004,Delivered,Distributor
O000457,2026-05-07,C00011,E0029,R006,Shipped,Online
O000458,2025-01-08,C00416,E0001,R002,Delivered,Marketplace
O000459,2026-04-05,C00251,E0035,R002,Delivered,Direct Sales
O000460,2025-05-17,C00180,E0005,R005,Processing,Marketplace
O000461,2026-01-24,C00053,E0029,R006,Delivered,Marketplace
O000462,2026-07-07,C00116,E0023,R004,Delivered,Marketplace
O000463,2025-09-29,C00307,E0032,R001,Delivered,Online
O000464,2025-11-09,C00583,E0027,R008,Processing,Online
O000465,2025-02-28,C00475,E0041,R002,Delivered,Online
O000466,2025-12-29,C00472,E0023,R004,Delivered,Online
O000467,2025-12-30,C00359,E0013,R004,Delivered,Online
O000468,2025-03-28,C00442,E0033,R008,Processing,Direct Sales
O000469,2025-01-08,C00421,E0009,R002,Delivered,Marketplace
O000470,2026-01-19,C00232,E0032,R001,Delivered,Marketplace
O000471,2025-04-22,C00439,E0013,R004,Shipped,Distributor
O000472,2026-03-21,C00166,E0010,R004,Delivered,Marketplace
O000473,2025-10-19,C00204,E0009,R002,Delivered,Direct Sales
O000474,2025-02-02,C00405,E0028,R006,Delivered,Direct Sales
O000475,2026-03-08,C00491,E0019,R002,Shipped,Distributor
O000476,2026-05-29,C00131,E0022,R003,Delivered,Direct Sales
O000477,2025-05-10,C00113,E0007,R002,Delivered,Marketplace
O000478,2025-02-23,C00513,E0001,R002,Delivered,Distributor
O000479,2025-10-24,C00009,E0029,R006,Delivered,Distributor
O000480,2025-06-06,C00085,E0029,R006,Processing,Direct Sales
O000481,2025-09-27,C00256,E0019,R002,Delivered,Distributor
O000482,2026-05-30,C00204,E0032,R001,Cancelled,Direct Sales
O000483,2025-08-23,C00194,E0039,R005,Delivered,Direct Sales
O000484,2025-07-16,C00411,E0003,R001,Delivered,Distributor
O000485,2025-04-04,C00019,E0041,R002,Delivered,Distributor
O000486,2025-08-25,C00418,E0035,R002,Delivered,Marketplace
O000487,2026-06-07,C00437,E0032,R001,Delivered,Online
O000488,2026-01-08,C00312,E0009,R002,Delivered,Marketplace
O000489,2025-02-18,C00429,E0017,R002,Delivered,Online
O000490,2025-08-06,C00001,E0004,R008,Delivered,Distributor
O000491,2026-03-18,C00287,E0040,R005,Delivered,Marketplace
O000492,2025-11-08,C00504,E0025,R004,Delivered,Online
O000493,2025-12-06,C00014,E0037,R004,Delivered,Marketplace
O000494,2025-09-01,C00542,E0040,R005,Delivered,Direct Sales
O000495,2025-04-19,C00599,E0026,R006,Delivered,Online
O000496,2025-07-17,C00043,E0039,R005,Shipped,Online
O000497,2025-11-05,C00077,E0036,R004,Shipped,Direct Sales
O000498,2025-05-11,C00547,E0011,R008,Delivered,Distributor
O000499,2026-01-10,C00564,E0018,R003,Shipped,Online
O000500,2026-03-06,C00447,E0005,R005,Processing,Online
O000501,2025-05-13,C00171,E0040,R005,Delivered,Online
O000502,2026-02-12,C00580,E0004,R008,Shipped,Online
O000503,2026-07-30,C00170,E0030,R003,Delivered,Distributor
O000504,2025-01-04,C00279,E0015,R008,Delivered,Direct Sales
O000505,2026-05-31,C00010,E0034,R001,Processing,Marketplace
O000506,2025-10-02,C00311,E0016,R002,Processing,Online
O000507,2026-07-01,C00176,E0016,R002,Delivered,Marketplace
O000508,2025-05-17,C00041,E0011,R008,Delivered,Online
O000509,2025-01-02,C00255,E0015,R008,Delivered,Marketplace
O000510,2025-05-17,C00333,E0006,R002,Delivered,Marketplace
O000511,2025-12-31,C00333,E0004,R008,Delivered,Marketplace
O000512,2026-07-05,C00181,E0018,R003,Cancelled,Online
O000513,2026-03-29,C00392,E0018,R003,Delivered,Marketplace
O000514,2025-06-09,C00276,E0015,R008,Shipped,Direct Sales
O000515,2026-05-06,C00445,E0025,R004,Delivered,Distributor
O000516,2025-06-30,C00186,E0031,R001,Delivered,Distributor
O000517,2025-11-14,C00185,E0020,R001,Delivered,Direct Sales
O000518,2025-03-13,C00404,E0040,R005,Delivered,Online
O000519,2026-02-17,C00437,E0017,R002,Delivered,Direct Sales
O000521,2025-05-16,C00113,E0001,R002,Delivered,Online
O000522,2025-01-10,C00275,E0011,R008,Delivered,Marketplace
O000523,2026-05-07,C00088,E0014,R005,Cancelled,Distributor
O000524,2026-05-06,C00168,E0021,R001,Delivered,Direct Sales
O000525,2026-07-11,C00058,E0036,R004,Delivered,Online
O000526,2025-04-16,C00046,E0007,R002,Processing,Distributor
O000527,2025-01-25,C00146,E0001,R002,Delivered,Distributor
O000528,2025-10-21,C00395,E0011,R008,Delivered,Distributor
O000529,2025-04-23,C00116,E0033,R008,Delivered,Online
O000530,2025-12-08,C00289,E0024,R002,Delivered,Marketplace
O000531,2025-07-02,C00087,E0003,R001,Delivered,Marketplace
O000532,2025-11-05,C00186,E0029,R006,Cancelled,Marketplace
O000533,2026-05-27,C00357,E0007,R002,Delivered,Marketplace
O000534,2025-05-31,C00079,E0001,R002,Delivered,Direct Sales
O000535,2025-03-10,C00400,E0030,R003,Delivered,Distributor
O000536,2025-11-27,C00286,E0011,R008,Delivered,Direct Sales
O000537,2026-05-22,C00395,E0024,R002,Delivered,Distributor
O000538,2025-05-22,C00424,E0040,R005,Delivered,Distributor
O000539,2026-07-06,C00429,E0037,R004,Processing,Distributor
O000540,2026-01-29,C00546,E0036,R004,Delivered,Distributor
O000541,2025-03-31,C00540,E0038,R002,Delivered,Marketplace
O000542,2026-01-07,C00003,E0015,R008,Processing,Distributor
O000543,2025-12-24,C00137,E0009,R002,Delivered,Direct Sales
O000544,2026-07-19,C00302,E0031,R001,Delivered,Direct Sales
O000545,2025-05-22,C00216,E0016,R002,Delivered,Direct Sales
O000546,2026-01-16,C00387,E0002,R002,Delivered,Online
O000547,2025-06-11,C00596,E0005,R005,Delivered,Direct Sales
O000548,2025-09-08,C00375,E0011,R008,Delivered,Online
O000549,2025-07-06,C00583,E0028,R006,Shipped,Direct Sales
O000550,2026-02-26,C00541,E0021,R001,Delivered,Distributor
O000551,2025-06-09,C00014,E0020,R001,Delivered,Online
O000552,2025-01-12,C00178,E0034,R001,Delivered,Distributor
O000553,2026-08-09,C00466,E0037,R004,Processing,Marketplace
O000554,2025-10-06,C00233,E0029,R006,Delivered,Distributor
O000555,2025-02-27,C00129,E0015,R008,Delivered,Distributor
O000556,2026-04-25,C00189,E0037,R004,Shipped,Marketplace
O000557,2025-02-25,C00415,E0026,R006,Delivered,Distributor
O000558,2025-04-17,C00200,E0019,R002,Delivered,Marketplace
O000559,2025-10-16,C00344,E0002,R002,Delivered,Online
O000560,2025-11-13,C00067,E0015,R008,Delivered,Direct Sales
O000561,2025-03-29,C00034,E0017,R002,Cancelled,Online
O000562,2025-02-19,C00578,E0032,R001,Delivered,Online
O000563,2025-10-17,C00317,E0001,R002,Delivered,Direct Sales
O000564,2025-05-13,C00323,E0027,R008,Delivered,Marketplace
O000565,2026-05-30,C00418,E0034,R001,Delivered,Online
O000566,2025-10-25,C00392,E0032,R001,Delivered,Direct Sales
O000567,2025-08-26,C00475,E0006,R002,Delivered,Direct Sales
O000568,2026-04-04,C00165,E0034,R001,Delivered,Marketplace
O000569,2025-02-10,C00298,E0025,R004,Delivered,Direct Sales
O000570,2025-06-06,C00214,E0041,R002,Cancelled,Distributor
O000571,2025-11-13,C00100,E0001,R002,Processing,Online
O000572,2025-11-18,C00511,E0007,R002,Delivered,Marketplace
O000573,2026-08-14,C00166,E0005,R005,Delivered,Marketplace
O000574,2026-04-17,C00092,E0005,R005,Delivered,Distributor
O000575,2025-05-07,C00263,E0030,R003,Cancelled,Distributor
O000576,2026-02-15,C00041,E0025,R004,Delivered,Direct Sales
O000577,2026-01-18,C00452,E0025,R004,Delivered,Distributor
O000578,2025-02-13,C00519,E0030,R003,Cancelled,Online
O000579,2025-06-08,C00251,E0037,R004,Delivered,Marketplace
O000580,2025-03-16,C00385,E0012,R004,Delivered,Distributor
O000581,2026-04-23,C00474,E0006,R002,Shipped,Distributor
O000582,2025-04-21,C00112,E0006,R002,Delivered,Distributor
O000583,2025-03-08,C00205,E0027,R008,Delivered,Marketplace
O000584,2025-04-28,C00498,E0015,R008,Delivered,Distributor
O000585,2026-04-27,C00040,E0036,R004,Delivered,Direct Sales
O000586,2026-01-25,C00328,E0038,R002,Delivered,Marketplace
O000587,2025-02-25,C00441,E0032,R001,Delivered,Online
O000588,2025-06-30,C00434,E0019,R002,Delivered,Direct Sales
O000589,2025-03-25,C00071,E0019,R002,Delivered,Distributor
O000590,2025-09-23,C00430,E0035,R002,Delivered,Online
O000591,2025-11-01,C00095,E0029,R006,Delivered,Direct Sales
O000592,2026-05-02,C00358,E0028,R006,Processing,Direct Sales
O000593,2025-01-11,C00448,E0024,R002,Processing,Direct Sales
O000594,2025-11-28,C00080,E0039,R005,Delivered,Online
O000595,2026-05-27,C00155,E0031,R001,Delivered,Online
O000596,2026-04-07,C00417,E0018,R003,Delivered,Distributor
O000597,2025-08-12,C00593,E0007,R002,Delivered,Distributor
O000598,2025-08-10,C00560,E0012,R004,Delivered,Direct Sales
O000599,2026-01-15,C00196,E0038,R002,Delivered,Online
O000600,2026-05-27,C00310,E0021,R001,Shipped,Distributor
O000601,2026-07-10,C00421,E0024,R002,Delivered,Marketplace
O000602,2026-03-15,C00117,E0013,R004,Delivered,Direct Sales
O000603,2026-07-10,C00567,E0040,R005,Delivered,Distributor
O000604,2025-04-12,C00292,E0029,R006,Delivered,Online
O000605,2025-04-17,C00092,E0002,R002,Shipped,Online
O000606,2025-10-24,C00455,E0034,R001,Delivered,Direct Sales
O000607,2025-04-28,C00229,E0031,R001,Delivered,Distributor
O000608,2026-02-27,C00128,E0024,R002,Delivered,Online
O000609,2025-10-02,C00384,E0016,R002,Delivered,Marketplace
O000610,2026-03-01,C00425,E0017,R002,Delivered,Online
O000611,2026-06-16,C00027,E0011,R008,Cancelled,Marketplace
O000612,2025-09-05,C00344,E0012,R004,Processing,Distributor
O000613,2025-02-22,C00198,E0041,R002,Cancelled,Distributor
O000614,2026-02-17,C00132,E0026,R006,Delivered,Direct Sales
O000615,2025-05-10,C00448,E0016,R002,Processing,Online
O000616,2026-07-21,C00591,E0027,R008,Delivered,Marketplace
O000617,2025-01-27,C00209,E0006,R002,Delivered,Online
O000618,2026-08-09,C00157,E0002,R002,Delivered,Online
O000619,2025-07-11,C00134,E0031,R001,Delivered,Direct Sales
O000620,2026-01-23,C00305,E0014,R005,Delivered,Online
O000621,2025-01-24,C00282,E0006,R002,Cancelled,Online
O000622,2025-04-20,C00114,E0031,R001,Delivered,Marketplace
O000623,2025-03-21,C00269,E0013,R004,Shipped,Marketplace
O000624,2026-05-18,C00213,E0027,R008,Delivered,Distributor
O000625,2025-08-04,C00076,E0033,R008,Delivered,Distributor
O000626,2025-07-04,C00322,E0030,R003,Delivered,Online
O000627,2025-05-01,C00183,E0038,R002,Delivered,Marketplace
O000628,2025-06-12,C00496,E0041,R002,Processing,Marketplace
O000629,2026-07-03,C00125,E0014,R005,Delivered,Direct Sales
O000630,2025-08-11,C00222,E0025,R004,Delivered,Marketplace
O000631,2025-05-10,C00142,E0016,R002,Delivered,Marketplace
O000632,2025-12-23,C00494,E0014,R005,Processing,Marketplace
O000633,2026-06-09,C00479,E0033,R008,Delivered,Direct Sales
O000634,2025-10-15,C00257,E0013,R004,Delivered,Online
O000635,2025-06-19,C00598,E0039,R005,Delivered,Distributor
O000636,2025-10-06,C00444,E0030,R003,Delivered,Online
O000637,2026-08-04,C00393,E0029,R006,Delivered,Marketplace
O000638,2025-02-04,C00066,E0030,R003,Processing,Marketplace
O000639,2026-02-12,C00420,E0020,R001,Delivered,Online
O000640,2025-07-10,C00185,E0022,R003,Delivered,Direct Sales
O000641,2026-01-16,C00075,E0015,R008,Delivered,Marketplace
O000642,2025-01-12,C00126,E0001,R002,Delivered,Direct Sales
O000643,2025-08-27,C00477,E0038,R002,Processing,Online
O000644,2026-06-24,C00395,E0020,R001,Delivered,Online
O000645,2026-08-11,C00575,E0019,R002,Delivered,Distributor
O000646,2025-07-21,C00326,E0022,R003,Delivered,Distributor
O000647,2026-03-08,C00511,E0003,R001,Delivered,Online
O000648,2026-08-29,C00464,E0012,R004,Delivered,Direct Sales
O000649,2025-01-19,C00591,E0002,R002,Cancelled,Online
O000650,2026-02-17,C00473,E0020,R001,Delivered,Online
O000651,2026-04-27,C00346,E0002,R002,Delivered,Distributor
O000652,2025-12-21,C00309,E0019,R002,Delivered,Online
O000653,2025-02-18,C00570,E0022,R003,Delivered,Marketplace
O000654,2026-01-18,C00466,E0033,R008,Cancelled,Online
O000655,2025-01-11,C00030,E0016,R002,Delivered,Online
O000656,2025-06-24,C00331,E0029,R006,Delivered,Direct Sales
O000657,2025-02-23,C00378,E0036,R004,Delivered,Online
O000658,2025-03-18,C00114,E0004,R008,Delivered,Marketplace
O000659,2025-05-22,C00389,E0019,R002,Cancelled,Distributor
O000660,2025-06-01,C00123,E0010,R004,Cancelled,Distributor
O000661,2026-08-15,C00458,E0009,R002,Shipped,Distributor
O000662,2025-08-20,C00288,E0022,R003,Delivered,Marketplace
O000663,2026-07-26,C00304,E0006,R002,Delivered,Direct Sales
O000664,2025-03-03,C00080,E0005,R005,Delivered,Online
O000665,2025-07-12,C00222,E0031,R001,Shipped,Online
O000666,2025-11-16,C00349,E0015,R008,Shipped,Direct Sales
O000667,2025-08-13,C00517,E0007,R002,Delivered,Distributor
O000668,2026-02-14,C00464,E0041,R002,Delivered,Online
O000669,2025-11-11,C00285,E0029,R006,Cancelled,Online
O000670,2025-04-23,C00151,E0031,R001,Delivered,Online
O000671,2025-01-30,C00472,E0013,R004,Shipped,Distributor
O000672,2026-07-18,C00361,E0018,R003,Delivered,Marketplace
O000673,2026-02-11,C00442,E0015,R008,Processing,Distributor
O000674,2026-03-28,C00521,E0023,R004,Delivered,Marketplace
O000675,2026-03-09,C00101,E0004,R008,Delivered,Marketplace
O000676,2025-10-10,C00194,E0027,R008,Processing,Distributor
O000677,2025-02-21,C00532,E0029,R006,Delivered,Online
O000678,2025-02-06,C00225,E0009,R002,Cancelled,Marketplace
O000679,2025-10-10,C00245,E0005,R005,Delivered,Distributor
O000680,2025-08-14,C00402,E0027,R008,Delivered,Distributor
O000681,2025-12-22,C00211,E0012,R004,Delivered,Marketplace
O000682,2026-05-31,C00004,E0007,R002,Cancelled,Distributor
O000683,2025-11-19,C00313,E0017,R002,Delivered,Direct Sales
O000684,2025-05-26,C00192,E0023,R004,Delivered,Distributor
O000685,2025-07-01,C00439,E0023,R004,Delivered,Online
O000686,2026-05-01,C00175,E0001,R002,Cancelled,Online
O000687,2025-04-23,C00501,E0017,R002,Delivered,Online
O000688,2026-06-22,C00581,E0020,R001,Processing,Direct Sales
O000689,2025-11-08,C00151,E0007,R002,Delivered,Distributor
O000690,2026-05-14,C00503,E0024,R002,Delivered,Marketplace
O000691,2025-11-05,C00470,E0001,R002,Delivered,Distributor
O000692,2025-06-01,C00116,E0019,R002,Delivered,Direct Sales
O000693,2025-02-01,C00146,E0024,R002,Delivered,Distributor
O000694,2025-07-18,C00369,E0015,R008,Delivered,Online
O000695,2026-06-24,C00281,E0036,R004,Delivered,Marketplace
O000696,2026-08-27,C00358,E0023,R004,Delivered,Marketplace
O000697,2026-08-17,C00317,E0014,R005,Processing,Marketplace
O000698,2026-08-04,C00126,E0029,R006,Delivered,Marketplace
O000699,2025-05-31,C00113,E0001,R002,Shipped,Direct Sales
O000700,2025-11-07,C00536,E0020,R001,Shipped,Marketplace
O000701,2026-04-10,C00067,E0020,R001,Delivered,Direct Sales
O000702,2025-02-24,C00290,E0039,R005,Shipped,Marketplace
O000703,2025-01-01,C00006,E0029,R006,Delivered,Marketplace
O000704,2026-05-30,C00142,E0024,R002,Processing,Direct Sales
O000705,2025-07-21,C00089,E0019,R002,Delivered,Online
O000706,2026-04-30,C00298,E0016,R002,Delivered,Direct Sales
O000707,2025-04-11,C00396,E0029,R006,Delivered,Marketplace
O000708,2025-11-27,C00319,E0013,R004,Cancelled,Direct Sales
O000709,2026-03-03,C00205,E0018,R003,Processing,Direct Sales
O000710,2025-11-01,C00309,E0021,R001,Cancelled,Distributor
O000711,2026-03-24,C00559,E0013,R004,Delivered,Direct Sales
O000712,2026-05-31,C00540,E0030,R003,Delivered,Distributor
O000713,2026-03-07,C00363,E0029,R006,Delivered,Distributor
O000714,2026-03-08,C00029,E0037,R004,Delivered,Direct Sales
O000715,2025-05-11,C00310,E0017,R002,Cancelled,Marketplace
O000716,2026-02-17,C00055,E0027,R008,Delivered,Distributor
O000717,2025-03-28,C00531,E0031,R001,Delivered,Marketplace
O000718,2025-10-25,C00110,E0023,R004,Cancelled,Distributor
O000719,2026-08-22,C00340,E0004,R008,Processing,Online
O000720,2026-07-30,C00210,E0035,R002,Shipped,Direct Sales
O000721,2025-11-15,C00229,E0011,R008,Delivered,Distributor
O000722,2025-01-01,C00206,E0009,R002,Delivered,Online
O000723,2025-07-29,C00533,E0007,R002,Delivered,Distributor
O000724,2026-02-05,C00026,E0034,R001,Delivered,Online
O000725,2025-07-08,C00308,E0027,R008,Delivered,Marketplace
O000726,2026-03-19,C00450,E0041,R002,Delivered,Online
O000727,2025-06-24,C00190,E0011,R008,Processing,Direct Sales
O000728,2025-10-24,C00488,E0032,R001,Delivered,Distributor
O000729,2026-01-31,C00377,E0019,R002,Delivered,Distributor
O000730,2025-01-29,C00427,E0029,R006,Delivered,Distributor
O000731,2025-01-12,C00124,E0038,R002,Cancelled,Marketplace
O000732,2025-02-13,C00035,E0041,R002,Delivered,Direct Sales
O000733,2025-01-10,C00480,E0031,R001,Delivered,Marketplace
O000734,2025-12-24,C00513,E0034,R001,Processing,Distributor
O000735,2025-06-05,C00526,E0005,R005,Delivered,Marketplace
O000736,2025-11-07,C00471,E0010,R004,Delivered,Online
O000737,2025-07-04,C00496,E0026,R006,Cancelled,Marketplace
O000738,2026-08-22,C00133,E0022,R003,Cancelled,Distributor
O000739,2025-06-12,C00070,E0003,R001,Delivered,Online
O000740,2025-11-28,C00109,E0033,R008,Delivered,Direct Sales
O000741,2026-03-07,C00108,E0013,R004,Delivered,Online
O000742,2025-03-16,C00257,E0009,R002,Shipped,Marketplace
O000743,2025-04-21,C00031,E0013,R004,Shipped,Distributor
O000744,2025-07-20,C00137,E0038,R002,Delivered,Distributor
O000745,2025-07-26,C00449,E0020,R001,Delivered,Distributor
O000746,2026-08-20,C00542,E0014,R005,Delivered,Online
O000747,2025-01-06,C00209,E0003,R001,Delivered,Distributor
O000748,2025-12-15,C00582,E0036,R004,Delivered,Distributor
O000749,2026-05-28,C00195,E0015,R008,Delivered,Marketplace
O000750,2026-03-26,C00573,E0010,R004,Delivered,Distributor
O000751,2025-05-11,C00073,E0038,R002,Processing,Marketplace
O000752,2025-08-25,C00104,E0009,R002,Delivered,Marketplace
O000753,2025-09-15,C00024,E0016,R002,Delivered,Marketplace
O000754,2025-03-18,C00070,E0012,R004,Processing,Direct Sales
O000755,2026-02-13,C00531,E0041,R002,Cancelled,Online
O000756,2025-09-27,C00560,E0009,R002,Delivered,Online
O000757,2025-07-25,C00347,E0028,R006,Delivered,Online
O000758,2025-03-05,C00143,E0015,R008,Delivered,Distributor
O000759,2025-12-21,C00075,E0038,R002,Delivered,Distributor
O000760,2025-05-13,C00083,E0037,R004,Delivered,Online
O000761,2026-06-04,C00107,E0003,R001,Delivered,Marketplace
O000762,2025-08-22,C00442,E0032,R001,Delivered,Online
O000763,2025-01-19,C00027,E0014,R005,Processing,Distributor
O000764,2025-05-09,C00054,E0026,R006,Delivered,Distributor
O000765,2026-03-25,C00563,E0010,R004,Delivered,Marketplace
O000766,2026-03-24,C00361,E0014,R005,Delivered,Direct Sales
O000767,2025-08-21,C00238,E0006,R002,Delivered,Online
O000768,2025-03-20,C00016,E0017,R002,Delivered,Direct Sales
O000769,2025-02-14,C00450,E0013,R004,Delivered,Marketplace
O000770,2026-02-12,C00251,E0020,R001,Shipped,Online
O000771,2026-07-11,C00079,E0005,R005,Delivered,Distributor
O000772,2025-11-06,C00366,E0016,R002,Delivered,Marketplace
O000773,2025-11-23,C00251,E0035,R002,Processing,Online
O000774,2026-05-13,C00056,E0024,R002,Delivered,Online
O000775,2025-11-09,C00209,E0010,R004,Processing,Direct Sales
O000776,2025-02-06,C00126,E0025,R004,Delivered,Distributor
O000777,2026-05-26,C00465,E0009,R002,Delivered,Marketplace
O000778,2025-11-04,C00285,E0039,R005,Delivered,Online
O000779,2026-05-23,C00286,E0041,R002,Delivered,Distributor
O000780,2025-08-18,C00394,E0030,R003,Delivered,Distributor
O000781,2025-11-09,C00189,E0029,R006,Delivered,Marketplace
O000782,2025-09-26,C00027,E0040,R005,Cancelled,Direct Sales
O000783,2026-03-14,C00029,E0023,R004,Delivered,Online
O000784,2026-07-02,C00567,E0026,R006,Shipped,Distributor
O000785,2025-06-16,C00587,E0038,R002,Delivered,Distributor
O000786,2025-10-15,C00244,E0010,R004,Delivered,Online
O000787,2025-12-12,C00256,E0036,R004,Cancelled,Distributor
O000788,2026-01-06,C00040,E0041,R002,Delivered,Marketplace
O000790,2025-01-18,C00184,E0030,R003,Shipped,Online
O000791,2026-05-07,C00478,E0003,R001,Processing,Direct Sales
O000792,2025-10-11,C00419,E0004,R008,Cancelled,Marketplace
O000793,2025-09-22,C00066,E0030,R003,Delivered,Marketplace
O000794,2025-06-28,C00507,E0010,R004,Delivered,Online
O000795,2025-07-08,C00239,E0009,R002,Processing,Distributor
O000796,2026-07-21,C00594,E0022,R003,Delivered,Online
O000797,2025-12-28,C00266,E0018,R003,Processing,Online
O000798,2025-03-21,C00241,E0024,R002,Processing,Distributor
O000799,2025-08-31,C00116,E0034,R001,Delivered,Marketplace
O000800,2025-03-15,C00585,E0025,R004,Delivered,Marketplace
O000801,2026-01-04,C00147,E0002,R002,Delivered,Distributor
O000802,2025-02-01,C00384,E0032,R001,Delivered,Marketplace
O000803,2026-08-29,C00046,E0020,R001,Delivered,Online
O000804,2025-08-09,C00217,E0022,R003,Delivered,Online
O000805,2025-03-21,C00154,E0026,R006,Delivered,Distributor
O000806,2026-04-29,C00552,E0009,R002,Processing,Distributor
O000807,2026-08-13,C00325,E0019,R002,Delivered,Direct Sales
O000808,2025-08-25,C00337,E0017,R002,Shipped,Marketplace
O000809,2026-02-24,C00119,E0017,R002,Delivered,Online
O000810,2026-01-06,C00361,E0037,R004,Shipped,Direct Sales
O000811,2026-08-07,C00460,E0028,R006,Delivered,Direct Sales
O000812,2025-09-24,C00418,E0039,R005,Delivered,Marketplace
O000813,2026-02-23,C00322,E0009,R002,Delivered,Direct Sales
O000814,2025-07-04,C00590,E0033,R008,Shipped,Online
O000815,2025-09-27,C00171,E0009,R002,Processing,Distributor
O000816,2026-03-18,C00104,E0010,R004,Delivered,Direct Sales
O000817,2026-03-09,C00075,E0010,R004,Delivered,Direct Sales
O000818,2025-10-28,C00412,E0037,R004,Delivered,Marketplace
O000819,2025-02-16,C00345,E0039,R005,Delivered,Marketplace
O000820,2026-03-23,C00460,E0028,R006,Delivered,Distributor
O000821,2025-06-05,C00138,E0013,R004,Delivered,Marketplace
O000822,2026-03-26,C00465,E0026,R006,Delivered,Marketplace
O000823,2026-05-21,C00100,E0016,R002,Delivered,Online
O000824,2025-10-20,C00578,E0035,R002,Delivered,Distributor
O000825,2025-02-12,C00327,E0013,R004,Delivered,Distributor
O000826,2025-04-12,C00532,E0019,R002,Delivered,Marketplace
O000827,2025-10-08,C00170,E0009,R002,Shipped,Distributor
O000828,2025-09-23,C00230,E0012,R004,Cancelled,Online
O000829,2025-04-09,C00238,E0019,R002,Delivered,Direct Sales
O000830,2026-07-07,C00029,E0040,R005,Processing,Direct Sales
O000831,2026-01-14,C00007,E0033,R008,Delivered,Marketplace
O000832,2026-06-18,C00585,E0029,R006,Delivered,Distributor
O000833,2026-04-01,C00303,E0009,R002,Delivered,Distributor
O000834,2025-10-13,C00270,E0006,R002,Delivered,Marketplace
O000835,2025-12-01,C00081,E0016,R002,Delivered,Marketplace
O000836,2025-11-19,C00283,E0031,R001,Delivered,Distributor
O000837,2025-07-14,C00103,E0035,R002,Processing,Online
O000838,2026-08-24,C00009,E0017,R002,Delivered,Direct Sales
O000839,2025-06-05,C00201,E0018,R003,Shipped,Direct Sales
O000840,2025-07-23,C00509,E0020,R001,Delivered,Direct Sales
O000841,2026-05-18,C00004,E0029,R006,Processing,Direct Sales
O000842,2025-09-27,C00183,E0003,R001,Cancelled,Distributor
O000843,2026-05-11,C00598,E0017,R002,Processing,Direct Sales
O000844,2026-05-12,C00308,E0016,R002,Shipped,Distributor
O000845,2025-10-30,C00366,E0036,R004,Delivered,Direct Sales
O000846,2026-04-03,C00116,E0020,R001,Delivered,Direct Sales
O000847,2026-04-21,C00436,E0009,R002,Delivered,Online
O000848,2026-05-11,C00356,E0027,R008,Shipped,Distributor
O000849,2025-10-02,C00241,E0002,R002,Processing,Direct Sales
O000850,2025-09-25,C00419,E0004,R008,Delivered,Distributor
O000851,2026-02-13,C00401,E0030,R003,Delivered,Online
O000852,2025-12-14,C00275,E0033,R008,Delivered,Marketplace
O000853,2026-08-10,C00459,E0028,R006,Delivered,Direct Sales
O000854,2025-05-13,C00113,E0041,R002,Cancelled,Online
O000855,2025-12-08,C00022,E0026,R006,Delivered,Online
O000856,2026-01-06,C00051,E0035,R002,Processing,Direct Sales
O000857,2025-08-23,C00161,E0036,R004,Delivered,Direct Sales
O000858,2025-08-09,C00383,E0023,R004,Processing,Direct Sales
O000859,2026-06-24,C00014,E0003,R001,Delivered,Distributor
O000860,2025-10-17,C00497,E0003,R001,Delivered,Online
O000861,2025-10-06,C00236,E0017,R002,Delivered,Distributor
O000862,2025-03-28,C00411,E0010,R004,Delivered,Online
O000863,2025-01-16,C00517,E0028,R006,Processing,Direct Sales
O000864,2025-07-18,C00098,E0039,R005,Cancelled,Marketplace
O000865,2025-11-06,C00332,E0029,R006,Delivered,Distributor
O000866,2026-08-14,C00208,E0007,R002,Shipped,Distributor
O000867,2025-08-16,C00299,E0029,R006,Delivered,Marketplace
O000868,2026-01-27,C00495,E0020,R001,Delivered,Distributor
O000869,2026-04-09,C00404,E0025,R004,Delivered,Online
O000870,2026-01-14,C00407,E0016,R002,Shipped,Online
O000871,2025-03-27,C00319,E0023,R004,Delivered,Direct Sales
O000872,2025-03-27,C00213,E0033,R008,Delivered,Distributor
O000873,2025-03-02,C00485,E0035,R002,Shipped,Marketplace
O000874,2025-06-04,C00422,E0021,R001,Delivered,Marketplace
O000875,2025-01-06,C00579,E0040,R005,Delivered,Direct Sales
O000876,2025-11-17,C00576,E0033,R008,Delivered,Marketplace
O000877,2025-04-18,C00473,E0032,R001,Delivered,Online
O000878,2025-06-15,C00385,E0010,R004,Processing,Online
O000879,2025-04-27,C00171,E0014,R005,Delivered,Distributor
O000880,2025-05-24,C00508,E0012,R004,Processing,Distributor
O000881,2025-05-01,C00409,E0001,R002,Delivered,Marketplace
O000882,2026-01-16,C00278,E0035,R002,Cancelled,Direct Sales
O000883,2026-01-16,C00145,E0020,R001,Processing,Marketplace
O000884,2025-12-05,C00484,E0031,R001,Delivered,Direct Sales
O000885,2025-11-22,C00537,E0032,R001,Delivered,Direct Sales
O000886,2025-01-06,C00154,E0032,R001,Delivered,Direct Sales
O000887,2025-12-05,C00205,E0007,R002,Delivered,Online
O000888,2025-03-10,C00480,E0040,R005,Delivered,Direct Sales
O000889,2025-10-09,C00354,E0001,R002,Delivered,Distributor
O000890,2026-02-17,C00599,E0021,R001,Delivered,Direct Sales
O000891,2025-04-16,C00080,E0039,R005,Delivered,Marketplace
O000892,2025-05-10,C00183,E0018,R003,Processing,Distributor
O000893,2026-04-30,C00339,E0038,R002,Delivered,Direct Sales
O000894,2025-04-04,C00003,E0016,R002,Cancelled,Direct Sales
O000895,2025-01-01,C00147,E0012,R004,Delivered,Online
O000896,2026-03-12,C00054,E0010,R004,Shipped,Marketplace
O000897,2025-09-04,C00310,E0034,R001,Processing,Distributor
O000898,2025-12-30,C00387,E0026,R006,Delivered,Marketplace
O000899,2025-06-20,C00544,E0006,R002,Delivered,Direct Sales
O000900,2026-05-17,C00448,E0037,R004,Delivered,Online
O000901,2025-07-02,C00572,E0029,R006,Delivered,Marketplace
O000902,2025-08-07,C00478,E0024,R002,Cancelled,Direct Sales
O000903,2025-01-11,C00392,E0025,R004,Delivered,Distributor
O000904,2025-01-06,C00370,E0035,R002,Cancelled,Marketplace
O000905,2025-09-17,C00337,E0007,R002,Processing,Online
O000906,2026-05-06,C00280,E0003,R001,Delivered,Online
O000907,2026-08-09,C00260,E0019,R002,Delivered,Distributor
O000908,2026-04-30,C00466,E0033,R008,Processing,Online
O000909,2025-06-06,C00040,E0025,R004,Delivered,Direct Sales
O000910,2025-02-27,C00085,E0028,R006,Shipped,Online
O000911,2025-07-18,C00322,E0007,R002,Cancelled,Online
O000912,2026-08-24,C00341,E0022,R003,Delivered,Online
O000913,2025-03-08,C00413,E0028,R006,Delivered,Direct Sales
O000914,2026-03-31,C00274,E0006,R002,Delivered,Marketplace
O000915,2025-06-27,C00204,E0034,R001,Delivered,Marketplace
O000916,2025-05-01,C00281,E0037,R004,Delivered,Distributor
O000917,2025-04-01,C00582,E0006,R002,Delivered,Online
O000918,2025-11-22,C00187,E0006,R002,Cancelled,Online
O000919,2026-01-19,C00174,E0001,R002,Shipped,Online
O000920,2025-05-16,C00253,E0021,R001,Delivered,Online
O000921,2025-10-13,C00389,E0020,R001,Delivered,Marketplace
O000922,2025-10-07,C00424,E0016,R002,Delivered,Direct Sales
O000923,2025-09-28,C00303,E0018,R003,Delivered,Distributor
O000924,2025-12-24,C00364,E0039,R005,Processing,Distributor
O000925,2025-06-09,C00175,E0003,R001,Processing,Direct Sales
O000926,2025-08-01,C00445,E0024,R002,Delivered,Marketplace
O000927,2025-09-22,C00093,E0034,R001,Delivered,Distributor
O000928,2026-06-14,C00268,E0003,R001,Delivered,Distributor
O000929,2026-01-17,C00144,E0031,R001,Cancelled,Distributor
O000930,2026-01-03,C00035,E0022,R003,Delivered,Direct Sales
O000931,2025-12-11,C00432,E0032,R001,Delivered,Direct Sales
O000932,2026-04-24,C00367,E0021,R001,Processing,Direct Sales
O000933,2026-08-31,C00023,E0030,R003,Cancelled,Distributor
O000934,2025-09-16,C00409,E0032,R001,Delivered,Marketplace
O000935,2025-02-11,C00495,E0027,R008,Delivered,Online
O000936,2026-08-15,C00432,E0029,R006,Delivered,Online
O000937,2025-11-04,C00168,E0034,R001,Cancelled,Direct Sales
O000938,2025-12-08,C00582,E0010,R004,Delivered,Online
O000939,2026-04-15,C00317,E0011,R008,Delivered,Direct Sales
O000940,2025-07-25,C00472,E0001,R002,Delivered,Marketplace
O000941,2025-08-30,C00315,E0006,R002,Delivered,Distributor
O000942,2026-07-23,C00093,E0017,R002,Delivered,Online
O000943,2025-04-13,C00489,E0012,R004,Shipped,Distributor
O000944,2026-04-20,C00218,E0032,R001,Delivered,Online
O000945,2025-05-17,C00397,E0010,R004,Delivered,Marketplace
O000946,2026-07-01,C00290,E0029,R006,Delivered,Marketplace
O000947,2025-08-16,C00501,E0039,R005,Cancelled,Direct Sales
O000948,2025-12-15,C00241,E0025,R004,Processing,Online
O000949,2025-05-22,C00408,E0005,R005,Shipped,Direct Sales
O000950,2026-03-22,C00046,E0015,R008,Delivered,Marketplace
O000951,2025-06-04,C00394,E0013,R004,Delivered,Marketplace
O000952,2025-09-25,C00397,E0032,R001,Delivered,Direct Sales
O000953,2026-04-22,C00168,E0027,R008,Delivered,Marketplace
O000954,2025-06-14,C00104,E0027,R008,Delivered,Direct Sales
O000955,2026-04-11,C00589,E0034,R001,Delivered,Distributor
O000956,2025-11-07,C00412,E0029,R006,Delivered,Marketplace
O000957,2026-05-30,C00119,E0040,R005,Delivered,Distributor
O000958,2025-04-25,C00344,E0036,R004,Delivered,Distributor
O000959,2025-06-03,C00545,E0026,R006,Delivered,Marketplace
O000960,2026-03-22,C00265,E0014,R005,Delivered,Distributor
O000961,2026-05-17,C00289,E0003,R001,Shipped,Marketplace
O000962,2025-09-16,C00052,E0040,R005,Delivered,Marketplace
O000963,2025-07-03,C00304,E0002,R002,Delivered,Marketplace
O000964,2025-11-29,C00428,E0002,R002,Delivered,Online
O000965,2026-06-29,C00115,E0024,R002,Delivered,Direct Sales
O000966,2025-05-10,C00180,E0006,R002,Delivered,Distributor
O000967,2026-04-15,C00442,E0019,R002,Cancelled,Direct Sales
O000968,2025-02-11,C00537,E0038,R002,Delivered,Marketplace
O000969,2025-04-14,C00382,E0003,R001,Delivered,Online
O000970,2026-02-15,C00346,E0021,R001,Delivered,Direct Sales
O000971,2025-04-30,C00264,E0006,R002,Delivered,Marketplace
O000972,2025-02-20,C00311,E0041,R002,Delivered,Distributor
O000973,2025-07-10,C00221,E0029,R006,Delivered,Online
O000974,2025-10-07,C00409,E0013,R004,Delivered,Distributor
O000975,2025-05-13,C00213,E0002,R002,Delivered,Marketplace
O000976,2025-04-10,C00474,E0040,R005,Delivered,Direct Sales
O000977,2025-03-07,C00019,E0022,R003,Cancelled,Marketplace
O000978,2025-12-03,C00472,E0039,R005,Processing,Distributor
O000979,2025-12-18,C00488,E0037,R004,Delivered,Marketplace
O000980,2026-04-19,C00355,E0030,R003,Shipped,Direct Sales
O000981,2025-09-19,C00546,E0012,R004,Delivered,Online
O000982,2026-07-29,C00586,E0006,R002,Delivered,Online
O000983,2025-11-08,C00213,E0035,R002,Delivered,Marketplace
O000984,2025-06-09,C00463,E0031,R001,Cancelled,Direct Sales
O000985,2026-03-02,C00361,E0038,R002,Delivered,Marketplace
O000986,2026-01-20,C00570,E0033,R008,Processing,Direct Sales
O000987,2025-04-10,C00388,E0040,R005,Delivered,Direct Sales
O000988,2025-07-02,C00217,E0009,R002,Delivered,Distributor
O000989,2025-08-11,C00564,E0028,R006,Delivered,Marketplace
O000990,2025-11-22,C00328,E0025,R004,Processing,Distributor
O000991,2026-04-21,C00231,E0027,R008,Delivered,Distributor
O000992,2025-10-23,C00161,E0013,R004,Delivered,Marketplace
O000993,2026-01-28,C00476,E0013,R004,Cancelled,Distributor
O000994,2025-01-30,C00429,E0028,R006,Cancelled,Direct Sales
O000995,2026-08-08,C00142,E0041,R002,Delivered,Online
O000996,2025-06-20,C00333,E0041,R002,Cancelled,Distributor
O000997,2026-02-03,C00094,E0025,R004,Processing,Direct Sales
O000998,2025-09-03,C00166,E0031,R001,Delivered,Distributor
O000999,2025-10-28,C00205,E0022,R003,Delivered,Online
O001000,2026-04-16,C00212,E0038,R002,Delivered,Distributor
O001001,2026-05-28,C00248,E0013,R004,Delivered,Marketplace
O001002,2025-03-13,C00164,E0017,R002,Delivered,Online
O001003,2026-01-30,C00417,E0035,R002,Delivered,Distributor
O001004,2026-07-01,C00267,E0036,R004,Delivered,Distributor
O001005,2026-02-12,C00493,E0004,R008,Delivered,Marketplace
O001006,2026-03-15,C00410,E0034,R001,Delivered,Online
O001007,2025-06-23,C00150,E0018,R003,Delivered,Distributor
O001008,2026-05-10,C00348,E0011,R008,Delivered,Marketplace
O001009,2026-04-15,C00100,E0023,R004,Shipped,Direct Sales
O001010,2026-04-01,C00267,E0023,R004,Delivered,Distributor
O001011,2025-02-06,C00265,E0038,R002,Delivered,Direct Sales
O001012,2025-08-15,C00535,E0020,R001,Delivered,Marketplace
O001013,2026-08-05,C00299,E0021,R001,Delivered,Distributor
O001014,2025-05-12,C00451,E0020,R001,Delivered,Marketplace
O001015,2025-01-29,C00394,E0018,R003,Delivered,Marketplace
O001016,2025-09-23,C00152,E0039,R005,Delivered,Distributor
O001017,2025-12-19,C00489,E0041,R002,Delivered,Marketplace
O001018,2026-05-12,C00536,E0025,R004,Delivered,Distributor
O001019,2025-01-15,C00180,E0032,R001,Delivered,Marketplace
O001020,2025-08-18,C00231,E0021,R001,Delivered,Marketplace
O001021,2026-05-26,C00123,E0014,R005,Shipped,Online
O001022,2026-01-08,C00537,E0016,R002,Delivered,Distributor
O001023,2025-10-05,C00102,E0023,R004,Processing,Online
O001024,2025-09-08,C00058,E0030,R003,Delivered,Direct Sales
O001025,2025-07-01,C00251,E0016,R002,Delivered,Marketplace
O001026,2025-07-14,C00566,E0019,R002,Delivered,Direct Sales
O001027,2025-08-01,C00536,E0021,R001,Delivered,Direct Sales
O001028,2026-04-21,C00600,E0039,R005,Delivered,Online
O001029,2026-05-05,C00327,E0005,R005,Delivered,Distributor
O001030,2025-04-13,C00086,E0032,R001,Processing,Direct Sales
O001031,2026-08-19,C00499,E0021,R001,Delivered,Online
O001032,2025-01-01,C00454,E0014,R005,Delivered,Distributor
O001033,2025-12-03,C00278,E0033,R008,Processing,Distributor
O001034,2025-09-28,C00527,E0020,R001,Processing,Direct Sales
O001035,2026-03-27,C00350,E0019,R002,Delivered,Direct Sales
O001036,2026-06-06,C00500,E0001,R002,Shipped,Distributor
O001037,2026-03-19,C00168,E0013,R004,Delivered,Online
O001038,2025-07-18,C00454,E0023,R004,Delivered,Direct Sales
O001039,2025-11-24,C00219,E0021,R001,Processing,Distributor
O001040,2026-08-08,C00106,E0021,R001,Delivered,Marketplace
O001041,2025-06-25,C00161,E0014,R005,Delivered,Direct Sales
O001042,2026-03-03,C00334,E0035,R002,Delivered,Direct Sales
O001043,2026-01-15,C00270,E0032,R001,Delivered,Marketplace
O001044,2026-04-06,C00342,E0024,R002,Delivered,Distributor
O001045,2025-01-06,C00577,E0027,R008,Delivered,Online
O001046,2026-04-13,C00419,E0024,R002,Delivered,Online
O001047,2025-10-29,C00208,E0015,R008,Delivered,Online
O001048,2025-11-30,C00330,E0029,R006,Processing,Direct Sales
O001049,2025-10-08,C00221,E0041,R002,Delivered,Online
O001050,2026-05-07,C00249,E0012,R004,Cancelled,Distributor
O001051,2025-09-13,C00048,E0026,R006,Delivered,Distributor
O001052,2025-12-17,C00061,E0007,R002,Delivered,Marketplace
O001053,2026-04-29,C00449,E0020,R001,Delivered,Online
O001054,2025-06-04,C00333,E0028,R006,Cancelled,Marketplace
O001055,2026-03-25,C00588,E0014,R005,Delivered,Marketplace
O001056,2026-07-25,C00587,E0036,R004,Processing,Marketplace
O001057,2025-11-18,C00023,E0010,R004,Delivered,Distributor
O001058,2026-04-25,C00220,E0013,R004,Delivered,Distributor
O001059,2025-09-23,C00371,E0023,R004,Delivered,Online
O001060,2026-03-14,C00144,E0009,R002,Delivered,Distributor
O001061,2026-06-09,C00050,E0035,R002,Delivered,Online
O001062,2026-06-01,C00580,E0029,R006,Delivered,Distributor
O001063,2025-03-10,C00290,E0038,R002,Delivered,Online
O001064,2026-06-10,C00572,E0009,R002,Delivered,Distributor
O001065,2025-10-11,C00196,E0005,R005,Shipped,Distributor
O001066,2025-07-06,C00156,E0023,R004,Cancelled,Marketplace
O001067,2025-01-22,C00465,E0035,R002,Delivered,Marketplace
O001068,2025-01-20,C00007,E0041,R002,Delivered,Direct Sales
O001069,2025-09-23,C00331,E0029,R006,Delivered,Marketplace
O001070,2026-08-12,C00546,E0031,R001,Delivered,Direct Sales
O001071,2025-11-12,C00194,E0011,R008,Delivered,Online
O001072,2025-05-11,C00027,E0036,R004,Processing,Marketplace
O001073,2025-08-24,C00071,E0022,R003,Delivered,Direct Sales
O001074,2025-10-05,C00311,E0012,R004,Delivered,Direct Sales
O001075,2026-03-27,C00364,E0002,R002,Delivered,Distributor
O001076,2026-01-25,C00027,E0030,R003,Delivered,Distributor
O001077,2025-07-30,C00450,E0027,R008,Delivered,Online
O001078,2025-06-16,C00096,E0013,R004,Delivered,Online
O001079,2025-11-21,C00501,E0040,R005,Delivered,Direct Sales
O001080,2026-05-05,C00216,E0006,R002,Delivered,Online
O001081,2026-01-25,C00468,E0002,R002,Delivered,Distributor
O001082,2025-11-14,C00103,E0024,R002,Delivered,Distributor
O001083,2026-02-04,C00308,E0016,R002,Shipped,Online
O001084,2025-05-25,C00282,E0022,R003,Delivered,Direct Sales
O001085,2026-06-16,C00579,E0001,R002,Delivered,Direct Sales
O001086,2025-08-03,C00482,E0003,R001,Delivered,Marketplace
O001087,2025-06-26,C00425,E0012,R004,Delivered,Direct Sales
O001088,2025-06-16,C00186,E0025,R004,Delivered,Distributor
O001089,2026-01-18,C00209,E0021,R001,Delivered,Marketplace
O001090,2025-01-30,C00030,E0002,R002,Shipped,Online
O001091,2026-07-07,C00148,E0028,R006,Delivered,Direct Sales
O001092,2025-12-24,C00162,E0007,R002,Delivered,Online
O001093,2026-05-03,C00430,E0005,R005,Shipped,Distributor
O001094,2025-01-01,C00550,E0030,R003,Delivered,Distributor
O001095,2025-11-27,C00481,E0018,R003,Processing,Marketplace
O001096,2026-08-08,C00099,E0032,R001,Delivered,Direct Sales
O001097,2025-05-27,C00225,E0034,R001,Delivered,Online
O001098,2025-04-18,C00098,E0027,R008,Delivered,Direct Sales
O001099,2025-12-03,C00257,E0013,R004,Shipped,Marketplace
O001100,2026-01-19,C00135,E0022,R003,Delivered,Online
O001101,2025-07-06,C00395,E0004,R008,Delivered,Direct Sales
O001102,2026-02-11,C00035,E0017,R002,Delivered,Online
O001103,2025-12-19,C00586,E0032,R001,Delivered,Distributor
O001104,2025-09-27,C00463,E0015,R008,Processing,Distributor
O001105,2025-12-12,C00121,E0019,R002,Delivered,Marketplace
O001106,2025-04-09,C00350,E0033,R008,Delivered,Marketplace
O001107,2025-01-27,C00065,E0025,R004,Processing,Direct Sales
O001108,2025-04-24,C00097,E0016,R002,Delivered,Marketplace
O001109,2026-04-09,C00130,E0024,R002,Delivered,Online
O001110,2026-06-08,C00517,E0013,R004,Delivered,Direct Sales
O001111,2025-12-29,C00228,E0002,R002,Processing,Direct Sales
O001112,2026-06-30,C00577,E0035,R002,Delivered,Direct Sales
O001113,2025-06-12,C00544,E0012,R004,Delivered,Direct Sales
O001114,2025-07-27,C00232,E0011,R008,Delivered,Online
O001115,2026-06-19,C00411,E0020,R001,Delivered,Distributor
O001116,2025-11-04,C00480,E0022,R003,Delivered,Online
O001117,2025-08-02,C00258,E0037,R004,Cancelled,Online
O001118,2025-05-28,C00061,E0028,R006,Shipped,Direct Sales
O001119,2026-03-06,C00249,E0027,R008,Delivered,Direct Sales
O001120,2025-08-20,C00255,E0024,R002,Delivered,Direct Sales
O001121,2025-07-30,C00412,E0009,R002,Shipped,Direct Sales
O001122,2025-05-01,C00283,E0022,R003,Processing,Marketplace
O001123,2025-08-26,C00537,E0007,R002,Shipped,Marketplace
O001124,2025-06-07,C00128,E0036,R004,Delivered,Marketplace
O001125,2025-09-19,C00279,E0003,R001,Delivered,Distributor
O001126,2026-05-14,C00437,E0039,R005,Delivered,Direct Sales
O001127,2026-01-07,C00536,E0007,R002,Delivered,Distributor
O001128,2025-04-18,C00443,E0028,R006,Delivered,Marketplace
O001129,2026-03-06,C00258,E0034,R001,Delivered,Marketplace
O001130,2026-05-13,C00086,E0001,R002,Delivered,Distributor
O001131,2025-09-30,C00227,E0039,R005,Delivered,Distributor
O001132,2026-06-16,C00575,E0040,R005,Delivered,Online
O001133,2026-08-13,C00111,E0039,R005,Delivered,Online
O001134,2026-02-08,C00245,E0025,R004,Delivered,Marketplace
O001135,2026-02-13,C00451,E0031,R001,Delivered,Online
O001136,2025-01-25,C00222,E0038,R002,Delivered,Online
O001137,2026-04-13,C00300,E0028,R006,Delivered,Marketplace
O001138,2025-10-11,C00353,E0024,R002,Shipped,Online
O001139,2025-06-14,C00333,E0031,R001,Delivered,Marketplace
O001140,2026-05-27,C00411,E0024,R002,Delivered,Marketplace
O001141,2025-11-21,C00361,E0041,R002,Delivered,Online
O001142,2026-05-25,C00093,E0027,R008,Delivered,Distributor
O001143,2025-12-26,C00208,E0018,R003,Delivered,Distributor
O001144,2025-11-27,C00371,E0012,R004,Delivered,Online
O001145,2026-06-03,C00195,E0039,R005,Processing,Marketplace
O001146,2026-02-12,C00574,E0036,R004,Cancelled,Online
O001147,2026-02-19,C00204,E0006,R002,Delivered,Direct Sales
O001148,2026-02-11,C00349,E0036,R004,Delivered,Distributor
O001149,2025-11-28,C00107,E0020,R001,Delivered,Distributor
O001150,2025-10-08,C00042,E0017,R002,Delivered,Distributor
O001151,2025-08-20,C00230,E0016,R002,Shipped,Direct Sales
O001152,2025-09-07,C00149,E0001,R002,Delivered,Distributor
O001153,2026-02-27,C00450,E0028,R006,Delivered,Distributor
O001154,2026-01-08,C00590,E0026,R006,Delivered,Distributor
O001155,2025-11-24,C00380,E0025,R004,Processing,Marketplace
O001156,2025-09-10,C00079,E0010,R004,Processing,Direct Sales
O001157,2026-07-03,C00099,E0034,R001,Delivered,Online
O001158,2026-04-22,C00234,E0024,R002,Delivered,Online
O001159,2026-05-25,C00472,E0041,R002,Cancelled,Distributor
O001160,2026-07-28,C00067,E0012,R004,Shipped,Online
O001161,2025-03-07,C00356,E0032,R001,Delivered,Online
O001162,2025-01-29,C00283,E0038,R002,Cancelled,Distributor
O001163,2025-08-09,C00442,E0010,R004,Shipped,Marketplace
O001164,2025-08-27,C00552,E0021,R001,Cancelled,Distributor
O001165,2025-01-07,C00148,E0036,R004,Cancelled,Online
O001166,2025-03-14,C00367,E0039,R005,Cancelled,Online
O001167,2025-07-19,C00543,E0028,R006,Delivered,Direct Sales
O001168,2025-05-03,C00186,E0002,R002,Delivered,Online
O001169,2026-02-22,C00097,E0027,R008,Delivered,Distributor
O001170,2025-04-09,C00142,E0023,R004,Delivered,Marketplace
O001171,2026-05-27,C00182,E0029,R006,Delivered,Direct Sales
O001172,2025-08-21,C00267,E0027,R008,Delivered,Online
O001173,2026-06-21,C00348,E0030,R003,Delivered,Online
O001174,2026-01-18,C00063,E0037,R004,Delivered,Direct Sales
O001175,2025-01-05,C00002,E0035,R002,Delivered,Distributor
O001176,2025-03-13,C00314,E0002,R002,Delivered,Direct Sales
O001177,2025-12-20,C00511,E0013,R004,Delivered,Direct Sales
O001178,2026-03-28,C00384,E0038,R002,Delivered,Direct Sales
O001179,2026-07-05,C00456,E0002,R002,Delivered,Marketplace
O001180,2025-07-04,C00299,E0007,R002,Cancelled,Direct Sales
O001181,2025-06-08,C00103,E0033,R008,Cancelled,Marketplace
O001182,2026-04-04,C00466,E0037,R004,Delivered,Online
O001183,2025-05-25,C00347,E0017,R002,Delivered,Distributor
O001184,2026-01-02,C00193,E0027,R008,Delivered,Distributor
O001185,2025-11-25,C00102,E0035,R002,Processing,Distributor
O001186,2025-11-25,C00560,E0014,R005,Delivered,Distributor
O001187,2026-02-18,C00203,E0020,R001,Delivered,Distributor
O001188,2026-05-19,C00085,E0033,R008,Delivered,Marketplace
O001189,2025-11-10,C00575,E0032,R001,Shipped,Marketplace
O001190,2025-07-12,C00057,E0035,R002,Delivered,Marketplace
O001191,2025-11-18,C00585,E0036,R004,Delivered,Online
O001192,2025-07-12,C00049,E0021,R001,Delivered,Online
O001193,2026-06-05,C00445,E0034,R001,Delivered,Online
O001194,2025-07-10,C00220,E0007,R002,Delivered,Marketplace
O001195,2025-07-31,C00075,E0015,R008,Cancelled,Online
O001196,2025-04-30,C00047,E0026,R006,Delivered,Online
O001197,2026-02-04,C00247,E0023,R004,Delivered,Marketplace
O001198,2025-05-26,C00412,E0003,R001,Cancelled,Direct Sales
O001199,2025-07-29,C00265,E0029,R006,Delivered,Distributor
O001200,2026-01-22,C00011,E0028,R006,Delivered,Direct Sales
O001201,2026-02-09,C00500,E0018,R003,Delivered,Distributor
O001202,2025-04-28,C00132,E0016,R002,Delivered,Direct Sales
O001203,2026-07-04,C00501,E0005,R005,Delivered,Direct Sales
O001204,2026-07-04,C00263,E0027,R008,Delivered,Marketplace
O001205,2025-05-03,C00584,E0018,R003,Delivered,Direct Sales
O001206,2025-07-25,C00089,E0037,R004,Delivered,Online
O001207,2025-04-25,C00481,E0032,R001,Delivered,Online
O001208,2025-03-11,C00398,E0013,R004,Delivered,Distributor
O001209,2026-03-29,C00380,E0030,R003,Cancelled,Online
O001210,2025-11-22,C00516,E0014,R005,Delivered,Online
O001211,2025-06-29,C00157,E0023,R004,Delivered,Distributor
O001212,2026-01-25,C00206,E0004,R008,Delivered,Marketplace
O001213,2025-07-08,C00518,E0005,R005,Delivered,Marketplace
O001214,2025-03-13,C00450,E0002,R002,Delivered,Marketplace
O001215,2026-07-15,C00571,E0012,R004,Delivered,Online
O001216,2026-06-15,C00115,E0005,R005,Processing,Online
O001217,2025-02-09,C00174,E0022,R003,Delivered,Online
O001218,2025-01-04,C00240,E0001,R002,Cancelled,Online
O001219,2025-08-18,C00397,E0038,R002,Delivered,Online
O001220,2025-10-17,C00021,E0032,R001,Cancelled,Distributor
O001221,2025-09-14,C00461,E0017,R002,Delivered,Distributor
O001222,2026-07-04,C00491,E0011,R008,Delivered,Direct Sales
O001223,2026-02-02,C00148,E0020,R001,Delivered,Direct Sales
O001224,2025-11-04,C00377,E0002,R002,Delivered,Online
O001225,2026-02-16,C00471,E0028,R006,Delivered,Marketplace
O001226,2026-03-04,C00214,E0027,R008,Shipped,Distributor
O001227,2026-01-08,C00455,E0026,R006,Delivered,Marketplace
O001228,2025-09-09,C00409,E0010,R004,Delivered,Direct Sales
O001229,2026-04-20,C00583,E0014,R005,Processing,Distributor
O001230,2026-02-07,C00384,E0021,R001,Delivered,Distributor
O001231,2025-11-04,C00112,E0036,R004,Cancelled,Distributor
O001232,2025-12-12,C00053,E0014,R005,Processing,Direct Sales
O001233,2025-07-04,C00394,E0035,R002,Shipped,Online
O001234,2025-10-07,C00212,E0026,R006,Cancelled,Direct Sales
O001235,2025-06-04,C00412,E0038,R002,Delivered,Marketplace
O001236,2026-05-14,C00480,E0017,R002,Delivered,Online
O001237,2025-01-22,C00100,E0005,R005,Delivered,Online
O001238,2026-01-01,C00340,E0006,R002,Delivered,Direct Sales
O001239,2026-01-07,C00219,E0021,R001,Cancelled,Marketplace
O001240,2025-12-13,C00598,E0030,R003,Delivered,Marketplace
O001241,2025-06-05,C00311,E0007,R002,Delivered,Distributor
O001242,2025-06-12,C00122,E0036,R004,Processing,Distributor
O001243,2025-05-31,C00288,E0017,R002,Shipped,Online
O001244,2026-04-30,C00041,E0010,R004,Delivered,Distributor
O001245,2026-03-28,C00175,E0002,R002,Cancelled,Direct Sales
O001246,2026-08-04,C00459,E0002,R002,Delivered,Marketplace
O001247,2025-07-01,C00088,E0025,R004,Delivered,Marketplace
O001248,2025-07-21,C00404,E0011,R008,Delivered,Marketplace
O001249,2025-01-17,C00086,E0024,R002,Cancelled,Distributor
O001250,2025-07-16,C00174,E0025,R004,Processing,Marketplace
O001251,2025-11-23,C00533,E0002,R002,Delivered,Online
O001252,2026-04-05,C00245,E0021,R001,Delivered,Marketplace
O001253,2025-03-24,C00042,E0019,R002,Delivered,Online
O001254,2026-08-11,C00134,E0041,R002,Delivered,Marketplace
O001255,2026-01-25,C00390,E0014,R005,Delivered,Online
O001256,2026-01-11,C00277,E0026,R006,Processing,Distributor
O001257,2025-12-21,C00417,E0023,R004,Delivered,Direct Sales
O001258,2025-03-27,C00501,E0020,R001,Shipped,Online
O001259,2025-01-24,C00327,E0034,R001,Delivered,Online
O001260,2026-01-18,C00249,E0005,R005,Delivered,Direct Sales
O001261,2025-03-19,C00586,E0017,R002,Delivered,Online
O001262,2025-06-09,C00350,E0041,R002,Cancelled,Distributor
O001263,2025-02-27,C00339,E0007,R002,Delivered,Direct Sales
O001264,2025-04-04,C00084,E0013,R004,Delivered,Distributor
O001265,2025-03-23,C00239,E0015,R008,Delivered,Marketplace
O001266,2025-07-22,C00543,E0014,R005,Shipped,Direct Sales
O001267,2026-03-30,C00481,E0020,R001,Delivered,Online
O001268,2025-09-27,C00082,E0013,R004,Delivered,Direct Sales
O001269,2025-07-11,C00127,E0005,R005,Delivered,Direct Sales
O001270,2026-02-27,C00167,E0027,R008,Processing,Marketplace
O001271,2025-12-20,C00224,E0029,R006,Delivered,Online
O001272,2025-03-08,C00258,E0020,R001,Delivered,Online
O001273,2026-03-17,C00506,E0024,R002,Delivered,Distributor
O001275,2026-04-07,C00583,E0018,R003,Delivered,Distributor
O001276,2026-05-16,C00380,E0033,R008,Delivered,Direct Sales
O001277,2025-02-13,C00234,E0039,R005,Delivered,Distributor
O001278,2026-02-17,C00477,E0031,R001,Shipped,Distributor
O001279,2026-01-30,C00464,E0011,R008,Delivered,Online
O001280,2025-06-02,C00143,E0022,R003,Delivered,Marketplace
O001281,2025-06-04,C00015,E0029,R006,Cancelled,Direct Sales
O001282,2026-02-05,C00223,E0007,R002,Shipped,Direct Sales
O001283,2025-01-23,C00278,E0023,R004,Shipped,Distributor
O001284,2025-08-22,C00163,E0021,R001,Delivered,Distributor
O001285,2025-06-13,C00512,E0029,R006,Shipped,Online
O001286,2025-11-28,C00362,E0007,R002,Shipped,Marketplace
O001287,2025-08-10,C00145,E0017,R002,Delivered,Distributor
O001288,2025-12-13,C00014,E0021,R001,Delivered,Distributor
O001289,2026-06-27,C00125,E0040,R005,Delivered,Marketplace
O001290,2026-08-02,C00383,E0010,R004,Shipped,Online
O001291,2026-03-04,C00019,E0030,R003,Delivered,Direct Sales
O001292,2026-05-03,C00335,E0016,R002,Delivered,Marketplace
O001293,2025-05-11,C00592,E0023,R004,Delivered,Direct Sales
O001294,2026-07-31,C00243,E0017,R002,Shipped,Online
O001295,2026-01-29,C00321,E0034,R001,Delivered,Marketplace
O001296,2026-04-19,C00084,E0035,R002,Cancelled,Marketplace
O001297,2025-07-17,C00069,E0030,R003,Delivered,Direct Sales
O001298,2025-09-10,C00373,E0004,R008,Delivered,Online
O001299,2026-07-30,C00336,E0024,R002,Delivered,Marketplace
O001300,2026-07-04,C00328,E0033,R008,Delivered,Direct Sales
O001301,2025-07-19,C00124,E0020,R001,Processing,Marketplace
O001302,2025-01-12,C00255,E0026,R006,Delivered,Marketplace
O001303,2025-01-26,C00210,E0011,R008,Delivered,Distributor
O001304,2025-06-01,C00081,E0025,R004,Shipped,Distributor
O001305,2025-11-18,C00569,E0012,R004,Delivered,Marketplace
O001306,2026-04-10,C00467,E0019,R002,Delivered,Direct Sales
O001307,2025-05-07,C00132,E0022,R003,Delivered,Marketplace
O001308,2025-05-26,C00566,E0032,R001,Delivered,Distributor
O001309,2025-11-28,C00564,E0002,R002,Delivered,Direct Sales
O001310,2025-10-17,C00335,E0041,R002,Delivered,Online
O001311,2026-05-24,C00524,E0004,R008,Delivered,Online
O001312,2026-06-20,C00144,E0011,R008,Delivered,Direct Sales
O001313,2025-12-13,C00095,E0025,R004,Delivered,Distributor
O001314,2026-02-15,C00352,E0005,R005,Processing,Online
O001315,2025-06-08,C00538,E0028,R006,Processing,Online
O001316,2025-04-29,C00213,E0030,R003,Delivered,Direct Sales
O001317,2025-02-23,C00246,E0004,R008,Delivered,Distributor
O001318,2025-08-27,C00044,E0003,R001,Delivered,Direct Sales
O001319,2026-02-01,C00513,E0022,R003,Delivered,Online
O001320,2025-01-25,C00523,E0020,R001,Delivered,Online
O001321,2025-08-02,C00042,E0014,R005,Delivered,Distributor
O001322,2026-08-19,C00008,E0024,R002,Delivered,Direct Sales
O001323,2026-07-04,C00407,E0015,R008,Delivered,Marketplace
O001324,2026-06-08,C00273,E0037,R004,Delivered,Direct Sales
O001325,2025-12-09,C00207,E0040,R005,Delivered,Marketplace
O001326,2025-10-20,C00267,E0027,R008,Shipped,Online
O001327,2025-07-29,C00457,E0040,R005,Delivered,Online
O001328,2025-07-30,C00043,E0026,R006,Delivered,Marketplace
O001329,2026-01-05,C00220,E0039,R005,Shipped,Online
O001330,2025-08-11,C00236,E0038,R002,Processing,Online
O001331,2025-07-05,C00318,E0001,R002,Delivered,Direct Sales
O001332,2026-04-14,C00512,E0026,R006,Delivered,Direct Sales
O001333,2025-09-12,C00504,E0032,R001,Delivered,Online
O001334,2025-01-12,C00001,E0002,R002,Delivered,Online
O001335,2026-08-05,C00311,E0030,R003,Delivered,Online
O001336,2025-07-15,C00055,E0025,R004,Delivered,Marketplace
O001337,2025-01-23,C00078,E0019,R002,Delivered,Online
O001338,2025-09-27,C00123,E0021,R001,Shipped,Direct Sales
O001339,2025-06-28,C00124,E0002,R002,Delivered,Online
O001340,2026-08-17,C00089,E0017,R002,Processing,Marketplace
O001341,2025-03-06,C00277,E0002,R002,Delivered,Direct Sales
O001342,2025-01-31,C00067,E0027,R008,Delivered,Distributor
O001343,2025-06-29,C00443,E0031,R001,Delivered,Online
O001344,2026-05-06,C00065,E0019,R002,Delivered,Marketplace
O001345,2025-08-29,C00025,E0019,R002,Shipped,Online
O001346,2026-07-27,C00046,E0038,R002,Shipped,Direct Sales
O001347,2025-04-01,C00049,E0020,R001,Cancelled,Marketplace
O001348,2026-01-18,C00468,E0032,R001,Delivered,Direct Sales
O001349,2025-06-28,C00329,E0024,R002,Cancelled,Distributor
O001350,2025-10-27,C00382,E0031,R001,Delivered,Distributor
O001351,2026-03-19,C00556,E0028,R006,Delivered,Marketplace
O001352,2026-04-23,C00141,E0023,R004,Shipped,Direct Sales
O001353,2025-12-16,C00044,E0023,R004,Processing,Direct Sales
O001354,2026-02-10,C00588,E0010,R004,Delivered,Distributor
O001355,2026-06-17,C00115,E0034,R001,Delivered,Online
O001356,2025-08-21,C00261,E0037,R004,Delivered,Distributor
O001357,2026-07-16,C00120,E0022,R003,Delivered,Distributor
O001358,2026-02-22,C00225,E0038,R002,Delivered,Direct Sales
O001359,2025-01-01,C00465,E0011,R008,Processing,Online
O001360,2025-11-10,C00508,E0011,R008,Delivered,Distributor
O001361,2025-07-15,C00311,E0015,R008,Delivered,Online
O001362,2025-08-01,C00032,E0020,R001,Delivered,Online
O001363,2025-05-02,C00069,E0018,R003,Delivered,Marketplace
O001364,2025-12-18,C00413,E0001,R002,Delivered,Marketplace
O001365,2026-08-27,C00214,E0021,R001,Shipped,Online
O001366,2025-11-24,C00504,E0003,R001,Delivered,Online
O001367,2026-07-06,C00262,E0032,R001,Delivered,Distributor
O001368,2026-01-25,C00360,E0033,R008,Delivered,Distributor
O001369,2026-07-11,C00089,E0032,R001,Delivered,Online
O001370,2026-01-24,C00252,E0007,R002,Delivered,Direct Sales
O001371,2025-11-14,C00481,E0003,R001,Processing,Distributor
O001372,2025-04-08,C00222,E0041,R002,Delivered,Direct Sales
O001373,2025-03-12,C00029,E0034,R001,Processing,Direct Sales
O001374,2026-07-03,C00475,E0019,R002,Delivered,Marketplace
O001375,2025-06-28,C00600,E0009,R002,Shipped,Marketplace
O001376,2025-12-06,C00167,E0003,R001,Delivered,Online
O001377,2026-05-09,C00159,E0005,R005,Shipped,Direct Sales
O001378,2026-01-21,C00006,E0026,R006,Delivered,Marketplace
O001379,2026-08-21,C00188,E0016,R002,Shipped,Direct Sales
O001380,2025-06-18,C00456,E0009,R002,Delivered,Direct Sales
O001381,2026-05-24,C00577,E0002,R002,Delivered,Distributor
O001382,2026-07-11,C00022,E0035,R002,Delivered,Distributor
O001383,2026-03-23,C00486,E0003,R001,Processing,Distributor
O001384,2025-09-27,C00069,E0005,R005,Delivered,Distributor
O001385,2025-05-21,C00411,E0034,R001,Delivered,Online
O001386,2025-07-21,C00166,E0006,R002,Shipped,Marketplace
O001387,2025-03-10,C00571,E0018,R003,Delivered,Distributor
O001388,2025-08-26,C00119,E0037,R004,Delivered,Direct Sales
O001389,2025-01-12,C00308,E0010,R004,Delivered,Online
O001390,2026-06-22,C00523,E0001,R002,Delivered,Online
O001391,2025-09-07,C00311,E0010,R004,Shipped,Direct Sales
O001392,2026-05-06,C00194,E0032,R001,Delivered,Online
O001393,2025-05-30,C00177,E0026,R006,Delivered,Direct Sales
O001394,2026-08-03,C00070,E0032,R001,Delivered,Direct Sales
O001395,2025-09-26,C00424,E0025,R004,Delivered,Online
O001396,2026-02-09,C00443,E0003,R001,Delivered,Direct Sales
O001397,2025-08-19,C00383,E0027,R008,Delivered,Distributor
O001398,2025-09-05,C00522,E0028,R006,Cancelled,Marketplace
O001399,2025-02-01,C00510,E0005,R005,Delivered,Online
O001400,2025-02-10,C00576,E0006,R002,Delivered,Marketplace
O001401,2025-12-16,C00403,E0019,R002,Delivered,Marketplace
O001402,2026-01-31,C00316,E0032,R001,Cancelled,Direct Sales
O001403,2026-05-17,C00481,E0023,R004,Delivered,Online
O001404,2025-10-23,C00258,E0019,R002,Cancelled,Direct Sales
O001405,2026-08-03,C00321,E0022,R003,Delivered,Marketplace
O001406,2026-06-15,C00314,E0014,R005,Delivered,Marketplace
O001407,2025-07-12,C00271,E0040,R005,Cancelled,Direct Sales
O001408,2026-07-10,C00303,E0014,R005,Processing,Marketplace
O001409,2025-05-01,C00210,E0031,R001,Delivered,Direct Sales
O001410,2025-07-07,C00211,E0040,R005,Shipped,Marketplace
O001411,2025-10-05,C00252,E0027,R008,Cancelled,Distributor
O001412,2025-09-18,C00551,E0023,R004,Cancelled,Online
O001413,2026-07-18,C00259,E0009,R002,Delivered,Online
O001414,2026-05-22,C00069,E0014,R005,Shipped,Marketplace
O001415,2025-07-23,C00524,E0038,R002,Delivered,Online
O001416,2026-05-03,C00438,E0033,R008,Delivered,Distributor
O001417,2025-07-05,C00321,E0009,R002,Delivered,Marketplace
O001418,2025-10-12,C00056,E0003,R001,Delivered,Marketplace
O001419,2025-07-29,C00131,E0007,R002,Delivered,Online
O001420,2025-10-11,C00011,E0009,R002,Delivered,Distributor
O001421,2026-08-08,C00247,E0016,R002,Delivered,Marketplace
O001422,2026-07-21,C00243,E0011,R008,Cancelled,Marketplace
O001423,2025-07-28,C00226,E0012,R004,Processing,Online
O001424,2026-05-13,C00165,E0006,R002,Delivered,Online
O001425,2025-09-05,C00253,E0028,R006,Shipped,Direct Sales
O001426,2025-04-20,C00178,E0016,R002,Delivered,Direct Sales
O001427,2026-04-02,C00316,E0029,R006,Delivered,Direct Sales
O001428,2026-03-31,C00103,E0006,R002,Shipped,Direct Sales
O001429,2025-01-24,C00394,E0041,R002,Processing,Marketplace
O001430,2026-06-21,C00211,E0033,R008,Delivered,Marketplace
O001431,2026-03-29,C00022,E0033,R008,Cancelled,Direct Sales
O001432,2026-01-22,C00382,E0011,R008,Delivered,Distributor
O001433,2025-12-28,C00213,E0015,R008,Delivered,Marketplace
O001434,2026-01-24,C00255,E0020,R001,Cancelled,Distributor
O001435,2025-03-08,C00025,E0038,R002,Shipped,Online
O001436,2026-01-04,C00399,E0038,R002,Delivered,Online
O001437,2026-03-11,C00503,E0029,R006,Delivered,Distributor
O001438,2025-10-03,C00262,E0024,R002,Delivered,Marketplace
O001439,2025-08-13,C00491,E0012,R004,Cancelled,Direct Sales
O001440,2025-02-19,C00038,E0026,R006,Delivered,Online
O001441,2025-09-14,C00163,E0006,R002,Delivered,Marketplace
O001442,2025-05-26,C00464,E0011,R008,Delivered,Marketplace
O001443,2025-11-16,C00191,E0016,R002,Delivered,Online
O001444,2026-08-10,C00238,E0006,R002,Delivered,Marketplace
O001445,2025-06-21,C00562,E0032,R001,Delivered,Online
O001446,2025-03-10,C00201,E0040,R005,Delivered,Marketplace
O001447,2026-04-19,C00184,E0036,R004,Processing,Marketplace
O001448,2025-09-09,C00184,E0011,R008,Delivered,Marketplace
O001449,2026-05-28,C00176,E0019,R002,Processing,Online
O001450,2025-02-19,C00404,E0010,R004,Shipped,Direct Sales
O001451,2026-08-11,C00136,E0017,R002,Delivered,Distributor
O001452,2025-04-23,C00252,E0031,R001,Delivered,Direct Sales
O001453,2025-05-20,C00044,E0005,R005,Delivered,Marketplace
O001454,2026-02-09,C00472,E0035,R002,Processing,Distributor
O001455,2026-08-15,C00538,E0031,R001,Delivered,Marketplace
O001456,2026-05-31,C00537,E0028,R006,Shipped,Direct Sales
O001457,2026-01-12,C00038,E0015,R008,Delivered,Online
O001458,2025-11-03,C00423,E0026,R006,Delivered,Online
O001459,2025-01-17,C00323,E0033,R008,Delivered,Distributor
O001460,2025-11-06,C00151,E0030,R003,Delivered,Direct Sales
O001461,2026-03-26,C00146,E0002,R002,Delivered,Distributor
O001462,2026-01-16,C00409,E0031,R001,Delivered,Distributor
O001463,2025-09-09,C00134,E0028,R006,Delivered,Online
O001464,2025-12-25,C00303,E0025,R004,Shipped,Distributor
O001465,2025-12-30,C00444,E0005,R005,Processing,Distributor
O001466,2025-12-27,C00042,E0032,R001,Delivered,Direct Sales
O001467,2025-01-12,C00318,E0034,R001,Delivered,Direct Sales
O001468,2025-01-26,C00576,E0019,R002,Processing,Direct Sales
O001469,2026-04-05,C00534,E0025,R004,Delivered,Marketplace
O001470,2025-10-19,C00472,E0024,R002,Delivered,Online
O001471,2026-03-25,C00530,E0039,R005,Shipped,Distributor
O001472,2025-06-07,C00527,E0003,R001,Delivered,Marketplace
O001473,2025-05-26,C00451,E0019,R002,Delivered,Online
O001474,2025-08-14,C00394,E0019,R002,Delivered,Online
O001475,2025-07-19,C00311,E0001,R002,Delivered,Direct Sales
O001476,2026-07-15,C00428,E0011,R008,Cancelled,Marketplace
O001477,2025-06-17,C00216,E0001,R002,Delivered,Marketplace
O001478,2026-04-25,C00495,E0005,R005,Delivered,Distributor
O001479,2025-12-17,C00117,E0006,R002,Cancelled,Marketplace
O001480,2025-12-01,C00481,E0018,R003,Processing,Direct Sales
O001481,2025-08-20,C00533,E0019,R002,Delivered,Distributor
O001482,2026-06-06,C00495,E0019,R002,Delivered,Distributor
O001483,2025-09-21,C00415,E0004,R008,Delivered,Direct Sales
O001484,2025-09-12,C00569,E0016,R002,Shipped,Direct Sales
O001485,2026-02-27,C00101,E0036,R004,Delivered,Distributor
O001486,2025-03-25,C00581,E0023,R004,Delivered,Direct Sales
O001487,2025-02-28,C00493,E0005,R005,Delivered,Distributor
O001488,2026-04-30,C00443,E0011,R008,Delivered,Marketplace
O001489,2025-08-30,C00380,E0009,R002,Shipped,Distributor
O001490,2026-02-20,C00406,E0039,R005,Delivered,Direct Sales
O001491,2025-12-11,C00294,E0017,R002,Delivered,Marketplace
O001492,2025-03-26,C00386,E0006,R002,Delivered,Online
O001493,2026-05-20,C00154,E0036,R004,Delivered,Direct Sales
O001494,2025-07-01,C00053,E0001,R002,Delivered,Direct Sales
O001495,2026-08-09,C00299,E0025,R004,Delivered,Online
O001496,2025-04-13,C00170,E0021,R001,Delivered,Online
O001497,2025-07-16,C00041,E0041,R002,Delivered,Distributor
O001498,2026-08-31,C00503,E0007,R002,Delivered,Online
O001499,2026-04-19,C00292,E0010,R004,Cancelled,Marketplace
O001500,2026-05-24,C00162,E0034,R001,Cancelled,Direct Sales
O001501,2025-12-13,C00291,E0003,R001,Delivered,Distributor
O001502,2025-10-28,C00464,E0024,R002,Delivered,Distributor
O001503,2025-08-04,C00241,E0021,R001,Delivered,Distributor
O001504,2025-03-23,C00153,E0011,R008,Delivered,Online
O001505,2025-05-10,C00152,E0007,R002,Delivered,Online
O001506,2026-08-17,C00290,E0023,R004,Delivered,Distributor
O001507,2026-07-20,C00446,E0028,R006,Cancelled,Marketplace
O001508,2026-01-08,C00215,E0032,R001,Delivered,Distributor
O001509,2025-02-20,C00197,E0024,R002,Delivered,Marketplace
O001510,2026-04-20,C00399,E0013,R004,Delivered,Marketplace
O001511,2026-03-09,C00461,E0010,R004,Delivered,Direct Sales
O001512,2026-03-02,C00008,E0012,R004,Delivered,Distributor
O001513,2025-05-24,C00343,E0011,R008,Delivered,Distributor
O001514,2026-03-04,C00285,E0014,R005,Delivered,Online
O001515,2025-12-12,C00370,E0023,R004,Delivered,Online
O001516,2025-08-05,C00495,E0034,R001,Delivered,Marketplace
O001517,2026-06-26,C00518,E0019,R002,Cancelled,Direct Sales
O001518,2026-08-29,C00446,E0003,R001,Processing,Marketplace
O001519,2025-10-19,C00552,E0031,R001,Delivered,Online
O001520,2026-05-01,C00418,E0039,R005,Delivered,Distributor
O001521,2026-08-29,C00586,E0016,R002,Delivered,Distributor
O001522,2025-08-23,C00272,E0021,R001,Cancelled,Marketplace
O001523,2026-06-28,C00405,E0018,R003,Delivered,Online
O001524,2026-02-11,C00228,E0030,R003,Delivered,Distributor
O001525,2026-07-03,C00049,E0005,R005,Processing,Distributor
O001526,2025-02-22,C00017,E0034,R001,Shipped,Direct Sales
O001527,2025-04-29,C00547,E0037,R004,Delivered,Distributor
O001528,2026-07-13,C00575,E0023,R004,Delivered,Online
O001529,2025-09-09,C00440,E0006,R002,Shipped,Online
O001530,2025-06-23,C00102,E0010,R004,Delivered,Marketplace
O001531,2025-07-28,C00426,E0012,R004,Delivered,Marketplace
O001532,2026-07-10,C00100,E0020,R001,Processing,Online
O001533,2025-01-04,C00079,E0011,R008,Delivered,Online
O001534,2026-04-08,C00277,E0013,R004,Delivered,Online
O001535,2026-06-08,C00513,E0036,R004,Delivered,Distributor
O001536,2025-04-05,C00285,E0006,R002,Delivered,Direct Sales
O001537,2025-01-19,C00398,E0014,R005,Cancelled,Online
O001538,2025-12-17,C00065,E0012,R004,Delivered,Direct Sales
O001539,2025-12-15,C00491,E0024,R002,Delivered,Distributor
O001540,2025-08-06,C00107,E0034,R001,Delivered,Direct Sales
O001541,2025-08-21,C00496,E0039,R005,Shipped,Distributor
O001542,2025-07-23,C00397,E0022,R003,Delivered,Online
O001543,2026-08-08,C00464,E0014,R005,Delivered,Online
O001544,2025-01-08,C00382,E0023,R004,Delivered,Distributor
O001545,2026-06-18,C00088,E0010,R004,Processing,Online
O001546,2026-07-21,C00140,E0032,R001,Processing,Marketplace
O001547,2025-11-21,C00123,E0041,R002,Delivered,Marketplace
O001548,2025-02-09,C00550,E0029,R006,Delivered,Online
O001549,2026-01-24,C00308,E0010,R004,Delivered,Marketplace
O001550,2026-06-28,C00349,E0028,R006,Delivered,Online
O001551,2026-02-21,C00511,E0021,R001,Delivered,Online
O001552,2025-04-06,C00292,E0022,R003,Delivered,Online
O001553,2025-09-28,C00372,E0009,R002,Delivered,Marketplace
O001554,2026-08-20,C00127,E0013,R004,Delivered,Direct Sales
O001555,2026-07-18,C00051,E0019,R002,Processing,Online
O001556,2026-07-20,C00563,E0038,R002,Delivered,Online
O001557,2026-03-07,C00414,E0003,R001,Delivered,Marketplace
O001558,2025-03-12,C00276,E0004,R008,Delivered,Online
O001559,2026-04-26,C00110,E0032,R001,Delivered,Distributor
O001560,2025-06-12,C00555,E0007,R002,Cancelled,Direct Sales
O001561,2025-07-09,C00084,E0023,R004,Cancelled,Online
O001562,2025-05-10,C00018,E0032,R001,Delivered,Direct Sales
O001563,2026-08-14,C00418,E0001,R002,Delivered,Distributor
O001564,2026-03-17,C00561,E0017,R002,Delivered,Distributor
O001565,2025-12-19,C00198,E0035,R002,Delivered,Distributor
O001566,2025-10-03,C00422,E0039,R005,Delivered,Online
O001567,2025-01-02,C00431,E0018,R003,Delivered,Distributor
O001568,2026-08-14,C00196,E0018,R003,Delivered,Online
O001569,2025-08-25,C00255,E0010,R004,Delivered,Online
O001570,2025-08-12,C00074,E0027,R008,Delivered,Online
O001571,2025-04-24,C00589,E0001,R002,Delivered,Distributor
O001572,2026-04-03,C00110,E0023,R004,Delivered,Direct Sales
O001573,2026-02-25,C00127,E0025,R004,Delivered,Marketplace
O001574,2025-07-31,C00455,E0014,R005,Delivered,Marketplace
O001575,2026-05-16,C00193,E0017,R002,Delivered,Distributor
O001576,2026-03-20,C00051,E0018,R003,Shipped,Direct Sales
O001577,2026-06-21,C00063,E0004,R008,Delivered,Direct Sales
O001578,2025-05-25,C00424,E0009,R002,Delivered,Marketplace
O001579,2026-04-30,C00182,E0029,R006,Processing,Online
O001580,2025-08-18,C00466,E0024,R002,Shipped,Direct Sales
O001581,2025-10-04,C00283,E0032,R001,Delivered,Distributor
O001582,2025-01-18,C00226,E0030,R003,Delivered,Distributor
O001583,2025-04-23,C00394,E0016,R002,Delivered,Marketplace
O001584,2025-10-06,C00535,E0018,R003,Processing,Marketplace
O001585,2026-08-04,C00414,E0002,R002,Delivered,Direct Sales
O001586,2026-07-24,C00290,E0018,R003,Cancelled,Direct Sales
O001587,2025-06-02,C00509,E0035,R002,Delivered,Marketplace
O001588,2025-01-02,C00568,E0028,R006,Shipped,Direct Sales
O001589,2026-03-12,C00192,E0007,R002,Delivered,Marketplace
O001590,2025-04-09,C00205,E0027,R008,Delivered,Distributor
O001591,2025-02-16,C00201,E0017,R002,Delivered,Marketplace
O001592,2026-05-20,C00483,E0017,R002,Delivered,Distributor
O001593,2025-04-16,C00576,E0002,R002,Cancelled,Direct Sales
O001594,2025-07-29,C00237,E0028,R006,Shipped,Distributor
O001595,2026-07-16,C00548,E0005,R005,Shipped,Direct Sales
O001596,2026-01-15,C00227,E0015,R008,Delivered,Online
O001597,2025-05-04,C00263,E0001,R002,Delivered,Distributor
O001598,2025-08-31,C00215,E0006,R002,Cancelled,Online
O001599,2025-02-15,C00096,E0018,R003,Shipped,Marketplace
O001600,2026-05-17,C00555,E0012,R004,Delivered,Distributor
O001601,2026-05-31,C00339,E0007,R002,Cancelled,Direct Sales
O001602,2026-03-14,C00590,E0019,R002,Delivered,Marketplace
O001603,2025-01-28,C00464,E0037,R004,Delivered,Online
O001604,2025-06-10,C00282,E0014,R005,Delivered,Online
O001605,2025-07-22,C00184,E0014,R005,Delivered,Marketplace
O001606,2025-08-20,C00472,E0004,R008,Cancelled,Direct Sales
O001607,2026-01-11,C00033,E0009,R002,Delivered,Distributor
O001608,2026-05-01,C00158,E0005,R005,Delivered,Online
O001609,2026-06-30,C00176,E0025,R004,Delivered,Distributor
O001610,2025-08-05,C00112,E0006,R002,Delivered,Direct Sales
O001611,2025-08-23,C00426,E0007,R002,Delivered,Marketplace
O001612,2026-04-09,C00533,E0037,R004,Delivered,Direct Sales
O001613,2026-04-01,C00460,E0029,R006,Delivered,Marketplace
O001614,2025-01-21,C00267,E0040,R005,Delivered,Distributor
O001615,2025-04-04,C00303,E0026,R006,Cancelled,Online
O001616,2026-07-01,C00130,E0004,R008,Delivered,Distributor
O001617,2025-02-24,C00405,E0039,R005,Processing,Direct Sales
O001618,2025-09-04,C00552,E0016,R002,Delivered,Online
O001619,2025-12-14,C00248,E0036,R004,Processing,Online
O001620,2026-07-17,C00266,E0018,R003,Delivered,Direct Sales
O001621,2025-07-30,C00046,E0029,R006,Delivered,Direct Sales
O001622,2026-03-29,C00092,E0035,R002,Delivered,Distributor
O001623,2026-04-17,C00560,E0006,R002,Delivered,Marketplace
O001624,2025-01-12,C00346,E0002,R002,Delivered,Online
O001625,2025-06-18,C00032,E0006,R002,Cancelled,Online
O001626,2025-04-11,C00085,E0014,R005,Shipped,Marketplace
O001627,2025-06-03,C00059,E0040,R005,Delivered,Marketplace
O001628,2025-10-27,C00389,E0009,R002,Delivered,Direct Sales
O001629,2026-08-14,C00088,E0036,R004,Processing,Distributor
O001630,2025-06-04,C00295,E0033,R008,Delivered,Marketplace
O001631,2025-11-18,C00514,E0041,R002,Delivered,Distributor
O001632,2026-04-24,C00042,E0034,R001,Delivered,Online
O001633,2025-09-09,C00051,E0001,R002,Delivered,Marketplace
O001634,2026-06-13,C00350,E0006,R002,Delivered,Direct Sales
O001635,2025-08-30,C00415,E0026,R006,Delivered,Direct Sales
O001636,2025-11-26,C00276,E0034,R001,Delivered,Online
O001637,2026-08-14,C00375,E0021,R001,Delivered,Online
O001638,2025-02-24,C00566,E0003,R001,Delivered,Direct Sales
O001639,2025-12-30,C00247,E0028,R006,Delivered,Direct Sales
O001640,2025-10-02,C00129,E0005,R005,Delivered,Online
O001641,2026-07-24,C00402,E0018,R003,Processing,Online
O001642,2026-07-15,C00268,E0018,R003,Shipped,Distributor
O001643,2026-01-23,C00255,E0035,R002,Delivered,Online
O001644,2025-06-08,C00410,E0019,R002,Delivered,Direct Sales
O001645,2025-06-24,C00410,E0041,R002,Processing,Marketplace
O001646,2025-01-22,C00418,E0021,R001,Delivered,Distributor
O001647,2025-08-08,C00134,E0025,R004,Delivered,Marketplace
O001648,2025-02-11,C00258,E0006,R002,Delivered,Marketplace
O001649,2026-01-18,C00400,E0012,R004,Delivered,Online
O001650,2026-01-13,C00192,E0027,R008,Delivered,Direct Sales
O001651,2025-03-28,C00301,E0014,R005,Shipped,Distributor
O001652,2025-10-25,C00316,E0028,R006,Processing,Online
O001653,2025-09-05,C00232,E0007,R002,Processing,Direct Sales
O001654,2026-04-22,C00283,E0023,R004,Cancelled,Online
O001655,2025-02-28,C00349,E0003,R001,Delivered,Direct Sales
O001656,2025-12-30,C00210,E0015,R008,Delivered,Marketplace
O001657,2025-08-16,C00323,E0009,R002,Delivered,Online
O001658,2026-06-23,C00093,E0007,R002,Shipped,Online
O001659,2025-09-04,C00558,E0004,R008,Cancelled,Online
O001660,2025-05-18,C00203,E0033,R008,Delivered,Marketplace
O001661,2025-02-05,C00232,E0003,R001,Delivered,Online
O001662,2026-02-03,C00518,E0033,R008,Delivered,Distributor
O001663,2025-01-11,C00513,E0028,R006,Delivered,Direct Sales
O001664,2025-12-09,C00028,E0002,R002,Delivered,Online
O001665,2025-09-08,C00563,E0010,R004,Delivered,Marketplace
O001666,2025-10-18,C00484,E0033,R008,Cancelled,Online
O001667,2026-02-06,C00426,E0001,R002,Delivered,Marketplace
O001668,2025-11-15,C00138,E0004,R008,Cancelled,Online
O001669,2025-04-22,C00127,E0035,R002,Processing,Marketplace
O001670,2026-06-27,C00232,E0016,R002,Shipped,Marketplace
O001671,2026-02-22,C00028,E0039,R005,Delivered,Direct Sales
O001672,2025-03-17,C00162,E0015,R008,Delivered,Distributor
O001673,2026-03-05,C00282,E0023,R004,Delivered,Online
O001674,2025-05-14,C00262,E0003,R001,Processing,Distributor
O001675,2025-12-12,C00044,E0025,R004,Delivered,Distributor
O001676,2025-02-17,C00405,E0029,R006,Processing,Online
O001677,2025-01-19,C00120,E0010,R004,Delivered,Direct Sales
O001678,2026-01-05,C00057,E0035,R002,Delivered,Distributor
O001679,2025-06-07,C00091,E0002,R002,Shipped,Online
O001680,2025-06-29,C00329,E0015,R008,Delivered,Marketplace
O001681,2026-03-17,C00349,E0024,R002,Processing,Direct Sales
O001682,2026-05-13,C00447,E0038,R002,Shipped,Distributor
O001683,2026-06-22,C00575,E0011,R008,Delivered,Marketplace
O001684,2025-11-08,C00042,E0009,R002,Processing,Online
O001685,2025-12-17,C00541,E0030,R003,Delivered,Direct Sales
O001686,2026-02-22,C00489,E0037,R004,Delivered,Direct Sales
O001687,2025-02-24,C00240,E0025,R004,Delivered,Marketplace
O001688,2026-06-04,C00463,E0002,R002,Delivered,Online
O001689,2025-01-17,C00297,E0020,R001,Shipped,Marketplace
O001690,2026-08-10,C00597,E0012,R004,Cancelled,Distributor
O001691,2026-07-20,C00587,E0026,R006,Cancelled,Distributor
O001692,2025-05-29,C00092,E0035,R002,Processing,Marketplace
O001693,2025-05-31,C00594,E0026,R006,Delivered,Online
O001694,2026-08-07,C00302,E0002,R002,Cancelled,Direct Sales
O001695,2025-07-09,C00180,E0014,R005,Delivered,Marketplace
O001696,2026-08-01,C00145,E0029,R006,Processing,Online
O001697,2026-07-26,C00418,E0041,R002,Shipped,Direct Sales
O001698,2026-03-04,C00408,E0009,R002,Delivered,Distributor
O001699,2026-07-30,C00179,E0015,R008,Delivered,Direct Sales
O001700,2025-09-07,C00334,E0040,R005,Processing,Direct Sales
O001701,2025-01-04,C00575,E0002,R002,Delivered,Distributor
O001702,2025-12-16,C00121,E0011,R008,Delivered,Direct Sales
O001703,2026-07-12,C00416,E0039,R005,Delivered,Distributor
O001704,2026-08-10,C00273,E0006,R002,Delivered,Marketplace
O001705,2025-01-16,C00417,E0005,R005,Processing,Distributor
O001706,2025-07-14,C00437,E0007,R002,Processing,Marketplace
O001707,2025-09-15,C00586,E0023,R004,Delivered,Marketplace
O001708,2025-09-04,C00409,E0036,R004,Cancelled,Marketplace
O001709,2025-01-31,C00522,E0019,R002,Delivered,Distributor
O001710,2026-06-11,C00230,E0001,R002,Delivered,Distributor
O001711,2025-04-30,C00399,E0005,R005,Delivered,Direct Sales
O001712,2025-12-09,C00077,E0006,R002,Delivered,Online
O001713,2025-10-13,C00068,E0026,R006,Delivered,Marketplace
O001714,2026-04-10,C00075,E0022,R003,Delivered,Direct Sales
O001715,2026-02-26,C00535,E0014,R005,Delivered,Online
O001716,2025-10-04,C00378,E0016,R002,Delivered,Distributor
O001717,2026-02-05,C00452,E0030,R003,Delivered,Online
O001718,2026-02-26,C00460,E0010,R004,Delivered,Direct Sales
O001719,2026-05-19,C00353,E0002,R002,Shipped,Distributor
O001720,2025-09-27,C00049,E0012,R004,Delivered,Distributor
O001721,2025-03-10,C00537,E0036,R004,Delivered,Direct Sales
O001722,2025-04-02,C00208,E0031,R001,Delivered,Marketplace
O001723,2025-12-20,C00367,E0012,R004,Delivered,Online
O001724,2026-04-21,C00479,E0036,R004,Delivered,Direct Sales
O001725,2025-06-17,C00169,E0007,R002,Delivered,Distributor
O001726,2025-09-01,C00116,E0016,R002,Processing,Marketplace
O001727,2026-07-14,C00136,E0031,R001,Cancelled,Marketplace
O001728,2025-08-12,C00386,E0009,R002,Shipped,Online
O001729,2025-09-28,C00559,E0020,R001,Cancelled,Online
O001730,2025-02-18,C00173,E0039,R005,Delivered,Distributor
O001731,2025-04-07,C00302,E0034,R001,Delivered,Marketplace
O001732,2026-04-08,C00292,E0004,R008,Delivered,Marketplace
O001733,2026-07-02,C00105,E0027,R008,Delivered,Direct Sales
O001734,2025-07-11,C00475,E0033,R008,Delivered,Online
O001735,2026-08-27,C00166,E0006,R002,Processing,Direct Sales
O001736,2026-06-16,C00105,E0014,R005,Delivered,Direct Sales
O001737,2026-05-19,C00587,E0036,R004,Cancelled,Distributor
O001738,2026-07-07,C00240,E0029,R006,Delivered,Online
O001739,2026-02-23,C00528,E0013,R004,Delivered,Marketplace
O001740,2025-01-24,C00235,E0038,R002,Shipped,Distributor
O001741,2026-05-05,C00413,E0009,R002,Delivered,Distributor
O001742,2026-06-15,C00509,E0017,R002,Delivered,Online
O001743,2026-07-08,C00374,E0001,R002,Delivered,Online
O001744,2025-12-24,C00176,E0013,R004,Delivered,Direct Sales
O001745,2025-01-16,C00089,E0027,R008,Delivered,Distributor
O001746,2026-08-07,C00108,E0018,R003,Delivered,Online
O001747,2026-08-08,C00536,E0013,R004,Delivered,Marketplace
O001748,2025-02-10,C00582,E0027,R008,Processing,Marketplace
O001749,2026-07-14,C00241,E0029,R006,Delivered,Direct Sales
O001750,2025-02-04,C00130,E0003,R001,Cancelled,Direct Sales
O001751,2026-06-04,C00556,E0029,R006,Delivered,Direct Sales
O001752,2026-06-09,C00306,E0040,R005,Processing,Online
O001753,2026-04-08,C00087,E0020,R001,Processing,Distributor
O001754,2026-01-01,C00037,E0030,R003,Delivered,Direct Sales
O001755,2026-02-04,C00558,E0027,R008,Shipped,Direct Sales
O001756,2026-04-08,C00553,E0013,R004,Delivered,Distributor
O001757,2026-04-18,C00080,E0041,R002,Shipped,Distributor
O001758,2026-08-12,C00394,E0036,R004,Delivered,Distributor
O001759,2026-06-13,C00158,E0010,R004,Cancelled,Direct Sales
O001760,2026-06-21,C00506,E0003,R001,Delivered,Distributor
O001761,2025-02-23,C00191,E0017,R002,Delivered,Online
O001762,2025-12-06,C00370,E0026,R006,Shipped,Online
O001763,2025-10-14,C00032,E0009,R002,Processing,Direct Sales
O001764,2025-09-15,C00351,E0025,R004,Delivered,Distributor
O001765,2025-07-20,C00472,E0039,R005,Delivered,Marketplace
O001766,2025-05-17,C00302,E0013,R004,Processing,Marketplace
O001767,2026-07-14,C00401,E0016,R002,Cancelled,Online
O001768,2025-09-24,C00349,E0027,R008,Delivered,Marketplace
O001769,2026-05-10,C00192,E0036,R004,Delivered,Marketplace
O001770,2026-02-18,C00399,E0012,R004,Cancelled,Direct Sales
O001771,2025-04-15,C00228,E0023,R004,Delivered,Online
O001772,2026-01-10,C00574,E0027,R008,Delivered,Distributor
O001773,2026-07-27,C00532,E0018,R003,Delivered,Online
O001774,2025-09-25,C00329,E0033,R008,Delivered,Online
O001775,2026-06-09,C00199,E0021,R001,Cancelled,Online
O001776,2025-06-18,C00116,E0032,R001,Delivered,Direct Sales
O001777,2025-10-03,C00535,E0023,R004,Delivered,Online
O001778,2025-11-11,C00373,E0015,R008,Delivered,Marketplace
O001779,2025-12-01,C00301,E0031,R001,Delivered,Direct Sales
O001780,2026-01-10,C00110,E0015,R008,Cancelled,Direct Sales
O001781,2025-09-01,C00430,E0032,R001,Delivered,Distributor
O001782,2025-09-30,C00325,E0003,R001,Delivered,Online
O001783,2025-12-29,C00291,E0006,R002,Delivered,Distributor
O001784,2026-08-29,C00393,E0041,R002,Processing,Distributor
O001785,2026-05-05,C00575,E0004,R008,Delivered,Marketplace
O001786,2026-06-11,C00370,E0010,R004,Processing,Marketplace
O001787,2025-12-05,C00412,E0012,R004,Processing,Distributor
O001788,2026-08-21,C00427,E0004,R008,Processing,Distributor
O001789,2025-10-14,C00461,E0036,R004,Delivered,Direct Sales
O001790,2026-06-07,C00142,E0033,R008,Delivered,Marketplace
O001791,2026-01-08,C00555,E0023,R004,Delivered,Marketplace
O001792,2025-11-08,C00183,E0034,R001,Cancelled,Online
O001793,2025-01-27,C00085,E0029,R006,Delivered,Online
O001794,2025-11-11,C00041,E0003,R001,Delivered,Direct Sales
O001795,2025-05-15,C00238,E0005,R005,Delivered,Marketplace
O001796,2025-01-06,C00325,E0005,R005,Delivered,Marketplace
O001797,2026-03-12,C00493,E0003,R001,Processing,Direct Sales
O001798,2025-10-19,C00103,E0020,R001,Processing,Distributor
O001799,2025-05-28,C00396,E0039,R005,Shipped,Direct Sales
O001800,2025-10-27,C00434,E0030,R003,Delivered,Direct Sales
O001801,2026-06-12,C00007,E0010,R004,Delivered,Marketplace
O001802,2026-06-23,C00295,E0015,R008,Delivered,Direct Sales
O001803,2025-07-14,C00557,E0007,R002,Delivered,Direct Sales
O001804,2025-01-08,C00205,E0040,R005,Delivered,Online
O001805,2025-04-03,C00061,E0026,R006,Processing,Direct Sales
O001806,2025-06-13,C00426,E0018,R003,Delivered,Distributor
O001807,2026-04-28,C00354,E0002,R002,Delivered,Online
O001808,2025-12-25,C00467,E0013,R004,Shipped,Distributor
O001809,2026-07-30,C00329,E0018,R003,Delivered,Distributor
O001810,2026-08-08,C00139,E0026,R006,Delivered,Marketplace
O001811,2026-06-08,C00146,E0041,R002,Shipped,Distributor
O001812,2026-02-06,C00568,E0017,R002,Delivered,Direct Sales
O001813,2025-06-29,C00451,E0009,R002,Delivered,Distributor
O001814,2025-08-11,C00221,E0014,R005,Cancelled,Direct Sales
O001815,2025-06-26,C00030,E0022,R003,Delivered,Direct Sales
O001816,2026-03-14,C00422,E0012,R004,Delivered,Online
O001817,2025-08-31,C00311,E0017,R002,Delivered,Marketplace
O001818,2025-11-24,C00373,E0017,R002,Processing,Marketplace
O001819,2026-05-16,C00274,E0028,R006,Shipped,Distributor
O001820,2025-10-24,C00225,E0012,R004,Delivered,Online
O001821,2025-09-17,C00585,E0023,R004,Cancelled,Distributor
O001822,2026-08-20,C00120,E0013,R004,Shipped,Online
O001823,2026-03-27,C00192,E0038,R002,Delivered,Direct Sales
O001824,2026-04-25,C00057,E0023,R004,Processing,Distributor
O001825,2025-12-01,C00116,E0015,R008,Delivered,Direct Sales
O001826,2025-04-11,C00134,E0011,R008,Delivered,Marketplace
O001827,2025-06-27,C00407,E0004,R008,Delivered,Online
O001828,2026-04-22,C00272,E0037,R004,Processing,Distributor
O001829,2026-06-11,C00358,E0015,R008,Delivered,Direct Sales
O001830,2025-03-04,C00243,E0036,R004,Delivered,Direct Sales
O001831,2025-08-30,C00018,E0019,R002,Delivered,Online
O001832,2025-04-23,C00587,E0038,R002,Shipped,Online
O001833,2026-08-08,C00356,E0012,R004,Delivered,Online
O001834,2026-08-24,C00153,E0038,R002,Delivered,Online
O001835,2026-05-05,C00095,E0021,R001,Delivered,Direct Sales
O001836,2025-01-06,C00059,E0041,R002,Cancelled,Distributor
O001837,2026-08-31,C00482,E0006,R002,Shipped,Online
O001838,2025-02-19,C00118,E0011,R008,Delivered,Direct Sales
O001839,2025-05-01,C00119,E0015,R008,Shipped,Distributor
O001840,2025-04-28,C00478,E0010,R004,Cancelled,Online
O001841,2026-02-17,C00119,E0009,R002,Delivered,Direct Sales
O001842,2025-02-02,C00186,E0003,R001,Shipped,Direct Sales
O001843,2025-09-12,C00352,E0035,R002,Delivered,Direct Sales
O001844,2026-03-18,C00038,E0020,R001,Delivered,Marketplace
O001845,2025-07-03,C00214,E0036,R004,Shipped,Marketplace
O001846,2025-10-16,C00534,E0007,R002,Delivered,Online
O001847,2026-07-26,C00093,E0020,R001,Delivered,Direct Sales
O001848,2025-05-18,C00346,E0001,R002,Delivered,Marketplace
O001849,2026-08-29,C00385,E0010,R004,Delivered,Marketplace
O001850,2025-01-02,C00359,E0026,R006,Delivered,Marketplace
O001851,2025-01-18,C00132,E0039,R005,Delivered,Direct Sales
O001852,2025-10-10,C00465,E0009,R002,Delivered,Distributor
O001853,2026-07-07,C00368,E0037,R004,Delivered,Distributor
O001854,2025-01-28,C00315,E0010,R004,Delivered,Online
O001855,2026-05-09,C00160,E0002,R002,Delivered,Distributor
O001856,2026-05-06,C00127,E0025,R004,Delivered,Distributor
O001857,2025-03-04,C00285,E0004,R008,Shipped,Online
O001858,2026-02-27,C00442,E0029,R006,Delivered,Direct Sales
O001859,2025-12-17,C00130,E0020,R001,Delivered,Marketplace
O001860,2025-10-20,C00163,E0001,R002,Delivered,Direct Sales
O001861,2026-01-07,C00061,E0009,R002,Delivered,Distributor
O001862,2026-03-10,C00578,E0030,R003,Delivered,Online
O001863,2026-01-16,C00380,E0030,R003,Delivered,Distributor
O001864,2026-05-07,C00177,E0017,R002,Delivered,Direct Sales
O001865,2025-01-03,C00258,E0031,R001,Delivered,Online
O001866,2026-06-11,C00569,E0004,R008,Delivered,Online
O001867,2026-07-22,C00213,E0002,R002,Delivered,Online
O001868,2025-04-03,C00461,E0027,R008,Shipped,Direct Sales
O001869,2026-07-12,C00434,E0035,R002,Delivered,Online
O001870,2025-06-01,C00376,E0030,R003,Cancelled,Online
O001871,2026-04-20,C00111,E0023,R004,Delivered,Direct Sales
O001872,2026-04-09,C00521,E0003,R001,Delivered,Direct Sales
O001873,2025-12-07,C00056,E0031,R001,Delivered,Online
O001874,2026-05-19,C00295,E0025,R004,Delivered,Direct Sales
O001875,2025-07-21,C00411,E0013,R004,Delivered,Online
O001876,2025-12-24,C00579,E0029,R006,Processing,Marketplace
O001877,2025-09-17,C00458,E0029,R006,Shipped,Online
O001878,2025-12-08,C00210,E0009,R002,Delivered,Direct Sales
O001879,2025-09-18,C00413,E0012,R004,Delivered,Distributor
O001880,2025-12-28,C00448,E0011,R008,Cancelled,Online
O001881,2026-05-02,C00538,E0017,R002,Delivered,Online
O001882,2026-03-01,C00059,E0019,R002,Delivered,Online
O001883,2025-03-11,C00319,E0023,R004,Delivered,Online
O001884,2026-04-24,C00458,E0039,R005,Delivered,Marketplace
O001885,2026-08-23,C00039,E0002,R002,Delivered,Online
O001886,2025-11-19,C00577,E0019,R002,Delivered,Online
O001887,2025-09-19,C00325,E0013,R004,Cancelled,Online
O001888,2026-02-09,C00305,E0040,R005,Cancelled,Distributor
O001889,2026-04-20,C00230,E0005,R005,Cancelled,Distributor
O001890,2026-07-24,C00124,E0028,R006,Delivered,Online
O001891,2025-06-02,C00421,E0026,R006,Delivered,Distributor
O001892,2026-05-07,C00294,E0004,R008,Cancelled,Marketplace
O001893,2025-11-27,C00255,E0016,R002,Delivered,Direct Sales
O001894,2026-08-20,C00216,E0034,R001,Cancelled,Online
O001895,2025-09-28,C00457,E0001,R002,Delivered,Distributor
O001896,2026-04-24,C00143,E0002,R002,Delivered,Distributor
O001897,2025-04-02,C00554,E0012,R004,Delivered,Online
O001898,2025-04-08,C00163,E0002,R002,Processing,Online
O001899,2025-05-31,C00241,E0025,R004,Delivered,Online
O001900,2026-06-05,C00456,E0002,R002,Delivered,Online
O001901,2025-11-08,C00560,E0027,R008,Processing,Direct Sales
O001902,2025-12-31,C00165,E0009,R002,Processing,Direct Sales
O001903,2026-03-25,C00585,E0030,R003,Delivered,Direct Sales
O001904,2026-07-08,C00064,E0002,R002,Delivered,Distributor
O001905,2025-04-06,C00486,E0022,R003,Delivered,Direct Sales
O001906,2025-11-03,C00390,E0038,R002,Cancelled,Distributor
O001907,2026-06-08,C00094,E0006,R002,Shipped,Marketplace
O001908,2026-07-28,C00170,E0040,R005,Processing,Direct Sales
O001909,2025-02-21,C00475,E0027,R008,Delivered,Online
O001910,2025-09-22,C00364,E0016,R002,Delivered,Distributor
O001911,2025-02-15,C00116,E0024,R002,Shipped,Direct Sales
O001912,2026-07-21,C00182,E0033,R008,Processing,Direct Sales
O001913,2025-04-20,C00342,E0026,R006,Shipped,Distributor
O001914,2026-03-08,C00187,E0020,R001,Delivered,Distributor
O001915,2025-09-29,C00393,E0036,R004,Cancelled,Distributor
O001916,2026-06-08,C00027,E0019,R002,Delivered,Direct Sales
O001917,2025-06-06,C00067,E0030,R003,Processing,Marketplace
O001918,2025-06-13,C00105,E0026,R006,Delivered,Direct Sales
O001919,2025-01-01,C00417,E0019,R002,Processing,Direct Sales
O001920,2026-06-30,C00273,E0036,R004,Processing,Direct Sales
O001921,2025-09-22,C00043,E0029,R006,Delivered,Distributor
O001922,2026-08-13,C00155,E0035,R002,Delivered,Distributor
O001923,2025-04-02,C00023,E0041,R002,Delivered,Online
O001924,2026-01-02,C00220,E0009,R002,Cancelled,Direct Sales
O001925,2025-08-27,C00210,E0028,R006,Delivered,Distributor
O001926,2025-07-11,C00418,E0001,R002,Delivered,Online
O001927,2026-02-15,C00261,E0022,R003,Delivered,Online
O001928,2025-11-06,C00170,E0025,R004,Shipped,Direct Sales
O001929,2026-03-16,C00269,E0009,R002,Delivered,Online
O001930,2025-01-29,C00198,E0020,R001,Cancelled,Distributor
O001931,2026-05-11,C00412,E0005,R005,Delivered,Direct Sales
O001932,2026-07-14,C00265,E0040,R005,Processing,Online
O001933,2025-04-10,C00411,E0031,R001,Delivered,Online
O001934,2026-06-14,C00454,E0019,R002,Delivered,Direct Sales
O001935,2026-02-08,C00335,E0041,R002,Delivered,Marketplace
O001936,2026-08-19,C00560,E0029,R006,Delivered,Distributor
O001937,2026-08-04,C00320,E0034,R001,Delivered,Online
O001938,2025-11-18,C00336,E0023,R004,Delivered,Online
O001939,2025-07-04,C00128,E0041,R002,Delivered,Distributor
O001940,2025-02-15,C00370,E0017,R002,Delivered,Online
O001941,2026-03-09,C00073,E0032,R001,Delivered,Direct Sales
O001942,2025-08-01,C00551,E0037,R004,Delivered,Marketplace
O001943,2025-04-13,C00255,E0028,R006,Processing,Marketplace
O001944,2026-01-24,C00336,E0025,R004,Shipped,Online
O001945,2025-05-20,C00051,E0002,R002,Delivered,Marketplace
O001946,2026-01-21,C00184,E0004,R008,Delivered,Marketplace
O001947,2026-03-18,C00571,E0041,R002,Shipped,Distributor
O001948,2025-09-26,C00052,E0022,R003,Delivered,Online
O001949,2026-01-08,C00319,E0022,R003,Shipped,Distributor
O001950,2026-08-08,C00349,E0036,R004,Shipped,Marketplace
O001951,2026-06-03,C00327,E0016,R002,Cancelled,Online
O001952,2026-01-14,C00436,E0010,R004,Delivered,Distributor
O001953,2026-03-05,C00391,E0010,R004,Delivered,Marketplace
O001954,2025-12-09,C00056,E0007,R002,Cancelled,Marketplace
O001955,2026-03-12,C00235,E0004,R008,Delivered,Direct Sales
O001956,2025-10-29,C00122,E0013,R004,Delivered,Distributor
O001957,2025-11-15,C00439,E0032,R001,Delivered,Direct Sales
O001958,2026-02-04,C00324,E0041,R002,Delivered,Online
O001959,2025-04-13,C00081,E0013,R004,Delivered,Marketplace
O001960,2025-03-03,C00516,E0018,R003,Delivered,Online
O001961,2026-05-08,C00111,E0032,R001,Shipped,Direct Sales
O001962,2026-08-15,C00201,E0006,R002,Cancelled,Marketplace
O001963,2026-04-02,C00455,E0001,R002,Delivered,Distributor
O001964,2025-03-19,C00270,E0012,R004,Delivered,Online
O001965,2026-06-26,C00169,E0004,R008,Delivered,Direct Sales
O001966,2026-03-17,C00491,E0023,R004,Delivered,Distributor
O001967,2026-07-22,C00546,E0004,R008,Delivered,Direct Sales
O001968,2025-11-14,C00378,E0018,R003,Delivered,Online
O001969,2025-09-17,C00571,E0016,R002,Delivered,Marketplace
O001970,2025-09-18,C00049,E0003,R001,Delivered,Marketplace
O001971,2025-05-30,C00293,E0031,R001,Delivered,Online
O001972,2025-06-07,C00115,E0010,R004,Shipped,Marketplace
O001973,2025-03-28,C00551,E0041,R002,Shipped,Distributor
O001974,2025-10-28,C00408,E0015,R008,Delivered,Distributor
O001975,2026-07-23,C00174,E0002,R002,Processing,Distributor
O001976,2025-12-29,C00174,E0005,R005,Delivered,Online
O001977,2025-09-10,C00069,E0040,R005,Delivered,Marketplace
O001978,2026-01-31,C00337,E0014,R005,Cancelled,Direct Sales
O001979,2025-10-01,C00333,E0036,R004,Cancelled,Direct Sales
O001980,2025-01-13,C00339,E0016,R002,Delivered,Online
O001981,2026-03-28,C00528,E0005,R005,Shipped,Marketplace
O001982,2025-12-20,C00527,E0005,R005,Delivered,Marketplace
O001983,2025-09-25,C00261,E0018,R003,Delivered,Distributor
O001984,2026-07-02,C00055,E0036,R004,Delivered,Online
O001985,2026-04-07,C00487,E0040,R005,Processing,Online
O001986,2025-05-07,C00016,E0022,R003,Delivered,Distributor
O001987,2026-07-06,C00515,E0034,R001,Delivered,Distributor
O001988,2025-03-04,C00541,E0034,R001,Delivered,Marketplace
O001989,2026-05-06,C00493,E0039,R005,Delivered,Marketplace
O001990,2026-01-21,C00461,E0010,R004,Delivered,Online
O001991,2025-09-16,C00092,E0040,R005,Delivered,Marketplace
O001992,2026-08-30,C00136,E0015,R008,Shipped,Direct Sales
O001993,2026-08-05,C00534,E0017,R002,Delivered,Direct Sales
O001994,2025-01-31,C00116,E0037,R004,Delivered,Direct Sales
O001995,2026-06-14,C00581,E0015,R008,Processing,Online
O001996,2025-06-21,C00592,E0037,R004,Delivered,Online
O001997,2025-07-09,C00046,E0009,R002,Delivered,Direct Sales
O001998,2026-06-19,C00003,E0002,R002,Delivered,Distributor
O001999,2025-02-16,C00445,E0026,R006,Delivered,Distributor
O002000,2026-07-15,C00396,E0009,R002,Delivered,Marketplace
O002001,2025-04-06,C00194,E0025,R004,Delivered,Online
O002002,2025-11-23,C00241,E0037,R004,Delivered,Online
O002003,2025-10-10,C00523,E0004,R008,Delivered,Direct Sales
O002004,2026-02-23,C00200,E0022,R003,Cancelled,Marketplace
O002005,2025-07-23,C00101,E0003,R001,Delivered,Distributor
O002006,2026-01-14,C00414,E0013,R004,Delivered,Marketplace
O002007,2025-12-06,C00389,E0030,R003,Delivered,Online
O002008,2026-03-09,C00447,E0029,R006,Delivered,Online
O002009,2026-01-15,C00076,E0001,R002,Delivered,Online
O002010,2025-01-02,C00093,E0016,R002,Shipped,Marketplace
O002011,2026-04-26,C00103,E0027,R008,Delivered,Online
O002012,2026-03-17,C00377,E0037,R004,Delivered,Direct Sales
O002013,2026-01-22,C00302,E0037,R004,Processing,Distributor
O002014,2025-01-16,C00164,E0026,R006,Processing,Direct Sales
O002015,2026-04-29,C00553,E0029,R006,Processing,Distributor
O002016,2026-01-15,C00075,E0025,R004,Cancelled,Distributor
O002017,2025-03-21,C00185,E0025,R004,Cancelled,Distributor
O002018,2025-05-10,C00387,E0002,R002,Delivered,Online
O002019,2026-04-11,C00136,E0029,R006,Processing,Direct Sales
O002020,2025-03-22,C00390,E0001,R002,Processing,Online
O002021,2025-03-16,C00586,E0025,R004,Shipped,Marketplace
O002022,2025-05-01,C00344,E0034,R001,Shipped,Distributor
O002023,2025-05-22,C00468,E0020,R001,Shipped,Marketplace
O002024,2025-03-18,C00395,E0040,R005,Delivered,Direct Sales
O002025,2025-05-22,C00288,E0006,R002,Delivered,Marketplace
O002026,2026-05-04,C00182,E0012,R004,Delivered,Online
O002027,2026-01-11,C00461,E0004,R008,Delivered,Direct Sales
O002028,2025-10-28,C00108,E0037,R004,Delivered,Distributor
O002029,2026-06-02,C00047,E0022,R003,Delivered,Online
O002030,2026-01-11,C00592,E0011,R008,Shipped,Online
O002031,2025-03-06,C00589,E0002,R002,Delivered,Direct Sales
O002032,2025-02-24,C00351,E0028,R006,Shipped,Direct Sales
O002033,2026-04-27,C00217,E0010,R004,Delivered,Direct Sales
O002034,2025-10-14,C00574,E0041,R002,Delivered,Online
O002035,2025-06-14,C00092,E0033,R008,Delivered,Distributor
O002036,2026-03-06,C00247,E0006,R002,Delivered,Distributor
O002037,2026-05-09,C00556,E0025,R004,Delivered,Online
O002038,2025-04-04,C00360,E0037,R004,Delivered,Marketplace
O002039,2026-04-20,C00002,E0041,R002,Delivered,Online
O002040,2025-03-24,C00323,E0013,R004,Delivered,Marketplace
O002041,2026-08-07,C00233,E0030,R003,Delivered,Direct Sales
O002042,2025-03-14,C00045,E0003,R001,Delivered,Marketplace
O002043,2025-09-20,C00016,E0001,R002,Delivered,Marketplace
O002044,2025-08-21,C00576,E0022,R003,Delivered,Distributor
O002045,2026-02-27,C00424,E0039,R005,Delivered,Direct Sales
O002046,2025-04-29,C00264,E0019,R002,Delivered,Online
O002047,2025-07-27,C00528,E0011,R008,Delivered,Online
O002048,2025-09-22,C00219,E0005,R005,Delivered,Online
O002049,2025-08-16,C00158,E0024,R002,Delivered,Online
O002050,2026-01-04,C00480,E0020,R001,Shipped,Marketplace
O002051,2025-06-05,C00537,E0017,R002,Delivered,Online
O002052,2025-02-09,C00416,E0019,R002,Delivered,Distributor
O002053,2025-09-15,C00199,E0039,R005,Delivered,Direct Sales
O002054,2025-11-22,C00561,E0021,R001,Delivered,Distributor
O002055,2026-07-08,C00306,E0027,R008,Delivered,Marketplace
O002056,2026-03-31,C00343,E0004,R008,Delivered,Online
O002057,2025-12-10,C00403,E0025,R004,Delivered,Online
O002058,2025-07-30,C00373,E0027,R008,Cancelled,Direct Sales
O002059,2026-07-08,C00010,E0040,R005,Delivered,Marketplace
O002060,2025-11-13,C00110,E0003,R001,Delivered,Online
O002061,2025-04-13,C00240,E0007,R002,Shipped,Distributor
O002062,2025-05-26,C00098,E0040,R005,Delivered,Marketplace
O002063,2025-07-01,C00456,E0026,R006,Delivered,Online
O002064,2025-08-28,C00416,E0041,R002,Delivered,Marketplace
O002065,2025-03-26,C00086,E0013,R004,Delivered,Direct Sales
O002066,2025-03-02,C00449,E0022,R003,Delivered,Direct Sales
O002067,2025-11-24,C00428,E0004,R008,Delivered,Marketplace
O002068,2026-08-26,C00220,E0013,R004,Delivered,Distributor
O002069,2025-10-17,C00348,E0003,R001,Delivered,Distributor
O002070,2025-05-13,C00103,E0030,R003,Shipped,Online
O002071,2025-01-29,C00363,E0039,R005,Delivered,Online
O002072,2025-10-22,C00050,E0001,R002,Cancelled,Direct Sales
O002073,2026-08-16,C00312,E0001,R002,Delivered,Online
O002074,2025-02-02,C00285,E0024,R002,Delivered,Distributor
O002075,2025-03-07,C00047,E0034,R001,Delivered,Marketplace
O002076,2025-06-28,C00097,E0016,R002,Processing,Marketplace
O002077,2026-08-04,C00355,E0017,R002,Delivered,Direct Sales
O002078,2025-03-14,C00047,E0025,R004,Delivered,Online
O002079,2025-01-20,C00418,E0033,R008,Delivered,Distributor
O002080,2026-07-14,C00561,E0004,R008,Delivered,Distributor
O002081,2025-09-05,C00489,E0018,R003,Shipped,Marketplace
O002082,2026-08-07,C00129,E0015,R008,Delivered,Marketplace
O002083,2025-01-22,C00595,E0025,R004,Delivered,Distributor
O002084,2025-06-10,C00503,E0031,R001,Delivered,Marketplace
O002085,2025-12-23,C00009,E0015,R008,Delivered,Online
O002086,2025-11-17,C00506,E0015,R008,Delivered,Direct Sales
O002087,2025-04-19,C00401,E0013,R004,Shipped,Marketplace
O002088,2025-07-11,C00189,E0039,R005,Cancelled,Direct Sales
O002089,2025-12-05,C00225,E0016,R002,Delivered,Online
O002090,2026-03-08,C00016,E0003,R001,Delivered,Marketplace
O002091,2026-06-07,C00251,E0001,R002,Delivered,Direct Sales
O002092,2025-04-01,C00015,E0011,R008,Delivered,Distributor
O002093,2025-01-07,C00455,E0016,R002,Delivered,Marketplace
O002094,2025-11-28,C00468,E0023,R004,Cancelled,Direct Sales
O002095,2025-11-16,C00090,E0012,R004,Delivered,Distributor
O002096,2026-03-06,C00048,E0016,R002,Delivered,Online
O002097,2025-12-29,C00145,E0031,R001,Processing,Direct Sales
O002098,2026-04-20,C00080,E0018,R003,Delivered,Direct Sales
O002099,2025-04-04,C00002,E0030,R003,Delivered,Direct Sales
O002100,2025-07-05,C00232,E0037,R004,Delivered,Distributor
O002101,2025-03-11,C00173,E0007,R002,Delivered,Online
O002102,2025-01-05,C00535,E0038,R002,Delivered,Online
O002103,2026-05-31,C00445,E0007,R002,Delivered,Direct Sales
O002104,2026-07-18,C00549,E0025,R004,Processing,Online
O002105,2026-04-27,C00321,E0038,R002,Delivered,Online
O002106,2025-02-21,C00391,E0037,R004,Delivered,Direct Sales
O002107,2025-03-10,C00491,E0036,R004,Processing,Distributor
O002108,2025-06-26,C00159,E0034,R001,Processing,Marketplace
O002109,2025-04-09,C00340,E0021,R001,Processing,Direct Sales
O002110,2025-01-02,C00173,E0032,R001,Delivered,Direct Sales
O002111,2026-07-04,C00565,E0015,R008,Delivered,Direct Sales
O002112,2025-09-16,C00139,E0011,R008,Delivered,Marketplace
O002113,2025-08-05,C00286,E0033,R008,Delivered,Online
O002114,2026-08-15,C00068,E0028,R006,Cancelled,Direct Sales
O002115,2025-05-11,C00011,E0010,R004,Delivered,Direct Sales
O002116,2025-08-13,C00052,E0019,R002,Delivered,Direct Sales
O002117,2025-05-11,C00450,E0033,R008,Delivered,Direct Sales
O002118,2025-05-14,C00382,E0014,R005,Processing,Online
O002119,2026-02-21,C00428,E0023,R004,Delivered,Distributor
O002120,2025-12-19,C00202,E0001,R002,Cancelled,Direct Sales
O002121,2025-12-31,C00451,E0031,R001,Delivered,Online
O002122,2025-03-14,C00551,E0016,R002,Delivered,Direct Sales
O002123,2026-04-26,C00092,E0028,R006,Delivered,Distributor
O002124,2025-05-03,C00042,E0012,R004,Delivered,Marketplace
O002125,2025-03-10,C00254,E0036,R004,Cancelled,Distributor
O002126,2026-08-05,C00402,E0012,R004,Delivered,Direct Sales
O002127,2025-01-15,C00122,E0028,R006,Processing,Online
O002128,2026-03-04,C00376,E0027,R008,Delivered,Distributor
O002129,2026-02-08,C00042,E0026,R006,Delivered,Online
O002130,2026-01-06,C00585,E0034,R001,Delivered,Online
O002131,2025-09-18,C00311,E0039,R005,Delivered,Online
O002132,2025-07-21,C00452,E0029,R006,Delivered,Direct Sales
O002133,2025-12-19,C00231,E0038,R002,Delivered,Marketplace
O002134,2025-07-14,C00386,E0012,R004,Delivered,Direct Sales
O002135,2025-05-01,C00395,E0010,R004,Delivered,Marketplace
O002136,2026-02-25,C00151,E0018,R003,Delivered,Marketplace
O002137,2025-06-04,C00569,E0022,R003,Delivered,Online
O002138,2026-02-22,C00547,E0033,R008,Delivered,Direct Sales
O002139,2025-09-27,C00319,E0006,R002,Delivered,Direct Sales
O002140,2025-05-18,C00574,E0023,R004,Delivered,Distributor
O002141,2026-01-09,C00192,E0025,R004,Processing,Direct Sales
O002142,2025-07-27,C00231,E0017,R002,Delivered,Direct Sales
O002143,2026-06-26,C00080,E0006,R002,Shipped,Distributor
O002144,2026-01-14,C00029,E0025,R004,Shipped,Distributor
O002145,2025-12-05,C00578,E0019,R002,Shipped,Distributor
O002146,2026-01-05,C00275,E0023,R004,Delivered,Distributor
O002147,2025-10-05,C00380,E0038,R002,Delivered,Distributor
O002148,2026-03-18,C00515,E0026,R006,Delivered,Marketplace
O002149,2025-12-18,C00130,E0006,R002,Delivered,Marketplace
O002150,2026-08-10,C00023,E0036,R004,Delivered,Marketplace
O002151,2025-07-09,C00521,E0006,R002,Delivered,Direct Sales
O002152,2026-02-11,C00331,E0025,R004,Delivered,Distributor
O002153,2025-01-14,C00187,E0009,R002,Shipped,Marketplace
O002154,2026-08-26,C00140,E0017,R002,Delivered,Marketplace
O002155,2025-10-20,C00186,E0026,R006,Delivered,Marketplace
O002156,2025-09-11,C00558,E0039,R005,Delivered,Distributor
O002157,2025-11-13,C00120,E0021,R001,Delivered,Online
O002158,2025-08-14,C00464,E0038,R002,Shipped,Direct Sales
O002159,2026-07-01,C00107,E0002,R002,Delivered,Distributor
O002160,2025-05-26,C00544,E0024,R002,Delivered,Online
O002161,2025-04-05,C00378,E0037,R004,Processing,Marketplace
O002162,2026-01-07,C00326,E0012,R004,Delivered,Direct Sales
O002163,2025-09-23,C00444,E0034,R001,Delivered,Distributor
O002164,2025-07-18,C00050,E0009,R002,Delivered,Online
O002165,2025-06-01,C00542,E0028,R006,Delivered,Distributor
O002166,2026-08-15,C00474,E0030,R003,Delivered,Distributor
O002167,2025-07-19,C00332,E0028,R006,Shipped,Online
O002168,2025-02-17,C00115,E0019,R002,Delivered,Direct Sales
O002169,2025-01-26,C00450,E0036,R004,Delivered,Marketplace
O002170,2025-01-26,C00532,E0003,R001,Delivered,Distributor
O002171,2025-11-13,C00183,E0010,R004,Delivered,Marketplace
O002172,2026-03-12,C00475,E0014,R005,Delivered,Marketplace
O002173,2025-08-11,C00233,E0038,R002,Delivered,Online
O002174,2025-07-23,C00507,E0012,R004,Delivered,Direct Sales
O002175,2025-12-26,C00388,E0041,R002,Delivered,Distributor
O002176,2026-08-13,C00181,E0002,R002,Shipped,Direct Sales
O002177,2025-12-27,C00353,E0010,R004,Delivered,Direct Sales
O002178,2026-03-30,C00152,E0012,R004,Delivered,Direct Sales
O002179,2025-01-02,C00535,E0040,R005,Delivered,Marketplace
O002180,2025-08-19,C00486,E0016,R002,Delivered,Direct Sales
O002181,2026-06-04,C00434,E0029,R006,Delivered,Online
O002182,2025-02-20,C00481,E0027,R008,Processing,Distributor
O002183,2026-02-03,C00047,E0034,R001,Cancelled,Distributor
O002184,2025-07-24,C00124,E0034,R001,Delivered,Online
O002185,2025-05-08,C00102,E0001,R002,Delivered,Distributor
O002186,2026-07-26,C00103,E0024,R002,Processing,Direct Sales
O002187,2025-09-26,C00092,E0033,R008,Processing,Marketplace
O002188,2025-11-29,C00413,E0032,R001,Shipped,Marketplace
O002189,2025-08-10,C00135,E0011,R008,Delivered,Direct Sales
O002190,2025-04-19,C00166,E0034,R001,Cancelled,Marketplace
O002191,2026-07-28,C00260,E0011,R008,Cancelled,Direct Sales
O002192,2026-02-19,C00189,E0013,R004,Delivered,Distributor
O002193,2025-08-05,C00188,E0041,R002,Delivered,Online
O002194,2025-09-08,C00399,E0017,R002,Delivered,Online
O002195,2026-02-11,C00545,E0004,R008,Shipped,Marketplace
O002196,2026-05-13,C00108,E0017,R002,Delivered,Direct Sales
O002197,2026-07-30,C00573,E0021,R001,Delivered,Direct Sales
O002198,2026-01-30,C00014,E0005,R005,Delivered,Distributor
O002199,2026-02-13,C00059,E0034,R001,Delivered,Distributor
O002200,2025-11-18,C00375,E0026,R006,Delivered,Distributor
O002201,2025-09-15,C00047,E0025,R004,Cancelled,Online
O002202,2025-03-30,C00179,E0005,R005,Delivered,Marketplace
O002203,2025-12-04,C00074,E0005,R005,Delivered,Marketplace
O002204,2026-08-14,C00018,E0038,R002,Delivered,Direct Sales
O002205,2026-01-02,C00329,E0030,R003,Delivered,Online
O002206,2025-01-19,C00489,E0001,R002,Delivered,Direct Sales
O002207,2025-03-14,C00446,E0012,R004,Cancelled,Distributor
O002208,2025-06-03,C00099,E0010,R004,Delivered,Online
O002209,2026-03-17,C00207,E0038,R002,Cancelled,Distributor
O002210,2026-02-20,C00474,E0036,R004,Delivered,Distributor
O002211,2026-03-13,C00221,E0005,R005,Shipped,Distributor
O002212,2025-05-16,C00237,E0006,R002,Shipped,Distributor
O002213,2026-08-14,C00029,E0031,R001,Processing,Distributor
O002214,2025-08-31,C00558,E0028,R006,Delivered,Marketplace
O002215,2026-01-27,C00208,E0009,R002,Delivered,Marketplace
O002216,2025-07-06,C00193,E0002,R002,Delivered,Online
O002217,2025-05-04,C00149,E0003,R001,Cancelled,Online
O002218,2026-05-13,C00361,E0002,R002,Delivered,Marketplace
O002219,2025-10-18,C00290,E0038,R002,Shipped,Online
O002220,2026-03-07,C00052,E0001,R002,Processing,Distributor
O002221,2026-07-12,C00406,E0021,R001,Delivered,Distributor
O002222,2026-08-31,C00411,E0021,R001,Shipped,Marketplace
O002223,2026-01-30,C00092,E0028,R006,Delivered,Distributor
O002224,2025-02-03,C00035,E0018,R003,Delivered,Distributor
O002225,2025-08-14,C00251,E0024,R002,Shipped,Direct Sales
O002226,2025-10-06,C00039,E0039,R005,Cancelled,Distributor
O002227,2025-03-22,C00191,E0031,R001,Delivered,Marketplace
O002228,2025-08-17,C00141,E0038,R002,Delivered,Direct Sales
O002229,2025-01-09,C00051,E0025,R004,Delivered,Marketplace
O002230,2026-06-26,C00359,E0009,R002,Delivered,Distributor
O002231,2025-11-03,C00424,E0015,R008,Delivered,Online
O002232,2026-06-22,C00322,E0041,R002,Cancelled,Marketplace
O002233,2026-02-28,C00403,E0024,R002,Delivered,Direct Sales
O002234,2025-10-27,C00306,E0023,R004,Delivered,Marketplace
O002235,2025-05-05,C00264,E0005,R005,Delivered,Direct Sales
O002236,2026-08-16,C00249,E0018,R003,Shipped,Marketplace
O002237,2026-02-24,C00232,E0038,R002,Delivered,Online
O002238,2025-05-30,C00539,E0037,R004,Delivered,Online
O002239,2025-05-12,C00337,E0034,R001,Cancelled,Distributor
O002240,2025-04-13,C00224,E0038,R002,Delivered,Direct Sales
O002241,2025-05-13,C00107,E0001,R002,Delivered,Direct Sales
O002242,2026-05-06,C00118,E0032,R001,Delivered,Marketplace
O002243,2025-10-21,C00532,E0024,R002,Delivered,Marketplace
O002244,2025-05-09,C00345,E0032,R001,Delivered,Direct Sales
O002245,2025-10-12,C00011,E0003,R001,Cancelled,Distributor
O002246,2025-06-01,C00312,E0026,R006,Cancelled,Direct Sales
O002247,2025-05-25,C00581,E0004,R008,Delivered,Online
O002248,2026-04-18,C00140,E0009,R002,Delivered,Distributor
O002249,2025-07-14,C00365,E0035,R002,Delivered,Marketplace
O002250,2025-03-22,C00483,E0001,R002,Cancelled,Direct Sales
O002251,2026-07-20,C00071,E0018,R003,Delivered,Direct Sales
O002252,2026-02-02,C00266,E0022,R003,Delivered,Online
O002253,2025-02-19,C00075,E0016,R002,Delivered,Marketplace
O002254,2025-06-11,C00188,E0014,R005,Delivered,Online
O002255,2026-04-14,C00255,E0014,R005,Delivered,Direct Sales
O002256,2025-04-21,C00272,E0028,R006,Delivered,Marketplace
O002257,2026-06-01,C00238,E0030,R003,Delivered,Online
O002258,2025-05-25,C00034,E0037,R004,Cancelled,Marketplace
O002259,2025-06-06,C00391,E0039,R005,Delivered,Distributor
O002260,2026-04-22,C00449,E0020,R001,Delivered,Direct Sales
O002261,2025-11-23,C00039,E0021,R001,Delivered,Direct Sales
O002262,2025-02-18,C00234,E0036,R004,Delivered,Direct Sales
O002263,2026-03-09,C00573,E0041,R002,Delivered,Marketplace
O002264,2025-06-13,C00186,E0030,R003,Delivered,Direct Sales
O002265,2025-08-28,C00137,E0035,R002,Delivered,Direct Sales
O002266,2026-02-15,C00017,E0010,R004,Cancelled,Online
O002267,2025-08-24,C00221,E0015,R008,Delivered,Direct Sales
O002268,2026-04-25,C00203,E0018,R003,Shipped,Online
O002269,2026-01-09,C00126,E0029,R006,Delivered,Distributor
O002270,2025-12-22,C00438,E0011,R008,Delivered,Direct Sales
O002271,2026-01-15,C00059,E0013,R004,Delivered,Online
O002272,2026-08-19,C00081,E0013,R004,Processing,Marketplace
O002273,2025-01-30,C00500,E0012,R004,Delivered,Marketplace
O002274,2026-07-08,C00135,E0003,R001,Delivered,Distributor
O002275,2025-04-04,C00070,E0039,R005,Shipped,Direct Sales
O002276,2025-02-23,C00168,E0010,R004,Delivered,Online
O002277,2026-07-14,C00450,E0028,R006,Shipped,Online
O002278,2025-09-24,C00488,E0033,R008,Delivered,Online
O002279,2026-01-31,C00188,E0018,R003,Delivered,Direct Sales
O002280,2026-04-26,C00550,E0030,R003,Delivered,Marketplace
O002281,2025-06-09,C00518,E0005,R005,Delivered,Online
O002282,2026-02-08,C00599,E0023,R004,Processing,Marketplace
O002283,2025-09-11,C00261,E0034,R001,Shipped,Direct Sales
O002284,2025-07-10,C00193,E0030,R003,Delivered,Direct Sales
O002285,2025-05-03,C00087,E0006,R002,Processing,Distributor
O002286,2025-12-21,C00526,E0003,R001,Processing,Distributor
O002287,2025-02-20,C00052,E0005,R005,Shipped,Marketplace
O002288,2025-12-27,C00037,E0016,R002,Delivered,Marketplace
O002289,2025-04-23,C00364,E0013,R004,Shipped,Online
O002290,2026-05-20,C00177,E0013,R004,Delivered,Marketplace
O002291,2025-07-06,C00256,E0016,R002,Delivered,Online
O002292,2025-05-28,C00370,E0020,R001,Delivered,Distributor
O002293,2025-09-24,C00181,E0026,R006,Cancelled,Distributor
O002294,2026-07-07,C00197,E0014,R005,Delivered,Direct Sales
O002295,2026-03-30,C00297,E0020,R001,Delivered,Marketplace
O002296,2026-06-05,C00515,E0035,R002,Cancelled,Marketplace
O002298,2026-06-04,C00384,E0041,R002,Delivered,Online
O002299,2026-05-24,C00321,E0014,R005,Delivered,Direct Sales
O002300,2025-06-13,C00407,E0029,R006,Cancelled,Marketplace
O002301,2025-07-09,C00425,E0016,R002,Shipped,Distributor
O002302,2025-06-13,C00486,E0022,R003,Delivered,Direct Sales
O002303,2026-02-13,C00018,E0028,R006,Delivered,Online
O002304,2025-01-29,C00146,E0040,R005,Delivered,Direct Sales
O002305,2025-04-30,C00155,E0039,R005,Delivered,Marketplace
O002306,2025-06-05,C00421,E0015,R008,Cancelled,Marketplace
O002307,2025-08-27,C00324,E0039,R005,Delivered,Direct Sales
O002308,2025-06-26,C00475,E0011,R008,Cancelled,Marketplace
O002309,2026-01-22,C00185,E0003,R001,Delivered,Marketplace
O002310,2026-07-19,C00266,E0041,R002,Delivered,Online
O002311,2025-08-17,C00200,E0015,R008,Processing,Online
O002312,2025-06-10,C00045,E0019,R002,Delivered,Online
O002313,2025-06-27,C00182,E0011,R008,Delivered,Marketplace
O002314,2026-01-17,C00304,E0034,R001,Processing,Direct Sales
O002315,2026-07-03,C00446,E0036,R004,Shipped,Distributor
O002316,2026-08-20,C00306,E0001,R002,Delivered,Marketplace
O002317,2026-02-03,C00269,E0037,R004,Delivered,Marketplace
O002318,2026-02-02,C00137,E0001,R002,Delivered,Distributor
O002319,2025-09-08,C00453,E0035,R002,Delivered,Marketplace
O002320,2026-02-13,C00398,E0027,R008,Delivered,Online
O002321,2025-10-31,C00446,E0010,R004,Delivered,Online
O002322,2025-07-03,C00145,E0029,R006,Delivered,Direct Sales
O002323,2025-03-07,C00188,E0002,R002,Delivered,Marketplace
O002324,2026-06-29,C00168,E0041,R002,Delivered,Online
O002325,2025-04-03,C00289,E0033,R008,Shipped,Distributor
O002326,2026-08-13,C00158,E0028,R006,Processing,Online
O002327,2025-04-24,C00165,E0034,R001,Processing,Online
O002328,2026-03-09,C00059,E0016,R002,Delivered,Online
O002329,2025-01-06,C00173,E0001,R002,Delivered,Direct Sales
O002330,2025-07-18,C00166,E0036,R004,Processing,Distributor
O002331,2025-11-26,C00194,E0007,R002,Delivered,Marketplace
O002332,2026-06-27,C00184,E0019,R002,Delivered,Online
O002333,2026-03-04,C00364,E0037,R004,Cancelled,Direct Sales
O002334,2025-03-03,C00579,E0041,R002,Shipped,Distributor
O002335,2026-04-14,C00547,E0029,R006,Delivered,Direct Sales
O002336,2026-05-29,C00233,E0013,R004,Cancelled,Distributor
O002337,2026-02-22,C00209,E0015,R008,Delivered,Marketplace
O002338,2025-07-01,C00117,E0036,R004,Delivered,Distributor
O002339,2026-07-20,C00108,E0017,R002,Delivered,Online
O002340,2025-06-08,C00001,E0005,R005,Processing,Direct Sales
O002341,2025-04-12,C00206,E0016,R002,Processing,Direct Sales
O002342,2025-03-06,C00358,E0013,R004,Processing,Distributor
O002343,2026-05-09,C00334,E0002,R002,Shipped,Distributor
O002344,2026-01-15,C00098,E0003,R001,Cancelled,Direct Sales
O002345,2025-09-30,C00007,E0036,R004,Delivered,Online
O002346,2026-02-24,C00131,E0031,R001,Delivered,Distributor
O002347,2026-08-31,C00516,E0009,R002,Delivered,Direct Sales
O002348,2026-05-25,C00555,E0021,R001,Delivered,Online
O002349,2026-01-13,C00155,E0027,R008,Delivered,Distributor
O002350,2026-08-12,C00175,E0041,R002,Delivered,Direct Sales
O002351,2025-11-12,C00332,E0030,R003,Cancelled,Direct Sales
O002352,2025-10-07,C00352,E0022,R003,Delivered,Online
O002353,2026-08-17,C00456,E0021,R001,Cancelled,Online
O002354,2025-05-27,C00456,E0019,R002,Cancelled,Distributor
O002355,2025-03-06,C00434,E0039,R005,Shipped,Distributor
O002356,2026-07-21,C00497,E0002,R002,Cancelled,Distributor
O002357,2026-07-27,C00315,E0033,R008,Delivered,Marketplace
O002358,2026-06-06,C00416,E0019,R002,Delivered,Marketplace
O002359,2025-09-06,C00116,E0028,R006,Delivered,Distributor
O002360,2026-02-13,C00532,E0023,R004,Cancelled,Online
O002361,2025-09-29,C00390,E0020,R001,Delivered,Marketplace
O002362,2026-06-12,C00011,E0040,R005,Delivered,Online
O002363,2025-02-02,C00335,E0012,R004,Delivered,Distributor
O002364,2026-02-11,C00143,E0031,R001,Delivered,Marketplace
O002365,2025-01-19,C00567,E0040,R005,Processing,Direct Sales
O002366,2026-01-03,C00278,E0036,R004,Processing,Online
O002367,2025-02-12,C00227,E0001,R002,Delivered,Distributor
O002368,2026-05-01,C00313,E0036,R004,Delivered,Online
O002369,2025-08-31,C00567,E0024,R002,Delivered,Direct Sales
O002370,2025-02-18,C00458,E0025,R004,Delivered,Direct Sales
O002371,2026-02-17,C00048,E0024,R002,Delivered,Marketplace
O002372,2026-02-01,C00209,E0002,R002,Delivered,Online
O002373,2026-03-25,C00572,E0018,R003,Processing,Marketplace
O002374,2026-05-30,C00443,E0030,R003,Shipped,Online
O002375,2025-06-15,C00122,E0035,R002,Delivered,Online
O002376,2026-03-14,C00032,E0009,R002,Delivered,Online
O002377,2025-10-30,C00049,E0016,R002,Delivered,Marketplace
O002378,2026-02-07,C00135,E0040,R005,Shipped,Marketplace
O002379,2026-01-19,C00352,E0029,R006,Delivered,Marketplace
O002380,2025-05-10,C00040,E0026,R006,Delivered,Marketplace
O002381,2026-05-05,C00353,E0041,R002,Delivered,Marketplace
O002382,2025-07-05,C00436,E0013,R004,Delivered,Online
O002383,2025-10-29,C00340,E0017,R002,Shipped,Online
O002384,2026-05-07,C00265,E0033,R008,Delivered,Marketplace
O002385,2026-01-17,C00555,E0020,R001,Cancelled,Direct Sales
O002386,2025-04-09,C00448,E0022,R003,Delivered,Direct Sales
O002387,2025-03-25,C00321,E0001,R002,Delivered,Marketplace
O002388,2025-04-15,C00342,E0024,R002,Delivered,Online
O002389,2025-05-11,C00004,E0017,R002,Delivered,Online
O002390,2025-05-27,C00070,E0032,R001,Shipped,Distributor
O002391,2026-07-03,C00161,E0029,R006,Processing,Direct Sales
O002392,2025-11-25,C00355,E0037,R004,Processing,Marketplace
O002393,2025-06-24,C00176,E0013,R004,Delivered,Direct Sales
O002394,2025-04-29,C00321,E0007,R002,Processing,Marketplace
O002395,2026-04-05,C00501,E0025,R004,Delivered,Online
O002396,2026-01-07,C00345,E0004,R008,Delivered,Online
O002397,2025-11-11,C00265,E0030,R003,Delivered,Distributor
O002398,2026-01-01,C00236,E0025,R004,Delivered,Marketplace
O002399,2025-04-25,C00449,E0035,R002,Shipped,Online
O002400,2026-08-08,C00365,E0039,R005,Shipped,Direct Sales
O002401,2025-02-07,C00267,E0020,R001,Delivered,Direct Sales
O002402,2025-08-16,C00501,E0034,R001,Delivered,Online
O002403,2025-03-27,C00543,E0015,R008,Delivered,Direct Sales
O002404,2026-03-14,C00246,E0035,R002,Delivered,Distributor
O002405,2026-07-25,C00519,E0036,R004,Delivered,Marketplace
O002406,2025-07-21,C00179,E0032,R001,Delivered,Marketplace
O002407,2025-11-20,C00569,E0029,R006,Delivered,Marketplace
O002408,2025-11-10,C00186,E0009,R002,Delivered,Marketplace
O002409,2026-05-10,C00218,E0022,R003,Processing,Online
O002410,2025-12-31,C00104,E0034,R001,Delivered,Distributor
O002411,2026-01-26,C00193,E0020,R001,Shipped,Online
O002412,2025-06-16,C00491,E0030,R003,Cancelled,Distributor
O002413,2025-08-03,C00067,E0021,R001,Delivered,Direct Sales
O002414,2026-03-17,C00590,E0018,R003,Delivered,Marketplace
O002415,2025-02-07,C00054,E0041,R002,Delivered,Online
O002416,2026-05-07,C00546,E0040,R005,Delivered,Online
O002417,2025-06-17,C00545,E0016,R002,Delivered,Online
O002418,2026-06-19,C00554,E0040,R005,Delivered,Marketplace
O002419,2025-10-11,C00175,E0020,R001,Processing,Marketplace
O002420,2026-03-25,C00469,E0039,R005,Delivered,Marketplace
O002421,2026-06-17,C00503,E0023,R004,Delivered,Online
O002422,2025-03-15,C00053,E0013,R004,Shipped,Distributor
O002423,2025-05-21,C00552,E0040,R005,Delivered,Direct Sales
O002424,2025-01-15,C00463,E0006,R002,Delivered,Marketplace
O002425,2025-09-30,C00269,E0023,R004,Delivered,Distributor
O002426,2026-06-20,C00509,E0012,R004,Delivered,Online
O002427,2025-08-03,C00187,E0015,R008,Processing,Marketplace
O002428,2025-03-25,C00445,E0036,R004,Cancelled,Direct Sales
O002429,2025-10-09,C00504,E0036,R004,Delivered,Online
O002430,2025-04-18,C00024,E0041,R002,Shipped,Distributor
O002431,2025-11-20,C00591,E0004,R008,Delivered,Distributor
O002432,2025-08-15,C00434,E0039,R005,Delivered,Online
O002433,2026-04-21,C00321,E0034,R001,Delivered,Marketplace
O002434,2025-01-21,C00200,E0010,R004,Delivered,Online
O002435,2025-01-11,C00590,E0017,R002,Delivered,Direct Sales
O002436,2025-05-18,C00588,E0032,R001,Delivered,Marketplace
O002437,2025-02-13,C00125,E0017,R002,Cancelled,Online
O002438,2026-05-30,C00544,E0022,R003,Delivered,Online
O002439,2025-05-19,C00291,E0022,R003,Delivered,Direct Sales
O002440,2025-03-13,C00473,E0015,R008,Delivered,Distributor
O002441,2025-05-24,C00211,E0026,R006,Shipped,Online
O002442,2026-08-05,C00223,E0024,R002,Delivered,Direct Sales
O002443,2025-01-08,C00362,E0017,R002,Delivered,Marketplace
O002444,2025-10-26,C00441,E0006,R002,Shipped,Direct Sales
O002445,2026-01-20,C00089,E0023,R004,Delivered,Distributor
O002446,2025-12-22,C00582,E0013,R004,Delivered,Online
O002447,2026-02-07,C00389,E0020,R001,Cancelled,Online
O002448,2026-04-28,C00138,E0034,R001,Shipped,Direct Sales
O002449,2026-07-12,C00468,E0002,R002,Cancelled,Distributor
O002450,2025-12-18,C00388,E0028,R006,Delivered,Marketplace
O002451,2026-01-22,C00182,E0035,R002,Delivered,Marketplace
O002452,2025-02-05,C00071,E0028,R006,Delivered,Distributor
O002453,2026-07-03,C00332,E0015,R008,Delivered,Distributor
O002454,2025-05-08,C00272,E0003,R001,Delivered,Direct Sales
O002455,2025-05-19,C00574,E0036,R004,Shipped,Direct Sales
O002456,2026-05-14,C00009,E0018,R003,Delivered,Direct Sales
O002457,2025-09-27,C00433,E0010,R004,Delivered,Marketplace
O002458,2026-08-30,C00465,E0009,R002,Delivered,Direct Sales
O002459,2026-08-12,C00023,E0038,R002,Delivered,Distributor
O002460,2025-01-04,C00508,E0027,R008,Cancelled,Direct Sales
O002461,2026-06-06,C00178,E0034,R001,Shipped,Marketplace
O002462,2025-08-31,C00328,E0024,R002,Delivered,Distributor
O002463,2026-04-10,C00140,E0033,R008,Delivered,Direct Sales
O002464,2025-04-19,C00022,E0029,R006,Delivered,Marketplace
O002465,2025-08-02,C00036,E0014,R005,Cancelled,Online
O002466,2026-07-16,C00520,E0033,R008,Shipped,Distributor
O002467,2025-08-28,C00368,E0034,R001,Delivered,Distributor
O002468,2025-01-15,C00291,E0032,R001,Delivered,Online
O002469,2025-04-26,C00239,E0001,R002,Delivered,Direct Sales
O002470,2025-07-10,C00525,E0028,R006,Processing,Direct Sales
O002471,2025-09-28,C00406,E0010,R004,Delivered,Online
O002472,2025-08-27,C00269,E0005,R005,Delivered,Online
O002473,2025-05-18,C00365,E0030,R003,Delivered,Marketplace
O002474,2025-02-27,C00287,E0005,R005,Shipped,Marketplace
O002475,2025-06-13,C00103,E0038,R002,Delivered,Marketplace
O002476,2025-03-02,C00246,E0037,R004,Cancelled,Distributor
O002477,2025-05-28,C00317,E0007,R002,Delivered,Distributor
O002478,2025-06-04,C00029,E0039,R005,Delivered,Marketplace
O002479,2025-07-07,C00589,E0028,R006,Delivered,Marketplace
O002480,2025-05-28,C00081,E0033,R008,Delivered,Marketplace
O002481,2025-06-26,C00015,E0018,R003,Delivered,Online
O002482,2025-02-06,C00111,E0036,R004,Delivered,Marketplace
O002483,2025-04-12,C00392,E0035,R002,Delivered,Direct Sales
O002484,2025-06-02,C00052,E0032,R001,Processing,Distributor
O002485,2025-06-05,C00460,E0012,R004,Delivered,Online
O002486,2026-03-01,C00344,E0017,R002,Delivered,Online
O002487,2026-02-24,C00585,E0025,R004,Processing,Online
O002488,2026-05-03,C00011,E0023,R004,Cancelled,Marketplace
O002489,2026-05-22,C00031,E0004,R008,Delivered,Direct Sales
O002490,2025-01-27,C00342,E0038,R002,Shipped,Direct Sales
O002491,2025-02-05,C00473,E0006,R002,Shipped,Direct Sales
O002492,2025-07-29,C00165,E0006,R002,Processing,Distributor
O002493,2025-03-19,C00580,E0003,R001,Delivered,Distributor
O002494,2025-01-26,C00146,E0013,R004,Delivered,Marketplace
O002495,2026-05-23,C00287,E0028,R006,Delivered,Direct Sales
O002496,2025-01-07,C00561,E0005,R005,Shipped,Marketplace
O002497,2025-02-25,C00314,E0017,R002,Delivered,Direct Sales
O002498,2025-07-08,C00309,E0020,R001,Delivered,Direct Sales
O002499,2025-05-28,C00096,E0027,R008,Delivered,Direct Sales
O002500,2025-03-26,C00220,E0039,R005,Delivered,Online
O002501,2026-04-02,C00598,E0019,R002,Shipped,Direct Sales
O002502,2025-08-02,C00385,E0041,R002,Delivered,Distributor
O002503,2025-08-19,C00362,E0022,R003,Delivered,Distributor
O002504,2025-11-04,C00419,E0006,R002,Processing,Online
O002505,2026-01-03,C00138,E0019,R002,Cancelled,Marketplace
O002506,2025-05-15,C00115,E0026,R006,Delivered,Online
O002507,2026-07-04,C00589,E0009,R002,Cancelled,Online
O002508,2025-10-20,C00175,E0029,R006,Cancelled,Distributor
O002509,2026-06-11,C00262,E0032,R001,Delivered,Direct Sales
O002510,2025-03-02,C00220,E0031,R001,Delivered,Marketplace
O002511,2025-01-25,C00320,E0031,R001,Processing,Direct Sales
O002512,2026-08-02,C00449,E0037,R004,Delivered,Online
O002513,2025-03-29,C00503,E0020,R001,Delivered,Marketplace
O002514,2026-08-08,C00045,E0004,R008,Processing,Direct Sales
O002515,2025-07-22,C00403,E0040,R005,Delivered,Direct Sales
O002516,2026-06-07,C00286,E0036,R004,Delivered,Marketplace
O002517,2025-05-01,C00460,E0003,R001,Delivered,Distributor
O002518,2025-07-11,C00327,E0019,R002,Delivered,Online
O002519,2025-07-24,C00173,E0005,R005,Shipped,Direct Sales
O002520,2025-01-02,C00015,E0024,R002,Delivered,Direct Sales
O002521,2025-01-19,C00003,E0004,R008,Processing,Distributor
O002522,2026-04-10,C00255,E0020,R001,Delivered,Online
O002523,2025-05-05,C00005,E0001,R002,Delivered,Online
O002524,2026-08-17,C00416,E0001,R002,Delivered,Distributor
O002525,2025-05-23,C00582,E0011,R008,Shipped,Direct Sales
O002526,2025-02-15,C00468,E0039,R005,Delivered,Online
O002527,2026-07-11,C00555,E0023,R004,Delivered,Distributor
O002528,2025-09-08,C00492,E0018,R003,Delivered,Online
O002529,2025-08-13,C00024,E0040,R005,Delivered,Distributor
O002530,2026-04-02,C00122,E0007,R002,Delivered,Online
O002531,2025-04-05,C00536,E0006,R002,Cancelled,Marketplace
O002532,2026-08-11,C00266,E0023,R004,Delivered,Direct Sales
O002533,2025-01-13,C00019,E0014,R005,Delivered,Marketplace
O002534,2025-10-12,C00209,E0022,R003,Delivered,Distributor
O002535,2026-01-20,C00031,E0030,R003,Cancelled,Marketplace
O002536,2026-02-19,C00291,E0039,R005,Delivered,Distributor
O002537,2025-03-01,C00152,E0004,R008,Processing,Direct Sales
O002538,2026-07-07,C00274,E0002,R002,Delivered,Direct Sales
O002539,2025-10-23,C00142,E0016,R002,Delivered,Direct Sales
O002540,2026-06-28,C00401,E0011,R008,Delivered,Online
O002541,2025-05-20,C00509,E0018,R003,Shipped,Direct Sales
O002542,2025-11-16,C00368,E0014,R005,Delivered,Direct Sales
O002543,2025-01-09,C00353,E0031,R001,Delivered,Online
O002544,2026-07-28,C00164,E0041,R002,Delivered,Marketplace
O002545,2026-03-05,C00110,E0037,R004,Delivered,Direct Sales
O002546,2025-10-21,C00336,E0024,R002,Delivered,Online
O002547,2025-06-27,C00033,E0004,R008,Delivered,Online
O002548,2025-01-25,C00271,E0029,R006,Delivered,Online
O002549,2026-06-19,C00131,E0037,R004,Delivered,Distributor
O002550,2025-06-29,C00089,E0002,R002,Delivered,Direct Sales
O002551,2025-12-26,C00582,E0029,R006,Delivered,Direct Sales
O002552,2025-01-12,C00031,E0018,R003,Shipped,Distributor
O002553,2025-09-22,C00446,E0022,R003,Delivered,Distributor
O002554,2025-05-28,C00048,E0021,R001,Shipped,Distributor
O002555,2025-01-26,C00225,E0021,R001,Delivered,Online
O002556,2026-01-10,C00341,E0017,R002,Shipped,Direct Sales
O002557,2025-09-23,C00317,E0033,R008,Delivered,Marketplace
O002558,2026-05-18,C00572,E0028,R006,Delivered,Direct Sales
O002559,2025-05-10,C00168,E0022,R003,Shipped,Direct Sales
O002560,2026-06-06,C00404,E0030,R003,Delivered,Distributor
O002561,2025-06-06,C00397,E0024,R002,Delivered,Marketplace
O002562,2026-02-23,C00079,E0041,R002,Processing,Distributor
O002563,2026-04-30,C00523,E0019,R002,Shipped,Online
O002564,2025-08-01,C00164,E0039,R005,Delivered,Online
O002565,2026-06-07,C00038,E0028,R006,Delivered,Distributor
O002566,2025-08-29,C00309,E0011,R008,Delivered,Marketplace
O002567,2025-11-11,C00215,E0021,R001,Delivered,Distributor
O002568,2025-06-04,C00561,E0011,R008,Delivered,Marketplace
O002569,2025-06-17,C00444,E0018,R003,Delivered,Marketplace
O002570,2026-02-14,C00589,E0013,R004,Delivered,Marketplace
O002571,2026-05-20,C00091,E0009,R002,Delivered,Online
O002572,2025-09-13,C00544,E0011,R008,Delivered,Distributor
O002573,2025-12-12,C00240,E0021,R001,Cancelled,Marketplace
O002574,2025-03-08,C00513,E0034,R001,Processing,Marketplace
O002575,2026-02-19,C00430,E0036,R004,Delivered,Marketplace
O002576,2025-04-14,C00019,E0024,R002,Delivered,Direct Sales
O002577,2025-11-15,C00094,E0012,R004,Delivered,Marketplace
O002578,2025-01-31,C00085,E0013,R004,Delivered,Distributor
O002579,2025-01-05,C00053,E0021,R001,Delivered,Distributor
O002580,2025-02-24,C00146,E0007,R002,Delivered,Direct Sales
O002581,2025-04-18,C00168,E0004,R008,Cancelled,Distributor
O002582,2025-03-24,C00564,E0039,R005,Delivered,Marketplace
O002583,2025-11-01,C00034,E0001,R002,Shipped,Online
O002584,2025-04-12,C00247,E0007,R002,Cancelled,Distributor
O002585,2025-04-18,C00569,E0028,R006,Delivered,Direct Sales
O002586,2026-06-04,C00364,E0041,R002,Delivered,Online
O002587,2026-06-21,C00596,E0020,R001,Delivered,Marketplace
O002588,2025-07-30,C00010,E0009,R002,Shipped,Marketplace
O002589,2025-05-03,C00229,E0023,R004,Delivered,Distributor
O002590,2026-06-20,C00171,E0037,R004,Delivered,Distributor
O002591,2025-08-21,C00141,E0031,R001,Shipped,Online
O002592,2025-01-29,C00426,E0007,R002,Processing,Online
O002593,2025-07-27,C00482,E0011,R008,Cancelled,Distributor
O002594,2025-05-04,C00258,E0032,R001,Processing,Direct Sales
O002595,2025-02-11,C00497,E0023,R004,Shipped,Distributor
O002596,2025-07-06,C00574,E0007,R002,Delivered,Online
O002597,2026-04-22,C00563,E0025,R004,Processing,Online
O002598,2025-10-28,C00016,E0012,R004,Delivered,Direct Sales
O002599,2025-06-16,C00219,E0027,R008,Delivered,Distributor
O002600,2026-01-27,C00600,E0003,R001,Processing,Marketplace
O002601,2026-04-29,C00467,E0018,R003,Delivered,Distributor
O002602,2026-03-24,C00454,E0024,R002,Cancelled,Online
O002603,2025-05-26,C00252,E0038,R002,Delivered,Marketplace
O002604,2025-11-02,C00057,E0009,R002,Delivered,Distributor
O002605,2025-01-10,C00075,E0001,R002,Delivered,Direct Sales
O002606,2025-06-10,C00373,E0003,R001,Delivered,Direct Sales
O002607,2026-08-15,C00116,E0041,R002,Delivered,Marketplace
O002608,2025-08-14,C00555,E0020,R001,Delivered,Online
O002609,2025-03-18,C00309,E0007,R002,Delivered,Marketplace
O002610,2025-04-14,C00235,E0003,R001,Delivered,Online
O002611,2026-07-18,C00387,E0032,R001,Delivered,Marketplace
O002612,2025-12-04,C00414,E0017,R002,Delivered,Marketplace
O002613,2025-01-04,C00564,E0006,R002,Delivered,Online
O002614,2026-03-07,C00122,E0019,R002,Delivered,Direct Sales
O002615,2025-05-06,C00503,E0034,R001,Delivered,Distributor
O002616,2025-11-25,C00253,E0037,R004,Delivered,Direct Sales
O002617,2026-05-20,C00560,E0005,R005,Delivered,Online
O002618,2026-07-31,C00138,E0016,R002,Shipped,Online
O002619,2025-06-08,C00350,E0025,R004,Delivered,Online
O002620,2026-01-28,C00473,E0012,R004,Delivered,Direct Sales
O002621,2026-01-14,C00303,E0020,R001,Delivered,Distributor
O002622,2025-02-07,C00474,E0031,R001,Delivered,Online
O002623,2026-04-17,C00453,E0007,R002,Delivered,Online
O002624,2026-01-06,C00513,E0031,R001,Delivered,Marketplace
O002625,2026-05-08,C00493,E0036,R004,Delivered,Direct Sales
O002626,2025-11-11,C00101,E0033,R008,Delivered,Online
O002627,2025-03-16,C00191,E0030,R003,Delivered,Marketplace
O002628,2025-02-21,C00471,E0013,R004,Delivered,Direct Sales
O002629,2026-06-25,C00341,E0018,R003,Delivered,Direct Sales
O002630,2025-02-16,C00462,E0013,R004,Shipped,Distributor
O002631,2025-01-11,C00439,E0018,R003,Shipped,Distributor
O002632,2025-03-11,C00212,E0011,R008,Delivered,Marketplace
O002633,2026-05-03,C00214,E0037,R004,Delivered,Direct Sales
O002634,2025-08-12,C00367,E0040,R005,Processing,Distributor
O002635,2026-02-21,C00517,E0032,R001,Delivered,Marketplace
O002636,2026-08-29,C00530,E0035,R002,Delivered,Direct Sales
O002637,2025-08-29,C00059,E0023,R004,Delivered,Online
O002638,2026-05-01,C00356,E0002,R002,Delivered,Distributor
O002639,2026-03-16,C00086,E0022,R003,Delivered,Online
O002640,2026-02-26,C00322,E0014,R005,Shipped,Online
O002641,2026-05-27,C00486,E0034,R001,Delivered,Marketplace
O002642,2025-03-20,C00261,E0012,R004,Cancelled,Online
O002643,2025-05-31,C00248,E0035,R002,Delivered,Distributor
O002644,2026-04-12,C00216,E0027,R008,Delivered,Direct Sales
O002645,2025-05-31,C00062,E0013,R004,Shipped,Online
O002646,2026-01-15,C00109,E0005,R005,Shipped,Distributor
O002647,2026-03-10,C00124,E0033,R008,Delivered,Online
O002648,2025-04-27,C00302,E0012,R004,Delivered,Marketplace
O002649,2025-02-03,C00566,E0027,R008,Delivered,Direct Sales
O002650,2025-08-01,C00107,E0029,R006,Cancelled,Direct Sales
O002651,2026-02-28,C00192,E0002,R002,Cancelled,Online
O002652,2026-02-12,C00098,E0019,R002,Delivered,Distributor
O002653,2026-07-14,C00080,E0004,R008,Delivered,Online
O002654,2025-08-10,C00462,E0031,R001,Delivered,Distributor
O002655,2025-12-17,C00199,E0030,R003,Delivered,Online
O002656,2025-08-02,C00299,E0039,R005,Delivered,Distributor
O002657,2025-10-14,C00470,E0013,R004,Delivered,Direct Sales
O002658,2026-07-31,C00116,E0030,R003,Delivered,Distributor
O002659,2026-07-07,C00444,E0017,R002,Delivered,Online
O002660,2025-03-04,C00408,E0022,R003,Delivered,Marketplace
O002661,2025-08-13,C00564,E0022,R003,Cancelled,Direct Sales
O002662,2026-05-21,C00131,E0031,R001,Delivered,Online
O002663,2026-02-01,C00164,E0038,R002,Delivered,Marketplace
O002664,2025-03-02,C00049,E0021,R001,Delivered,Distributor
O002665,2025-12-06,C00430,E0030,R003,Delivered,Distributor
O002666,2025-12-31,C00171,E0037,R004,Delivered,Distributor
O002667,2025-01-24,C00272,E0041,R002,Shipped,Online
O002668,2025-11-05,C00518,E0036,R004,Delivered,Distributor
O002669,2025-01-23,C00508,E0025,R004,Delivered,Online
O002670,2026-08-02,C00559,E0001,R002,Delivered,Online
O002671,2026-01-16,C00170,E0013,R004,Delivered,Direct Sales
O002672,2026-07-10,C00034,E0019,R002,Cancelled,Online
O002673,2025-06-10,C00599,E0016,R002,Delivered,Direct Sales
O002674,2025-01-07,C00254,E0015,R008,Delivered,Direct Sales
O002675,2025-06-07,C00367,E0005,R005,Delivered,Marketplace
O002676,2025-08-20,C00353,E0004,R008,Delivered,Marketplace
O002677,2026-02-19,C00337,E0003,R001,Cancelled,Marketplace
O002678,2025-09-09,C00214,E0041,R002,Delivered,Direct Sales
O002679,2025-06-17,C00302,E0017,R002,Cancelled,Distributor
O002680,2025-12-22,C00136,E0001,R002,Cancelled,Direct Sales
O002681,2025-10-04,C00126,E0010,R004,Delivered,Direct Sales
O002682,2025-12-08,C00594,E0004,R008,Cancelled,Distributor
O002683,2025-02-27,C00321,E0041,R002,Delivered,Direct Sales
O002684,2025-07-22,C00249,E0033,R008,Delivered,Distributor
O002685,2025-10-12,C00471,E0021,R001,Delivered,Online
O002686,2025-10-02,C00016,E0026,R006,Delivered,Direct Sales
O002687,2026-08-24,C00459,E0023,R004,Delivered,Direct Sales
O002688,2025-08-23,C00406,E0030,R003,Delivered,Distributor
O002689,2025-05-12,C00382,E0016,R002,Delivered,Marketplace
O002690,2026-06-05,C00485,E0022,R003,Delivered,Marketplace
O002691,2025-01-27,C00393,E0007,R002,Cancelled,Distributor
O002692,2025-01-28,C00124,E0030,R003,Delivered,Direct Sales
O002693,2025-05-21,C00546,E0019,R002,Delivered,Online
O002694,2025-03-06,C00196,E0012,R004,Delivered,Direct Sales
O002695,2025-11-22,C00340,E0024,R002,Delivered,Marketplace
O002696,2026-08-19,C00215,E0010,R004,Delivered,Marketplace
O002697,2026-05-12,C00244,E0004,R008,Cancelled,Distributor
O002698,2025-05-10,C00144,E0018,R003,Delivered,Marketplace
O002699,2026-05-29,C00135,E0011,R008,Processing,Direct Sales
O002700,2026-08-28,C00261,E0022,R003,Delivered,Online
O002701,2026-05-20,C00310,E0036,R004,Delivered,Distributor
O002702,2025-08-02,C00505,E0026,R006,Delivered,Direct Sales
O002703,2025-04-08,C00572,E0029,R006,Delivered,Online
O002704,2026-07-10,C00170,E0023,R004,Delivered,Distributor
O002705,2026-05-31,C00282,E0004,R008,Delivered,Direct Sales
O002706,2026-03-24,C00555,E0012,R004,Shipped,Direct Sales
O002707,2026-06-05,C00415,E0013,R004,Delivered,Distributor
O002708,2026-01-07,C00494,E0010,R004,Delivered,Direct Sales
O002709,2026-08-23,C00327,E0025,R004,Delivered,Direct Sales
O002710,2025-07-07,C00569,E0012,R004,Delivered,Online
O002711,2025-12-28,C00109,E0036,R004,Delivered,Direct Sales
O002712,2026-07-20,C00308,E0030,R003,Delivered,Direct Sales
O002713,2025-04-03,C00258,E0013,R004,Delivered,Direct Sales
O002714,2025-10-22,C00252,E0019,R002,Cancelled,Direct Sales
O002715,2026-02-08,C00012,E0001,R002,Delivered,Distributor
O002716,2026-02-13,C00041,E0010,R004,Delivered,Marketplace
O002717,2026-03-17,C00351,E0004,R008,Delivered,Direct Sales
O002718,2025-02-10,C00069,E0032,R001,Delivered,Direct Sales
O002719,2026-08-12,C00077,E0004,R008,Delivered,Direct Sales
O002720,2025-05-18,C00380,E0014,R005,Delivered,Marketplace
O002721,2026-08-30,C00475,E0006,R002,Delivered,Distributor
O002722,2025-01-22,C00006,E0003,R001,Processing,Direct Sales
O002723,2025-11-25,C00473,E0033,R008,Delivered,Marketplace
O002724,2025-02-26,C00410,E0009,R002,Shipped,Distributor
O002725,2025-08-12,C00133,E0027,R008,Processing,Marketplace
O002726,2025-08-22,C00011,E0001,R002,Shipped,Direct Sales
O002727,2025-04-03,C00205,E0019,R002,Shipped,Distributor
O002728,2025-07-30,C00151,E0016,R002,Delivered,Distributor
O002729,2025-10-17,C00118,E0001,R002,Delivered,Distributor
O002730,2025-04-12,C00307,E0010,R004,Delivered,Marketplace
O002731,2025-07-21,C00283,E0020,R001,Shipped,Direct Sales
O002732,2026-06-20,C00476,E0032,R001,Delivered,Distributor
O002733,2025-08-02,C00431,E0003,R001,Delivered,Marketplace
O002734,2025-10-12,C00185,E0041,R002,Delivered,Online
O002735,2025-04-13,C00485,E0022,R003,Processing,Distributor
O002736,2026-08-02,C00021,E0006,R002,Delivered,Direct Sales
O002737,2025-06-22,C00307,E0013,R004,Delivered,Direct Sales
O002738,2025-10-01,C00456,E0021,R001,Delivered,Distributor
O002739,2025-12-20,C00173,E0016,R002,Delivered,Marketplace
O002740,2026-08-10,C00202,E0034,R001,Delivered,Distributor
O002741,2026-01-03,C00584,E0001,R002,Delivered,Marketplace
O002742,2026-03-05,C00231,E0026,R006,Processing,Online
O002743,2025-07-22,C00288,E0031,R001,Processing,Distributor
O002744,2025-01-04,C00273,E0005,R005,Cancelled,Marketplace
O002745,2025-11-17,C00233,E0034,R001,Shipped,Marketplace
O002746,2025-10-13,C00179,E0006,R002,Delivered,Marketplace
O002747,2026-05-04,C00017,E0003,R001,Processing,Online
O002748,2025-11-09,C00269,E0029,R006,Shipped,Distributor
O002749,2026-04-12,C00097,E0020,R001,Processing,Marketplace
O002750,2025-02-22,C00283,E0015,R008,Delivered,Distributor
O002751,2025-12-26,C00085,E0036,R004,Delivered,Marketplace
O002752,2026-02-02,C00425,E0031,R001,Delivered,Distributor
O002753,2025-11-01,C00567,E0005,R005,Delivered,Marketplace
O002754,2025-03-03,C00530,E0040,R005,Delivered,Distributor
O002755,2025-01-12,C00487,E0012,R004,Processing,Marketplace
O002756,2026-07-30,C00343,E0003,R001,Delivered,Online
O002757,2026-02-26,C00298,E0017,R002,Delivered,Online
O002758,2025-09-11,C00346,E0003,R001,Shipped,Marketplace
O002759,2025-08-05,C00436,E0039,R005,Delivered,Distributor
O002760,2025-01-23,C00495,E0030,R003,Delivered,Distributor
O002761,2025-07-07,C00124,E0037,R004,Delivered,Distributor
O002762,2025-03-25,C00421,E0032,R001,Cancelled,Online
O002763,2025-12-03,C00525,E0030,R003,Delivered,Marketplace
O002764,2025-07-30,C00048,E0026,R006,Cancelled,Distributor
O002765,2026-06-12,C00210,E0021,R001,Cancelled,Distributor
O002766,2025-11-27,C00410,E0002,R002,Delivered,Marketplace
O002767,2025-05-01,C00585,E0010,R004,Shipped,Online
O002768,2025-03-21,C00269,E0037,R004,Processing,Distributor
O002769,2026-02-05,C00454,E0002,R002,Delivered,Direct Sales
O002770,2025-06-16,C00063,E0005,R005,Cancelled,Online
O002771,2026-06-06,C00486,E0014,R005,Cancelled,Online
O002772,2026-05-18,C00581,E0036,R004,Delivered,Direct Sales
O002773,2025-08-27,C00429,E0022,R003,Shipped,Online
O002774,2025-11-12,C00469,E0001,R002,Cancelled,Marketplace
O002775,2025-06-11,C00176,E0027,R008,Delivered,Direct Sales
O002776,2025-09-01,C00549,E0017,R002,Delivered,Marketplace
O002777,2026-01-03,C00020,E0009,R002,Cancelled,Distributor
O002778,2025-07-03,C00461,E0002,R002,Delivered,Marketplace
O002779,2025-01-03,C00552,E0030,R003,Delivered,Marketplace
O002780,2025-08-26,C00544,E0012,R004,Processing,Marketplace
O002781,2025-03-19,C00252,E0004,R008,Shipped,Online
O002782,2026-01-31,C00425,E0032,R001,Delivered,Marketplace
O002783,2026-06-25,C00228,E0009,R002,Cancelled,Online
O002784,2026-08-18,C00106,E0026,R006,Delivered,Online
O002785,2026-04-05,C00337,E0001,R002,Delivered,Online
O002786,2026-02-27,C00488,E0004,R008,Delivered,Online
O002787,2025-02-01,C00457,E0004,R008,Processing,Online
O002788,2025-06-13,C00531,E0005,R005,Delivered,Direct Sales
O002789,2026-07-18,C00542,E0012,R004,Delivered,Marketplace
O002790,2025-01-31,C00307,E0035,R002,Delivered,Distributor
O002791,2026-08-02,C00151,E0035,R002,Delivered,Distributor
O002792,2026-03-06,C00283,E0006,R002,Processing,Online
O002793,2026-01-30,C00434,E0039,R005,Delivered,Direct Sales
O002794,2025-05-16,C00484,E0027,R008,Delivered,Online
O002795,2025-09-03,C00544,E0010,R004,Cancelled,Online
O002796,2026-03-08,C00468,E0004,R008,Delivered,Marketplace
O002797,2025-11-30,C00288,E0019,R002,Cancelled,Distributor
O002798,2026-06-19,C00189,E0018,R003,Shipped,Online
O002799,2025-10-30,C00084,E0013,R004,Delivered,Marketplace
O002800,2026-02-22,C00167,E0025,R004,Cancelled,Online
O002801,2025-08-17,C00600,E0006,R002,Shipped,Marketplace
O002802,2026-07-19,C00255,E0001,R002,Delivered,Distributor
O002803,2026-01-21,C00415,E0004,R008,Shipped,Online
O002804,2026-01-20,C00136,E0020,R001,Delivered,Direct Sales
O002805,2025-12-30,C00316,E0003,R001,Delivered,Distributor
O002806,2026-06-30,C00262,E0034,R001,Shipped,Marketplace
O002807,2026-02-14,C00286,E0002,R002,Delivered,Direct Sales
O002808,2026-05-26,C00122,E0024,R002,Delivered,Marketplace
O002809,2025-06-05,C00284,E0027,R008,Delivered,Direct Sales
O002810,2026-01-26,C00237,E0029,R006,Delivered,Distributor
O002811,2026-08-23,C00542,E0028,R006,Delivered,Direct Sales
O002812,2026-08-04,C00382,E0039,R005,Shipped,Direct Sales
O002813,2025-07-10,C00139,E0004,R008,Cancelled,Distributor
O002814,2026-08-01,C00189,E0012,R004,Cancelled,Direct Sales
O002815,2026-02-12,C00012,E0026,R006,Delivered,Distributor
O002816,2025-07-01,C00583,E0039,R005,Delivered,Marketplace
O002817,2026-08-26,C00387,E0041,R002,Cancelled,Direct Sales
O002818,2026-02-14,C00221,E0022,R003,Processing,Distributor
O002819,2026-01-17,C00508,E0030,R003,Delivered,Online
O002820,2025-09-18,C00309,E0009,R002,Processing,Direct Sales
O002821,2025-09-10,C00051,E0035,R002,Delivered,Marketplace
O002822,2025-03-28,C00205,E0040,R005,Delivered,Direct Sales
O002823,2025-01-05,C00413,E0001,R002,Delivered,Marketplace
O002824,2026-02-13,C00305,E0004,R008,Delivered,Online
O002825,2025-10-19,C00313,E0016,R002,Cancelled,Online
O002826,2025-01-18,C00223,E0021,R001,Delivered,Distributor
O002827,2025-05-16,C00330,E0011,R008,Delivered,Distributor
O002828,2025-06-13,C00336,E0026,R006,Delivered,Marketplace
O002829,2025-02-26,C00012,E0023,R004,Processing,Direct Sales
O002830,2025-02-01,C00240,E0023,R004,Cancelled,Distributor
O002831,2025-09-25,C00437,E0029,R006,Processing,Distributor
O002832,2026-01-14,C00129,E0038,R002,Delivered,Direct Sales
O002833,2026-01-09,C00005,E0006,R002,Delivered,Online
O002834,2026-02-23,C00460,E0041,R002,Delivered,Distributor
O002835,2025-06-06,C00586,E0023,R004,Delivered,Online
O002836,2026-05-18,C00318,E0017,R002,Delivered,Online
O002837,2025-03-16,C00168,E0022,R003,Delivered,Distributor
O002838,2025-01-14,C00324,E0027,R008,Delivered,Distributor
O002839,2025-06-23,C00502,E0033,R008,Delivered,Distributor
O002840,2026-03-06,C00359,E0004,R008,Delivered,Direct Sales
O002841,2026-08-21,C00047,E0011,R008,Cancelled,Online
O002842,2025-07-18,C00204,E0035,R002,Delivered,Distributor
O002843,2025-07-08,C00042,E0014,R005,Delivered,Marketplace
O002844,2026-07-18,C00282,E0030,R003,Cancelled,Online
O002845,2025-01-27,C00278,E0033,R008,Shipped,Distributor
O002846,2025-03-09,C00132,E0016,R002,Delivered,Distributor
O002847,2025-03-15,C00424,E0022,R003,Shipped,Online
O002848,2026-05-10,C00571,E0024,R002,Delivered,Direct Sales
O002849,2025-03-22,C00552,E0039,R005,Delivered,Marketplace
O002850,2025-02-07,C00393,E0014,R005,Cancelled,Online
O002851,2025-12-19,C00572,E0024,R002,Delivered,Online
O002852,2025-09-24,C00098,E0022,R003,Delivered,Distributor
O002853,2026-02-12,C00375,E0017,R002,Delivered,Distributor
O002854,2025-10-19,C00485,E0001,R002,Delivered,Direct Sales
O002856,2025-07-02,C00019,E0017,R002,Delivered,Online
O002857,2026-02-08,C00215,E0039,R005,Delivered,Online
O002858,2026-07-12,C00245,E0034,R001,Processing,Distributor
O002859,2026-07-01,C00286,E0002,R002,Processing,Online
O002860,2025-06-11,C00156,E0027,R008,Cancelled,Marketplace
O002861,2026-03-24,C00093,E0026,R006,Cancelled,Direct Sales
O002862,2026-03-04,C00209,E0017,R002,Delivered,Direct Sales
O002863,2025-11-04,C00057,E0014,R005,Delivered,Online
O002864,2026-03-19,C00516,E0034,R001,Shipped,Online
O002865,2025-02-13,C00518,E0040,R005,Cancelled,Direct Sales
O002866,2026-07-08,C00043,E0009,R002,Delivered,Direct Sales
O002867,2025-05-29,C00081,E0006,R002,Delivered,Distributor
O002868,2026-07-05,C00103,E0007,R002,Delivered,Marketplace
O002869,2025-06-16,C00575,E0004,R008,Delivered,Direct Sales
O002870,2026-02-17,C00191,E0009,R002,Delivered,Marketplace
O002871,2025-01-19,C00466,E0012,R004,Delivered,Direct Sales
O002872,2026-05-04,C00482,E0001,R002,Delivered,Marketplace
O002873,2025-02-28,C00286,E0020,R001,Processing,Direct Sales
O002874,2025-03-07,C00202,E0006,R002,Delivered,Distributor
O002875,2025-09-07,C00076,E0041,R002,Cancelled,Marketplace
O002876,2026-02-22,C00432,E0033,R008,Delivered,Distributor
O002877,2026-08-14,C00185,E0017,R002,Delivered,Online
O002878,2025-05-22,C00373,E0016,R002,Delivered,Online
O002879,2025-05-13,C00548,E0021,R001,Delivered,Distributor
O002880,2025-08-10,C00569,E0030,R003,Delivered,Distributor
O002881,2026-02-07,C00050,E0023,R004,Delivered,Online
O002882,2026-03-21,C00406,E0027,R008,Delivered,Marketplace
O002883,2026-03-16,C00046,E0010,R004,Delivered,Online
O002884,2025-01-12,C00559,E0039,R005,Delivered,Online
O002885,2025-08-31,C00122,E0012,R004,Delivered,Direct Sales
O002886,2025-09-26,C00374,E0010,R004,Delivered,Direct Sales
O002887,2026-08-06,C00205,E0031,R001,Shipped,Marketplace
O002888,2026-02-06,C00237,E0009,R002,Delivered,Online
O002889,2025-05-17,C00547,E0029,R006,Shipped,Marketplace
O002890,2025-09-21,C00505,E0020,R001,Delivered,Direct Sales
O002891,2026-07-25,C00045,E0022,R003,Cancelled,Marketplace
O002892,2026-06-11,C00293,E0023,R004,Delivered,Online
O002893,2026-07-16,C00571,E0002,R002,Cancelled,Distributor
O002894,2025-10-18,C00357,E0024,R002,Delivered,Marketplace
O002895,2025-06-21,C00408,E0027,R008,Cancelled,Marketplace
O002896,2026-05-22,C00153,E0009,R002,Delivered,Marketplace
O002897,2025-08-29,C00418,E0026,R006,Delivered,Online
O002898,2026-07-09,C00431,E0010,R004,Delivered,Online
O002899,2026-04-05,C00459,E0001,R002,Delivered,Distributor
O002900,2025-07-21,C00416,E0002,R002,Delivered,Online
O002901,2025-01-28,C00375,E0034,R001,Delivered,Marketplace
O002902,2026-03-28,C00204,E0001,R002,Delivered,Online
O002903,2025-11-20,C00434,E0033,R008,Delivered,Online
O002904,2026-08-09,C00356,E0035,R002,Delivered,Marketplace
O002905,2025-11-06,C00133,E0013,R004,Delivered,Direct Sales
O002906,2025-11-11,C00252,E0039,R005,Shipped,Marketplace
O002907,2026-01-10,C00058,E0026,R006,Delivered,Online
O002908,2025-11-23,C00328,E0031,R001,Shipped,Online
O002909,2026-03-22,C00587,E0006,R002,Delivered,Distributor
O002910,2025-12-05,C00595,E0015,R008,Delivered,Online
O002911,2025-11-27,C00568,E0017,R002,Cancelled,Distributor
O002912,2026-02-10,C00271,E0037,R004,Processing,Online
O002913,2025-07-10,C00384,E0031,R001,Delivered,Distributor
O002914,2025-09-08,C00486,E0006,R002,Delivered,Online
O002915,2025-01-27,C00578,E0013,R004,Cancelled,Marketplace
O002916,2025-08-11,C00443,E0033,R008,Delivered,Direct Sales
O002917,2025-08-04,C00491,E0015,R008,Cancelled,Distributor
O002918,2025-07-10,C00297,E0018,R003,Processing,Direct Sales
O002919,2026-02-09,C00330,E0017,R002,Shipped,Distributor
O002920,2026-03-26,C00192,E0018,R003,Shipped,Direct Sales
O002921,2025-05-25,C00164,E0016,R002,Delivered,Direct Sales
O002922,2026-08-13,C00245,E0013,R004,Delivered,Marketplace
O002923,2025-07-13,C00001,E0005,R005,Delivered,Direct Sales
O002924,2025-05-22,C00529,E0019,R002,Delivered,Marketplace
O002925,2025-01-10,C00507,E0005,R005,Shipped,Marketplace
O002926,2025-10-03,C00329,E0006,R002,Delivered,Direct Sales
O002927,2025-11-28,C00399,E0004,R008,Delivered,Online
O002928,2025-05-08,C00207,E0037,R004,Delivered,Online
O002929,2025-08-07,C00403,E0020,R001,Delivered,Direct Sales
O002930,2026-05-20,C00443,E0011,R008,Shipped,Distributor
O002931,2025-03-19,C00479,E0015,R008,Delivered,Online
O002932,2026-05-05,C00408,E0027,R008,Delivered,Distributor
O002933,2025-02-23,C00004,E0015,R008,Delivered,Distributor
O002934,2025-06-23,C00036,E0023,R004,Cancelled,Marketplace
O002935,2025-02-08,C00139,E0020,R001,Shipped,Marketplace
O002936,2025-10-04,C00055,E0010,R004,Delivered,Distributor
O002937,2026-03-15,C00485,E0025,R004,Shipped,Distributor
O002938,2026-03-17,C00142,E0025,R004,Delivered,Online
O002939,2025-07-15,C00041,E0017,R002,Processing,Marketplace
O002940,2025-03-14,C00414,E0018,R003,Delivered,Distributor
O002941,2026-08-24,C00274,E0022,R003,Delivered,Online
O002942,2026-08-12,C00536,E0015,R008,Processing,Marketplace
O002943,2025-02-05,C00080,E0018,R003,Cancelled,Marketplace
O002944,2025-08-01,C00322,E0001,R002,Delivered,Distributor
O002945,2025-05-11,C00447,E0020,R001,Delivered,Direct Sales
O002946,2025-05-14,C00264,E0026,R006,Delivered,Direct Sales
O002947,2025-04-17,C00562,E0039,R005,Delivered,Marketplace
O002948,2025-09-15,C00576,E0023,R004,Delivered,Online
O002949,2026-03-24,C00075,E0013,R004,Delivered,Direct Sales
O002950,2026-05-25,C00198,E0039,R005,Delivered,Direct Sales
O002951,2026-04-18,C00166,E0023,R004,Processing,Distributor
O002952,2025-05-12,C00066,E0034,R001,Delivered,Distributor
O002953,2025-03-01,C00539,E0036,R004,Delivered,Marketplace
O002954,2026-01-29,C00070,E0026,R006,Delivered,Direct Sales
O002955,2026-02-15,C00262,E0038,R002,Delivered,Distributor
O002956,2026-02-05,C00589,E0040,R005,Delivered,Marketplace
O002957,2025-10-03,C00528,E0029,R006,Cancelled,Distributor
O002958,2025-01-04,C00198,E0036,R004,Cancelled,Distributor
O002959,2025-05-03,C00158,E0014,R005,Delivered,Online
O002960,2025-03-27,C00588,E0011,R008,Delivered,Distributor
O002961,2026-03-05,C00136,E0001,R002,Delivered,Marketplace
O002962,2025-10-12,C00327,E0030,R003,Delivered,Distributor
O002963,2025-12-02,C00536,E0027,R008,Delivered,Distributor
O002964,2025-09-18,C00361,E0007,R002,Shipped,Distributor
O002965,2025-02-23,C00282,E0001,R002,Delivered,Distributor
O002966,2026-06-28,C00346,E0035,R002,Delivered,Marketplace
O002967,2026-03-01,C00059,E0024,R002,Delivered,Marketplace
O002968,2025-06-07,C00262,E0022,R003,Delivered,Marketplace
O002969,2026-06-09,C00310,E0018,R003,Cancelled,Distributor
O002970,2025-07-26,C00304,E0001,R002,Delivered,Distributor
O002971,2026-06-09,C00548,E0029,R006,Delivered,Marketplace
O002972,2026-04-09,C00482,E0003,R001,Delivered,Direct Sales
O002973,2025-11-02,C00419,E0014,R005,Delivered,Direct Sales
O002974,2025-03-04,C00218,E0034,R001,Delivered,Online
O002975,2025-02-01,C00341,E0004,R008,Cancelled,Marketplace
O002976,2026-08-16,C00071,E0015,R008,Delivered,Distributor
O002977,2026-05-12,C00068,E0040,R005,Cancelled,Distributor
O002978,2025-06-06,C00139,E0019,R002,Processing,Marketplace
O002979,2026-02-03,C00113,E0015,R008,Cancelled,Marketplace
O002980,2025-11-22,C00540,E0001,R002,Delivered,Distributor
O002981,2026-05-19,C00210,E0024,R002,Delivered,Online
O002982,2025-08-17,C00587,E0022,R003,Cancelled,Marketplace
O002983,2025-05-24,C00020,E0023,R004,Delivered,Online
O002984,2025-10-04,C00173,E0041,R002,Delivered,Online
O002985,2026-06-28,C00239,E0006,R002,Cancelled,Direct Sales
O002986,2025-01-18,C00341,E0035,R002,Shipped,Direct Sales
O002987,2025-08-21,C00320,E0011,R008,Delivered,Distributor
O002988,2026-06-30,C00471,E0032,R001,Delivered,Distributor
O002989,2025-04-27,C00372,E0041,R002,Delivered,Online
O002990,2026-06-20,C00526,E0029,R006,Delivered,Direct Sales
O002991,2025-11-24,C00004,E0034,R001,Processing,Distributor
O002992,2026-08-08,C00527,E0019,R002,Delivered,Direct Sales
O002993,2026-03-16,C00251,E0016,R002,Delivered,Marketplace
O002994,2025-06-19,C00562,E0026,R006,Shipped,Distributor
O002995,2025-04-12,C00493,E0020,R001,Shipped,Direct Sales
O002996,2025-07-06,C00003,E0026,R006,Cancelled,Direct Sales
O002997,2026-06-27,C00089,E0025,R004,Delivered,Distributor
O002998,2025-10-29,C00554,E0034,R001,Delivered,Distributor
O002999,2026-03-01,C00371,E0023,R004,Cancelled,Online
O003000,2025-05-17,C00431,E0011,R008,Shipped,Direct Sales
