Payment_ID,Invoice_ID,Payment_Date,Payment_Amount,Payment_Mode,Reference_No,Payment_Status
PAY000001,INV000318,2025-05-02,24024.62,Cheque,REF330603,Success
PAY000002,INV001699,2026-06-30,83432.76,Cheque,REF583124,Success
PAY000003,INV000792,2026-01-02,228713.6,Cheque,REF371203,Success
PAY000004,INV000970,2025-06-16,16292.57,Cheque,REF257989,Success
PAY000005,INV001412,2026-02-08,8486.97,Cheque,REF535114,Success
PAY000006,INV001491,2025-07-12,175427.11,UPI,REF496578,Success
PAY000007,INV000796,2026-03-26,163421.54,UPI,REF317571,Success
PAY000008,INV000660,2026-06-29,94503.1,Cheque,REF847546,Success
PAY000009,INV000190,2026-03-29,128873.5,Cheque,REF263517,Success
PAY000010,INV001370,2026-05-27,83323.19,UPI,REF240345,Success
PAY000011,INV000412,2026-08-21,27568.41,Cheque,REF299685,Success
PAY000012,INV001190,2026-02-16,213185.56,UPI,REF591951,Failed
PAY000013,INV000297,2026-05-24,41971.55,Credit Card,REF831217,Success
PAY000014,INV002579,2025-09-23,279274.33,Debit Card,REF872665,Success
PAY000015,INV002384,2025-03-24,28719.45,Bank Transfer,REF460524,Success
PAY000016,INV001684,2026-03-02,100327.73,UPI,REF609092,Success
PAY000017,INV000559,2025-08-22,319738.88,Credit Card,REF823480,Success
PAY000018,INV001100,2025-05-12,59565.86,Credit Card,REF499116,Success
PAY000019,INV002535,2026-07-01,63779.42,Bank Transfer,REF106097,Success
PAY000020,INV000535,2026-03-27,146093.54,Bank Transfer,REF342191,Success
PAY000022,INV002712,2025-07-31,85605.18,Credit Card,REF188577,Failed
PAY000023,INV002551,2025-04-09,178180.27,Bank Transfer,REF168617,Success
PAY000024,INV000282,2025-10-18,4183.65,Bank Transfer,REF563398,Success
PAY000025,INV002522,2025-06-28,33525.75,Bank Transfer,REF860673,Success
PAY000026,INV001728,2026-04-17,28202.45,Credit Card,REF231788,Success
PAY000027,INV002599,2026-04-21,53180.64,UPI,REF863043,Success
PAY000028,INV002043,2026-03-26,39993.59,Bank Transfer,REF178811,Success
PAY000029,INV000319,2026-01-12,15575.55,UPI,REF132383,Success
PAY000030,INV001608,2026-04-10,146895.97,Credit Card,REF294971,Success
PAY000031,INV001276,2026-05-08,16893.37,Debit Card,REF537884,Success
PAY000032,INV001641,2026-04-13,101777.28,UPI,REF309962,Success
PAY000033,INV002447,2025-07-08,37783.75,Bank Transfer,REF242036,Success
PAY000034,INV002169,2026-01-24,13291.73,Bank Transfer,REF873661,Failed
PAY000035,INV000034,2025-12-26,12247.02,Bank Transfer,REF290195,Success
PAY000037,INV002452,2026-07-27,23156.94,Debit Card,REF474234,Success
PAY000038,INV001938,2025-06-28,35225.25,Credit Card,REF323701,Failed
PAY000039,INV001444,2026-08-22,35946.4,Cheque,REF694352,Success
PAY000040,INV001050,2026-06-06,2869.45,UPI,REF274263,Success
PAY000041,INV001403,2026-07-30,44218.92,Debit Card,REF374345,Failed
PAY000042,INV000270,2026-06-12,564821.96,UPI,REF862387,Success
PAY000043,INV001087,2025-10-17,15637.96,Cheque,REF813766,Success
PAY000044,INV002286,2025-08-16,174981.81,Bank Transfer,REF774143,Success
PAY000045,INV001111,2025-05-06,122876.52,Credit Card,REF391960,Success
PAY000046,INV002735,2025-09-15,257311.95,Credit Card,REF650772,Success
PAY000047,INV002724,2026-10-28,283291.72,Credit Card,REF415845,Success
PAY000048,INV000330,2025-08-28,169186.2,UPI,REF759891,Success
PAY000049,INV001899,2025-06-04,156443.33,Cheque,REF197570,Success
PAY000050,INV000543,2025-02-03,20779.69,Debit Card,REF167334,Success
PAY000051,INV000832,2025-05-14,381684.34,Credit Card,REF345688,Success
PAY000052,INV000532,2026-05-03,474483.13,Credit Card,REF795337,Success
PAY000053,INV000473,2025-01-31,281537.1,Bank Transfer,REF868982,Failed
PAY000054,INV001441,2025-06-15,639376.19,Bank Transfer,REF451334,Failed
PAY000055,INV000458,2026-02-25,451584.53,Bank Transfer,REF979613,Success
PAY000056,INV001693,2026-06-15,243151.73,Bank Transfer,REF163201,Failed
PAY000057,INV001888,2026-08-19,36936.55,Cheque,REF741591,Success
PAY000058,INV001046,2025-06-04,54507.07,Bank Transfer,REF153339,Success
PAY000059,INV001408,2026-07-09,440673.17,Cheque,REF221375,Failed
PAY000060,INV000358,2026-01-09,148895.11,Cheque,REF299547,Success
PAY000061,INV000648,2025-10-07,62687.7,Cheque,REF963124,Success
PAY000062,INV002090,2026-01-07,141190.27,Credit Card,REF113794,Success
PAY000063,INV000968,2025-11-08,264356.16,Cheque,REF769581,Success
PAY000064,INV001392,2025-06-03,2293.41,Debit Card,REF634180,Success
PAY000065,INV001417,2026-06-15,4164.78,Credit Card,REF534644,Success
PAY000066,INV001887,2026-05-21,140567.54,Debit Card,REF906939,Success
PAY000067,INV000660,2026-07-21,91225.87,Debit Card,REF269928,Success
PAY000068,INV000726,2026-07-08,62614.82,Cheque,REF968432,Success
PAY000069,INV001250,2025-11-03,87496.26,Debit Card,REF965694,Success
PAY000070,INV000342,2025-09-30,326924.51,Credit Card,REF721564,Failed
PAY000071,INV001853,2025-05-04,225595.04,UPI,REF173074,Success
PAY000073,INV001317,2025-11-05,79650.68,UPI,REF193594,Success
PAY000074,INV002685,2025-09-03,68254.38,Cheque,REF820097,Success
PAY000075,INV002651,2026-08-26,43835.96,Cheque,REF204996,Success
PAY000076,INV000324,2025-01-28,153262.93,Credit Card,REF736106,Success
PAY000077,INV000230,2026-08-05,199591.78,Cheque,REF847102,Success
PAY000078,INV000098,2025-10-15,335709.1,Bank Transfer,REF785478,Success
PAY000079,INV000621,2026-02-21,10489.03,Credit Card,REF172447,Success
PAY000080,INV001748,2025-10-29,614388.26,Cheque,REF559976,Success
PAY000081,INV001655,2026-03-05,661450.91,Cheque,REF266623,Success
PAY000082,INV000675,2026-04-05,192059.73,Debit Card,REF403586,Success
PAY000083,INV000076,2026-10-13,18488.6,Debit Card,REF611431,Success
PAY000084,INV001343,2026-09-06,3569.36,Cheque,REF790594,Success
PAY000085,INV000759,2026-10-31,33672.93,Cheque,REF467041,Failed
PAY000086,INV000075,2025-02-23,34120.42,UPI,REF327946,Success
PAY000087,INV001362,2025-01-19,23703.9,UPI,REF269653,Success
PAY000088,INV000909,2026-03-13,24937.56,Debit Card,REF864265,Success
PAY000089,INV001593,2025-05-07,1060.57,Debit Card,REF164524,Success
PAY000090,INV001948,2026-01-01,12256.52,Debit Card,REF412939,Success
PAY000091,INV000094,2026-05-03,25865.08,Credit Card,REF640038,Success
PAY000092,INV000752,2025-10-08,128738.66,Credit Card,REF941023,Success
PAY000093,INV002023,2026-03-12,26972.7,Credit Card,REF493193,Success
PAY000094,INV000931,2026-06-27,3113.55,Cheque,REF980616,Success
PAY000095,INV001441,2025-05-19,635722.71,Debit Card,REF963812,Failed
PAY000096,INV001168,2025-02-11,227478.67,Credit Card,REF648254,Success
PAY000097,INV001605,2026-03-20,50323.56,Bank Transfer,REF687769,Success
PAY000098,INV001155,2026-04-14,128350.86,Bank Transfer,REF708142,Success
PAY000099,INV002180,2025-11-23,133116.95,Debit Card,REF506995,Success
PAY000100,INV002370,2025-04-10,9745.46,UPI,REF519342,Success
PAY000101,INV000738,2026-04-28,3887.33,Credit Card,REF869927,Success
PAY000102,INV000132,2025-04-05,15597.44,Bank Transfer,REF883080,Success
PAY000103,INV000423,2026-05-23,380719.49,UPI,REF553162,Success
PAY000104,INV002674,2025-05-30,40063.58,Bank Transfer,REF620724,Success
PAY000105,INV000571,2025-10-19,21141.76,Credit Card,REF155515,Success
PAY000106,INV002662,2026-11-14,34770.88,UPI,REF564044,Failed
PAY000107,INV002514,2025-06-21,54231.56,Debit Card,REF596695,Success
PAY000108,INV002100,2026-07-23,380882.27,Credit Card,REF632485,Success
PAY000109,INV002400,2025-04-05,88184.38,Cheque,REF125929,Success
PAY000110,INV001087,2025-12-02,9496.19,Credit Card,REF683144,Success
PAY000111,INV002142,2026-04-13,6718.57,Credit Card,REF209837,Success
PAY000112,INV002046,2026-03-16,581805.15,UPI,REF812909,Success
PAY000113,INV002123,2025-11-09,90182.04,Cheque,REF896286,Success
PAY000114,INV000318,2025-05-16,23600.88,Cheque,REF717384,Success
PAY000115,INV000549,2025-05-22,147192.22,Bank Transfer,REF578259,Failed
PAY000116,INV000139,2025-10-24,257007.68,Cheque,REF648928,Success
PAY000117,INV000057,2025-08-13,126084.16,Debit Card,REF823122,Success
PAY000118,INV000942,2026-05-03,49274.23,Cheque,REF424918,Success
PAY000119,INV002627,2025-08-18,190772.22,UPI,REF429719,Failed
PAY000120,INV000762,2026-09-14,39159.47,Cheque,REF416647,Success
PAY000121,INV001914,2025-08-22,146704.84,Debit Card,REF961317,Success
PAY000122,INV001140,2025-04-07,10633.4,Bank Transfer,REF916435,Success
PAY000123,INV001147,2026-08-22,164563.51,Debit Card,REF900400,Success
PAY000124,INV002277,2025-10-10,26288.14,Bank Transfer,REF817089,Success
PAY000125,INV000416,2026-07-12,109414.43,Debit Card,REF171370,Success
PAY000126,INV000387,2026-11-26,38547.29,Cheque,REF486981,Failed
PAY000127,INV001522,2025-02-19,262870.87,Credit Card,REF174309,Success
PAY000128,INV000482,2026-02-17,35428.61,Credit Card,REF614525,Success
PAY000129,INV000672,2025-04-21,98668.7,Bank Transfer,REF386136,Success
PAY000130,INV000710,2026-02-15,64031.19,UPI,REF993429,Success
PAY000131,INV000111,2026-09-23,114354.4,Cheque,REF648862,Success
PAY000132,INV000481,2025-07-16,3914.32,UPI,REF382968,Success
PAY000133,INV000219,2026-06-06,942.04,Bank Transfer,REF147653,Success
PAY000134,INV002650,2025-12-22,15020.46,Debit Card,REF370748,Success
PAY000135,INV000382,2026-11-19,16032.6,Debit Card,REF696287,Success
PAY000136,INV000396,2025-11-06,58892.35,Credit Card,REF235747,Success
PAY000137,INV002051,2025-07-21,6781.71,UPI,REF281207,Success
PAY000138,INV001320,2025-05-29,311178.2,Bank Transfer,REF375408,Success
PAY000139,INV000036,2026-08-10,66733.76,Debit Card,REF145298,Failed
PAY000140,INV000740,2026-05-01,4985.81,Credit Card,REF570406,Success
PAY000141,INV000791,2025-04-20,253495.29,Bank Transfer,REF446104,Success
PAY000142,INV000731,2026-05-02,16023.45,Debit Card,REF163706,Success
PAY000143,INV001582,2025-11-28,212023.62,Credit Card,REF963915,Success
PAY000144,INV001633,2026-07-12,281161.58,Bank Transfer,REF101574,Success
PAY000145,INV000714,2025-02-24,335334.68,Bank Transfer,REF921767,Success
PAY000146,INV000476,2026-03-03,198170.55,Debit Card,REF126701,Success
PAY000147,INV001681,2026-06-02,17937.29,Bank Transfer,REF967981,Success
PAY000148,INV001134,2025-11-27,62130.19,Debit Card,REF477382,Success
PAY000149,INV002249,2026-01-07,200235.35,UPI,REF821634,Success
PAY000150,INV002104,2026-09-16,56677.7,Debit Card,REF834479,Failed
PAY000151,INV002055,2026-05-29,30710.47,Cheque,REF417884,Success
PAY000152,INV000008,2025-01-21,101182.77,Debit Card,REF642672,Success
PAY000153,INV001720,2026-07-12,145915.88,Debit Card,REF679004,Success
PAY000154,INV002532,2026-06-08,12163.6,Credit Card,REF946859,Success
PAY000155,INV002456,2026-09-08,37736.55,Debit Card,REF442119,Success
PAY000156,INV001419,2025-09-22,23706.72,Cheque,REF274837,Success
PAY000157,INV002614,2025-08-10,321637.81,Debit Card,REF122088,Success
PAY000158,INV000530,2025-10-23,29616.69,Bank Transfer,REF111931,Success
PAY000159,INV000057,2025-07-05,177113.87,Cheque,REF595544,Success
PAY000160,INV000036,2026-10-07,61529.53,Cheque,REF245668,Success
PAY000161,INV001729,2025-06-28,43733.51,Bank Transfer,REF104997,Failed
PAY000162,INV000604,2025-06-14,14540.85,UPI,REF233990,Success
PAY000163,INV002243,2025-06-05,23718.57,UPI,REF314746,Success
PAY000164,INV002198,2026-07-07,16545.8,Bank Transfer,REF851716,Success
PAY000165,INV000933,2025-10-20,1520.14,Bank Transfer,REF419784,Success
PAY000166,INV000567,2026-05-25,108055.74,Debit Card,REF990932,Success
PAY000167,INV002113,2025-09-19,20835.1,UPI,REF366643,Success
PAY000168,INV002393,2026-07-27,186753.03,Cheque,REF801881,Success
PAY000169,INV002747,2025-10-03,22204.92,Bank Transfer,REF233068,Success
PAY000170,INV002057,2025-09-04,10324.66,Debit Card,REF890960,Success
PAY000171,INV000490,2026-01-06,16646.78,Debit Card,REF185021,Success
PAY000172,INV002083,2026-05-21,26604.23,Cheque,REF519452,Success
PAY000173,INV000601,2026-10-19,541771.59,UPI,REF351540,Success
PAY000174,INV001828,2026-08-19,57763.64,Credit Card,REF850445,Success
PAY000175,INV000331,2025-09-06,396573.69,Credit Card,REF965502,Success
PAY000176,INV001055,2025-03-30,2241.02,Debit Card,REF129241,Success
PAY000177,INV001082,2026-10-29,947401.33,Cheque,REF814409,Failed
PAY000178,INV002017,2026-04-19,310145.1,Credit Card,REF273329,Success
PAY000179,INV002694,2026-07-09,146900.51,Debit Card,REF310386,Success
PAY000180,INV000895,2026-05-11,36023.59,Credit Card,REF779216,Success
PAY000181,INV002150,2025-04-06,214243.34,Credit Card,REF987734,Success
PAY000182,INV000595,2025-05-08,38232.83,UPI,REF519595,Success
PAY000183,INV002655,2025-03-31,165757.59,UPI,REF770102,Success
PAY000184,INV001997,2026-07-30,115242.7,Debit Card,REF606446,Success
PAY000185,INV002080,2025-09-03,14706.52,Debit Card,REF610159,Success
PAY000186,INV001300,2026-08-07,80627.5,Bank Transfer,REF343911,Success
PAY000187,INV000911,2026-09-17,155719.9,Cheque,REF139084,Success
PAY000188,INV001011,2025-09-09,176410.57,Cheque,REF405158,Success
PAY000189,INV001338,2025-08-01,35742.84,Credit Card,REF812029,Success
PAY000190,INV001556,2025-05-11,130090.37,Bank Transfer,REF585841,Success
PAY000191,INV000491,2026-04-27,399466.26,UPI,REF583830,Failed
PAY000192,INV002589,2026-06-18,160282.27,Cheque,REF137726,Failed
PAY000193,INV002514,2025-04-25,32601.89,Credit Card,REF788936,Success
PAY000194,INV001862,2026-08-30,34364.26,Debit Card,REF851440,Success
PAY000195,INV001830,2025-12-23,26913.17,Debit Card,REF992430,Success
PAY000196,INV000261,2026-07-16,126663.51,Credit Card,REF449116,Success
PAY000197,INV001863,2026-04-13,57978.62,Debit Card,REF359832,Success
PAY000198,INV000459,2026-08-12,42662.53,Debit Card,REF850227,Success
PAY000199,INV001217,2026-02-20,183132.32,Cheque,REF928575,Success
PAY000200,INV002309,2026-03-03,54793.86,Debit Card,REF230511,Success
PAY000201,INV002000,2026-05-10,125450.27,Cheque,REF154854,Success
PAY000202,INV000075,2025-03-13,36132.3,Cheque,REF989972,Success
PAY000203,INV000898,2025-09-16,92315.69,UPI,REF110178,Success
PAY000204,INV000879,2026-02-07,74725.38,Cheque,REF603123,Success
PAY000205,INV001312,2026-01-29,322592.24,UPI,REF948241,Success
PAY000206,INV002528,2026-08-16,216207.35,Bank Transfer,REF634304,Success
PAY000207,INV000780,2025-03-16,34027.76,Bank Transfer,REF210552,Success
PAY000208,INV001807,2025-02-20,205525.38,Bank Transfer,REF845755,Failed
PAY000209,INV001513,2025-09-13,85158.78,Credit Card,REF677587,Success
PAY000210,INV002568,2026-06-25,260570.76,Cheque,REF213589,Failed
PAY000211,INV002217,2026-09-04,67559.61,Cheque,REF988938,Failed
PAY000212,INV001895,2026-10-05,210832.77,Bank Transfer,REF773336,Failed
PAY000213,INV000546,2026-01-30,49456.3,Cheque,REF140888,Failed
PAY000214,INV002419,2026-05-12,159826.49,Bank Transfer,REF940284,Failed
PAY000215,INV002210,2025-12-03,199148.41,Cheque,REF198716,Success
PAY000216,INV001719,2025-07-07,20710.51,Debit Card,REF970825,Success
PAY000217,INV002302,2025-11-17,38286.59,UPI,REF905704,Success
PAY000218,INV002224,2025-12-31,2469.19,Cheque,REF170675,Failed
PAY000219,INV001055,2025-05-11,2449.35,UPI,REF590411,Success
PAY000220,INV002509,2025-05-15,386219.49,Debit Card,REF987866,Success
PAY000221,INV001117,2026-04-05,102047.94,UPI,REF225829,Success
PAY000222,INV001438,2025-10-16,22065.5,Credit Card,REF375485,Success
PAY000223,INV001804,2025-10-13,116662.6,Credit Card,REF450475,Success
PAY000224,INV000937,2025-02-10,94652.04,Cheque,REF883174,Success
PAY000225,INV002153,2026-08-19,760702.51,Cheque,REF416066,Success
PAY000226,INV000919,2026-08-31,38197.42,Debit Card,REF941424,Success
PAY000227,INV001986,2026-10-12,204625.63,Credit Card,REF265918,Success
PAY000228,INV001409,2025-07-21,195284.1,Debit Card,REF916398,Success
PAY000229,INV000989,2026-05-04,149324.58,Credit Card,REF332371,Success
PAY000230,INV000278,2025-03-07,198199.18,Bank Transfer,REF668474,Success
PAY000231,INV001712,2025-07-31,20720.57,Credit Card,REF933224,Failed
PAY000232,INV001799,2025-03-25,68004.08,Debit Card,REF214923,Failed
PAY000233,INV002085,2026-05-24,223009.1,UPI,REF469663,Success
PAY000234,INV001234,2025-05-15,237142.63,Credit Card,REF769428,Success
PAY000235,INV001174,2025-09-12,106465.07,UPI,REF743568,Success
PAY000236,INV002205,2025-08-10,90056.95,Cheque,REF557862,Failed
PAY000237,INV002065,2025-06-10,33028.69,Credit Card,REF893394,Success
PAY000238,INV000649,2025-08-23,46031.91,UPI,REF900359,Success
PAY000239,INV001968,2025-05-24,69646.88,UPI,REF441455,Success
PAY000240,INV002446,2026-07-03,161960.37,Cheque,REF167496,Success
PAY000241,INV000053,2026-10-05,52661.41,Debit Card,REF666679,Success
PAY000242,INV000479,2026-01-17,398207.29,Bank Transfer,REF868027,Success
PAY000243,INV000833,2026-04-18,5035.7,UPI,REF715341,Success
PAY000244,INV001986,2026-07-04,202678.63,Bank Transfer,REF292332,Success
PAY000245,INV001302,2026-05-24,78922.38,UPI,REF754828,Success
PAY000246,INV000946,2025-04-23,96100.76,Bank Transfer,REF597801,Success
PAY000247,INV002657,2025-07-21,19004.33,Credit Card,REF791862,Success
PAY000248,INV001162,2025-08-15,243356.96,Debit Card,REF268090,Success
PAY000249,INV002125,2025-12-30,247607.51,Cheque,REF977040,Success
PAY000250,INV001189,2026-04-12,488.11,Debit Card,REF955227,Success
PAY000251,INV001867,2026-02-10,131876.12,Debit Card,REF685162,Success
PAY000252,INV001841,2025-06-29,66297,Credit Card,REF231772,Success
PAY000253,INV001540,2025-07-31,31754.28,Debit Card,REF738873,Success
PAY000254,INV000678,2026-04-28,56829.98,UPI,REF962129,Success
PAY000255,INV000537,2025-08-23,28506.13,Cheque,REF998410,Success
PAY000256,INV000122,2026-11-10,145075.36,Debit Card,REF691106,Success
PAY000257,INV002459,2025-09-20,57856,UPI,REF284737,Success
PAY000258,INV000661,2025-06-09,438179.71,Credit Card,REF936786,Success
PAY000259,INV000458,2026-03-02,305150.68,UPI,REF135234,Success
PAY000260,INV001593,2025-07-08,798.53,Credit Card,REF892663,Success
PAY000261,INV002490,2025-06-24,55052.21,Debit Card,REF236873,Success
PAY000262,INV001181,2025-07-04,151225.45,Bank Transfer,REF936286,Success
PAY000263,INV000753,2025-09-16,8297.34,Credit Card,REF129425,Success
PAY000264,INV000688,2025-08-17,26174.45,Bank Transfer,REF161205,Success
PAY000265,INV001087,2025-08-24,10401.19,Cheque,REF172947,Success
PAY000266,INV000642,2026-03-16,1557.93,UPI,REF260937,Success
PAY000267,INV001973,2025-06-03,18617.84,Debit Card,REF551983,Success
PAY000268,INV002102,2026-02-16,130605.74,UPI,REF614005,Success
PAY000269,INV002445,2026-01-30,2493.65,Cheque,REF739002,Success
PAY000270,INV001948,2025-10-03,9468.39,Debit Card,REF536071,Success
PAY000271,INV001057,2025-07-11,164268.54,UPI,REF847621,Failed
PAY000272,INV001560,2026-11-16,35553.53,UPI,REF683651,Success
PAY000273,INV001337,2025-08-23,22457.98,UPI,REF633464,Success
PAY000274,INV002546,2025-08-10,29562.24,Bank Transfer,REF927695,Success
PAY000275,INV001377,2026-11-06,10925.99,Credit Card,REF141112,Success
PAY000276,INV001652,2025-07-14,150106.19,Credit Card,REF764613,Failed
PAY000277,INV000877,2025-07-30,283827.87,UPI,REF149292,Success
PAY000278,INV001490,2026-11-08,46146.37,Debit Card,REF842216,Failed
PAY000279,INV002529,2025-08-13,174404.75,Credit Card,REF595553,Success
PAY000280,INV000194,2026-03-10,2782.14,Credit Card,REF746968,Success
PAY000281,INV000482,2026-04-08,43282.75,Bank Transfer,REF597976,Success
PAY000282,INV001528,2026-01-25,13102.12,Cheque,REF948447,Success
PAY000283,INV001290,2026-03-19,11272.93,UPI,REF574934,Failed
PAY000284,INV001300,2026-08-20,86437.47,Credit Card,REF919578,Success
PAY000285,INV001923,2025-03-12,52139.96,Bank Transfer,REF748789,Success
PAY000286,INV001810,2025-06-15,134573.84,Bank Transfer,REF690910,Success
PAY000287,INV001818,2026-02-25,24200.71,Debit Card,REF311352,Success
PAY000288,INV000019,2025-12-27,223177.66,Debit Card,REF891437,Success
PAY000289,INV002546,2025-06-28,33304.31,Cheque,REF828270,Failed
PAY000290,INV000158,2025-07-18,50130.17,Bank Transfer,REF278077,Failed
PAY000291,INV000457,2025-10-09,369970.75,Cheque,REF115745,Success
PAY000292,INV001639,2026-01-30,3884.99,Credit Card,REF418459,Success
PAY000293,INV000104,2025-12-31,55413.78,Cheque,REF183716,Failed
PAY000294,INV001484,2025-04-01,23599.44,Credit Card,REF883766,Success
PAY000295,INV001151,2025-05-09,27467.49,Credit Card,REF698351,Success
PAY000296,INV000520,2025-12-03,124375.49,Credit Card,REF847761,Success
PAY000297,INV000140,2026-07-28,37414.89,Cheque,REF345472,Success
PAY000298,INV000263,2025-08-20,143679.67,Credit Card,REF635885,Success
PAY000299,INV000776,2026-02-03,20068.72,Cheque,REF870984,Success
PAY000300,INV001435,2026-08-22,234445.29,UPI,REF597626,Success
PAY000301,INV002708,2026-05-25,182421.58,Credit Card,REF339976,Success
PAY000302,INV002747,2025-09-08,37414.95,Credit Card,REF735680,Success
PAY000303,INV000330,2025-09-29,135463.89,UPI,REF134987,Success
PAY000304,INV001077,2025-03-23,14299.57,UPI,REF892199,Success
PAY000305,INV001831,2025-06-22,487554.09,UPI,REF903683,Success
PAY000306,INV001728,2026-04-30,18794.63,Cheque,REF846025,Failed
PAY000307,INV002480,2025-04-19,72881.63,Cheque,REF953894,Success
PAY000308,INV000797,2025-06-07,503277.58,Cheque,REF799047,Success
PAY000309,INV002208,2026-06-24,321824.11,UPI,REF546541,Success
PAY000310,INV002110,2026-09-22,12513.51,Debit Card,REF446061,Success
PAY000311,INV000430,2026-11-18,143895.6,Cheque,REF680583,Success
PAY000312,INV001171,2025-07-17,197020.33,Debit Card,REF303571,Success
PAY000313,INV000343,2025-05-22,281200,Cheque,REF901857,Success
PAY000314,INV001202,2025-10-05,12610.94,Debit Card,REF814847,Success
PAY000315,INV000096,2025-06-21,94964.8,Credit Card,REF873459,Success
PAY000316,INV002262,2025-08-30,81620.96,Bank Transfer,REF427220,Success
PAY000317,INV001529,2025-04-07,390375.35,Bank Transfer,REF274726,Success
PAY000318,INV001496,2025-05-03,20560.5,Credit Card,REF546470,Success
PAY000319,INV000616,2025-09-11,141149.31,UPI,REF773645,Success
PAY000320,INV001569,2025-04-25,13578.76,Cheque,REF691910,Success
PAY000321,INV000333,2026-11-26,337512.31,Credit Card,REF231894,Success
PAY000322,INV002408,2026-06-16,25160.96,Cheque,REF441555,Success
PAY000323,INV001631,2025-02-28,96810.32,Debit Card,REF853979,Success
PAY000324,INV001676,2026-02-18,53954.33,Debit Card,REF765414,Success
PAY000325,INV002311,2026-04-19,206164.41,Bank Transfer,REF350351,Success
PAY000326,INV001372,2025-10-30,245115.83,Cheque,REF320823,Success
PAY000327,INV002133,2025-08-05,97548.93,Bank Transfer,REF337749,Success
PAY000328,INV001079,2026-04-11,128385.74,Bank Transfer,REF475028,Success
PAY000329,INV002094,2025-10-16,43328.11,Bank Transfer,REF626069,Success
PAY000330,INV000033,2026-01-13,170290.15,Debit Card,REF550506,Success
PAY000331,INV001319,2026-02-14,371952.21,Cheque,REF570243,Success
PAY000332,INV000144,2026-07-13,229227.07,Bank Transfer,REF985258,Success
PAY000333,INV000338,2026-06-20,218557.56,Bank Transfer,REF275955,Success
PAY000334,INV001636,2026-09-11,45918.81,Debit Card,REF687964,Success
PAY000335,INV002082,2026-03-27,5118.58,Debit Card,REF934830,Success
PAY000336,INV001264,2025-08-09,323241.71,Cheque,REF172875,Success
PAY000337,INV000589,2026-08-21,5326.13,Debit Card,REF915958,Success
PAY000338,INV001416,2026-01-15,79065,Cheque,REF900228,Success
PAY000339,INV000663,2025-07-16,51252.53,UPI,REF261616,Success
PAY000340,INV002351,2025-11-17,18830.06,Credit Card,REF312612,Success
PAY000341,INV001343,2026-11-22,4378.06,Bank Transfer,REF604521,Success
PAY000342,INV002427,2025-06-19,12941.45,Debit Card,REF221896,Success
PAY000343,INV000685,2026-02-16,131518.74,Bank Transfer,REF322928,Success
PAY000344,INV000102,2026-01-17,95763.14,UPI,REF900947,Success
PAY000345,INV000183,2026-07-12,328161.12,Credit Card,REF423494,Success
PAY000346,INV000081,2025-05-26,9236.96,Cheque,REF493486,Success
PAY000347,INV002354,2026-05-05,20174.69,Credit Card,REF109993,Success
PAY000348,INV002243,2025-07-13,45347.74,Bank Transfer,REF199785,Success
PAY000349,INV000840,2026-08-08,176420.23,Credit Card,REF995240,Success
PAY000350,INV001118,2026-10-02,405427.49,Bank Transfer,REF208062,Success
PAY000351,INV001175,2025-08-10,49297.88,Bank Transfer,REF574514,Success
PAY000352,INV000429,2026-04-20,53143.95,Credit Card,REF688386,Success
PAY000353,INV001575,2025-11-16,295154.46,Cheque,REF296094,Success
PAY000354,INV002497,2026-03-24,46555,Bank Transfer,REF779245,Success
PAY000355,INV001824,2025-03-12,23640.98,Bank Transfer,REF951675,Success
PAY000356,INV001188,2026-06-02,235976.63,Debit Card,REF325913,Success
PAY000357,INV001501,2026-11-06,402590.19,UPI,REF171329,Success
PAY000358,INV000272,2026-01-05,320055.44,Cheque,REF948309,Success
PAY000359,INV001076,2025-11-12,16736.25,Cheque,REF464920,Success
PAY000360,INV001318,2025-08-21,89384.46,Credit Card,REF704705,Success
PAY000361,INV000970,2025-05-21,29775.36,Cheque,REF506466,Success
PAY000362,INV001113,2025-04-13,1680.08,UPI,REF453093,Failed
PAY000363,INV001188,2026-04-02,285446.77,Cheque,REF695169,Success
PAY000364,INV001065,2026-04-07,132961.99,UPI,REF104743,Success
PAY000365,INV000154,2025-08-16,36513.49,Cheque,REF671766,Success
PAY000366,INV000007,2025-11-03,59034.47,Bank Transfer,REF978001,Success
PAY000367,INV000091,2025-06-01,179490.96,UPI,REF248048,Success
PAY000368,INV000026,2025-06-18,102208.64,Cheque,REF608702,Failed
PAY000369,INV001932,2026-09-11,32613.72,UPI,REF163405,Success
PAY000370,INV001165,2025-11-14,28240.28,Credit Card,REF283814,Success
PAY000371,INV001357,2025-07-02,293726.64,Cheque,REF502409,Success
PAY000372,INV000749,2025-01-28,3238.12,Credit Card,REF946007,Success
PAY000373,INV001161,2025-09-19,44465.69,UPI,REF118545,Success
PAY000374,INV001568,2025-06-04,31859.35,Bank Transfer,REF750173,Success
PAY000375,INV002641,2026-11-07,169665.96,UPI,REF588245,Success
PAY000376,INV001557,2025-09-16,68687.64,Debit Card,REF248603,Success
PAY000377,INV001370,2026-08-01,120319.75,Bank Transfer,REF688821,Failed
PAY000378,INV002732,2026-06-03,51928.7,Credit Card,REF186634,Success
PAY000379,INV001493,2026-04-07,47958.05,Credit Card,REF587215,Success
PAY000380,INV000096,2025-06-21,61471.01,Bank Transfer,REF831572,Success
PAY000381,INV001830,2026-02-10,35321.51,Bank Transfer,REF278363,Success
PAY000382,INV001405,2025-04-15,7406.53,Debit Card,REF983521,Success
PAY000383,INV000885,2025-03-15,271661.24,Debit Card,REF899639,Success
PAY000384,INV000523,2026-01-25,36731.66,Bank Transfer,REF418850,Success
PAY000385,INV000864,2026-03-19,9513.38,Bank Transfer,REF343152,Success
PAY000386,INV000293,2025-11-04,442271.46,Credit Card,REF544636,Success
PAY000387,INV001489,2025-06-27,53937.39,Bank Transfer,REF655986,Success
PAY000388,INV002467,2026-09-27,293479.13,Credit Card,REF189223,Success
PAY000389,INV001292,2025-09-22,10987.93,Bank Transfer,REF713229,Success
PAY000390,INV000431,2025-06-08,384860.8,UPI,REF825763,Success
PAY000391,INV001132,2025-10-12,224516.15,Bank Transfer,REF137595,Success
PAY000392,INV000178,2025-10-05,36531.39,Cheque,REF715993,Success
PAY000393,INV001042,2026-07-23,6440.61,Debit Card,REF830727,Success
PAY000394,INV000225,2025-12-14,14417.86,Debit Card,REF523809,Success
PAY000395,INV001195,2026-10-01,8040.18,Credit Card,REF443257,Success
PAY000396,INV002748,2026-04-21,6579.17,Credit Card,REF294051,Success
PAY000397,INV001802,2025-09-10,172246.34,Debit Card,REF451871,Success
PAY000398,INV001781,2026-10-31,179716.61,Credit Card,REF426859,Success
PAY000399,INV002382,2025-08-02,1904.49,Credit Card,REF124176,Success
PAY000400,INV002470,2025-08-23,95938.11,Credit Card,REF236831,Success
PAY000401,INV001808,2025-04-24,7376.99,Bank Transfer,REF999791,Success
PAY000402,INV000709,2025-11-20,4271.49,UPI,REF742895,Success
PAY000403,INV000716,2025-10-21,237973.64,UPI,REF387949,Failed
PAY000404,INV002243,2025-06-14,35153.66,Credit Card,REF290450,Success
PAY000405,INV000911,2026-09-12,178446.06,Debit Card,REF571233,Failed
PAY000406,INV000903,2026-05-27,132522.97,UPI,REF403977,Failed
PAY000407,INV001006,2025-08-18,201596.13,Bank Transfer,REF493233,Success
PAY000408,INV000939,2025-08-15,321831.81,Debit Card,REF454351,Success
PAY000409,INV000836,2026-10-07,90351.33,Bank Transfer,REF762399,Success
PAY000410,INV001979,2026-08-20,543469.06,Debit Card,REF328269,Success
PAY000411,INV001780,2025-05-17,116584.18,Credit Card,REF634017,Success
PAY000412,INV001860,2026-07-21,21922.58,Credit Card,REF414597,Success
PAY000413,INV002548,2026-01-07,22156.19,Credit Card,REF808691,Success
PAY000414,INV002335,2026-08-10,41579.86,UPI,REF771351,Success
PAY000415,INV002014,2026-05-30,48162.17,Credit Card,REF653147,Success
PAY000416,INV001100,2025-06-11,103759.93,Credit Card,REF768517,Success
PAY000417,INV002322,2026-01-23,121166.38,Bank Transfer,REF528064,Success
PAY000418,INV001915,2025-05-17,25794.6,UPI,REF582329,Success
PAY000419,INV000097,2026-08-16,309983.87,UPI,REF851407,Success
PAY000420,INV001447,2026-04-19,52674.29,UPI,REF617712,Success
PAY000421,INV002438,2026-02-13,34328.51,Cheque,REF646509,Success
PAY000422,INV002482,2025-12-19,27297.55,UPI,REF190590,Success
PAY000423,INV002273,2026-02-23,357401.14,UPI,REF611703,Success
PAY000424,INV002060,2025-06-22,214495.06,Cheque,REF578393,Success
PAY000425,INV000325,2026-05-24,92416.23,Debit Card,REF631640,Success
PAY000426,INV002629,2025-08-20,16378.56,Debit Card,REF276873,Success
PAY000427,INV000763,2025-08-26,4329.63,Credit Card,REF770042,Success
PAY000428,INV000396,2025-10-24,37293.42,Debit Card,REF537739,Failed
PAY000429,INV000044,2026-03-25,97812.86,Credit Card,REF900931,Success
PAY000430,INV001661,2026-03-25,13989.66,Bank Transfer,REF870117,Success
PAY000431,INV002477,2026-03-05,7996.98,Debit Card,REF187620,Failed
PAY000432,INV000006,2026-07-06,112269.32,Bank Transfer,REF281522,Success
PAY000433,INV000432,2026-12-05,82906.44,Debit Card,REF919648,Success
PAY000434,INV000517,2026-05-05,85931.32,Credit Card,REF753737,Success
PAY000435,INV000494,2025-09-16,421288.66,UPI,REF946107,Success
PAY000436,INV001226,2025-06-29,131876.65,UPI,REF440398,Success
PAY000437,INV001030,2026-08-03,102941.85,UPI,REF564370,Success
PAY000438,INV000323,2026-11-08,223536.48,Credit Card,REF981256,Success
PAY000439,INV000859,2025-12-18,267326.17,UPI,REF650521,Success
PAY000440,INV001864,2025-06-20,113060.96,UPI,REF693866,Success
PAY000441,INV002028,2025-05-13,8205.93,Bank Transfer,REF466804,Success
PAY000442,INV001309,2025-05-23,71255.48,Credit Card,REF749486,Success
PAY000443,INV000448,2025-12-31,394827.95,UPI,REF255845,Success
PAY000444,INV001198,2025-06-10,392751.8,Cheque,REF708352,Success
PAY000445,INV000791,2025-03-28,215459.73,Bank Transfer,REF475262,Success
PAY000446,INV001401,2025-07-25,389152.68,Debit Card,REF995713,Success
PAY000447,INV001042,2026-07-10,13408.87,UPI,REF781327,Success
PAY000448,INV001576,2026-06-13,278579.22,Cheque,REF383135,Success
PAY000449,INV001676,2025-12-07,95938.26,Bank Transfer,REF192431,Success
PAY000450,INV001365,2025-07-16,19641.09,Cheque,REF395125,Success
PAY000451,INV002663,2026-08-10,79134.16,Bank Transfer,REF918983,Success
PAY000452,INV001805,2026-09-09,38880.32,Credit Card,REF864842,Success
PAY000453,INV002730,2025-06-08,158099.14,Credit Card,REF661712,Success
PAY000454,INV000222,2025-02-25,145781.35,Debit Card,REF854736,Success
PAY000455,INV001552,2025-02-07,4269.07,UPI,REF680918,Success
PAY000456,INV001735,2026-07-06,39800.53,Debit Card,REF232640,Success
PAY000457,INV000725,2026-02-11,4176.12,Credit Card,REF366794,Success
PAY000458,INV001438,2025-10-18,47603.89,Cheque,REF140096,Success
PAY000459,INV001803,2025-12-30,182699.84,Bank Transfer,REF168512,Success
PAY000460,INV002281,2025-08-14,159841.82,Bank Transfer,REF858949,Success
PAY000461,INV001210,2025-04-29,117667.9,Debit Card,REF207832,Success
PAY000462,INV002746,2026-01-20,395641.36,Credit Card,REF565947,Success
PAY000463,INV001105,2026-05-31,14981.66,Debit Card,REF349875,Success
PAY000464,INV000864,2026-02-04,11582.29,Debit Card,REF231654,Success
PAY000465,INV002137,2025-09-18,320739.43,Cheque,REF979986,Success
PAY000466,INV000680,2026-08-06,20213.01,Bank Transfer,REF452999,Success
PAY000467,INV000755,2026-01-26,9559.77,Debit Card,REF567607,Success
PAY000468,INV002667,2026-01-20,127585.67,UPI,REF301810,Success
PAY000469,INV002122,2026-10-24,433743.19,UPI,REF330399,Success
PAY000470,INV000039,2026-02-14,195743.91,Debit Card,REF820087,Success
PAY000471,INV001373,2025-02-12,82478.35,UPI,REF990537,Success
PAY000472,INV000185,2025-02-19,18589.85,UPI,REF764687,Success
PAY000473,INV000880,2025-12-11,23379.5,Bank Transfer,REF149529,Success
PAY000474,INV000927,2026-10-02,251232.95,Debit Card,REF771706,Success
PAY000475,INV002266,2025-09-22,76028.87,Bank Transfer,REF476346,Success
PAY000476,INV000223,2025-10-23,11663.33,Debit Card,REF351536,Success
PAY000477,INV000813,2025-09-01,175079.63,Cheque,REF393415,Success
PAY000478,INV001668,2026-07-24,313115.22,Debit Card,REF866239,Failed
PAY000479,INV001246,2025-07-06,18761.38,Cheque,REF602930,Success
PAY000480,INV001316,2025-06-30,113653.78,Bank Transfer,REF844216,Success
PAY000481,INV001204,2025-07-23,43314.24,Credit Card,REF359658,Success
PAY000482,INV002444,2025-09-15,109893.9,Bank Transfer,REF615482,Success
PAY000483,INV002382,2025-09-21,2232.52,Bank Transfer,REF667934,Success
PAY000484,INV000364,2025-06-27,118457.38,Cheque,REF789272,Success
PAY000485,INV000446,2026-01-29,403447.21,Debit Card,REF340731,Success
PAY000486,INV001227,2026-10-24,65786.62,UPI,REF732523,Success
PAY000487,INV000399,2026-08-24,30776.74,UPI,REF497538,Success
PAY000488,INV000706,2025-11-12,293340.14,Debit Card,REF578471,Success
PAY000489,INV001460,2025-06-24,44445.8,Cheque,REF219345,Success
PAY000490,INV001068,2026-10-30,45940.04,Debit Card,REF489279,Success
PAY000491,INV002024,2026-01-30,18973.93,Bank Transfer,REF544671,Success
PAY000492,INV002624,2025-04-13,19236.5,Credit Card,REF726167,Success
PAY000493,INV001877,2026-04-08,70574.9,Credit Card,REF206286,Success
PAY000494,INV002104,2026-12-03,36675.48,Credit Card,REF533302,Success
PAY000495,INV002316,2026-04-04,148531.12,Cheque,REF441003,Success
PAY000496,INV001355,2025-05-26,26144.58,Cheque,REF260984,Success
PAY000497,INV000876,2026-03-12,701947.36,Credit Card,REF610592,Success
PAY000498,INV000149,2025-11-03,23761.58,Debit Card,REF528119,Success
PAY000499,INV002745,2025-07-28,500727.3,Bank Transfer,REF386430,Failed
PAY000500,INV002246,2026-02-14,397414.91,Credit Card,REF370785,Success
PAY000501,INV001280,2026-08-30,49820.9,Cheque,REF984287,Success
PAY000502,INV002382,2025-09-07,3244.91,Bank Transfer,REF633987,Failed
PAY000503,INV000614,2026-03-24,10864.87,Cheque,REF205824,Success
PAY000504,INV002633,2026-11-07,23177.96,Debit Card,REF323557,Success
PAY000505,INV002619,2026-09-04,293229.94,Cheque,REF150009,Success
PAY000506,INV000921,2025-04-15,149097.77,UPI,REF835885,Success
PAY000507,INV002701,2025-03-08,40074.07,Credit Card,REF966113,Success
PAY000508,INV001836,2026-03-02,184568.24,Cheque,REF572279,Success
PAY000509,INV000538,2025-01-20,99207.65,Cheque,REF190869,Success
PAY000510,INV001655,2026-03-12,548557.99,UPI,REF795378,Success
PAY000511,INV000587,2026-05-23,8945.59,Debit Card,REF801774,Success
PAY000512,INV002066,2025-09-14,35165.63,UPI,REF848164,Success
PAY000513,INV001405,2025-06-07,7540.67,Cheque,REF805974,Success
PAY000514,INV001099,2025-06-10,44909.85,Credit Card,REF888037,Success
PAY000515,INV000317,2025-12-08,106941.11,Cheque,REF711388,Success
PAY000516,INV002465,2025-03-12,270660.98,UPI,REF987636,Success
PAY000517,INV001971,2026-07-20,39226.04,UPI,REF426635,Success
PAY000518,INV000582,2026-05-30,38844.07,UPI,REF411049,Success
PAY000519,INV000336,2025-11-04,86852.05,Bank Transfer,REF649300,Success
PAY000520,INV002054,2025-07-30,8502.58,Bank Transfer,REF781311,Success
PAY000521,INV000123,2025-09-24,180654.77,Bank Transfer,REF462453,Success
PAY000522,INV001131,2025-03-01,16054.26,Cheque,REF694039,Success
PAY000523,INV000152,2026-06-16,187191.1,Cheque,REF288151,Success
PAY000524,INV001647,2026-03-04,239787.21,UPI,REF258016,Success
PAY000525,INV002567,2025-08-08,12897.4,Cheque,REF702848,Success
PAY000526,INV000732,2025-12-16,62800.57,Bank Transfer,REF205084,Success
PAY000527,INV000216,2026-08-12,358491.44,Cheque,REF555938,Success
PAY000528,INV001812,2025-11-03,208315.17,Bank Transfer,REF873135,Failed
PAY000529,INV001471,2025-07-20,285438,Cheque,REF119350,Success
PAY000530,INV001320,2025-03-27,196060.17,Debit Card,REF384017,Success
PAY000531,INV002676,2025-11-15,35246.55,Credit Card,REF696104,Success
PAY000532,INV001147,2026-07-23,152831.96,Debit Card,REF517757,Failed
PAY000533,INV002715,2026-02-22,103037.69,Debit Card,REF396305,Success
PAY000534,INV001157,2026-02-16,13123.73,UPI,REF255834,Success
PAY000535,INV001154,2025-08-11,114529.02,Credit Card,REF731511,Success
PAY000536,INV002047,2026-02-10,21656.06,Bank Transfer,REF586382,Success
PAY000537,INV000925,2025-11-27,166951.92,Credit Card,REF846617,Success
PAY000538,INV001563,2025-07-28,9499.66,Cheque,REF933981,Success
PAY000539,INV001943,2025-08-05,1437.87,Debit Card,REF207623,Success
PAY000540,INV000663,2025-06-13,76774.27,Credit Card,REF621662,Success
PAY000541,INV001239,2025-10-17,102407.1,UPI,REF696343,Success
PAY000542,INV001045,2025-12-19,2463.88,Debit Card,REF701195,Failed
PAY000543,INV001146,2026-01-23,42487.14,Cheque,REF760737,Success
PAY000544,INV001659,2025-04-03,66655.78,Debit Card,REF945289,Success
PAY000545,INV002061,2025-09-23,181409.17,Debit Card,REF576598,Success
PAY000546,INV002158,2026-01-02,265876.1,Bank Transfer,REF421820,Failed
PAY000547,INV001846,2026-06-21,78767.24,Bank Transfer,REF742942,Success
PAY000548,INV000169,2026-06-24,192577.67,UPI,REF741578,Failed
PAY000549,INV002307,2026-08-21,154109.52,UPI,REF359940,Success
PAY000550,INV001627,2025-08-16,110840.06,Credit Card,REF856432,Success
PAY000551,INV002631,2025-11-20,95729.71,Bank Transfer,REF980458,Success
PAY000552,INV001610,2026-06-19,40141.35,Cheque,REF108966,Success
PAY000553,INV001852,2026-04-18,33402.04,Cheque,REF554358,Success
PAY000554,INV002205,2025-05-16,158907.02,Debit Card,REF398738,Success
PAY000555,INV000477,2025-10-17,32614.47,Credit Card,REF977382,Success
PAY000556,INV001384,2025-10-12,227884.58,Credit Card,REF555190,Success
PAY000557,INV000906,2026-09-19,211261.37,Bank Transfer,REF509726,Success
PAY000558,INV002261,2025-04-03,67300.74,Bank Transfer,REF749081,Success
PAY000559,INV002703,2026-02-22,481164.73,Bank Transfer,REF321043,Success
PAY000560,INV001164,2026-06-05,57392.48,UPI,REF159404,Success
PAY000561,INV002016,2025-07-22,283658.99,Cheque,REF954659,Success
PAY000562,INV000126,2026-03-27,344161.19,Debit Card,REF690153,Success
PAY000563,INV002042,2026-08-18,257919.42,UPI,REF282906,Success
PAY000564,INV000823,2025-12-30,8783.22,Cheque,REF951289,Success
PAY000565,INV002025,2026-01-23,95880.12,Credit Card,REF726059,Success
PAY000566,INV000331,2025-08-09,225828.56,Cheque,REF973358,Failed
PAY000567,INV000532,2026-05-16,554643.93,UPI,REF171227,Success
PAY000568,INV000857,2026-09-16,147700.3,Credit Card,REF436696,Success
PAY000569,INV001095,2025-09-11,18976.4,Cheque,REF437486,Success
PAY000570,INV001936,2025-11-09,9902.15,UPI,REF184755,Success
PAY000571,INV002474,2025-12-12,11655,Bank Transfer,REF531473,Failed
PAY000572,INV001731,2025-07-23,148606.49,Bank Transfer,REF672557,Success
PAY000573,INV001773,2026-07-26,53537.76,Bank Transfer,REF675475,Success
PAY000574,INV000079,2025-06-28,79127.55,Bank Transfer,REF689386,Success
PAY000575,INV000964,2025-09-21,432990.76,Debit Card,REF883478,Success
PAY000576,INV001658,2026-07-03,56206.03,UPI,REF397644,Success
PAY000577,INV001696,2026-05-01,13809.2,Credit Card,REF541037,Success
PAY000578,INV002743,2025-11-16,32506.33,UPI,REF629660,Success
PAY000579,INV002643,2025-08-27,13406.22,Cheque,REF731635,Success
PAY000580,INV002710,2026-05-26,130563.85,Cheque,REF293345,Success
PAY000581,INV000967,2026-03-15,94855.41,Debit Card,REF879370,Success
PAY000582,INV002374,2026-08-23,297838.19,Credit Card,REF848507,Success
PAY000583,INV002380,2026-04-09,56270.71,Bank Transfer,REF143940,Success
PAY000584,INV000159,2025-11-27,65034.23,Cheque,REF931963,Success
PAY000585,INV000308,2026-10-24,19987.04,Bank Transfer,REF340830,Success
PAY000586,INV000581,2026-10-02,178314.83,Debit Card,REF414571,Success
PAY000587,INV002126,2026-03-04,57430.04,UPI,REF755237,Success
PAY000588,INV001096,2025-06-25,15886.45,Cheque,REF313333,Success
PAY000589,INV001104,2025-08-03,138075.33,Bank Transfer,REF609354,Success
PAY000590,INV000568,2026-06-22,24609.29,Credit Card,REF196582,Success
PAY000591,INV002053,2025-05-17,297982,Debit Card,REF885119,Success
PAY000592,INV000178,2025-12-12,23475.46,Bank Transfer,REF631514,Success
PAY000593,INV000335,2025-01-24,23736.37,Credit Card,REF560505,Success
PAY000594,INV002447,2025-05-10,57488.24,Credit Card,REF772383,Success
PAY000595,INV002428,2025-06-18,371122.87,Bank Transfer,REF351484,Success
PAY000596,INV000372,2026-11-21,137897.68,Bank Transfer,REF991420,Success
PAY000597,INV000592,2026-07-11,9117.76,Cheque,REF820230,Success
PAY000598,INV000833,2026-07-12,3328.45,Debit Card,REF899624,Success
PAY000599,INV001736,2025-06-03,21735.03,Credit Card,REF169455,Success
PAY000600,INV001920,2026-01-05,139292.05,Debit Card,REF974433,Success
PAY000601,INV002503,2025-04-13,33912.93,Debit Card,REF548415,Success
PAY000602,INV001794,2026-06-21,564448.25,Debit Card,REF231425,Success
PAY000603,INV001235,2025-10-25,110886.72,Debit Card,REF484788,Success
PAY000604,INV002574,2025-11-24,25203.32,Credit Card,REF166441,Success
PAY000605,INV000120,2026-08-08,2007.17,Credit Card,REF721078,Success
PAY000606,INV000867,2026-05-19,8859.83,UPI,REF221430,Success
PAY000607,INV001694,2025-11-18,269212.71,Credit Card,REF224642,Success
PAY000608,INV000623,2025-09-15,22813.5,Cheque,REF638763,Success
PAY000609,INV000173,2026-02-22,60607.67,Debit Card,REF125823,Success
PAY000610,INV001124,2025-12-05,314921.33,Credit Card,REF984016,Success
PAY000611,INV002073,2025-09-28,13599.18,Cheque,REF876519,Success
PAY000612,INV002696,2025-10-21,405693.05,UPI,REF371855,Success
PAY000613,INV000204,2026-03-01,320239.78,Bank Transfer,REF980486,Success
PAY000614,INV002146,2026-06-02,911.1,Cheque,REF961823,Success
PAY000615,INV001358,2026-01-28,36717.37,Bank Transfer,REF268887,Success
PAY000616,INV002139,2026-05-07,281896.58,UPI,REF344246,Success
PAY000617,INV000787,2026-03-28,200823.82,UPI,REF283509,Success
PAY000618,INV000245,2025-05-20,11646.77,Debit Card,REF115807,Success
PAY000619,INV000582,2026-05-18,21980.04,Credit Card,REF669074,Success
PAY000620,INV000813,2025-10-27,162652.3,UPI,REF557851,Success
PAY000621,INV001919,2025-05-03,54008.26,Credit Card,REF596355,Success
PAY000622,INV002082,2026-04-02,5968.19,Cheque,REF311476,Success
PAY000623,INV002079,2026-09-04,331210.63,UPI,REF376684,Success
PAY000624,INV001559,2025-11-08,89599.13,Credit Card,REF979990,Success
PAY000625,INV000901,2026-06-24,780737.17,Cheque,REF217756,Success
PAY000626,INV002345,2025-06-17,164407.46,Credit Card,REF796589,Success
PAY000627,INV001854,2025-07-11,119454.85,Debit Card,REF756614,Success
PAY000628,INV000953,2025-03-03,30092.24,UPI,REF385451,Success
PAY000629,INV000889,2025-04-14,289855.9,Credit Card,REF674120,Success
PAY000630,INV002052,2026-04-18,125794.02,Cheque,REF466803,Success
PAY000631,INV001406,2026-01-15,21912.27,Debit Card,REF231524,Failed
PAY000632,INV000623,2025-09-16,14769.69,Cheque,REF795807,Success
PAY000633,INV002444,2025-08-18,155145.6,Cheque,REF166071,Failed
PAY000634,INV002682,2026-07-26,47603.88,Bank Transfer,REF564755,Success
PAY000635,INV000976,2025-12-30,9014.84,Cheque,REF314626,Success
PAY000636,INV001561,2025-12-19,41705.09,Credit Card,REF452597,Success
PAY000637,INV002259,2025-12-13,19016.12,UPI,REF997101,Success
PAY000638,INV000561,2025-06-05,11162.38,UPI,REF492390,Success
PAY000639,INV002229,2026-08-11,196820.29,Debit Card,REF956486,Failed
PAY000640,INV000627,2025-07-15,120742.45,UPI,REF322667,Success
PAY000641,INV001147,2026-05-29,108589.93,Cheque,REF298045,Success
PAY000642,INV002434,2025-10-24,19237.55,UPI,REF759999,Success
PAY000643,INV000183,2026-06-16,327605.24,UPI,REF864362,Success
PAY000644,INV002416,2025-05-16,183027.99,Bank Transfer,REF387880,Success
PAY000645,INV000023,2026-06-21,16705.49,UPI,REF940510,Success
PAY000646,INV002586,2026-01-03,702.79,UPI,REF688890,Success
PAY000647,INV000450,2025-06-11,46809.46,Bank Transfer,REF424009,Failed
PAY000648,INV002314,2026-03-30,140034.54,UPI,REF485961,Success
PAY000649,INV000908,2025-06-07,20919.6,Cheque,REF924340,Success
PAY000650,INV001313,2026-07-07,84249.36,Credit Card,REF237649,Success
PAY000651,INV001539,2026-05-30,4826.17,Bank Transfer,REF367778,Success
PAY000652,INV002626,2026-06-13,251370.24,Bank Transfer,REF427980,Failed
PAY000653,INV000809,2025-09-12,172534.99,Credit Card,REF998180,Success
PAY000654,INV000343,2025-05-08,296245.87,UPI,REF770084,Success
PAY000655,INV000758,2026-04-23,45492.8,Credit Card,REF113402,Success
PAY000656,INV002422,2026-02-22,59279.49,Debit Card,REF837454,Success
PAY000657,INV001070,2026-08-19,46379.88,Bank Transfer,REF463238,Success
PAY000658,INV002574,2026-02-07,42152.96,UPI,REF841943,Success
PAY000659,INV001777,2025-10-29,135802.82,Credit Card,REF713848,Success
PAY000660,INV002182,2025-02-15,426538.14,UPI,REF506486,Success
PAY000661,INV001141,2026-10-12,135407.67,Debit Card,REF781539,Failed
PAY000662,INV000766,2026-07-19,19514.79,Debit Card,REF741858,Success
PAY000663,INV002530,2026-05-12,214676.53,Bank Transfer,REF106002,Success
PAY000664,INV001511,2026-09-21,173209.28,Credit Card,REF876788,Success
PAY000665,INV000023,2026-08-08,22047.16,Credit Card,REF850858,Success
PAY000666,INV000947,2026-10-02,12409.08,Credit Card,REF753789,Success
PAY000667,INV002275,2026-01-31,31060.85,Cheque,REF689666,Success
PAY000668,INV000586,2025-08-17,26273.54,Debit Card,REF406940,Success
PAY000669,INV000904,2026-04-24,4304.59,Bank Transfer,REF216804,Success
PAY000670,INV002584,2025-07-08,125873.44,Cheque,REF122117,Success
PAY000671,INV000083,2025-12-10,48418.85,UPI,REF332869,Failed
PAY000672,INV000372,2026-11-08,146915.28,Credit Card,REF113068,Success
PAY000673,INV001411,2026-03-28,250884.67,Debit Card,REF663699,Success
PAY000674,INV000690,2026-05-01,380.41,Bank Transfer,REF364608,Success
PAY000675,INV001252,2026-05-25,384960.57,Bank Transfer,REF162233,Success
PAY000676,INV000874,2026-04-17,23136.07,Debit Card,REF453007,Success
PAY000677,INV000087,2025-11-16,27852.7,Bank Transfer,REF681544,Success
PAY000678,INV002164,2025-08-22,146882.75,UPI,REF513293,Success
PAY000679,INV000955,2025-09-15,450152.01,UPI,REF709451,Success
PAY000680,INV002112,2026-01-09,141405.04,UPI,REF614412,Success
PAY000681,INV000588,2025-03-11,13629.69,Credit Card,REF499344,Success
PAY000682,INV001429,2026-05-29,233016.46,Cheque,REF420298,Success
PAY000683,INV002129,2026-01-27,128797.03,Cheque,REF565468,Success
PAY000684,INV000216,2026-11-29,262233.77,Bank Transfer,REF309092,Success
PAY000685,INV000914,2026-01-11,5348.42,Bank Transfer,REF604842,Success
PAY000686,INV001279,2026-01-29,33211.21,Bank Transfer,REF600081,Success
PAY000687,INV000117,2026-08-29,29557.24,Credit Card,REF676340,Success
PAY000688,INV002528,2026-09-24,138694.87,Cheque,REF152756,Success
PAY000689,INV000966,2025-06-20,173765.62,UPI,REF130545,Success
PAY000690,INV000408,2026-04-30,208782.85,Credit Card,REF855788,Success
PAY000691,INV000098,2025-10-21,298352.71,UPI,REF365455,Success
PAY000692,INV002701,2025-04-10,40128.06,Bank Transfer,REF596755,Success
PAY000693,INV002000,2026-06-20,126245.77,Credit Card,REF706292,Success
PAY000694,INV002402,2025-04-26,604351.4,Credit Card,REF621512,Success
PAY000695,INV002188,2025-09-29,347037.79,UPI,REF857059,Success
PAY000696,INV000591,2025-02-25,2882.4,Debit Card,REF257063,Success
PAY000697,INV001168,2025-02-22,255012.08,Bank Transfer,REF327131,Success
PAY000698,INV001068,2026-10-20,32273.26,Bank Transfer,REF595021,Success
PAY000699,INV000692,2025-04-24,249228.57,Credit Card,REF463984,Success
PAY000700,INV000783,2026-08-12,24764.31,UPI,REF378022,Success
PAY000701,INV002649,2026-06-24,46887.13,UPI,REF685409,Success
PAY000702,INV001844,2025-11-03,14802,Bank Transfer,REF251018,Success
PAY000703,INV002536,2025-12-18,198094.41,Credit Card,REF243258,Success
PAY000704,INV002598,2025-10-30,26108.09,Credit Card,REF211501,Failed
PAY000705,INV000001,2026-08-13,127101.66,Bank Transfer,REF904803,Success
PAY000706,INV001140,2025-04-21,13812.84,Credit Card,REF491264,Success
PAY000707,INV001430,2026-04-03,168508.23,Cheque,REF257455,Success
PAY000708,INV000073,2026-04-09,9899.47,Bank Transfer,REF337941,Success
PAY000709,INV000945,2026-06-07,299085.17,Bank Transfer,REF491924,Success
PAY000710,INV002030,2025-10-07,5509.64,Credit Card,REF513284,Success
PAY000711,INV000218,2026-07-22,222367.45,UPI,REF737281,Success
PAY000712,INV002173,2025-06-05,54500.56,Credit Card,REF280054,Success
PAY000713,INV001608,2026-01-25,187741.94,UPI,REF152110,Success
PAY000714,INV001654,2025-12-04,34620.61,Debit Card,REF395020,Success
PAY000715,INV001083,2026-11-06,290357.36,Bank Transfer,REF515036,Success
PAY000716,INV002010,2026-03-02,60931.05,UPI,REF519481,Success
PAY000717,INV002132,2026-08-18,236263.7,Bank Transfer,REF973588,Success
PAY000718,INV002426,2026-09-01,248895.83,UPI,REF747672,Success
PAY000719,INV002397,2026-05-17,32022.09,Cheque,REF824705,Success
PAY000720,INV001146,2026-01-21,41020.28,Cheque,REF305913,Success
PAY000721,INV000897,2026-08-12,213823.8,Credit Card,REF508485,Success
PAY000722,INV000431,2025-04-02,357735.73,Bank Transfer,REF839202,Success
PAY000723,INV000547,2025-08-04,214655.9,UPI,REF651114,Success
PAY000724,INV002471,2025-09-03,161457.09,Bank Transfer,REF529391,Success
PAY000725,INV000252,2025-09-06,2726.84,UPI,REF711573,Success
PAY000726,INV001690,2026-06-17,374313.57,Bank Transfer,REF930470,Success
PAY000727,INV000493,2025-10-06,44149.71,Debit Card,REF780771,Success
PAY000728,INV001429,2026-08-22,292930.96,UPI,REF412973,Success
PAY000729,INV001993,2025-10-10,163609.77,UPI,REF905346,Success
PAY000730,INV001400,2025-10-25,45439.22,Debit Card,REF866875,Success
PAY000731,INV002412,2026-02-13,31387.07,Cheque,REF206141,Success
PAY000732,INV000564,2025-08-31,19061.73,Credit Card,REF356573,Failed
PAY000733,INV001677,2026-05-29,130277.65,Debit Card,REF331509,Success
PAY000734,INV000159,2025-12-01,64702.32,Cheque,REF281304,Success
PAY000735,INV000886,2026-05-18,14877.07,Cheque,REF710055,Success
PAY000736,INV001942,2026-01-03,6214.92,Bank Transfer,REF796589,Success
PAY000737,INV001716,2026-07-12,23978.58,UPI,REF213712,Success
PAY000738,INV001859,2025-11-09,151935,UPI,REF877837,Success
PAY000739,INV000582,2026-08-09,25695.76,Cheque,REF651498,Success
PAY000740,INV001794,2026-07-13,357899.47,UPI,REF150195,Success
PAY000741,INV002611,2025-03-14,666464.13,Credit Card,REF414674,Success
PAY000742,INV002144,2025-03-24,172838.14,UPI,REF750344,Success
PAY000743,INV001837,2025-07-21,28058.58,Debit Card,REF894424,Failed
PAY000744,INV000671,2026-01-24,2166.4,Debit Card,REF913328,Success
PAY000745,INV001590,2026-12-09,91859.09,Bank Transfer,REF866575,Failed
PAY000746,INV000167,2026-06-17,180452.08,Bank Transfer,REF697172,Success
PAY000747,INV002211,2025-06-13,28446.8,Bank Transfer,REF778850,Success
PAY000748,INV002007,2025-10-11,138423.57,Bank Transfer,REF753796,Success
PAY000749,INV001580,2025-04-29,6221.8,Bank Transfer,REF598190,Success
PAY000750,INV001651,2026-08-09,62120.61,Debit Card,REF478793,Success
PAY000751,INV000046,2025-08-12,207968.91,Cheque,REF389093,Success
PAY000752,INV000802,2026-06-22,42219.94,Cheque,REF701576,Success
PAY000753,INV000401,2026-08-31,24834.2,Bank Transfer,REF932396,Success
PAY000754,INV002645,2026-12-15,18614.77,Debit Card,REF726255,Success
PAY000755,INV002037,2025-12-17,34971.24,Cheque,REF788578,Success
PAY000756,INV002200,2025-03-17,64279.9,Cheque,REF282636,Success
PAY000757,INV001697,2026-01-21,15014.36,Debit Card,REF373648,Success
PAY000758,INV000701,2025-02-04,10849.44,Bank Transfer,REF688240,Success
PAY000759,INV000593,2026-07-02,110062.84,Credit Card,REF408473,Success
PAY000760,INV001775,2025-10-28,14565.37,Debit Card,REF441575,Success
PAY000761,INV001938,2025-07-04,32840.62,Cheque,REF553926,Success
PAY000762,INV001677,2026-09-08,164465.34,Debit Card,REF472103,Success
PAY000763,INV000215,2025-12-05,187143.74,Cheque,REF951926,Success
PAY000764,INV000824,2025-11-18,29517.38,Bank Transfer,REF307319,Success
PAY000765,INV001086,2025-10-16,41445.66,UPI,REF296338,Success
PAY000766,INV002453,2025-06-26,16422.89,Credit Card,REF703989,Success
PAY000767,INV001497,2025-08-22,64051.63,Credit Card,REF275617,Success
PAY000768,INV000859,2026-02-20,280302.35,Cheque,REF374584,Success
PAY000769,INV001872,2026-09-22,66840.71,Credit Card,REF414536,Success
PAY000770,INV000633,2025-05-28,243822.48,Bank Transfer,REF554390,Success
PAY000771,INV001591,2026-03-11,23405.97,Bank Transfer,REF715717,Success
PAY000772,INV001882,2026-05-23,31800.8,Credit Card,REF594220,Success
PAY000773,INV002053,2025-08-11,383777.38,UPI,REF835743,Success
PAY000774,INV001679,2025-03-24,299264.61,Bank Transfer,REF849561,Success
PAY000775,INV000189,2025-05-13,22224.77,Debit Card,REF696718,Success
PAY000776,INV001925,2025-09-01,15973.47,UPI,REF154923,Success
PAY000777,INV000656,2025-09-20,10932.01,Bank Transfer,REF822397,Success
PAY000778,INV001262,2025-06-12,95689.6,Cheque,REF274853,Success
PAY000779,INV001017,2025-05-21,285051.37,Bank Transfer,REF131042,Failed
PAY000780,INV001274,2026-02-18,8690.81,Credit Card,REF786421,Success
PAY000781,INV000762,2026-06-06,35369.9,Bank Transfer,REF876794,Success
PAY000782,INV000694,2026-02-12,272269.63,UPI,REF705051,Success
PAY000783,INV000434,2025-09-20,8303.82,Cheque,REF925278,Success
PAY000784,INV001366,2026-06-11,245029.24,Credit Card,REF828278,Success
PAY000785,INV000400,2026-01-10,248701.82,Credit Card,REF535913,Failed
PAY000786,INV002296,2025-08-13,97480.08,Cheque,REF439295,Success
PAY000787,INV002456,2026-08-25,71467.69,Debit Card,REF254681,Success
PAY000788,INV002523,2026-10-03,162908.53,Debit Card,REF260021,Success
PAY000789,INV002719,2026-06-17,23841.41,UPI,REF400685,Success
PAY000790,INV000042,2026-04-05,434422.02,Bank Transfer,REF951154,Success
PAY000791,INV002090,2026-01-27,108203.6,Cheque,REF705557,Failed
PAY000792,INV001188,2026-05-02,192245.38,Cheque,REF952811,Success
PAY000793,INV001698,2026-03-26,120825.75,Cheque,REF219178,Success
PAY000794,INV002319,2026-04-03,132042.56,Debit Card,REF174932,Success
PAY000795,INV001057,2025-06-10,131704.48,Debit Card,REF200837,Success
PAY000796,INV000916,2025-05-10,94448.82,Debit Card,REF666672,Failed
PAY000797,INV000222,2025-03-26,274564.03,Cheque,REF653471,Success
PAY000798,INV002109,2026-06-18,1477.61,UPI,REF298582,Failed
PAY000799,INV000412,2026-09-23,26312.72,Debit Card,REF934677,Success
PAY000800,INV002531,2026-02-14,89039.8,Bank Transfer,REF803873,Success
PAY000801,INV002047,2026-03-24,31221.89,Cheque,REF828146,Failed
PAY000802,INV001397,2026-01-06,25994.61,Credit Card,REF289278,Failed
PAY000803,INV001850,2025-06-22,180921.39,Bank Transfer,REF695981,Success
PAY000804,INV002022,2025-04-20,145769.63,UPI,REF132010,Success
PAY000805,INV000371,2026-07-01,11841.67,Bank Transfer,REF273001,Success
PAY000806,INV002643,2025-10-29,30221.47,Credit Card,REF766549,Success
PAY000807,INV000505,2025-10-30,643,Credit Card,REF902833,Success
PAY000808,INV000841,2025-11-19,30426.27,UPI,REF135188,Success
PAY000809,INV001585,2025-03-05,368336.36,Bank Transfer,REF830135,Success
PAY000810,INV000915,2026-02-12,20587.91,Cheque,REF170219,Failed
PAY000811,INV000939,2025-05-11,182648.22,UPI,REF166693,Success
PAY000812,INV001794,2026-05-30,539957.9,Debit Card,REF430139,Success
PAY000813,INV000899,2025-08-12,89065.47,UPI,REF842685,Success
PAY000814,INV000447,2025-10-13,17739.81,UPI,REF578566,Success
PAY000815,INV000354,2025-07-20,169864.84,Bank Transfer,REF221428,Failed
PAY000816,INV001877,2026-03-30,86258.07,Credit Card,REF596712,Success
PAY000817,INV000468,2025-12-01,56021.65,Bank Transfer,REF443419,Success
PAY000818,INV000154,2025-09-01,19037.27,Debit Card,REF646006,Success
PAY000819,INV000508,2026-09-14,433301.19,Debit Card,REF320536,Success
PAY000820,INV000229,2026-10-29,11529.17,Debit Card,REF949357,Success
PAY000821,INV001077,2025-06-05,11116.76,Bank Transfer,REF502533,Success
PAY000822,INV000023,2026-08-13,23967.41,UPI,REF943016,Success
PAY000823,INV000225,2025-10-27,16367.43,Cheque,REF238231,Success
PAY000824,INV002513,2025-01-25,22896.45,Cheque,REF259024,Success
PAY000825,INV000310,2026-01-02,414195.91,Debit Card,REF132015,Success
PAY000826,INV002735,2025-10-06,170813.6,UPI,REF327098,Success
PAY000827,INV001678,2026-04-28,239475.59,Bank Transfer,REF749506,Success
PAY000828,INV000795,2025-12-28,21839.01,Cheque,REF579692,Success
PAY000829,INV001124,2025-12-19,289365.85,Cheque,REF487083,Success
PAY000830,INV002519,2026-08-16,6424.82,Bank Transfer,REF663053,Success
PAY000831,INV001365,2025-08-19,14965.17,Cheque,REF855682,Success
PAY000832,INV000490,2026-02-14,13606.27,UPI,REF776717,Success
PAY000833,INV001937,2026-06-28,143002.07,Credit Card,REF660771,Success
PAY000834,INV001718,2026-06-16,257214.41,Debit Card,REF881944,Success
PAY000835,INV000546,2025-12-07,38010.78,Debit Card,REF735596,Success
PAY000836,INV001303,2026-04-16,36170.71,UPI,REF210529,Success
PAY000837,INV002445,2026-02-20,2519.17,UPI,REF517030,Success
PAY000838,INV001369,2026-08-22,146413.64,Debit Card,REF851941,Success
PAY000839,INV001383,2026-09-02,43243.22,UPI,REF321199,Success
PAY000840,INV000298,2025-06-04,2812.43,Bank Transfer,REF737093,Success
PAY000841,INV002589,2026-08-29,181667.58,Cheque,REF170365,Success
PAY000842,INV001107,2025-08-17,25285.72,Cheque,REF760428,Success
PAY000843,INV002567,2025-07-11,10542.79,Cheque,REF519809,Success
PAY000844,INV001466,2026-04-22,232528,UPI,REF945202,Success
PAY000845,INV001326,2026-05-20,231354.52,Cheque,REF452220,Failed
PAY000846,INV002107,2026-08-21,332225.71,UPI,REF505786,Failed
PAY000847,INV000207,2026-08-29,170284,Cheque,REF598131,Success
PAY000848,INV002164,2025-08-28,135686.1,Cheque,REF706070,Success
PAY000849,INV002546,2025-09-04,27204.94,Credit Card,REF904710,Success
PAY000850,INV000005,2025-02-12,8739.48,Debit Card,REF707947,Success
PAY000851,INV002340,2025-10-31,310680.27,Credit Card,REF150824,Success
PAY000852,INV002637,2025-08-23,62393.86,Cheque,REF701708,Failed
PAY000853,INV000076,2026-07-29,11579.89,Debit Card,REF587530,Success
PAY000854,INV000795,2026-04-04,22383.14,Cheque,REF194805,Success
PAY000855,INV000942,2026-04-28,49944.14,Bank Transfer,REF316828,Success
PAY000856,INV001587,2025-04-24,266663.49,Debit Card,REF163554,Success
PAY000857,INV000578,2026-04-09,22998.28,Bank Transfer,REF470586,Success
PAY000858,INV002215,2026-05-30,184408.11,Bank Transfer,REF978938,Success
PAY000859,INV002409,2026-06-27,58402.17,Bank Transfer,REF250412,Success
PAY000860,INV000903,2026-05-12,276835.92,Credit Card,REF645326,Success
PAY000861,INV002086,2025-11-07,294114.51,UPI,REF418588,Success
PAY000862,INV001731,2025-06-09,85870.33,Bank Transfer,REF243794,Success
PAY000863,INV000528,2026-01-12,32262.4,UPI,REF880574,Success
PAY000864,INV001234,2025-02-26,191579.68,Cheque,REF889153,Success
PAY000865,INV000064,2026-09-16,5395.77,Debit Card,REF832049,Success
PAY000866,INV000075,2025-02-14,32801.65,Debit Card,REF972385,Success
PAY000867,INV000384,2026-07-11,261402.9,UPI,REF358790,Success
PAY000868,INV001985,2025-08-21,90701.67,Debit Card,REF342719,Success
PAY000869,INV002539,2026-08-12,127729.85,UPI,REF839830,Success
PAY000870,INV002599,2026-03-13,53135.9,UPI,REF568562,Success
PAY000871,INV002022,2025-03-25,140225.77,UPI,REF355151,Success
PAY000872,INV001223,2026-01-31,169313.81,UPI,REF207576,Success
PAY000873,INV000309,2025-10-07,36720.49,Debit Card,REF842084,Success
PAY000874,INV002687,2025-02-24,27855.96,Debit Card,REF172719,Success
PAY000875,INV001381,2025-02-27,181111.95,UPI,REF263968,Failed
PAY000876,INV000065,2025-03-12,10892.82,Bank Transfer,REF654583,Success
PAY000877,INV002197,2025-10-03,15036.63,Debit Card,REF559937,Success
PAY000878,INV001571,2025-10-02,46924.05,Cheque,REF948400,Success
PAY000879,INV002747,2025-08-07,23263.61,Bank Transfer,REF900728,Success
PAY000880,INV000143,2026-03-31,22929.07,UPI,REF526189,Success
PAY000881,INV001453,2026-02-23,2396.66,Cheque,REF706774,Failed
PAY000882,INV000007,2025-12-24,61695.82,UPI,REF170508,Success
PAY000883,INV001559,2025-12-15,91240.91,Debit Card,REF159605,Success
PAY000884,INV001952,2025-11-11,23137.21,Cheque,REF235684,Success
PAY000885,INV001598,2026-07-21,2875.38,Bank Transfer,REF193483,Success
PAY000886,INV001590,2026-10-02,55946.07,UPI,REF632852,Success
PAY000887,INV000720,2026-11-13,187810.3,Credit Card,REF763105,Success
PAY000888,INV002557,2026-02-01,51696.42,Debit Card,REF992962,Success
PAY000889,INV001835,2026-10-13,37829.35,Bank Transfer,REF255728,Success
PAY000890,INV002016,2025-08-28,181087.06,Cheque,REF848019,Success
PAY000891,INV002476,2026-05-19,53788.03,Bank Transfer,REF341709,Success
PAY000892,INV001253,2026-08-18,82672.32,Debit Card,REF175412,Success
PAY000893,INV001651,2026-07-21,128885.02,Credit Card,REF523832,Success
PAY000894,INV001465,2026-04-04,24887.72,Bank Transfer,REF569556,Success
PAY000895,INV001520,2026-03-15,145097.93,Debit Card,REF747639,Success
PAY000896,INV002730,2025-06-21,112056.36,UPI,REF997589,Success
PAY000897,INV002388,2025-11-09,26855.61,Bank Transfer,REF759168,Success
PAY000898,INV000290,2026-01-15,20586.64,Cheque,REF149328,Success
PAY000899,INV001311,2026-03-22,172421.02,UPI,REF728682,Success
PAY000900,INV001107,2025-07-27,35180.67,Credit Card,REF868230,Success
PAY000901,INV000239,2026-08-21,21520.63,UPI,REF402641,Success
PAY000902,INV001706,2025-08-02,35670.95,Debit Card,REF173750,Success
PAY000903,INV000225,2025-09-25,9348.85,Bank Transfer,REF127932,Success
PAY000904,INV001797,2025-08-13,161519.91,Debit Card,REF505761,Success
PAY000905,INV001463,2026-09-09,188661.65,UPI,REF981205,Success
PAY000906,INV002527,2025-08-25,47717.44,Cheque,REF319960,Success
PAY000907,INV001163,2026-06-01,12738.14,Cheque,REF920171,Success
PAY000908,INV002020,2026-10-29,27616.67,Bank Transfer,REF419950,Success
PAY000909,INV001053,2025-11-27,121762.5,Credit Card,REF920608,Success
PAY000910,INV000722,2026-11-16,16072.34,Debit Card,REF771542,Success
PAY000911,INV000435,2025-04-27,1967.89,Cheque,REF251646,Success
PAY000912,INV000433,2026-06-28,101982.72,Cheque,REF742295,Success
PAY000913,INV001891,2026-01-09,116611.07,Cheque,REF984845,Success
PAY000914,INV002699,2026-11-04,24454.92,Cheque,REF176817,Failed
PAY000915,INV001277,2025-12-12,633.31,Debit Card,REF841159,Success
PAY000916,INV000499,2025-11-05,43261.66,Credit Card,REF521202,Success
PAY000917,INV000044,2026-02-26,92813.59,Cheque,REF546053,Success
PAY000918,INV000769,2026-01-21,253865.32,Cheque,REF511835,Success
PAY000919,INV001091,2025-12-16,1050.29,Debit Card,REF992126,Success
PAY000920,INV001131,2025-04-08,20576.22,Credit Card,REF510659,Failed
PAY000921,INV000796,2026-06-04,160768.23,Cheque,REF875069,Success
PAY000922,INV001299,2026-08-18,157238.66,UPI,REF452621,Success
PAY000923,INV000455,2026-06-02,22203.26,Cheque,REF127614,Success
PAY000924,INV002053,2025-07-19,326157,Credit Card,REF587137,Success
PAY000926,INV000619,2025-04-28,35500.42,Debit Card,REF231601,Success
PAY000927,INV000125,2026-05-08,31700.48,Bank Transfer,REF806329,Success
PAY000928,INV000296,2025-12-08,168058.73,Cheque,REF721699,Success
PAY000929,INV001586,2025-05-27,342573.12,Bank Transfer,REF443684,Success
PAY000930,INV000926,2026-07-03,103461.77,UPI,REF270584,Failed
PAY000931,INV000079,2025-08-09,55154.3,Cheque,REF951801,Success
PAY000932,INV000898,2025-07-30,94705.25,Cheque,REF481562,Success
PAY000933,INV001189,2026-02-21,778.51,Credit Card,REF991017,Success
PAY000934,INV000235,2026-01-31,16155.86,UPI,REF882889,Success
PAY000935,INV001635,2025-06-18,219374.25,Debit Card,REF113298,Success
PAY000936,INV002279,2025-12-04,267714.96,Credit Card,REF696396,Success
PAY000937,INV002627,2025-09-22,137978.89,Cheque,REF189362,Success
PAY000938,INV002157,2025-07-14,24934.58,Bank Transfer,REF262810,Success
PAY000939,INV002004,2025-01-24,5317.67,UPI,REF531706,Success
PAY000940,INV001600,2026-11-13,1599.37,UPI,REF268514,Success
PAY000941,INV002496,2026-10-03,335944.2,Bank Transfer,REF650148,Success
PAY000942,INV001054,2026-07-25,116112.21,Debit Card,REF466858,Success
PAY000943,INV002692,2026-09-16,30929.06,UPI,REF966775,Success
PAY000944,INV002261,2025-06-25,38080.03,Credit Card,REF370698,Success
PAY000945,INV000771,2025-09-30,278585.36,UPI,REF876338,Success
PAY000946,INV001295,2026-08-18,43350.28,Bank Transfer,REF496206,Success
PAY000947,INV002619,2026-09-23,338649.15,Credit Card,REF718982,Success
PAY000948,INV001159,2026-07-07,18193.08,Bank Transfer,REF154994,Success
PAY000949,INV001207,2026-05-11,50545.82,Debit Card,REF673833,Success
PAY000950,INV001398,2025-11-06,19543.95,UPI,REF214223,Success
PAY000951,INV001435,2026-09-23,206022.62,UPI,REF528930,Success
PAY000952,INV002443,2026-04-23,55808.13,UPI,REF488037,Success
PAY000953,INV002095,2026-04-19,87931.63,Debit Card,REF128798,Success
PAY000954,INV001930,2025-09-19,269648.65,Cheque,REF499361,Success
PAY000955,INV001165,2025-12-04,33027.66,Bank Transfer,REF117876,Success
PAY000956,INV001198,2025-09-10,397635.06,UPI,REF256691,Success
PAY000957,INV002452,2026-07-28,17998.77,Bank Transfer,REF620326,Success
PAY000958,INV000052,2025-09-22,101489.23,Cheque,REF548103,Failed
PAY000959,INV002395,2025-08-23,143622.32,Credit Card,REF933737,Success
PAY000960,INV000433,2026-07-03,143541.5,Credit Card,REF784087,Success
PAY000961,INV001288,2026-09-30,150344.12,Cheque,REF661616,Success
PAY000962,INV000801,2026-09-22,24655.55,Cheque,REF410208,Success
PAY000963,INV000928,2025-12-17,5462.37,Debit Card,REF647893,Success
PAY000964,INV000436,2026-09-27,191332.99,Debit Card,REF703477,Success
PAY000965,INV001423,2026-12-08,52851.94,Debit Card,REF306575,Success
PAY000966,INV000269,2025-12-22,22207.81,Debit Card,REF706197,Failed
PAY000967,INV001921,2026-07-10,175658.79,UPI,REF460469,Success
PAY000968,INV000344,2026-07-12,48515.86,Bank Transfer,REF928098,Success
PAY000969,INV000661,2025-09-01,404865.05,Debit Card,REF326088,Failed
PAY000970,INV000370,2026-08-16,86432.93,Cheque,REF397861,Failed
PAY000971,INV002046,2026-05-20,301897.22,Cheque,REF572737,Success
PAY000972,INV002144,2025-06-20,194592.13,Debit Card,REF484280,Failed
PAY000973,INV001674,2026-02-08,152817.83,Debit Card,REF214680,Success
PAY000974,INV000329,2026-10-14,47246.48,Credit Card,REF338008,Success
PAY000975,INV000160,2026-04-01,23489.55,Cheque,REF769847,Failed
PAY000976,INV001808,2025-07-05,11036.23,Credit Card,REF218979,Success
PAY000977,INV001989,2025-02-09,294600.08,Credit Card,REF960922,Success
PAY000978,INV000240,2026-04-06,109582.27,UPI,REF136530,Failed
PAY000979,INV000415,2025-12-07,1789.72,Bank Transfer,REF554350,Failed
PAY000980,INV001702,2026-01-01,115736.47,Debit Card,REF270455,Success
PAY000981,INV002066,2025-10-31,34683.76,Bank Transfer,REF325115,Success
PAY000982,INV000729,2026-05-25,285097.03,Debit Card,REF309138,Success
PAY000983,INV002313,2026-03-16,12109.69,Bank Transfer,REF419377,Success
PAY000984,INV001723,2025-04-08,33874.06,Bank Transfer,REF148392,Success
PAY000985,INV001764,2025-07-04,102511.14,Cheque,REF570543,Success
PAY000986,INV001729,2025-07-05,50537.55,Debit Card,REF713285,Success
PAY000987,INV002615,2026-01-27,23002.62,Debit Card,REF944904,Success
PAY000988,INV000299,2025-10-14,4040.88,Cheque,REF321661,Failed
PAY000989,INV001047,2026-04-01,9580.19,UPI,REF920782,Success
PAY000990,INV001130,2025-08-21,8849.58,UPI,REF468254,Success
PAY000991,INV000005,2025-04-23,9049.98,Debit Card,REF464125,Success
PAY000992,INV002248,2026-07-16,251489.7,UPI,REF133090,Success
PAY000993,INV001343,2026-10-27,2704.99,Cheque,REF519511,Success
PAY000994,INV001375,2025-05-04,52617.62,Bank Transfer,REF232115,Success
PAY000995,INV000076,2026-11-24,19974.9,Credit Card,REF856072,Failed
PAY000996,INV001960,2026-04-06,55490.35,UPI,REF411325,Success
PAY000997,INV000556,2025-06-26,33286.65,Cheque,REF790263,Success
PAY000998,INV000864,2025-12-12,13638.93,UPI,REF852250,Success
PAY000999,INV002251,2026-05-07,18721.92,Bank Transfer,REF170963,Success
PAY001000,INV000113,2025-11-30,179028.69,Debit Card,REF538055,Success
PAY001001,INV001936,2025-08-27,9423.38,Cheque,REF226722,Success
PAY001002,INV002502,2025-05-29,34637.31,UPI,REF554826,Success
PAY001003,INV000446,2025-12-12,303586.32,Credit Card,REF508499,Success
PAY001004,INV002079,2026-09-07,173011.28,Debit Card,REF945728,Success
PAY001005,INV002474,2025-11-25,18516.7,UPI,REF526111,Success
PAY001006,INV001467,2026-04-05,289869.07,UPI,REF972099,Success
PAY001007,INV001729,2025-08-16,66528.92,Bank Transfer,REF275206,Success
PAY001008,INV000158,2025-09-07,54058.36,UPI,REF818124,Success
PAY001009,INV000571,2026-01-31,10013.04,UPI,REF843545,Success
PAY001010,INV000101,2026-05-22,16642.25,Debit Card,REF970683,Success
PAY001011,INV002467,2026-08-26,219018.74,Cheque,REF303610,Success
PAY001012,INV002170,2026-06-16,19055.14,Credit Card,REF515788,Success
PAY001013,INV002288,2025-04-09,130350.54,Debit Card,REF416658,Success
PAY001014,INV001919,2025-08-10,68957.96,Credit Card,REF317718,Success
PAY001015,INV001277,2025-12-22,435.87,Debit Card,REF962661,Success
PAY001016,INV001543,2025-03-18,71381.23,UPI,REF971505,Failed
PAY001017,INV001632,2026-07-03,132906.06,Bank Transfer,REF347283,Failed
PAY001018,INV000740,2026-02-09,5723.03,UPI,REF808527,Failed
PAY001019,INV001980,2025-02-20,37707.62,UPI,REF901147,Success
PAY001020,INV000552,2025-12-26,432492.95,Credit Card,REF992585,Success
PAY001021,INV000019,2026-01-31,349023.61,Bank Transfer,REF496872,Success
PAY001022,INV000139,2025-10-16,307442.72,UPI,REF864831,Success
PAY001023,INV002540,2026-09-18,59274.39,Cheque,REF324358,Success
PAY001024,INV002469,2026-08-06,8690.39,Cheque,REF191767,Success
PAY001025,INV002726,2025-12-11,361366.81,Bank Transfer,REF730171,Success
PAY001026,INV002461,2026-02-04,161505.79,Credit Card,REF235364,Success
PAY001027,INV000359,2026-01-09,322503.61,Cheque,REF164400,Success
PAY001028,INV000656,2025-07-14,19001.92,UPI,REF902140,Success
PAY001029,INV001797,2025-07-29,310850.54,Debit Card,REF615144,Success
PAY001030,INV000761,2025-06-24,30007.9,Cheque,REF508498,Success
PAY001031,INV000097,2026-11-22,437215.11,Cheque,REF427412,Success
PAY001032,INV000224,2026-01-12,102008.69,Cheque,REF471130,Failed
PAY001033,INV002476,2026-05-31,85652,Bank Transfer,REF290114,Success
PAY001034,INV002398,2025-09-10,17897.61,Credit Card,REF367178,Success
PAY001035,INV000113,2025-10-20,266242.12,Debit Card,REF189892,Success
PAY001036,INV002350,2025-05-29,45330.57,Bank Transfer,REF240799,Success
PAY001037,INV002421,2026-08-27,25062.61,Credit Card,REF958968,Success
PAY001038,INV001584,2025-05-09,140333.48,Cheque,REF276178,Success
PAY001039,INV001383,2026-06-13,45892.41,Credit Card,REF330032,Success
PAY001040,INV000305,2026-08-09,50368.97,Debit Card,REF278741,Success
PAY001041,INV001434,2025-05-07,15983.81,Credit Card,REF180815,Success
PAY001042,INV000717,2026-10-09,79403.07,UPI,REF679239,Success
PAY001043,INV000467,2025-08-06,83332.48,Cheque,REF102203,Success
PAY001044,INV002026,2026-07-07,253973.8,Credit Card,REF334839,Success
PAY001045,INV001258,2026-04-14,269160.39,Bank Transfer,REF378016,Success
PAY001046,INV000244,2026-03-06,253932.55,Credit Card,REF586827,Success
PAY001047,INV000915,2026-02-22,24617.99,Credit Card,REF708641,Success
PAY001048,INV001295,2026-09-22,55336.76,Bank Transfer,REF927832,Success
PAY001049,INV002680,2025-11-20,57555.95,Cheque,REF101925,Success
PAY001050,INV001764,2025-07-11,128246.16,Cheque,REF664207,Success
PAY001051,INV000285,2026-02-05,152720.94,UPI,REF780973,Success
PAY001052,INV001967,2026-03-26,206715.77,Debit Card,REF859143,Success
PAY001053,INV001569,2025-04-23,19297.02,Debit Card,REF289679,Success
PAY001054,INV000220,2026-02-19,152113.82,Credit Card,REF183111,Success
PAY001055,INV000679,2025-09-30,39127.17,UPI,REF660464,Success
PAY001056,INV000055,2026-10-28,357317.46,Bank Transfer,REF119600,Failed
PAY001057,INV000355,2026-09-26,86413.63,UPI,REF977900,Failed
PAY001058,INV000974,2026-11-17,30040.68,Credit Card,REF984222,Success
PAY001059,INV001350,2025-11-21,234835.37,UPI,REF810220,Success
PAY001060,INV002115,2026-09-13,631006.89,UPI,REF605163,Success
PAY001061,INV000327,2025-04-02,356772.54,Bank Transfer,REF695423,Success
PAY001062,INV002128,2025-08-04,38598.77,Cheque,REF572304,Success
PAY001063,INV000299,2025-10-04,4316.35,UPI,REF417350,Success
PAY001064,INV000952,2026-03-01,21269.44,Debit Card,REF628825,Success
PAY001065,INV002407,2025-12-05,9389.57,Debit Card,REF952904,Success
PAY001066,INV002526,2025-02-10,27043.53,Debit Card,REF578931,Success
PAY001067,INV002484,2026-08-09,514811.82,Credit Card,REF256426,Success
PAY001068,INV001008,2025-05-24,257661.46,Cheque,REF747742,Success
PAY001069,INV000771,2025-07-31,269625.68,Credit Card,REF171410,Success
PAY001070,INV000502,2026-07-29,22165.86,Credit Card,REF362422,Success
PAY001071,INV002639,2025-11-19,219198.74,UPI,REF933775,Failed
PAY001072,INV001469,2026-02-09,7245.87,Bank Transfer,REF315146,Success
PAY001073,INV001047,2026-04-11,4836.23,Cheque,REF784277,Success
PAY001074,INV001486,2026-12-25,228137.97,UPI,REF109749,Success
PAY001075,INV002151,2025-10-02,78340.14,UPI,REF565279,Success
PAY001076,INV000006,2026-07-06,129404.92,Debit Card,REF386727,Success
PAY001077,INV001332,2025-07-09,25122.26,Cheque,REF975681,Failed
PAY001078,INV001776,2026-08-30,341833.96,Debit Card,REF831935,Success
PAY001079,INV002291,2025-08-01,127334.01,Bank Transfer,REF964437,Success
PAY001080,INV001028,2026-01-12,69986.26,Debit Card,REF446655,Success
PAY001081,INV002095,2026-05-05,108960.78,UPI,REF880846,Success
PAY001082,INV001782,2026-06-06,142456.02,Bank Transfer,REF235664,Success
PAY001083,INV001932,2026-12-13,38347.69,UPI,REF112118,Success
PAY001084,INV001750,2026-11-05,127606.95,Cheque,REF696794,Success
PAY001085,INV001047,2026-03-31,10280.94,Debit Card,REF708848,Success
PAY001086,INV000369,2026-02-16,9811.83,UPI,REF945674,Success
PAY001087,INV000301,2025-05-23,320080.97,UPI,REF847946,Failed
PAY001088,INV000078,2025-12-12,56064.23,Credit Card,REF391657,Success
PAY001089,INV000476,2026-02-13,180233.61,Credit Card,REF972233,Failed
PAY001090,INV000741,2026-06-30,18524.45,Debit Card,REF828459,Success
PAY001091,INV000268,2026-01-11,296569.42,UPI,REF220165,Success
PAY001092,INV002676,2025-12-23,27339.18,Credit Card,REF271912,Success
PAY001093,INV000662,2026-01-09,284587.66,Debit Card,REF225142,Failed
PAY001094,INV000893,2026-09-16,20054.05,Credit Card,REF965096,Success
PAY001095,INV000815,2026-04-05,34623.2,Cheque,REF602578,Success
PAY001096,INV000789,2026-02-10,32954.74,Cheque,REF687155,Success
PAY001097,INV000664,2025-12-06,166308.01,Credit Card,REF799271,Failed
PAY001098,INV001480,2026-04-30,33363.29,Bank Transfer,REF300039,Success
PAY001099,INV000284,2026-10-25,12309.01,Debit Card,REF878899,Failed
PAY001100,INV001527,2025-07-27,269387.18,Bank Transfer,REF356585,Success
PAY001101,INV001130,2025-07-18,9102.83,Credit Card,REF473259,Success
PAY001102,INV001714,2025-08-11,499663.44,Cheque,REF930526,Success
PAY001103,INV002691,2025-10-15,560925.76,Debit Card,REF605320,Success
PAY001104,INV000220,2026-03-16,183262.34,Cheque,REF621884,Success
PAY001105,INV002057,2025-10-22,7491.7,Credit Card,REF248600,Success
PAY001106,INV000456,2025-09-22,186594.35,Cheque,REF546137,Success
PAY001107,INV001705,2026-09-23,156917.79,Credit Card,REF869443,Success
PAY001108,INV002454,2026-07-03,764361.38,Cheque,REF373494,Success
PAY001109,INV000833,2026-05-18,7192.81,Debit Card,REF726819,Success
PAY001110,INV001228,2026-02-16,316802.08,Credit Card,REF984234,Success
PAY001111,INV000002,2025-12-05,64619.6,Cheque,REF720344,Success
PAY001112,INV000613,2026-01-14,192690.17,Cheque,REF297995,Success
PAY001113,INV002384,2025-05-26,17760.57,Cheque,REF131558,Success
PAY001114,INV000402,2026-03-01,131604.94,Cheque,REF613123,Success
PAY001115,INV000465,2025-09-23,195426.28,Cheque,REF862237,Success
PAY001116,INV000070,2025-06-04,148056.84,UPI,REF949662,Success
PAY001117,INV001754,2026-02-19,23711.44,Debit Card,REF966237,Success
PAY001118,INV002727,2026-10-19,21835.77,UPI,REF527813,Success
PAY001119,INV000313,2026-04-16,27322.57,UPI,REF709824,Success
PAY001120,INV001000,2025-12-26,11971.04,Debit Card,REF810109,Success
PAY001121,INV000243,2025-03-28,9434.93,Credit Card,REF667256,Success
PAY001122,INV001480,2026-04-25,29645.32,Cheque,REF958823,Success
PAY001123,INV000191,2026-07-15,106048.16,Debit Card,REF353034,Success
PAY001124,INV000147,2026-08-14,53696.66,Cheque,REF923255,Success
PAY001125,INV001237,2026-05-07,279078.37,Credit Card,REF167057,Success
PAY001126,INV000917,2025-07-14,256157.61,Credit Card,REF471855,Success
PAY001127,INV000916,2025-05-07,106445.4,Debit Card,REF527429,Success
PAY001128,INV000753,2025-08-01,4641.85,UPI,REF622001,Failed
PAY001129,INV002694,2026-08-04,114810.86,UPI,REF223519,Success
PAY001130,INV000715,2026-04-12,26577.84,UPI,REF359917,Success
PAY001131,INV001322,2026-01-14,31337.96,Debit Card,REF190049,Failed
PAY001132,INV000073,2026-03-11,8677.16,Cheque,REF191800,Success
PAY001133,INV001884,2026-02-14,79967.28,Cheque,REF540036,Success
PAY001134,INV001364,2025-02-27,20839.25,Bank Transfer,REF136915,Failed
PAY001135,INV001047,2026-05-28,7908.42,Debit Card,REF523599,Success
PAY001136,INV002158,2026-01-07,207716.29,Bank Transfer,REF373788,Success
PAY001137,INV001122,2026-07-18,34262.08,Cheque,REF439949,Success
PAY001138,INV001651,2026-08-18,144177.76,Debit Card,REF317854,Success
PAY001139,INV000900,2026-02-22,42573.55,Bank Transfer,REF863911,Success
PAY001140,INV001116,2026-09-13,19163.54,Debit Card,REF951671,Success
PAY001141,INV000965,2025-09-08,7644.88,Bank Transfer,REF483748,Success
PAY001142,INV002644,2026-04-13,382684.16,Bank Transfer,REF764187,Success
PAY001143,INV002577,2026-09-08,174003.48,Credit Card,REF112526,Success
PAY001144,INV000445,2026-03-05,26427.09,Credit Card,REF240720,Success
PAY001145,INV002000,2026-05-08,129072.51,UPI,REF661388,Success
PAY001146,INV002690,2025-11-18,6019.74,Debit Card,REF464847,Success
PAY001147,INV001711,2025-10-17,105739.04,UPI,REF617568,Success
PAY001148,INV002588,2026-09-01,142281.21,Bank Transfer,REF771343,Success
PAY001149,INV000800,2026-10-12,78971.11,Credit Card,REF185012,Success
PAY001150,INV000967,2026-01-25,138204.02,Credit Card,REF468599,Success
PAY001151,INV001754,2026-01-23,25874.67,Bank Transfer,REF814120,Success
PAY001152,INV001231,2025-09-04,55269.78,Debit Card,REF505805,Success
PAY001153,INV000231,2026-06-06,51005.56,Cheque,REF101524,Failed
PAY001154,INV000374,2025-08-26,363152.7,UPI,REF735936,Success
PAY001155,INV001530,2025-03-16,159495.65,UPI,REF411991,Success
PAY001156,INV002229,2026-06-23,208662.21,Cheque,REF965048,Success
PAY001157,INV000233,2026-03-06,135168.3,Cheque,REF941928,Success
PAY001158,INV001373,2025-03-31,114600.87,Credit Card,REF505413,Failed
PAY001159,INV001512,2026-01-25,132670.79,Cheque,REF429145,Success
PAY001160,INV002319,2026-02-21,255553.79,Credit Card,REF486465,Success
PAY001161,INV000273,2025-10-21,14586.71,UPI,REF147605,Success
PAY001162,INV001343,2026-10-17,2046.45,UPI,REF408009,Success
PAY001163,INV002577,2026-06-28,86428.49,Debit Card,REF551362,Success
PAY001164,INV002432,2025-02-24,90941.7,Bank Transfer,REF124374,Success
PAY001165,INV000606,2026-01-14,754309.7,Bank Transfer,REF914762,Success
PAY001166,INV000173,2025-11-26,79083.98,Credit Card,REF282513,Success
PAY001167,INV000101,2026-02-10,12666.34,Credit Card,REF188740,Failed
PAY001168,INV002243,2025-05-16,41884.24,Debit Card,REF862796,Success
PAY001169,INV001945,2025-08-23,111494.73,Bank Transfer,REF567565,Success
PAY001170,INV000852,2025-07-03,7047.98,Debit Card,REF336868,Success
PAY001171,INV002020,2026-09-25,18150.86,Debit Card,REF871242,Success
PAY001172,INV002053,2025-05-16,333568.64,Cheque,REF621534,Success
PAY001173,INV002427,2025-08-03,11692.49,Credit Card,REF270978,Success
PAY001174,INV002186,2025-11-30,22873.39,Credit Card,REF439337,Failed
PAY001175,INV002337,2025-06-15,65713.67,Credit Card,REF210494,Success
PAY001176,INV001017,2025-05-04,308040.33,Credit Card,REF351561,Success
PAY001177,INV002020,2026-10-04,18851.51,Bank Transfer,REF102388,Success
PAY001178,INV002100,2026-10-21,237252.19,Debit Card,REF866105,Success
PAY001179,INV001746,2025-05-07,16124.03,UPI,REF412906,Success
PAY001180,INV000632,2025-09-08,282081.17,UPI,REF695357,Success
PAY001181,INV002372,2026-06-19,209642.28,Debit Card,REF448083,Success
PAY001182,INV002351,2025-11-04,33405.76,Credit Card,REF472747,Success
PAY001183,INV002168,2025-06-27,175793.12,Debit Card,REF311895,Failed
PAY001184,INV001392,2025-07-11,4159.83,Credit Card,REF464074,Success
PAY001185,INV002571,2026-03-23,10267.56,Bank Transfer,REF732351,Success
PAY001186,INV001409,2025-07-05,114428.75,Credit Card,REF597142,Success
PAY001187,INV002058,2025-07-01,275285.24,Cheque,REF471299,Success
PAY001188,INV002247,2025-05-11,325799.04,UPI,REF472705,Success
PAY001189,INV002154,2026-08-05,57032.56,UPI,REF291110,Success
PAY001190,INV001485,2025-10-08,4519.39,Debit Card,REF809416,Success
PAY001191,INV000510,2026-02-19,233960.22,Cheque,REF456056,Success
PAY001192,INV000985,2026-10-19,111982.61,Cheque,REF356520,Success
PAY001193,INV002228,2025-02-06,43832.75,Bank Transfer,REF207602,Success
PAY001194,INV000119,2026-03-14,1399.25,Cheque,REF644790,Success
PAY001195,INV002573,2026-05-05,421613.53,Credit Card,REF507851,Success
PAY001196,INV001617,2026-01-04,33263.89,Credit Card,REF765524,Failed
PAY001197,INV000873,2025-09-25,16581.11,Debit Card,REF558250,Success
PAY001198,INV001270,2025-10-30,86227.86,Debit Card,REF156479,Success
PAY001199,INV001324,2026-01-27,36110.14,Cheque,REF141863,Success
PAY001200,INV001470,2025-02-11,210770.06,Bank Transfer,REF536492,Success
PAY001201,INV000910,2026-04-26,27313.35,Bank Transfer,REF177407,Success
PAY001202,INV000305,2026-07-21,47623.58,UPI,REF223252,Success
PAY001203,INV000889,2025-06-08,221453.24,Bank Transfer,REF862055,Success
PAY001204,INV000107,2025-08-14,280705.17,Debit Card,REF920511,Success
PAY001205,INV002464,2025-10-31,130415.85,UPI,REF699120,Success
PAY001206,INV002261,2025-05-16,72947.3,UPI,REF827274,Success
PAY001207,INV001580,2025-05-17,11453.82,Cheque,REF412842,Success
PAY001208,INV000804,2026-09-07,3941.29,Credit Card,REF134056,Failed
PAY001209,INV002224,2026-03-07,3015.5,Cheque,REF169234,Success
PAY001210,INV002009,2025-05-23,52805.8,Cheque,REF882375,Success
PAY001211,INV000443,2025-12-11,161195.13,UPI,REF477418,Success
PAY001212,INV000817,2025-06-15,337612.43,Credit Card,REF494896,Failed
PAY001213,INV002117,2026-08-07,315820.12,Debit Card,REF788300,Success
PAY001214,INV002111,2025-11-13,40643.43,Cheque,REF431936,Success
PAY001215,INV001996,2026-03-11,3655.82,Cheque,REF113307,Success
PAY001216,INV001378,2026-08-23,29379.08,Credit Card,REF646523,Success
PAY001217,INV002340,2025-12-04,255422.24,UPI,REF136987,Success
PAY001218,INV000748,2025-06-30,226068.89,Bank Transfer,REF111441,Success
PAY001219,INV002492,2026-04-28,20443.07,Cheque,REF518008,Success
PAY001220,INV000453,2026-04-05,26049.1,Credit Card,REF438988,Success
PAY001221,INV001489,2025-08-07,33887,UPI,REF756353,Success
PAY001222,INV000377,2025-12-19,43730.6,Debit Card,REF989521,Success
PAY001223,INV000376,2026-10-08,45194.93,Debit Card,REF245280,Success
PAY001224,INV001253,2026-06-24,44519.78,Debit Card,REF899205,Success
PAY001225,INV001054,2026-08-06,117515.99,UPI,REF191039,Success
PAY001226,INV002054,2025-07-11,4719.99,Bank Transfer,REF775529,Success
PAY001227,INV001129,2026-09-14,32643.18,Credit Card,REF788261,Failed
PAY001228,INV001953,2025-10-17,3592.55,Cheque,REF476567,Success
PAY001229,INV001090,2025-02-17,28058.88,Debit Card,REF455232,Success
PAY001230,INV000370,2026-09-01,90615.37,Cheque,REF173587,Success
PAY001231,INV001486,2026-10-25,225420.96,Bank Transfer,REF475518,Success
PAY001232,INV001410,2025-05-26,242165.02,Bank Transfer,REF620784,Success
PAY001233,INV001055,2025-04-19,1702.69,Cheque,REF680177,Failed
PAY001234,INV000304,2025-09-22,205043.56,UPI,REF125680,Success
PAY001235,INV001028,2026-03-06,49743.18,UPI,REF942633,Success
PAY001236,INV001841,2025-07-27,60346.01,UPI,REF508018,Success
PAY001237,INV000545,2026-09-02,22562.94,Credit Card,REF895720,Success
PAY001238,INV002229,2026-06-14,161933.36,UPI,REF201860,Success
PAY001239,INV002061,2025-07-04,176098.93,Bank Transfer,REF198005,Success
PAY001240,INV000719,2025-12-30,8888.73,Credit Card,REF906753,Success
PAY001241,INV000319,2025-12-11,37944.74,Credit Card,REF157637,Success
PAY001242,INV001937,2026-08-14,148567.22,UPI,REF312431,Success
PAY001243,INV001966,2026-06-18,36916.56,Debit Card,REF650454,Success
PAY001244,INV002410,2026-08-06,46407.27,Cheque,REF728369,Success
PAY001245,INV002593,2026-11-18,21039.24,Bank Transfer,REF823466,Success
PAY001246,INV000520,2025-11-02,115064.88,Credit Card,REF190813,Success
PAY001247,INV001436,2026-03-27,17272.13,Credit Card,REF103342,Failed
PAY001248,INV001908,2026-12-02,76231.93,Bank Transfer,REF305215,Success
PAY001249,INV002472,2025-07-22,42892.42,UPI,REF332567,Success
PAY001250,INV000662,2026-03-05,424803.26,Bank Transfer,REF721237,Success
PAY001251,INV001476,2025-10-20,407189.62,UPI,REF406360,Failed
PAY001252,INV001827,2026-07-29,52057.77,Credit Card,REF420962,Success
PAY001253,INV001597,2026-05-02,326786.41,Credit Card,REF501543,Success
PAY001254,INV001970,2025-08-04,78370.74,Credit Card,REF695231,Success
PAY001255,INV001022,2025-02-08,20765.76,UPI,REF915526,Success
PAY001256,INV000521,2026-01-19,12877.92,UPI,REF755388,Success
PAY001257,INV000383,2026-10-16,166062.94,Cheque,REF472665,Success
PAY001258,INV002182,2025-02-02,221450.05,Debit Card,REF936585,Success
PAY001259,INV002158,2025-12-08,224084.09,Cheque,REF789097,Success
PAY001260,INV000709,2025-11-01,5131.32,Credit Card,REF206032,Success
PAY001261,INV001010,2026-01-16,3348.25,Bank Transfer,REF281043,Success
PAY001262,INV001084,2026-07-24,8856.08,Credit Card,REF479161,Success
PAY001263,INV000079,2025-07-31,49061.45,Debit Card,REF672367,Success
PAY001264,INV000230,2026-09-12,244819.97,UPI,REF892817,Success
PAY001265,INV000649,2025-06-18,33451.67,Debit Card,REF297154,Success
PAY001266,INV002094,2025-08-14,32922.18,Credit Card,REF289265,Success
PAY001267,INV001798,2025-11-04,70610.8,Credit Card,REF813681,Success
PAY001268,INV001533,2026-06-26,2068.83,Debit Card,REF896582,Success
PAY001269,INV002627,2025-07-18,127390.89,Debit Card,REF455146,Success
PAY001270,INV002080,2025-08-15,16218.33,Debit Card,REF656465,Success
PAY001271,INV001522,2025-02-11,221310.08,Debit Card,REF509982,Success
PAY001272,INV001376,2026-12-17,428905.89,UPI,REF929093,Success
PAY001273,INV000595,2025-03-22,39618.61,Credit Card,REF261660,Success
PAY001274,INV000888,2026-06-09,20122.32,UPI,REF603494,Success
PAY001275,INV001246,2025-08-14,23665.51,Bank Transfer,REF281981,Success
PAY001276,INV002488,2026-08-20,42915.81,Credit Card,REF446697,Success
PAY001277,INV000405,2026-05-09,17506.01,Credit Card,REF185293,Success
PAY001278,INV001156,2025-04-30,174805.35,UPI,REF673819,Success
PAY001279,INV001366,2026-05-23,247014.41,UPI,REF644233,Success
PAY001280,INV000921,2025-04-25,241546.2,UPI,REF797040,Failed
PAY001281,INV001120,2025-08-10,50437.94,Debit Card,REF897895,Failed
PAY001282,INV001630,2026-01-09,310590.78,Cheque,REF719918,Success
PAY001283,INV002579,2025-10-08,350400.33,Cheque,REF932145,Failed
PAY001284,INV001745,2026-11-01,75121.59,UPI,REF337145,Success
PAY001285,INV000432,2026-10-25,149971.61,UPI,REF987513,Success
PAY001286,INV001882,2026-02-16,27085.91,Credit Card,REF569404,Success
PAY001287,INV002395,2025-05-23,241297.68,Debit Card,REF988761,Success
PAY001288,INV000276,2025-03-21,59705.16,Debit Card,REF595055,Success
PAY001289,INV002357,2025-07-16,69357.28,Debit Card,REF616173,Success
PAY001290,INV002192,2026-02-08,255059.44,Debit Card,REF677152,Success
PAY001291,INV000095,2025-10-22,53842.78,Credit Card,REF253043,Success
PAY001292,INV001499,2025-03-16,404687.48,UPI,REF169192,Success
PAY001293,INV001182,2025-02-16,233246.78,Credit Card,REF119004,Success
PAY001294,INV002107,2026-08-12,316270.43,Credit Card,REF193787,Success
PAY001295,INV002226,2025-04-14,147029.49,UPI,REF499004,Success
PAY001296,INV002192,2025-12-11,298251.73,Cheque,REF158320,Success
PAY001297,INV001313,2026-06-06,75456.79,Cheque,REF523390,Success
PAY001298,INV001855,2025-08-19,388554.04,UPI,REF829627,Success
PAY001299,INV002341,2025-10-19,360155.14,Bank Transfer,REF301342,Success
PAY001300,INV000823,2025-12-09,12715.93,Bank Transfer,REF819701,Success
PAY001301,INV002295,2026-08-28,12841.05,Debit Card,REF716364,Failed
PAY001302,INV001410,2025-03-01,260803.88,Cheque,REF958910,Success
PAY001303,INV001901,2025-12-24,38864.85,Debit Card,REF673584,Success
PAY001304,INV001424,2025-09-20,16923.94,Bank Transfer,REF867911,Success
PAY001305,INV002582,2025-05-06,30590.25,Bank Transfer,REF644391,Success
PAY001306,INV002196,2026-09-16,42411.53,UPI,REF312864,Success
PAY001307,INV000473,2025-04-18,274373.44,Debit Card,REF511526,Success
PAY001308,INV001127,2026-04-28,44415.08,Bank Transfer,REF873306,Success
PAY001309,INV000591,2025-03-13,4805.35,Bank Transfer,REF466522,Failed
PAY001310,INV001463,2026-10-06,111022.1,Bank Transfer,REF224547,Success
PAY001311,INV002316,2026-04-12,208118.04,Bank Transfer,REF290054,Success
PAY001312,INV000531,2026-04-08,374946.56,UPI,REF553499,Success
PAY001313,INV001897,2025-09-29,7205.26,Cheque,REF778952,Success
PAY001314,INV001491,2025-07-16,173956.79,Bank Transfer,REF117348,Success
PAY001315,INV001872,2026-07-10,97885.21,Debit Card,REF912943,Success
PAY001316,INV001534,2026-06-21,45326.2,UPI,REF631221,Success
PAY001317,INV000835,2026-03-19,2321.56,Cheque,REF960333,Success
PAY001318,INV002309,2025-12-08,29932,Debit Card,REF154096,Success
PAY001319,INV002372,2026-05-13,338673.75,Bank Transfer,REF712194,Success
PAY001320,INV000556,2025-09-03,28174.13,UPI,REF712723,Success
PAY001321,INV001758,2025-12-18,52162.86,Bank Transfer,REF573936,Failed
PAY001322,INV002143,2025-02-25,30111.86,UPI,REF382486,Success
PAY001323,INV000599,2025-11-01,47854.76,Cheque,REF663748,Success
PAY001324,INV000692,2025-05-27,270585.54,Debit Card,REF689826,Success
PAY001325,INV000012,2026-11-06,45206.28,Debit Card,REF599217,Success
PAY001326,INV000284,2026-07-19,7548.95,Credit Card,REF819449,Success
PAY001327,INV001096,2025-05-02,19326.41,UPI,REF232468,Failed
PAY001328,INV002350,2025-03-20,30313.55,UPI,REF122696,Success
PAY001329,INV001655,2026-05-28,483849.87,Credit Card,REF956532,Success
PAY001330,INV000146,2026-01-14,16386.25,Credit Card,REF962934,Success
PAY001331,INV000603,2025-12-03,5457.08,Cheque,REF639938,Success
PAY001332,INV000442,2025-12-08,323992.65,UPI,REF671632,Success
PAY001333,INV000972,2025-12-18,440890.46,UPI,REF579121,Success
PAY001334,INV001237,2026-05-01,333788.46,Cheque,REF773377,Success
PAY001335,INV000172,2025-06-10,228892.77,Credit Card,REF462039,Success
PAY001336,INV002251,2026-03-13,12925.13,Credit Card,REF818848,Failed
PAY001337,INV002231,2025-04-10,443333.15,Cheque,REF486680,Success
PAY001338,INV000397,2025-04-14,39813.95,Credit Card,REF630853,Success
PAY001339,INV001225,2026-10-16,68520.45,Credit Card,REF673319,Success
PAY001340,INV000700,2026-04-20,15983.78,Cheque,REF517956,Success
PAY001341,INV000677,2025-04-13,48255.89,Credit Card,REF527361,Success
PAY001342,INV001892,2025-06-13,24252.14,Debit Card,REF406922,Success
PAY001343,INV001585,2025-04-30,367414.75,Cheque,REF671314,Success
PAY001344,INV000219,2026-04-25,2129.75,Debit Card,REF932197,Success
PAY001345,INV000615,2025-06-01,294389.77,UPI,REF173596,Success
PAY001346,INV002738,2025-09-02,6048.11,Bank Transfer,REF939351,Success
PAY001347,INV000470,2025-05-15,92973.44,UPI,REF824209,Success
PAY001348,INV000217,2026-08-19,26717.54,UPI,REF124091,Failed
PAY001349,INV001638,2026-04-15,19554.27,Bank Transfer,REF528556,Success
PAY001350,INV000379,2026-03-25,125516.7,Debit Card,REF289377,Success
PAY001351,INV000641,2026-07-02,83686.46,UPI,REF921799,Success
PAY001352,INV000278,2025-05-14,209564.94,Cheque,REF237142,Success
PAY001353,INV001053,2025-12-06,128824.48,Credit Card,REF883329,Success
PAY001354,INV000018,2026-11-16,87517.86,Debit Card,REF656900,Success
PAY001355,INV001169,2025-09-13,55635.31,Debit Card,REF881280,Success
PAY001356,INV002014,2026-03-08,27740.19,Debit Card,REF919290,Success
PAY001357,INV002016,2025-05-18,302528.41,Cheque,REF682597,Failed
PAY001358,INV002011,2025-08-12,30464.28,UPI,REF423692,Success
PAY001359,INV001595,2026-04-01,22669.82,Debit Card,REF395335,Success
PAY001360,INV001450,2026-03-25,107898.62,Cheque,REF179872,Success
PAY001361,INV001954,2026-06-27,46923.54,Bank Transfer,REF994414,Success
PAY001362,INV001042,2026-05-21,7456.78,UPI,REF391958,Success
PAY001363,INV001899,2025-06-07,263178.18,UPI,REF342199,Success
PAY001364,INV002718,2026-01-20,118777.76,Cheque,REF238280,Failed
PAY001365,INV000041,2025-02-10,174681.67,Cheque,REF951867,Success
PAY001366,INV002309,2026-01-21,31012.9,UPI,REF991859,Success
PAY001367,INV001086,2025-10-05,49058.57,UPI,REF536297,Success
PAY001368,INV002726,2025-09-12,307148.27,Bank Transfer,REF971393,Success
PAY001369,INV001289,2026-01-01,31255.46,UPI,REF541620,Success
PAY001370,INV000204,2026-02-03,328152.05,Cheque,REF840105,Failed
PAY001371,INV001475,2025-04-04,458203.71,UPI,REF379017,Success
PAY001372,INV002610,2026-04-20,10929.27,Credit Card,REF549760,Success
PAY001373,INV001673,2026-08-15,29404.45,Cheque,REF604458,Success
PAY001374,INV002051,2025-04-29,6635.71,Bank Transfer,REF867665,Success
PAY001375,INV001580,2025-04-27,6052.95,Debit Card,REF474017,Failed
PAY001376,INV002509,2025-04-29,327819.79,Credit Card,REF726647,Success
PAY001377,INV001293,2025-07-10,166154.47,Credit Card,REF538910,Success
PAY001378,INV001552,2025-03-26,4183.75,Debit Card,REF516033,Success
PAY001379,INV001047,2026-05-25,11630.5,UPI,REF330414,Success
PAY001380,INV002091,2026-09-26,62810.8,Cheque,REF901539,Success
PAY001381,INV000050,2025-09-12,190365.15,Bank Transfer,REF269247,Success
PAY001382,INV001734,2025-04-13,176109.76,Credit Card,REF309297,Success
PAY001383,INV001163,2026-05-20,15578.18,Bank Transfer,REF225823,Success
PAY001384,INV001635,2025-03-15,123892.55,Credit Card,REF699989,Success
PAY001385,INV000785,2026-02-26,130617.69,UPI,REF977281,Success
PAY001386,INV001370,2026-05-06,127678.99,Cheque,REF687777,Success
PAY001387,INV001731,2025-08-10,106888.54,Credit Card,REF519768,Failed
PAY001388,INV000235,2026-03-17,16972.37,UPI,REF663011,Success
PAY001389,INV001972,2025-07-07,96533.45,Cheque,REF579495,Failed
PAY001390,INV000136,2025-05-24,61847.02,Cheque,REF327154,Success
PAY001391,INV000374,2025-07-15,182008.27,Debit Card,REF475310,Success
PAY001392,INV002419,2026-05-30,199570.88,Bank Transfer,REF439159,Success
PAY001393,INV001526,2025-08-26,176754.16,Debit Card,REF388610,Success
PAY001394,INV000516,2026-10-03,27902.47,Credit Card,REF283771,Success
PAY001395,INV000179,2025-06-26,262190.18,Credit Card,REF714155,Success
PAY001396,INV000011,2025-09-07,428369.23,UPI,REF251944,Success
PAY001397,INV001475,2025-05-14,303474.25,Credit Card,REF702597,Failed
PAY001398,INV001509,2026-01-25,90244.54,Credit Card,REF173514,Failed
PAY001399,INV001800,2026-10-03,22399.45,Credit Card,REF438326,Success
PAY001400,INV001553,2025-10-24,44222.58,Cheque,REF190450,Success
PAY001401,INV002646,2025-07-05,25932.99,Bank Transfer,REF236142,Success
PAY001402,INV000182,2026-06-01,220463,Credit Card,REF310861,Success
PAY001403,INV000819,2026-09-22,17058.2,Credit Card,REF380510,Failed
PAY001404,INV000497,2025-07-02,118100.74,UPI,REF786109,Success
PAY001405,INV001385,2025-11-14,103518.83,Cheque,REF226517,Success
PAY001406,INV000408,2026-05-28,275908.6,Credit Card,REF528259,Success
PAY001407,INV002043,2026-01-27,40779.28,UPI,REF223958,Success
PAY001408,INV000961,2025-07-28,77111.11,UPI,REF493100,Success
PAY001409,INV002233,2026-08-05,217924.06,Credit Card,REF467101,Success
PAY001410,INV000837,2025-11-19,16541.46,Cheque,REF727934,Success
PAY001411,INV001890,2026-01-29,3770.79,UPI,REF259192,Success
PAY001412,INV000832,2025-08-15,385492.69,UPI,REF857517,Success
PAY001413,INV001272,2025-08-27,49385.25,Debit Card,REF498012,Success
PAY001414,INV000525,2025-09-18,18756.59,Bank Transfer,REF828204,Success
PAY001415,INV000731,2026-03-06,8601.17,Cheque,REF389389,Success
PAY001416,INV000060,2026-01-09,116878.44,UPI,REF980364,Success
PAY001417,INV001717,2026-11-17,90571.49,Bank Transfer,REF109808,Success
PAY001418,INV002266,2025-08-07,73833.04,Credit Card,REF370308,Success
PAY001419,INV001525,2025-06-04,223314.92,Debit Card,REF164652,Success
PAY001420,INV001965,2025-05-31,246107.25,Bank Transfer,REF991624,Success
PAY001421,INV001514,2025-06-27,36687.66,Bank Transfer,REF549450,Failed
PAY001422,INV001128,2026-03-20,194492.22,Credit Card,REF216450,Success
PAY001423,INV000121,2026-10-31,62753.66,Credit Card,REF505297,Success
PAY001424,INV002193,2026-10-13,1738.43,Credit Card,REF635465,Success
PAY001425,INV002074,2026-05-19,127860.88,Debit Card,REF192504,Success
PAY001426,INV000814,2026-11-06,16799.44,Credit Card,REF904554,Success
PAY001427,INV001993,2026-01-14,183136.86,Credit Card,REF104752,Success
PAY001428,INV000843,2026-07-14,346670.06,Cheque,REF164840,Success
PAY001429,INV000522,2026-02-23,44263.37,Cheque,REF429000,Success
PAY001430,INV001018,2026-09-30,53810.86,Debit Card,REF303188,Success
PAY001431,INV000876,2026-03-30,658953.3,Debit Card,REF884981,Success
PAY001432,INV002127,2025-05-24,259431.57,Cheque,REF705398,Success
PAY001433,INV001369,2026-07-05,135466.55,UPI,REF801084,Success
PAY001434,INV000744,2026-09-07,112142.36,Credit Card,REF737425,Success
PAY001435,INV002532,2026-06-28,6778.62,Bank Transfer,REF566549,Success
PAY001436,INV002097,2026-01-07,10864.39,Bank Transfer,REF933508,Success
PAY001437,INV002094,2025-09-17,33912.27,Debit Card,REF485824,Failed
PAY001438,INV001565,2026-05-02,26630.89,Bank Transfer,REF682235,Success
PAY001439,INV001154,2025-10-05,88966.74,UPI,REF503281,Success
PAY001440,INV002224,2025-12-12,2524.03,Credit Card,REF623830,Success
PAY001441,INV000650,2025-12-26,6925.43,Bank Transfer,REF381162,Success
PAY001442,INV000536,2026-03-07,56210.96,UPI,REF525657,Success
PAY001443,INV002118,2026-08-04,6040.15,Cheque,REF359816,Failed
PAY001444,INV000914,2026-01-19,4968.89,Cheque,REF508292,Success
PAY001445,INV001606,2025-06-17,138118.27,Debit Card,REF305871,Success
PAY001446,INV000605,2026-02-03,5988.11,Cheque,REF243988,Failed
PAY001447,INV001212,2026-11-01,48739.93,Cheque,REF820836,Success
PAY001448,INV001142,2025-03-22,21995.65,Credit Card,REF540012,Success
PAY001449,INV000787,2026-03-28,274159.46,Cheque,REF531372,Success
PAY001450,INV001580,2025-04-05,7180.4,Debit Card,REF726456,Failed
PAY001451,INV001273,2025-01-19,481287.29,Bank Transfer,REF735557,Success
PAY001452,INV001208,2025-10-20,191144.22,Credit Card,REF644933,Success
PAY001453,INV001887,2026-06-20,98544.05,Credit Card,REF733637,Success
PAY001454,INV002598,2026-01-20,19614.08,Cheque,REF376083,Success
PAY001455,INV000932,2025-06-20,20916.26,Debit Card,REF593591,Success
PAY001456,INV002370,2025-06-06,6065.11,Cheque,REF397120,Success
PAY001457,INV000178,2025-10-13,41099.52,Credit Card,REF568904,Success
PAY001458,INV002280,2026-01-20,48241.3,UPI,REF817062,Failed
PAY001459,INV001545,2026-02-27,43069.84,Bank Transfer,REF470023,Success
PAY001460,INV002237,2026-10-27,22932.36,Cheque,REF370981,Success
PAY001461,INV000699,2025-05-25,238183.96,Cheque,REF987258,Success
PAY001462,INV001084,2026-07-01,7262.34,UPI,REF284294,Success
PAY001463,INV002490,2025-05-29,79745.81,Bank Transfer,REF214497,Success
PAY001464,INV001253,2026-07-12,72288.07,Credit Card,REF950182,Success
PAY001465,INV001533,2026-09-15,2201.19,Bank Transfer,REF510555,Success
PAY001466,INV000509,2025-08-12,252406.1,Debit Card,REF124745,Success
PAY001467,INV001879,2025-09-12,30331.59,Bank Transfer,REF575163,Success
PAY001468,INV002687,2025-03-17,26467.05,UPI,REF495089,Success
PAY001469,INV000759,2026-08-03,24938.79,UPI,REF329633,Success
PAY001470,INV002107,2026-07-02,166025.44,Cheque,REF760217,Success
PAY001471,INV002537,2025-12-12,16746.63,Cheque,REF932136,Success
PAY001472,INV002597,2025-10-20,31249.03,Credit Card,REF257118,Success
PAY001473,INV000129,2026-07-25,54189.72,Cheque,REF588532,Success
PAY001474,INV000955,2025-08-09,413582.3,Cheque,REF166476,Failed
PAY001475,INV002731,2026-12-06,10695.5,Cheque,REF429636,Success
PAY001476,INV000642,2026-03-09,2044.85,Bank Transfer,REF741088,Success
PAY001477,INV001977,2026-04-30,1341.86,Credit Card,REF761333,Failed
PAY001478,INV002259,2025-11-30,17871.97,Credit Card,REF429615,Success
PAY001479,INV000558,2025-12-16,15895.49,Credit Card,REF408731,Success
PAY001480,INV001853,2025-05-28,364580.46,Cheque,REF216009,Success
PAY001481,INV002460,2025-11-30,316716.29,Cheque,REF521667,Success
PAY001482,INV000977,2026-01-08,225627.88,Bank Transfer,REF578097,Success
PAY001483,INV002589,2026-06-10,164642.09,Bank Transfer,REF316111,Success
PAY001484,INV000015,2025-11-05,40866.52,UPI,REF737970,Success
PAY001485,INV001459,2026-08-29,26003.24,Debit Card,REF298099,Success
PAY001486,INV002439,2025-06-09,24747.82,UPI,REF512074,Success
PAY001487,INV000518,2025-04-22,12094.57,Debit Card,REF766167,Success
PAY001488,INV001106,2025-08-03,73612.05,Debit Card,REF315104,Success
PAY001489,INV001158,2026-08-20,94946.32,Bank Transfer,REF774180,Success
PAY001490,INV000871,2026-07-07,67107.74,Cheque,REF548228,Success
PAY001491,INV000523,2026-02-05,38608.51,Debit Card,REF968019,Success
PAY001492,INV001870,2026-06-12,23384.49,Credit Card,REF120824,Success
PAY001493,INV000928,2025-12-23,6629.72,Cheque,REF757253,Success
PAY001494,INV001666,2025-06-02,161680.6,Bank Transfer,REF295442,Success
PAY001495,INV002107,2026-07-21,283200.93,UPI,REF567788,Success
PAY001496,INV001893,2025-03-02,11872.73,UPI,REF110952,Success
PAY001497,INV001205,2026-04-28,153303.99,Credit Card,REF688121,Success
PAY001498,INV000707,2025-10-20,368377.32,UPI,REF981229,Success
PAY001499,INV001528,2025-12-31,10430.72,Cheque,REF716835,Success
PAY001500,INV002318,2025-06-14,23523.99,UPI,REF986005,Success
PAY001501,INV002474,2026-01-18,16513.67,Credit Card,REF793090,Success
PAY001502,INV000207,2026-09-12,261944.15,Debit Card,REF792069,Success
PAY001503,INV002622,2025-08-11,226733.05,Bank Transfer,REF938667,Success
PAY001504,INV001713,2026-04-04,37061.19,Credit Card,REF756354,Success
PAY001505,INV000748,2025-07-29,225223.1,UPI,REF929511,Success
PAY001506,INV001800,2026-11-08,36239.08,Bank Transfer,REF156447,Success
PAY001507,INV001483,2025-09-01,79821.8,Bank Transfer,REF131538,Success
PAY001508,INV002671,2025-07-12,327624.2,Credit Card,REF299828,Success
PAY001509,INV000306,2026-04-17,289747.55,Cheque,REF438988,Success
PAY001510,INV001444,2026-08-19,32329.47,Bank Transfer,REF375665,Success
PAY001511,INV000225,2025-10-27,15516.87,Cheque,REF543152,Success
PAY001512,INV001968,2025-07-29,71319.92,Bank Transfer,REF611954,Success
PAY001513,INV001570,2026-05-29,2761.93,Cheque,REF164524,Success
PAY001514,INV000041,2025-05-15,164197.17,Credit Card,REF851726,Success
PAY001515,INV001720,2026-06-03,101005.05,UPI,REF192389,Success
PAY001516,INV000939,2025-07-22,158587.21,Credit Card,REF123064,Success
PAY001517,INV002701,2025-02-14,32245.4,UPI,REF576406,Failed
PAY001518,INV000084,2026-12-16,49031.92,Cheque,REF692607,Success
PAY001519,INV001316,2025-08-13,65099.33,Bank Transfer,REF874558,Success
PAY001520,INV001192,2025-05-02,17289.9,Credit Card,REF263896,Success
PAY001521,INV001190,2025-12-05,428145.09,UPI,REF360210,Success
PAY001522,INV000324,2025-04-02,187355.5,UPI,REF245049,Success
PAY001523,INV002250,2026-11-17,218722.84,Debit Card,REF487886,Success
PAY001524,INV000898,2025-09-04,67512.42,Bank Transfer,REF594636,Success
PAY001525,INV002199,2025-07-12,194072.65,Cheque,REF529893,Success
PAY001526,INV002238,2025-03-02,182239.72,Debit Card,REF740463,Success
PAY001527,INV001332,2025-07-31,40100.53,Credit Card,REF560404,Success
PAY001528,INV002487,2026-11-15,5295.33,UPI,REF749602,Success
PAY001529,INV002014,2026-04-17,41631.01,Debit Card,REF446449,Failed
PAY001530,INV000425,2025-10-21,13801,Bank Transfer,REF723249,Success
PAY001531,INV001052,2025-05-17,23593.15,Cheque,REF367388,Failed
PAY001532,INV000892,2026-03-20,32857.81,Cheque,REF423945,Success
PAY001533,INV001862,2026-10-19,53670.41,Credit Card,REF362613,Failed
PAY001534,INV002667,2026-02-09,168471.47,Bank Transfer,REF948375,Success
PAY001535,INV000240,2026-07-08,116817.22,Debit Card,REF220081,Success
PAY001536,INV002686,2025-09-15,44537.75,UPI,REF785349,Success
PAY001537,INV002279,2026-01-06,245994.53,UPI,REF179960,Success
PAY001538,INV001024,2026-11-29,95767.54,Cheque,REF170603,Success
PAY001539,INV002092,2026-09-16,9503.23,Cheque,REF846423,Failed
PAY001540,INV002211,2025-07-16,12623.46,Bank Transfer,REF595740,Success
PAY001541,INV000226,2026-06-02,13590.64,Credit Card,REF581339,Success
PAY001542,INV002084,2025-04-08,9062.9,Credit Card,REF831880,Success
PAY001543,INV001046,2025-08-05,49977.42,Bank Transfer,REF912311,Success
PAY001544,INV001430,2026-02-05,116921.83,UPI,REF967589,Success
PAY001545,INV002306,2026-03-20,1315.97,UPI,REF190705,Success
PAY001546,INV002328,2026-06-06,255144.3,Bank Transfer,REF521538,Success
PAY001547,INV002152,2026-01-09,128854.04,UPI,REF526350,Success
PAY001548,INV001462,2025-10-02,7148.41,Debit Card,REF281008,Success
PAY001549,INV000001,2026-07-02,70123.19,Cheque,REF885046,Success
PAY001550,INV002674,2025-06-01,60035.96,Debit Card,REF412869,Success
PAY001551,INV001263,2026-02-11,80450.3,Debit Card,REF273605,Success
PAY001552,INV000733,2026-08-01,5374.56,Debit Card,REF927367,Failed
PAY001553,INV000778,2026-07-04,84951.86,Credit Card,REF691072,Success
PAY001554,INV001455,2026-06-25,174268.23,UPI,REF857316,Success
PAY001555,INV002017,2026-03-11,178580.22,Debit Card,REF846046,Success
PAY001556,INV002421,2026-09-24,29244.88,UPI,REF348349,Success
PAY001557,INV001932,2026-09-12,35899.63,UPI,REF109807,Success
PAY001558,INV001307,2025-09-28,46378.77,Debit Card,REF791333,Success
PAY001559,INV002378,2026-03-06,65365.27,Cheque,REF428923,Success
PAY001560,INV001422,2026-01-10,84088.49,Credit Card,REF702514,Success
PAY001561,INV000162,2026-05-23,42551.32,Credit Card,REF959933,Success
PAY001562,INV001938,2025-08-02,18733.68,Debit Card,REF910113,Failed
PAY001563,INV002138,2026-08-04,66510.12,UPI,REF650277,Success
PAY001564,INV000592,2026-09-27,6733.81,UPI,REF560568,Success
PAY001565,INV000132,2025-04-19,15767.8,Cheque,REF481137,Success
PAY001566,INV002193,2026-11-28,2923.63,Debit Card,REF907734,Success
PAY001567,INV001032,2026-07-24,7917.76,Debit Card,REF591240,Success
PAY001568,INV002430,2025-04-09,49259.92,Debit Card,REF850008,Success
PAY001569,INV000537,2025-09-13,44490.74,Credit Card,REF716111,Success
PAY001570,INV001566,2026-02-07,104104.59,Debit Card,REF922918,Success
PAY001571,INV000721,2026-07-07,601590.41,Bank Transfer,REF889102,Success
PAY001572,INV000521,2025-10-22,7309.91,Credit Card,REF577865,Success
PAY001573,INV000639,2026-08-03,47834.45,Debit Card,REF288622,Failed
PAY001574,INV001575,2025-10-23,332272.55,Cheque,REF761267,Success
PAY001575,INV001957,2025-07-18,165201.73,Cheque,REF691162,Success
PAY001576,INV002678,2025-07-08,343328.49,Debit Card,REF668503,Success
PAY001577,INV001193,2026-10-25,167598.73,UPI,REF761110,Success
PAY001578,INV002074,2026-03-27,140301.68,Cheque,REF734789,Failed
PAY001579,INV000980,2025-02-24,227741.24,Cheque,REF180874,Success
PAY001580,INV000773,2025-09-16,228603,Credit Card,REF411785,Success
PAY001581,INV000389,2025-09-03,2824.82,Bank Transfer,REF414205,Success
PAY001582,INV001419,2025-11-10,28779.97,Credit Card,REF884410,Success
PAY001583,INV001161,2025-08-13,29009.63,Credit Card,REF125998,Success
PAY001584,INV002659,2026-02-18,134835.62,UPI,REF524385,Success
PAY001585,INV000376,2026-11-12,51307.68,Debit Card,REF905290,Success
PAY001586,INV000391,2025-03-02,144035.07,UPI,REF331477,Success
PAY001587,INV001805,2026-06-25,33856.3,Debit Card,REF378670,Success
PAY001588,INV000479,2026-03-08,185324.03,UPI,REF546364,Success
PAY001589,INV000088,2026-02-03,412262.47,Cheque,REF127419,Success
PAY001590,INV001336,2025-07-08,20350.37,UPI,REF889207,Success
PAY001591,INV002291,2025-05-18,119960.17,Debit Card,REF154663,Success
PAY001592,INV002077,2025-07-22,10348.38,Bank Transfer,REF388891,Success
PAY001593,INV000255,2026-01-03,80293.43,UPI,REF891743,Success
PAY001594,INV001822,2026-01-07,51260.27,Bank Transfer,REF497653,Failed
PAY001595,INV001736,2025-08-22,20768.55,Debit Card,REF566609,Success
PAY001596,INV001143,2025-05-29,22267.01,Cheque,REF830249,Success
PAY001597,INV000255,2026-01-14,51780.69,UPI,REF146983,Success
PAY001598,INV001523,2026-10-07,146496.03,Credit Card,REF703269,Success
PAY001599,INV001193,2026-08-25,241444.25,UPI,REF557887,Success
PAY001600,INV002395,2025-05-22,122355.61,Bank Transfer,REF562571,Success
PAY001601,INV002470,2025-06-22,182493.26,Bank Transfer,REF525490,Success
PAY001602,INV001979,2026-07-21,250954.1,Debit Card,REF163047,Failed
PAY001603,INV001763,2026-11-01,14599.63,Debit Card,REF247133,Success
PAY001604,INV000278,2025-02-18,204621.83,Cheque,REF783945,Success
PAY001605,INV001064,2025-06-14,37355.23,Bank Transfer,REF240587,Success
PAY001606,INV002269,2026-04-30,39130.06,Debit Card,REF318933,Success
PAY001607,INV002271,2025-06-15,432974.58,UPI,REF984060,Success
PAY001608,INV001244,2026-02-10,40866.17,Debit Card,REF250582,Success
PAY001609,INV002630,2026-10-13,1090468.7,UPI,REF800661,Success
PAY001610,INV001007,2025-07-04,26529.29,Cheque,REF808662,Success
PAY001612,INV001557,2025-08-17,61879.11,UPI,REF394388,Success
PAY001613,INV001549,2025-11-02,17485.29,UPI,REF136621,Success
PAY001614,INV000267,2026-04-15,127840.91,Cheque,REF998756,Success
PAY001615,INV001540,2025-08-18,30501.25,Bank Transfer,REF850421,Success
PAY001616,INV002351,2025-12-17,33747.79,Credit Card,REF302351,Success
PAY001617,INV001577,2026-05-30,401535.67,Credit Card,REF118173,Success
PAY001618,INV002267,2025-04-13,121996.49,Cheque,REF480723,Success
PAY001619,INV000931,2026-06-15,5721.57,Bank Transfer,REF503472,Success
PAY001620,INV000725,2026-02-23,3746.92,Bank Transfer,REF894700,Success
PAY001621,INV000400,2026-03-19,370585.47,Cheque,REF732287,Success
PAY001622,INV000535,2026-04-15,169209.35,Bank Transfer,REF170006,Success
PAY001623,INV000331,2025-11-02,400876.84,Cheque,REF351797,Success
PAY001624,INV002238,2025-03-01,207620.43,UPI,REF816042,Success
PAY001625,INV000160,2026-06-10,27721.49,Bank Transfer,REF956435,Success
PAY001626,INV002415,2026-05-10,160486.72,Credit Card,REF583466,Success
PAY001627,INV001918,2025-05-04,162663.19,Credit Card,REF556827,Success
PAY001628,INV002636,2026-01-15,5380.26,Cheque,REF999013,Success
PAY001629,INV001516,2025-10-04,30329.74,Bank Transfer,REF910128,Success
PAY001630,INV002495,2026-01-17,55570.49,UPI,REF302414,Success
PAY001631,INV001579,2025-05-27,18737.28,UPI,REF302716,Success
PAY001632,INV000096,2025-06-20,145419.01,Credit Card,REF867503,Success
PAY001633,INV001479,2026-09-03,173898.24,Bank Transfer,REF962792,Success
PAY001634,INV001327,2025-08-19,2872.32,Cheque,REF840766,Success
PAY001635,INV000514,2025-08-28,122555.52,UPI,REF371849,Success
PAY001636,INV000963,2026-10-29,9930.08,Bank Transfer,REF255087,Success
PAY001637,INV001292,2025-11-09,9585.89,UPI,REF346619,Success
PAY001638,INV000778,2026-04-26,189008.76,UPI,REF464680,Success
PAY001639,INV000408,2026-04-28,265232.52,Bank Transfer,REF213131,Success
PAY001640,INV000508,2026-11-23,378892.04,Bank Transfer,REF616577,Success
PAY001641,INV000847,2025-10-12,97451.1,Debit Card,REF592173,Failed
PAY001642,INV000222,2025-05-11,207401.74,UPI,REF321565,Success
PAY001643,INV002590,2025-12-10,65579.13,Bank Transfer,REF180118,Success
PAY001644,INV000314,2026-05-01,204458.21,UPI,REF700201,Success
PAY001645,INV000885,2025-03-02,295761.19,Cheque,REF605485,Failed
PAY001646,INV002335,2026-06-18,31188.87,Bank Transfer,REF148977,Failed
PAY001647,INV002673,2025-07-04,115857.57,Cheque,REF944551,Failed
PAY001648,INV000338,2026-09-03,442316.98,Cheque,REF951192,Success
PAY001649,INV000087,2026-02-15,15370.78,Cheque,REF260695,Success
PAY001650,INV002310,2026-09-14,44283.83,Cheque,REF766721,Success
PAY001651,INV002235,2025-11-10,6809.71,Bank Transfer,REF901561,Success
PAY001652,INV002640,2025-09-06,141542.17,Cheque,REF542140,Success
PAY001653,INV002222,2025-05-30,19746.02,Cheque,REF852700,Success
PAY001654,INV000035,2026-09-28,36241.47,Cheque,REF911107,Success
PAY001655,INV001991,2026-10-01,228322.52,Cheque,REF556798,Success
PAY001656,INV000149,2025-11-20,26618.72,Debit Card,REF696500,Success
PAY001657,INV000731,2026-03-30,11096.07,Credit Card,REF386656,Success
PAY001658,INV000818,2026-09-01,110477.19,Cheque,REF655372,Success
PAY001659,INV001114,2026-01-13,539283.44,Cheque,REF294787,Success
PAY001660,INV000120,2026-10-01,2628.39,UPI,REF946744,Success
PAY001661,INV001527,2025-07-20,154098.15,Bank Transfer,REF771579,Success
PAY001662,INV002271,2025-05-21,346626.5,UPI,REF415803,Success
PAY001663,INV001585,2025-03-27,434739.78,Bank Transfer,REF964906,Success
PAY001664,INV000780,2025-04-28,31437.37,UPI,REF452182,Failed
PAY001665,INV001605,2026-05-04,73132.91,Debit Card,REF536815,Success
PAY001666,INV000437,2025-12-28,128043.82,Bank Transfer,REF975454,Success
PAY001667,INV002207,2026-01-01,20172.93,Credit Card,REF390680,Success
PAY001668,INV000990,2025-07-16,167507.8,Bank Transfer,REF783585,Success
PAY001669,INV001707,2026-03-04,22297.93,Credit Card,REF815520,Success
PAY001670,INV000239,2026-07-27,26459.9,UPI,REF596972,Success
PAY001671,INV002430,2025-05-30,36743.09,UPI,REF837912,Success
PAY001672,INV001253,2026-06-10,67431.67,Credit Card,REF644657,Success
PAY001673,INV002398,2025-08-17,15202.21,Cheque,REF939761,Success
PAY001674,INV001928,2026-08-11,17593.59,UPI,REF502807,Success
PAY001675,INV000393,2025-02-21,29833.19,Bank Transfer,REF274853,Success
PAY001676,INV002624,2025-04-28,12950.99,Cheque,REF538089,Success
PAY001677,INV001545,2026-02-10,91230.57,Credit Card,REF995513,Success
PAY001678,INV000712,2025-07-02,22184.26,Cheque,REF919607,Success
PAY001679,INV000094,2026-05-30,37922.8,Credit Card,REF324892,Success
PAY001680,INV000077,2025-09-26,269173.51,Cheque,REF639131,Success
PAY001681,INV002187,2026-05-27,37725.85,Debit Card,REF854873,Success
PAY001682,INV002184,2026-05-20,272.34,Credit Card,REF560985,Success
PAY001683,INV001808,2025-04-05,8096.94,Debit Card,REF783024,Success
PAY001684,INV001777,2026-01-09,177975.04,UPI,REF766184,Success
PAY001685,INV002078,2025-07-25,18938.02,Bank Transfer,REF779837,Success
PAY001686,INV000905,2026-04-15,19686.69,UPI,REF587750,Success
PAY001687,INV001127,2026-06-20,74683.54,Credit Card,REF325481,Success
PAY001688,INV001219,2025-10-03,14129.23,Debit Card,REF156293,Success
PAY001689,INV001385,2025-08-03,143201.15,UPI,REF828706,Success
PAY001690,INV000847,2025-09-30,60174.17,Credit Card,REF338391,Success
PAY001691,INV001925,2025-09-03,21052.95,Debit Card,REF833623,Success
PAY001692,INV002550,2025-06-12,426435.79,Bank Transfer,REF201290,Success
PAY001693,INV002075,2025-12-25,97924.11,Credit Card,REF121231,Success
PAY001694,INV001603,2026-06-30,102924.87,UPI,REF228291,Success
PAY001695,INV002133,2025-08-14,174307.97,Bank Transfer,REF499626,Success
PAY001696,INV000694,2025-11-10,229602.88,UPI,REF566551,Success
PAY001697,INV002569,2025-12-09,542963.52,Debit Card,REF639326,Success
PAY001698,INV001153,2026-08-24,18226.75,Credit Card,REF979805,Success
PAY001699,INV000551,2025-09-06,9392.8,UPI,REF194679,Success
PAY001700,INV001719,2025-08-06,26294.09,Bank Transfer,REF592731,Success
PAY001701,INV001636,2026-10-08,37741.28,UPI,REF183445,Success
PAY001702,INV002236,2025-08-18,105604.36,Debit Card,REF949892,Success
PAY001703,INV001050,2026-06-25,1997.83,UPI,REF961535,Success
PAY001704,INV000518,2025-05-30,19016.86,Credit Card,REF929754,Success
PAY001705,INV000793,2026-04-02,23276.22,Credit Card,REF651250,Success
PAY001706,INV002206,2025-09-15,29541.67,Debit Card,REF535109,Success
PAY001707,INV001107,2025-10-05,26620.22,Credit Card,REF553154,Success
PAY001708,INV001521,2025-01-29,18158.3,Cheque,REF936612,Success
PAY001709,INV001647,2026-03-04,460595.77,Bank Transfer,REF432757,Success
PAY001710,INV001936,2025-12-09,11845.44,Debit Card,REF399427,Success
PAY001711,INV001888,2026-11-03,22796.32,Debit Card,REF294041,Success
PAY001712,INV001082,2026-10-08,917645.35,Debit Card,REF724389,Success
PAY001713,INV000508,2026-11-17,439202.91,Cheque,REF666156,Success
PAY001714,INV001812,2025-10-31,98639.19,Bank Transfer,REF544551,Success
PAY001715,INV002101,2025-10-26,1489.76,UPI,REF447658,Success
PAY001716,INV001108,2025-10-27,83408.33,Bank Transfer,REF971105,Success
PAY001717,INV001798,2025-12-26,62420.5,Cheque,REF573727,Success
PAY001718,INV002720,2025-10-05,50374.54,Credit Card,REF810937,Success
PAY001719,INV001026,2025-03-15,181880.17,Cheque,REF659272,Success
PAY001720,INV000344,2026-08-13,50234.66,Bank Transfer,REF258175,Success
PAY001721,INV001507,2025-07-16,26959.33,UPI,REF517840,Success
PAY001722,INV000523,2026-01-29,58033.31,Debit Card,REF436233,Success
PAY001723,INV001066,2026-05-22,150909.22,Credit Card,REF139298,Success
PAY001724,INV001159,2026-09-12,12871.98,UPI,REF920700,Failed
PAY001725,INV002363,2026-05-27,235430.56,Cheque,REF643227,Success
PAY001726,INV001881,2026-05-28,125415.83,UPI,REF811870,Failed
PAY001727,INV001663,2025-10-23,89548.53,Debit Card,REF820525,Success
PAY001728,INV002345,2025-07-22,175859.99,Cheque,REF876652,Success
PAY001729,INV002022,2025-05-11,274090.97,Bank Transfer,REF507488,Success
PAY001730,INV002024,2026-04-04,22438.88,UPI,REF849288,Failed
PAY001731,INV001995,2025-07-10,25730.2,Cheque,REF728318,Success
PAY001732,INV000068,2025-11-14,371040.1,Cheque,REF636402,Success
PAY001733,INV000997,2026-06-15,59285.36,UPI,REF213378,Success
PAY001734,INV001655,2026-03-15,665245.9,UPI,REF631733,Success
PAY001735,INV000335,2025-04-27,43352.68,Bank Transfer,REF850213,Success
PAY001736,INV001069,2025-09-03,183122.28,Credit Card,REF364502,Success
PAY001737,INV001685,2025-06-11,46791.68,Bank Transfer,REF251568,Success
PAY001738,INV000093,2025-07-31,36462.56,Debit Card,REF588701,Success
PAY001739,INV002133,2025-05-31,172551.23,Cheque,REF682779,Success
PAY001740,INV001534,2026-04-10,33850.3,Debit Card,REF400774,Success
PAY001741,INV000031,2026-06-29,37753.07,Cheque,REF871361,Success
PAY001742,INV000920,2025-12-22,12422.18,Debit Card,REF198645,Success
PAY001743,INV000720,2026-09-11,322764.56,Bank Transfer,REF809044,Success
PAY001744,INV002702,2025-12-16,12782.05,UPI,REF357861,Success
PAY001745,INV000730,2026-08-15,235578.59,Bank Transfer,REF661449,Success
PAY001746,INV001214,2026-05-14,53904.33,Cheque,REF522615,Failed
PAY001747,INV001718,2026-05-29,172004.86,Cheque,REF820483,Success
PAY001748,INV000958,2026-04-24,20560.16,UPI,REF284343,Success
PAY001749,INV000049,2025-10-23,386927.85,Credit Card,REF935476,Failed
PAY001750,INV002227,2025-12-08,32754.98,Credit Card,REF502882,Success
PAY001751,INV000727,2025-12-08,132091.21,Credit Card,REF620106,Success
PAY001752,INV000946,2025-07-30,60753.35,UPI,REF348312,Success
PAY001753,INV001901,2026-04-03,70123.57,UPI,REF162460,Success
PAY001754,INV002202,2025-07-24,134017.68,Debit Card,REF391251,Success
PAY001755,INV002345,2025-07-19,308037.88,Credit Card,REF442482,Success
PAY001756,INV000162,2026-06-04,35053.19,Bank Transfer,REF283775,Success
PAY001757,INV000156,2025-07-27,38369.68,Cheque,REF239866,Success
PAY001758,INV001228,2026-02-28,206151.12,Cheque,REF227043,Success
PAY001759,INV000162,2026-07-06,41345.76,UPI,REF100152,Success
PAY001760,INV001520,2026-05-11,210774.08,Debit Card,REF157395,Success
PAY001761,INV000497,2025-08-04,129965.94,Credit Card,REF101906,Success
PAY001762,INV001123,2026-10-14,19485.76,UPI,REF229890,Success
PAY001763,INV000560,2025-07-21,155896.05,UPI,REF335247,Success
PAY001764,INV002364,2026-08-20,99113.44,UPI,REF233323,Success
PAY001765,INV000733,2026-09-23,3878.86,Bank Transfer,REF856262,Success
PAY001766,INV000891,2025-12-19,193457.8,Bank Transfer,REF851543,Success
PAY001767,INV001289,2026-01-06,36769.96,Cheque,REF226226,Success
PAY001768,INV000765,2025-07-13,287399.06,UPI,REF280422,Success
PAY001769,INV000410,2025-08-08,267786.55,Cheque,REF188938,Success
PAY001770,INV000382,2026-11-29,6647.34,UPI,REF728845,Failed
PAY001771,INV001391,2025-03-01,10656.79,UPI,REF100068,Success
PAY001772,INV002502,2025-08-04,37801.05,Credit Card,REF794522,Success
PAY001773,INV002712,2025-08-08,73518.09,Credit Card,REF784676,Success
PAY001774,INV002605,2025-09-13,68781.45,Cheque,REF779124,Success
PAY001775,INV000501,2026-08-04,42224.92,Debit Card,REF735849,Success
PAY001776,INV000356,2025-12-25,10120.6,UPI,REF796849,Success
PAY001777,INV002436,2025-09-22,134285.5,UPI,REF213272,Success
PAY001778,INV001132,2025-10-11,232087.97,UPI,REF953396,Success
PAY001779,INV001827,2026-07-10,67666.31,Credit Card,REF215014,Success
PAY001780,INV001236,2026-05-16,30140.74,Cheque,REF647165,Success
PAY001781,INV000113,2025-11-23,204176,Credit Card,REF498919,Success
PAY001782,INV002653,2025-05-28,292645.61,UPI,REF746085,Success
PAY001783,INV000772,2026-10-29,177001.14,Debit Card,REF299718,Success
PAY001784,INV001508,2025-06-12,58571.98,Cheque,REF314513,Failed
PAY001785,INV001867,2026-03-11,106132.53,Bank Transfer,REF153868,Success
PAY001786,INV001552,2025-04-20,3169.56,Debit Card,REF748917,Success
PAY001787,INV001744,2026-09-02,34509.48,UPI,REF249258,Success
PAY001788,INV002525,2025-06-10,18474.9,UPI,REF201628,Success
PAY001789,INV000090,2026-04-06,449.65,Debit Card,REF236944,Success
PAY001790,INV000828,2025-12-11,82701.68,Bank Transfer,REF424530,Failed
PAY001791,INV001863,2026-05-04,76650.47,Bank Transfer,REF117139,Success
PAY001792,INV002278,2025-04-24,193513.18,Cheque,REF595572,Success
PAY001793,INV001790,2025-10-02,255214.94,Bank Transfer,REF965490,Success
PAY001794,INV000559,2025-08-01,696493.8,Cheque,REF835695,Success
PAY001795,INV001184,2025-11-15,184451.56,Bank Transfer,REF522952,Success
PAY001796,INV001756,2026-08-24,113337.17,Cheque,REF788476,Success
PAY001797,INV001310,2025-12-05,172171.87,Credit Card,REF935376,Success
PAY001798,INV002673,2025-07-23,60036.08,Cheque,REF374620,Success
PAY001799,INV000472,2025-11-22,133483.15,Debit Card,REF113784,Success
PAY001800,INV001362,2025-04-18,22342.68,Cheque,REF669819,Success
PAY001801,INV001798,2025-11-05,84478.85,Debit Card,REF137322,Success
PAY001802,INV002719,2026-04-25,24126.73,Cheque,REF913521,Success
PAY001803,INV000394,2025-06-24,26189.18,Cheque,REF229870,Success
PAY001804,INV001640,2026-06-12,241215.63,Credit Card,REF963593,Success
PAY001805,INV000913,2026-07-16,142373.45,Bank Transfer,REF301251,Success
PAY001806,INV001220,2025-09-23,172111.6,Cheque,REF767785,Success
PAY001807,INV001711,2025-10-24,101567.44,Cheque,REF783455,Success
PAY001808,INV000858,2026-08-20,38337.85,Bank Transfer,REF906092,Success
PAY001809,INV002062,2025-05-11,44577.68,UPI,REF773882,Success
PAY001810,INV001639,2026-01-27,4962.85,Cheque,REF110226,Success
PAY001811,INV001058,2025-12-18,117233.43,Cheque,REF946896,Success
PAY001812,INV001791,2025-11-16,11110.24,Credit Card,REF182810,Failed
PAY001813,INV001929,2025-05-22,406827.74,Bank Transfer,REF913966,Failed
PAY001814,INV001416,2025-10-29,199098.04,Credit Card,REF888895,Success
PAY001815,INV002308,2025-09-29,11549.02,Bank Transfer,REF891605,Success
PAY001816,INV002429,2026-06-06,115981.77,Credit Card,REF383509,Failed
PAY001817,INV000356,2026-01-31,7335.7,Bank Transfer,REF175872,Success
PAY001818,INV001855,2025-08-08,590417.09,Credit Card,REF712021,Success
PAY001819,INV001106,2025-05-24,79525.48,Cheque,REF348084,Success
PAY001820,INV002557,2026-01-01,63015.85,Cheque,REF581347,Success
PAY001821,INV000637,2025-07-03,133726.9,Cheque,REF965891,Success
PAY001822,INV000900,2026-03-24,16971.57,Cheque,REF999684,Success
PAY001823,INV002649,2026-07-08,46286.17,Credit Card,REF562916,Success
PAY001824,INV002672,2025-12-01,26396.19,Credit Card,REF170411,Success
PAY001825,INV000808,2025-09-11,30627.53,Bank Transfer,REF630832,Success
PAY001826,INV000055,2026-08-26,494700.46,Cheque,REF895874,Success
PAY001827,INV001425,2025-02-14,378707.89,UPI,REF628426,Failed
PAY001828,INV001157,2026-02-25,18919.61,UPI,REF187577,Success
PAY001829,INV001541,2026-08-02,7707.27,Credit Card,REF509148,Success
PAY001830,INV002577,2026-07-23,127684.48,UPI,REF150711,Success
PAY001831,INV000792,2025-12-08,143693.43,UPI,REF182669,Success
PAY001832,INV001624,2026-04-30,11565.77,Debit Card,REF798671,Success
PAY001833,INV001350,2026-01-01,221085.5,Credit Card,REF990582,Success
PAY001834,INV001084,2026-07-16,11506.27,Debit Card,REF320887,Success
PAY001835,INV002536,2025-11-13,213536.2,Cheque,REF304653,Failed
PAY001836,INV001570,2026-07-14,2770.07,Debit Card,REF579427,Success
PAY001837,INV000416,2026-06-27,140126.46,Debit Card,REF958471,Success
PAY001838,INV001705,2026-11-13,227854.41,Credit Card,REF585530,Success
PAY001839,INV001270,2025-10-04,44501.58,Bank Transfer,REF501439,Success
PAY001840,INV001394,2025-09-05,362918.07,Debit Card,REF221423,Success
PAY001841,INV000229,2026-10-27,11889.12,Debit Card,REF581906,Failed
PAY001842,INV001599,2025-04-18,362188.8,Bank Transfer,REF394335,Failed
PAY001843,INV002633,2026-07-31,19565.07,Bank Transfer,REF426314,Success
PAY001844,INV000823,2026-02-28,9595.83,Bank Transfer,REF627689,Success
PAY001845,INV000343,2025-04-18,247651.45,Cheque,REF316218,Success
PAY001846,INV002452,2026-06-23,22395.33,Debit Card,REF761488,Success
PAY001847,INV000284,2026-07-25,9038.17,Bank Transfer,REF833454,Success
PAY001848,INV001699,2026-03-22,142526.59,UPI,REF155807,Success
PAY001849,INV002203,2026-06-21,375269.76,Debit Card,REF910029,Success
PAY001850,INV001507,2025-06-29,18983.56,Credit Card,REF138319,Success
PAY001851,INV001345,2025-11-24,191104.62,UPI,REF549004,Success
PAY001852,INV001268,2025-06-22,163093.36,Cheque,REF758173,Success
PAY001853,INV002571,2026-01-05,14185.95,Cheque,REF987156,Success
PAY001854,INV001565,2026-08-04,38812.54,Debit Card,REF494682,Success
PAY001855,INV002143,2025-04-10,27694.45,Debit Card,REF510240,Success
PAY001856,INV001758,2025-09-01,48445.13,Bank Transfer,REF993338,Success
PAY001857,INV000831,2026-04-10,45896.54,Credit Card,REF236604,Success
PAY001858,INV001766,2025-02-03,8569.76,Debit Card,REF203274,Failed
PAY001859,INV002570,2026-07-13,2874.45,Bank Transfer,REF530023,Success
PAY001860,INV001379,2025-07-04,162447.13,Debit Card,REF342916,Failed
PAY001861,INV000229,2026-10-09,11378.57,UPI,REF612314,Success
PAY001862,INV002040,2025-11-28,4009.52,Bank Transfer,REF925859,Success
PAY001863,INV001694,2025-09-28,226962.6,Debit Card,REF178831,Success
PAY001864,INV001883,2025-04-29,195396.69,Credit Card,REF826541,Success
PAY001865,INV002576,2025-12-19,14556.23,UPI,REF264019,Success
PAY001866,INV001618,2026-01-29,86202.08,Bank Transfer,REF957407,Success
PAY001867,INV001047,2026-05-08,10870.86,Credit Card,REF954030,Success
PAY001868,INV001838,2025-12-18,5619,Credit Card,REF723544,Success
PAY001869,INV001866,2025-07-11,104439.41,Bank Transfer,REF543218,Success
PAY001870,INV001234,2025-04-09,214039.5,UPI,REF127047,Failed
PAY001871,INV002439,2025-04-30,25093.74,Debit Card,REF637742,Success
PAY001872,INV002302,2025-12-28,31950.19,UPI,REF614963,Success
PAY001873,INV000906,2026-09-19,201819.03,UPI,REF467752,Success
PAY001874,INV001712,2025-04-27,30479.41,Credit Card,REF302659,Success
PAY001875,INV002652,2026-07-18,190570.87,UPI,REF658675,Success
PAY001876,INV000355,2026-09-23,114197.01,Cheque,REF809719,Success
PAY001877,INV000236,2026-10-03,325142.7,Bank Transfer,REF422527,Failed
PAY001878,INV002243,2025-05-03,51655.72,Debit Card,REF877237,Failed
PAY001879,INV000355,2026-12-14,63821.78,Bank Transfer,REF114106,Success
PAY001880,INV002410,2026-07-18,38184.41,Cheque,REF503606,Success
PAY001881,INV002275,2026-01-13,55887.3,UPI,REF371122,Success
PAY001882,INV001215,2026-08-10,122695.49,Debit Card,REF177989,Success
PAY001883,INV001663,2025-09-23,84130.16,UPI,REF310983,Success
PAY001884,INV001628,2026-08-07,80375.15,Cheque,REF466421,Success
PAY001885,INV002349,2025-11-01,357052.45,UPI,REF404868,Success
PAY001886,INV000082,2025-09-28,34612.87,UPI,REF429758,Success
PAY001887,INV001074,2026-10-04,110879.4,Cheque,REF648177,Success
PAY001888,INV001476,2025-09-19,341702.37,UPI,REF277484,Success
PAY001889,INV002417,2026-09-05,250881.16,UPI,REF966981,Success
PAY001890,INV002206,2025-12-04,30536.86,Bank Transfer,REF580727,Failed
PAY001891,INV000942,2026-03-21,74967.26,Credit Card,REF819609,Success
PAY001892,INV001379,2025-07-20,142850.56,Cheque,REF124404,Success
PAY001893,INV001793,2025-04-05,57212.7,UPI,REF230879,Failed
PAY001894,INV002460,2025-10-23,265337.58,UPI,REF903610,Success
PAY001895,INV001445,2026-10-29,50838.81,Cheque,REF278712,Success
PAY001896,INV001507,2025-05-16,30845.15,Debit Card,REF339405,Success
PAY001897,INV000878,2025-06-14,99115.01,Bank Transfer,REF641976,Success
PAY001898,INV001685,2025-07-13,29038.35,Cheque,REF713819,Success
PAY001899,INV000937,2025-03-27,224493.89,Bank Transfer,REF306344,Success
PAY001900,INV002294,2025-04-21,163050.43,Cheque,REF759843,Success
PAY001901,INV001616,2026-05-28,137080.7,Credit Card,REF569132,Success
PAY001902,INV002592,2025-11-02,94160.27,UPI,REF445244,Success
PAY001903,INV000993,2025-05-12,54395.13,Debit Card,REF261022,Failed
PAY001904,INV000726,2026-05-06,55264.53,Debit Card,REF293135,Success
PAY001905,INV000978,2026-09-12,14027.03,Bank Transfer,REF487591,Success
PAY001906,INV000363,2025-12-16,345887.27,UPI,REF438370,Success
PAY001907,INV001271,2026-01-14,66721.44,UPI,REF329849,Success
PAY001908,INV001741,2026-09-20,15565.73,Bank Transfer,REF656540,Failed
PAY001909,INV001847,2026-05-25,165698.32,Cheque,REF570858,Success
PAY001910,INV000582,2026-06-07,41134.62,Debit Card,REF424700,Success
PAY001911,INV000956,2026-08-19,110662.22,UPI,REF593267,Success
PAY001912,INV002619,2026-08-22,277601.4,Debit Card,REF131148,Success
PAY001913,INV002365,2026-07-19,274445.68,Cheque,REF557346,Success
PAY001914,INV001254,2026-04-15,130359.25,Credit Card,REF947900,Failed
PAY001915,INV000926,2026-05-28,94214.19,Debit Card,REF174458,Success
PAY001916,INV000463,2026-07-14,74535.7,Debit Card,REF316726,Success
PAY001917,INV001595,2026-05-31,18981.9,UPI,REF118125,Success
PAY001918,INV000994,2026-08-16,23151.2,UPI,REF288554,Success
PAY001919,INV000089,2026-03-10,121346.58,Debit Card,REF267287,Success
PAY001920,INV002064,2026-08-07,223227.82,UPI,REF668838,Success
PAY001921,INV001684,2026-02-22,113808.69,Bank Transfer,REF459287,Success
PAY001922,INV000849,2026-08-23,429807.2,Bank Transfer,REF146009,Success
PAY001923,INV000598,2025-06-22,229242.49,Credit Card,REF865856,Success
PAY001924,INV000037,2025-08-06,9881.07,Cheque,REF446128,Success
PAY001925,INV002575,2025-09-18,5347.26,Cheque,REF854517,Success
PAY001926,INV000913,2026-06-10,192847.41,UPI,REF427623,Success
PAY001927,INV002594,2026-06-14,61129.13,Credit Card,REF653748,Success
PAY001928,INV000958,2026-06-25,13391.83,Credit Card,REF505502,Success
PAY001929,INV001977,2026-07-10,999.03,Debit Card,REF656760,Success
PAY001930,INV002523,2026-08-20,94146.84,Debit Card,REF318909,Success
PAY001931,INV000060,2026-03-14,72533.28,Debit Card,REF933633,Success
PAY001932,INV001191,2025-05-23,100001.34,Credit Card,REF343487,Success
PAY001933,INV002719,2026-05-24,17006.58,Cheque,REF993750,Success
PAY001934,INV001524,2026-04-14,14622.35,Credit Card,REF378553,Success
PAY001935,INV001427,2025-10-13,298155.09,Bank Transfer,REF485060,Success
PAY001936,INV002210,2025-11-02,308252.8,Credit Card,REF280304,Success
PAY001937,INV000193,2026-05-06,112991.34,Cheque,REF146973,Success
PAY001938,INV001154,2025-10-04,125795.04,Cheque,REF780145,Success
PAY001939,INV002093,2025-04-15,110583.79,UPI,REF225783,Success
PAY001940,INV001744,2026-09-11,46807.93,Cheque,REF130048,Success
PAY001941,INV001506,2025-07-24,68554.57,Cheque,REF340477,Failed
PAY001942,INV002263,2026-03-02,38970.99,Debit Card,REF573364,Success
PAY001943,INV000037,2025-10-18,17456.9,Credit Card,REF290187,Success
PAY001944,INV000164,2026-07-06,35702.35,Cheque,REF531170,Success
PAY001945,INV001195,2026-11-29,8476.9,Cheque,REF759153,Failed
PAY001946,INV001229,2025-10-09,272752.54,Bank Transfer,REF920228,Success
PAY001947,INV002644,2026-07-24,425011.45,Credit Card,REF327643,Success
PAY001948,INV000948,2026-10-13,18177.33,UPI,REF822205,Success
PAY001949,INV002030,2025-10-27,8466.93,Debit Card,REF783591,Success
PAY001950,INV000254,2025-06-22,12866.45,Credit Card,REF362534,Success
PAY001951,INV000538,2025-02-28,192620.29,Cheque,REF295438,Success
PAY001952,INV002378,2026-04-02,56615.11,UPI,REF685558,Success
PAY001953,INV001061,2025-03-11,12536.72,UPI,REF782437,Success
PAY001954,INV002348,2026-08-05,6627.83,UPI,REF463401,Success
PAY001955,INV001969,2025-05-04,101716.81,Debit Card,REF946794,Failed
PAY001956,INV001053,2025-10-01,220195.26,Cheque,REF393178,Success
PAY001957,INV001574,2026-02-10,180746,UPI,REF372734,Success
PAY001958,INV002712,2025-07-07,70894.62,Debit Card,REF899992,Success
PAY001959,INV002748,2026-04-04,9541.71,Credit Card,REF520645,Success
PAY001960,INV000795,2026-02-01,50212.46,Bank Transfer,REF984871,Success
PAY001961,INV001733,2025-06-22,12281.21,UPI,REF288990,Success
PAY001962,INV002614,2025-07-13,790686,Debit Card,REF453372,Success
PAY001963,INV001374,2025-04-26,194571.04,Debit Card,REF510086,Success
PAY001964,INV000875,2026-05-12,117821.81,UPI,REF329553,Success
PAY001965,INV000396,2025-10-12,26587.67,Bank Transfer,REF390748,Success
PAY001966,INV002301,2025-09-17,314305.95,Credit Card,REF605931,Failed
PAY001967,INV002368,2025-09-28,294219.75,Credit Card,REF378398,Success
PAY001968,INV002232,2025-06-27,49511,Cheque,REF723207,Success
PAY001969,INV002101,2025-10-28,1697.75,Debit Card,REF877987,Success
PAY001970,INV000579,2026-07-26,29066.89,Cheque,REF717157,Success
PAY001971,INV002094,2025-09-01,34990.62,Debit Card,REF214925,Success
PAY001972,INV001531,2025-10-06,23370.92,Bank Transfer,REF306916,Success
PAY001973,INV002487,2026-08-30,4059.49,Debit Card,REF842501,Success
PAY001974,INV000624,2026-02-19,272314.2,Bank Transfer,REF235157,Success
PAY001975,INV000779,2026-09-29,348922.64,Debit Card,REF430966,Success
PAY001976,INV000401,2026-08-08,26156.13,Credit Card,REF701193,Success
PAY001977,INV002517,2026-03-27,263324.31,Debit Card,REF167783,Success
PAY001978,INV001509,2026-02-06,52195.13,Debit Card,REF563007,Success
PAY001979,INV000489,2026-05-09,365862.46,Credit Card,REF745356,Success
PAY001980,INV002145,2025-10-03,32618.15,Debit Card,REF249241,Success
PAY001981,INV002095,2026-06-16,108361.06,UPI,REF197963,Success
PAY001982,INV002351,2025-11-13,17519.34,Cheque,REF341708,Success
PAY001983,INV001100,2025-04-02,52662.32,Debit Card,REF772265,Success
PAY001984,INV002737,2026-08-21,286098.63,Bank Transfer,REF449049,Success
PAY001985,INV002221,2025-11-02,20142.99,Credit Card,REF764973,Success
PAY001986,INV001535,2025-10-10,12972,Cheque,REF932761,Success
PAY001987,INV002248,2026-10-07,240482.4,UPI,REF414095,Failed
PAY001988,INV001485,2025-11-14,5747.2,Cheque,REF287891,Success
PAY001989,INV002030,2025-11-23,7602.48,Credit Card,REF554536,Success
PAY001990,INV001294,2026-02-12,128937.51,Debit Card,REF528864,Success
PAY001991,INV002118,2026-06-12,4502.98,Bank Transfer,REF891658,Failed
PAY001992,INV000533,2026-06-21,59315.8,UPI,REF934493,Success
PAY001993,INV000831,2026-01-12,39683.95,Bank Transfer,REF514458,Success
PAY001994,INV000213,2025-03-21,24643.48,Credit Card,REF425205,Success
PAY001995,INV002303,2025-12-26,429502.36,Bank Transfer,REF125057,Success
PAY001996,INV001216,2026-01-26,27990.45,Bank Transfer,REF473854,Failed
PAY001997,INV002383,2025-11-20,75280.41,UPI,REF431001,Success
PAY001998,INV002737,2026-08-10,284576.7,Credit Card,REF838967,Success
PAY001999,INV002175,2025-04-04,46385.97,Cheque,REF554261,Success
PAY002000,INV000688,2025-06-29,16941.72,Bank Transfer,REF807778,Success
PAY002001,INV001833,2025-04-15,78767.63,Cheque,REF149980,Success
PAY002002,INV000647,2026-07-27,143844.8,Credit Card,REF259582,Success
PAY002003,INV002574,2025-11-29,45842.71,Bank Transfer,REF469885,Success
PAY002004,INV000630,2026-04-07,25109.8,Debit Card,REF534996,Success
PAY002005,INV002497,2026-03-30,54738.47,UPI,REF544430,Success
PAY002006,INV001435,2026-10-28,177880.93,Debit Card,REF773986,Success
PAY002007,INV002030,2025-10-19,5067.67,Debit Card,REF150314,Success
PAY002008,INV000193,2026-04-13,64435.74,Cheque,REF492919,Success
PAY002009,INV001981,2025-04-30,151785.02,Bank Transfer,REF632297,Success
PAY002010,INV000529,2026-09-11,52156.62,Debit Card,REF682622,Success
PAY002011,INV000844,2025-01-29,33289.79,Debit Card,REF778463,Success
PAY002012,INV002279,2026-01-18,229044.69,Debit Card,REF747763,Success
PAY002013,INV000257,2025-08-08,4733.18,Cheque,REF184808,Success
PAY002014,INV002295,2026-07-18,17449.46,Cheque,REF898284,Success
PAY002015,INV001473,2025-04-20,30656.1,UPI,REF654154,Success
PAY002016,INV000570,2026-02-17,243618.36,Debit Card,REF643526,Success
PAY002017,INV000234,2026-10-28,14568.74,UPI,REF703003,Success
PAY002018,INV001954,2026-07-17,39964.13,Debit Card,REF969288,Success
PAY002019,INV000435,2025-01-29,1641.95,UPI,REF370908,Success
PAY002020,INV000287,2026-03-16,177674.7,Credit Card,REF146723,Success
PAY002021,INV002686,2025-09-28,41973.91,Cheque,REF455683,Failed
PAY002022,INV000158,2025-06-13,66507.63,Debit Card,REF104334,Success
PAY002023,INV001708,2025-08-14,395392.01,UPI,REF417287,Success
PAY002024,INV000841,2025-07-29,25637.28,Bank Transfer,REF928671,Success
PAY002025,INV002595,2026-02-08,108665.51,Debit Card,REF934808,Success
PAY002026,INV000796,2026-05-22,137149.76,Debit Card,REF244567,Success
PAY002027,INV000454,2026-09-09,99912.5,Credit Card,REF594621,Success
PAY002028,INV000381,2026-03-29,215312.2,UPI,REF883900,Success
PAY002029,INV001667,2026-02-16,101904.8,Bank Transfer,REF754679,Success
PAY002030,INV001651,2026-05-20,99404.84,Bank Transfer,REF506557,Success
PAY002031,INV000214,2025-05-19,506816.21,Credit Card,REF248339,Success
PAY002032,INV001031,2025-10-20,15526.33,Debit Card,REF558374,Success
PAY002033,INV000128,2026-01-09,239894.16,Cheque,REF513126,Success
PAY002034,INV002058,2025-06-24,132871.6,UPI,REF311951,Success
PAY002035,INV002409,2026-05-24,47097.44,Cheque,REF445821,Success
PAY002036,INV001494,2026-08-03,7021.67,Credit Card,REF629081,Success
PAY002037,INV001755,2026-05-26,244918.01,Credit Card,REF568314,Success
PAY002038,INV002144,2025-05-30,266325.32,Bank Transfer,REF411442,Success
PAY002039,INV002539,2026-09-16,154260.86,Cheque,REF622571,Success
PAY002040,INV000463,2026-06-25,64164.58,Cheque,REF226295,Success
PAY002041,INV000609,2025-06-22,129696.68,Cheque,REF643996,Success
PAY002042,INV002635,2026-02-16,82353.87,Bank Transfer,REF837787,Success
PAY002043,INV001310,2026-03-02,121922.68,Bank Transfer,REF655593,Success
PAY002044,INV000203,2026-09-13,161148.55,Credit Card,REF944934,Success
PAY002045,INV000111,2026-07-09,206842.08,Credit Card,REF609912,Success
PAY002046,INV001442,2025-10-04,159441.66,UPI,REF311241,Success
PAY002047,INV002538,2026-04-03,105098.46,UPI,REF935239,Success
PAY002048,INV002626,2026-08-26,178787.11,UPI,REF390897,Success
PAY002049,INV000052,2025-10-27,182186.79,UPI,REF594900,Success
PAY002050,INV001881,2026-07-20,138512.76,Debit Card,REF887331,Success
PAY002051,INV000835,2026-05-24,4887.17,UPI,REF100573,Success
PAY002052,INV001284,2026-08-28,389077.2,Credit Card,REF622302,Failed
PAY002053,INV001155,2026-05-21,69368.74,Credit Card,REF341423,Success
PAY002054,INV000880,2025-11-27,19590.37,Debit Card,REF990216,Failed
PAY002055,INV001415,2026-03-27,533.88,Credit Card,REF427491,Success
PAY002056,INV002333,2025-08-31,151350.97,UPI,REF271364,Success
PAY002057,INV001547,2025-11-14,326357.2,UPI,REF404195,Success
PAY002058,INV001706,2025-11-09,46495.53,UPI,REF163051,Failed
PAY002059,INV000395,2026-08-23,207485.21,Cheque,REF491896,Success
PAY002060,INV001278,2025-09-30,327683.88,Bank Transfer,REF730722,Success
PAY002061,INV000070,2025-08-12,108312.01,Credit Card,REF347547,Success
PAY002062,INV002496,2026-08-30,284867.16,Credit Card,REF136830,Success
PAY002063,INV000841,2025-09-24,34172.04,Credit Card,REF681372,Failed
PAY002064,INV001606,2025-05-08,152129.25,Bank Transfer,REF549274,Success
PAY002065,INV002009,2025-05-02,69575.61,Credit Card,REF517012,Success
PAY002066,INV000026,2025-08-22,148968.46,Cheque,REF760533,Failed
PAY002067,INV002648,2026-03-17,118980.53,UPI,REF408834,Success
PAY002068,INV001985,2025-05-08,85848.47,Credit Card,REF139923,Success
PAY002069,INV000424,2026-06-01,34693.06,Cheque,REF113382,Success
PAY002070,INV000249,2026-08-26,61878.31,Debit Card,REF764302,Success
PAY002071,INV001890,2026-04-28,7160,Debit Card,REF179089,Success
PAY002072,INV002691,2025-07-11,355044.81,Cheque,REF203870,Success
PAY002073,INV000430,2026-11-01,192147.73,Credit Card,REF356516,Success
PAY002074,INV000612,2025-12-08,444750.33,Debit Card,REF606386,Success
PAY002075,INV000025,2025-09-21,348569.51,Cheque,REF426602,Success
PAY002076,INV002366,2025-12-24,172222.46,Bank Transfer,REF178544,Success
PAY002077,INV001485,2025-08-25,6250.84,Credit Card,REF884250,Success
PAY002078,INV001725,2026-07-06,15314.08,Bank Transfer,REF823197,Failed
PAY002079,INV002166,2026-10-31,15709.87,Bank Transfer,REF504482,Success
PAY002080,INV000007,2025-12-22,31052.73,Credit Card,REF989668,Success
PAY002081,INV002262,2025-08-15,71033.28,Bank Transfer,REF906730,Success
PAY002082,INV002012,2026-03-21,209718.01,UPI,REF716139,Success
PAY002083,INV002240,2026-09-09,61798.7,Bank Transfer,REF154508,Success
PAY002084,INV001397,2025-11-14,41113.53,Debit Card,REF969077,Success
PAY002085,INV001667,2025-12-01,96719.35,Debit Card,REF432024,Success
PAY002086,INV001033,2026-01-14,1187.34,Bank Transfer,REF976265,Success
PAY002087,INV000152,2026-06-13,391172.8,Bank Transfer,REF268813,Success
PAY002088,INV000090,2026-03-15,477.49,Bank Transfer,REF122562,Success
PAY002089,INV002667,2025-11-29,131704.63,Cheque,REF625578,Success
PAY002090,INV001707,2026-04-15,38636.66,Credit Card,REF848113,Success
PAY002091,INV000119,2026-04-09,1261.17,Bank Transfer,REF725700,Success
PAY002092,INV000825,2026-05-24,58331.04,UPI,REF285221,Success
PAY002093,INV001279,2026-04-20,37223.46,Bank Transfer,REF973783,Success
PAY002094,INV000224,2025-12-01,121365.27,UPI,REF758762,Success
PAY002095,INV000696,2025-12-15,315110.59,Cheque,REF189277,Success
PAY002096,INV001896,2025-09-02,27107.83,Bank Transfer,REF461706,Success
PAY002097,INV002176,2026-06-19,39542.45,Debit Card,REF657019,Success
PAY002098,INV000523,2026-01-12,32306.72,Bank Transfer,REF255715,Success
PAY002099,INV000567,2026-02-04,127346.18,UPI,REF765947,Success
PAY002100,INV002210,2025-12-05,246909.38,Bank Transfer,REF356305,Success
PAY002101,INV001967,2026-03-04,256724.23,Cheque,REF789356,Success
PAY002102,INV000314,2026-03-09,353933.79,UPI,REF242822,Success
PAY002103,INV002563,2026-10-24,82104.98,Debit Card,REF467178,Success
PAY002104,INV000390,2025-10-15,2885.97,Debit Card,REF941615,Success
PAY002105,INV001363,2026-04-24,135783.29,UPI,REF860652,Success
PAY002106,INV000210,2026-06-04,24757.61,Cheque,REF183863,Success
PAY002107,INV002490,2025-07-13,84015.28,UPI,REF437178,Success
PAY002108,INV000116,2025-05-27,11316.62,UPI,REF187358,Success
PAY002109,INV001323,2026-01-08,90988.76,Credit Card,REF212488,Success
PAY002110,INV000662,2025-12-31,431575.03,UPI,REF979924,Success
PAY002111,INV000466,2025-09-10,72311.56,Cheque,REF577750,Success
PAY002112,INV000246,2025-04-10,318631.47,Debit Card,REF590237,Success
PAY002113,INV000800,2026-10-29,67570.13,Debit Card,REF358247,Success
PAY002114,INV000034,2025-11-30,16512.04,UPI,REF398057,Failed
PAY002115,INV000986,2026-11-06,54613.42,UPI,REF729478,Success
PAY002116,INV000130,2026-08-30,27218.65,Credit Card,REF228205,Success
PAY002117,INV001563,2025-08-30,17793.23,UPI,REF925923,Success
PAY002118,INV001303,2026-04-04,35331.43,UPI,REF693516,Success
PAY002119,INV002276,2026-07-25,151273.41,Cheque,REF857902,Success
PAY002120,INV001390,2025-06-01,45196.07,Bank Transfer,REF590282,Success
PAY002121,INV000934,2026-06-07,128509.29,Bank Transfer,REF415805,Success
PAY002122,INV002516,2025-11-03,487804.47,UPI,REF471156,Success
PAY002123,INV000941,2025-08-26,15014.29,Credit Card,REF599618,Success
PAY002124,INV000056,2025-05-06,44331.14,Cheque,REF991922,Success
PAY002125,INV001983,2025-11-10,181401.88,Debit Card,REF300746,Success
PAY002126,INV001107,2025-10-09,47057.78,Credit Card,REF653073,Success
PAY002127,INV002073,2025-07-20,17341.54,Cheque,REF489132,Success
PAY002128,INV001845,2025-08-02,74488.44,UPI,REF564003,Success
PAY002129,INV001479,2026-08-31,245284.97,Debit Card,REF238188,Success
PAY002130,INV000293,2025-12-25,340363.99,Debit Card,REF208436,Success
PAY002131,INV001168,2025-05-18,126773.04,UPI,REF362025,Success
PAY002132,INV001937,2026-09-01,104181.08,Credit Card,REF345392,Success
PAY002133,INV001600,2026-12-07,1798.25,Cheque,REF168678,Success
PAY002134,INV002551,2025-03-19,208370.83,Cheque,REF122185,Success
PAY002135,INV001913,2026-04-23,453921.2,Cheque,REF502792,Success
PAY002136,INV001757,2026-03-06,17210.48,Cheque,REF433046,Success
PAY002137,INV001068,2026-08-21,40739.67,Credit Card,REF163722,Success
PAY002138,INV001219,2025-08-04,14419.24,Credit Card,REF413679,Success
PAY002139,INV000971,2025-12-09,9103.72,Credit Card,REF530667,Failed
PAY002140,INV000689,2025-08-07,28954.37,Debit Card,REF908874,Success
PAY002141,INV002445,2026-02-05,2764.95,Cheque,REF830426,Success
PAY002142,INV000441,2025-06-13,43284.93,Cheque,REF344544,Success
PAY002143,INV001145,2025-10-13,19249.53,Cheque,REF776173,Success
PAY002144,INV000326,2025-05-09,100830.74,Bank Transfer,REF701703,Failed
PAY002145,INV000653,2025-08-10,6371.51,Debit Card,REF193336,Success
PAY002146,INV001514,2025-06-16,49528.04,Debit Card,REF223080,Success
PAY002147,INV000096,2025-05-12,63218.06,UPI,REF222218,Success
PAY002148,INV002563,2026-09-11,111727.08,UPI,REF939718,Success
PAY002149,INV001932,2026-12-10,42870.66,Debit Card,REF798287,Success
PAY002150,INV002626,2026-06-30,285881.4,Cheque,REF995352,Success
PAY002151,INV000240,2026-07-14,126833.07,Debit Card,REF594880,Success
PAY002152,INV001309,2025-04-22,90953.99,UPI,REF735547,Success
PAY002153,INV001699,2026-06-04,164068.53,Credit Card,REF127211,Failed
PAY002154,INV001114,2026-02-28,488694.49,Debit Card,REF103922,Success
PAY002155,INV000008,2025-03-15,67400.42,UPI,REF943065,Success
PAY002156,INV001489,2025-09-25,47418.07,Bank Transfer,REF630097,Success
PAY002157,INV002446,2026-05-05,280825.01,Cheque,REF376118,Success
PAY002158,INV001811,2026-06-22,319328.88,UPI,REF709751,Success
PAY002159,INV000711,2026-05-14,90619.97,UPI,REF530242,Success
PAY002160,INV002031,2025-08-03,24998.75,Bank Transfer,REF622595,Failed
PAY002161,INV002594,2026-05-04,65005.06,UPI,REF695817,Success
PAY002162,INV001347,2026-02-22,182888.12,Bank Transfer,REF897060,Success
PAY002163,INV000475,2026-08-31,367413.82,Credit Card,REF230354,Success
PAY002164,INV001752,2025-07-21,172252.26,Credit Card,REF653893,Success
PAY002165,INV001301,2026-05-07,21194.46,UPI,REF360515,Success
PAY002166,INV001204,2025-08-07,40504.21,Debit Card,REF226101,Success
PAY002167,INV001550,2026-02-03,206522.31,Debit Card,REF203902,Success
PAY002168,INV000128,2025-11-27,196935.95,Cheque,REF639932,Success
PAY002169,INV002092,2026-07-31,10556.39,Bank Transfer,REF966673,Success
PAY002170,INV000336,2025-08-08,41150.39,UPI,REF434189,Success
PAY002171,INV001657,2025-07-12,224083.1,UPI,REF607263,Success
PAY002172,INV001933,2025-07-01,39675.95,Debit Card,REF428242,Success
PAY002173,INV000426,2025-06-09,40864.2,Debit Card,REF728903,Success
PAY002174,INV000577,2026-12-10,121676.54,UPI,REF557414,Failed
PAY002175,INV001910,2026-10-05,19367.37,Cheque,REF570067,Failed
PAY002176,INV001069,2025-07-22,158640.56,Bank Transfer,REF225245,Success
PAY002177,INV000444,2026-03-21,156445.18,Cheque,REF182233,Success
PAY002178,INV002100,2026-08-15,212156.93,Credit Card,REF986834,Success
PAY002179,INV000291,2026-02-14,389338.75,Cheque,REF822153,Success
PAY002180,INV001679,2025-02-04,269407.74,Debit Card,REF529396,Success
PAY002181,INV002078,2025-06-05,25212.45,Cheque,REF920579,Success
PAY002182,INV000983,2026-02-16,230524.38,Debit Card,REF122532,Success
PAY002183,INV000278,2025-03-15,186668.67,UPI,REF238678,Success
PAY002184,INV001398,2026-01-04,17993.33,Debit Card,REF460920,Success
PAY002185,INV001088,2025-11-10,32998.37,UPI,REF941782,Success
PAY002186,INV002194,2026-01-09,49459.02,Debit Card,REF378962,Success
PAY002187,INV002241,2025-04-24,37356.42,Credit Card,REF421786,Success
PAY002188,INV001125,2026-02-20,10543.52,Cheque,REF647288,Success
PAY002189,INV001282,2025-11-19,49721.94,UPI,REF636054,Success
PAY002190,INV001854,2025-05-29,64290.07,Debit Card,REF496266,Success
PAY002191,INV001284,2026-07-21,314745.72,Bank Transfer,REF968367,Success
PAY002192,INV000281,2026-03-20,88218.66,Cheque,REF311693,Success
PAY002193,INV000250,2026-10-10,584.83,Bank Transfer,REF680434,Success
PAY002194,INV001348,2025-09-10,29162.51,Debit Card,REF103503,Success
PAY002195,INV000502,2026-07-21,11219.07,Cheque,REF713535,Success
PAY002196,INV002151,2025-10-03,78525.36,Bank Transfer,REF239898,Success
PAY002197,INV002344,2025-12-04,238864.69,UPI,REF740482,Success
PAY002198,INV001271,2025-12-04,77490.97,Debit Card,REF774865,Success
PAY002199,INV000179,2025-04-29,145777.51,UPI,REF848304,Failed
PAY002200,INV002185,2026-08-16,313642.62,Credit Card,REF481239,Success
PAY002201,INV000325,2026-05-28,105402.37,Credit Card,REF891095,Success
PAY002202,INV000436,2026-08-28,154107,Debit Card,REF451906,Success
PAY002203,INV000739,2026-03-21,146980.56,UPI,REF522005,Success
PAY002204,INV001065,2026-04-16,146732.28,Debit Card,REF474697,Success
PAY002205,INV001500,2026-06-14,193328.46,Credit Card,REF292539,Failed
PAY002206,INV000344,2026-08-06,76075.51,Debit Card,REF379999,Failed
PAY002207,INV001849,2026-01-26,45063.72,Credit Card,REF535169,Success
PAY002208,INV000302,2026-04-27,14855.89,Bank Transfer,REF413940,Failed
PAY002209,INV002263,2026-01-20,35247.66,Debit Card,REF771019,Success
PAY002210,INV000307,2026-04-20,2744.24,Bank Transfer,REF227095,Success
PAY002211,INV000268,2026-01-12,265270.42,UPI,REF359579,Failed
PAY002212,INV001551,2025-08-05,9269.74,Cheque,REF835329,Success
PAY002213,INV000692,2025-05-17,236589.59,Bank Transfer,REF704775,Success
PAY002214,INV001774,2026-09-02,27120.2,Bank Transfer,REF911905,Success
PAY002215,INV002029,2025-08-03,629558.68,UPI,REF325820,Success
PAY002216,INV000114,2026-01-18,19329,Bank Transfer,REF298087,Success
PAY002217,INV001691,2025-07-14,52076.23,Cheque,REF401334,Failed
PAY002218,INV001180,2025-12-13,207553.12,Cheque,REF315559,Success
PAY002219,INV001949,2025-03-05,251179.63,Debit Card,REF296639,Success
PAY002220,INV001188,2026-03-01,170459.49,Cheque,REF446247,Success
PAY002221,INV001112,2025-11-23,26476.4,Cheque,REF365336,Success
PAY002222,INV000645,2026-02-26,204102.43,Debit Card,REF144542,Success
PAY002223,INV000283,2026-02-03,19823.55,Cheque,REF197276,Success
PAY002224,INV002048,2025-10-22,125496.3,Debit Card,REF714379,Failed
PAY002225,INV001175,2025-08-30,63664.69,Cheque,REF297297,Failed
PAY002226,INV001551,2025-10-20,6732.35,Bank Transfer,REF385305,Success
PAY002227,INV000165,2025-05-25,146842.22,Bank Transfer,REF713337,Success
PAY002228,INV001320,2025-06-22,340982.32,Credit Card,REF592209,Success
PAY002229,INV000677,2025-06-07,22409.7,Bank Transfer,REF192472,Success
PAY002230,INV002276,2026-06-23,118109.55,Debit Card,REF930328,Success
PAY002231,INV000743,2026-01-20,122847.86,Cheque,REF765265,Failed
PAY002232,INV001942,2025-11-18,6986.25,Debit Card,REF435461,Success
PAY002233,INV000521,2025-12-30,13789,Cheque,REF662460,Success
PAY002234,INV002366,2025-12-01,116768.01,Credit Card,REF736730,Failed
PAY002235,INV000210,2026-04-15,37258.79,Credit Card,REF222805,Failed
PAY002236,INV002654,2026-04-28,38441.23,Cheque,REF292307,Success
PAY002237,INV001710,2026-11-16,142731.33,UPI,REF169981,Success
PAY002238,INV002138,2026-08-23,35767.04,Credit Card,REF520847,Success
PAY002239,INV000188,2025-08-02,119815.12,UPI,REF887627,Success
PAY002240,INV002466,2026-04-19,123841.22,Credit Card,REF614232,Success
PAY002241,INV002094,2025-11-09,31724.69,Debit Card,REF357268,Success
PAY002242,INV000019,2026-01-29,339511.89,Bank Transfer,REF173919,Success
PAY002243,INV001525,2025-05-26,174321.74,Bank Transfer,REF512407,Success
PAY002244,INV001637,2026-04-10,22027.47,Credit Card,REF395605,Success
PAY002245,INV001171,2025-05-29,191977.39,Cheque,REF121267,Success
PAY002246,INV001950,2026-06-15,148303.87,Credit Card,REF164203,Success
PAY002247,INV000296,2025-11-24,218217.54,UPI,REF407124,Failed
PAY002248,INV002725,2025-12-31,25554.21,Cheque,REF220716,Success
PAY002249,INV000384,2026-07-08,134013.45,Debit Card,REF125060,Success
PAY002250,INV001478,2026-12-22,6836.49,Cheque,REF618935,Failed
PAY002251,INV000554,2025-05-22,11788.65,Cheque,REF276604,Failed
PAY002252,INV000510,2026-05-13,233434.56,Bank Transfer,REF626611,Success
PAY002253,INV000330,2025-10-07,163558.94,Credit Card,REF784423,Success
PAY002254,INV000227,2025-12-14,33819.93,Bank Transfer,REF890369,Success
PAY002255,INV001584,2025-08-08,160658.39,Credit Card,REF322268,Success
PAY002256,INV000917,2025-06-26,409596.41,UPI,REF862080,Success
PAY002257,INV001309,2025-05-03,77173.94,Cheque,REF392805,Success
PAY002258,INV000597,2025-03-17,50268.63,Bank Transfer,REF999474,Success
PAY002259,INV000645,2026-01-06,192865.56,Debit Card,REF256484,Success
PAY002260,INV001014,2026-04-13,536014.09,Credit Card,REF882894,Success
PAY002261,INV000650,2025-10-17,7008.86,Bank Transfer,REF288978,Success
PAY002262,INV000615,2025-07-10,423625.74,Debit Card,REF205174,Success
PAY002263,INV002665,2026-09-30,17473.34,Credit Card,REF653302,Success
PAY002264,INV001251,2025-12-13,389085.82,UPI,REF959703,Success
PAY002265,INV000897,2026-08-13,110816.23,Cheque,REF940729,Success
PAY002266,INV002112,2026-01-02,167967.75,Cheque,REF844141,Success
PAY002267,INV001184,2026-03-04,376159.04,Bank Transfer,REF393569,Success
PAY002268,INV000699,2025-06-07,184534.87,Credit Card,REF949931,Failed
PAY002269,INV002017,2026-01-28,215705.66,Cheque,REF829836,Success
PAY002270,INV000934,2026-06-09,62328.36,Cheque,REF331078,Failed
PAY002271,INV002008,2025-08-01,19318.06,Cheque,REF137838,Success
PAY002272,INV002483,2025-08-04,141591.47,Debit Card,REF564209,Success
PAY002273,INV002186,2025-11-09,24072.22,Credit Card,REF466511,Success
PAY002274,INV001105,2026-07-17,25923.71,Credit Card,REF397914,Success
PAY002275,INV001254,2026-04-09,112123.93,Debit Card,REF333303,Success
PAY002276,INV000602,2025-08-28,9981.05,Bank Transfer,REF930613,Success
PAY002277,INV000837,2025-10-02,26899.34,Cheque,REF323554,Success
PAY002278,INV001988,2026-07-13,366322.96,Debit Card,REF768896,Success
PAY002279,INV002018,2026-01-01,42839.13,Bank Transfer,REF723102,Success
PAY002280,INV000313,2026-06-17,17010.84,Debit Card,REF445924,Success
PAY002281,INV000467,2025-10-05,44527.83,Debit Card,REF364525,Success
PAY002282,INV001562,2025-12-29,212845.95,Debit Card,REF566419,Success
PAY002283,INV001816,2026-04-16,165171.67,UPI,REF960974,Success
PAY002284,INV000384,2026-07-30,170788.22,UPI,REF783908,Success
PAY002285,INV000914,2026-01-16,5906.43,Bank Transfer,REF343588,Success
PAY002286,INV001620,2026-03-06,56946.2,Credit Card,REF453124,Success
PAY002287,INV000502,2026-09-06,12323.95,Cheque,REF419904,Success
PAY002288,INV000226,2026-06-28,24689.45,Credit Card,REF187203,Success
PAY002289,INV000955,2025-10-07,304291.87,Bank Transfer,REF124775,Success
PAY002290,INV000542,2025-08-30,191492.97,Bank Transfer,REF958825,Success
PAY002291,INV000717,2026-10-08,173449.84,Debit Card,REF912289,Success
PAY002292,INV001626,2025-05-23,67238.24,Cheque,REF829512,Success
PAY002293,INV001726,2026-06-23,59806.39,Debit Card,REF117294,Failed
PAY002294,INV002550,2025-06-26,434663.2,Credit Card,REF670358,Success
PAY002295,INV001670,2025-12-21,71647.88,Cheque,REF885465,Failed
PAY002296,INV002088,2025-04-20,22068.17,Debit Card,REF687946,Success
PAY002297,INV002360,2026-11-13,198673.25,Credit Card,REF702043,Success
PAY002298,INV000354,2025-07-08,339670.87,Cheque,REF651014,Success
PAY002299,INV002384,2025-04-12,26509.22,Bank Transfer,REF435367,Success
PAY002300,INV002329,2025-12-24,1284.77,Debit Card,REF487031,Success
PAY002301,INV000527,2026-01-19,31137.5,Cheque,REF403962,Success
PAY002302,INV001624,2026-07-25,6489.48,Bank Transfer,REF157862,Success
PAY002303,INV000994,2026-10-24,23872.97,UPI,REF988681,Success
PAY002304,INV001323,2025-11-05,198859.94,Bank Transfer,REF348670,Failed
PAY002305,INV001606,2025-05-14,160555.07,UPI,REF965672,Success
PAY002306,INV002709,2025-03-20,409779.67,Credit Card,REF815751,Success
PAY002307,INV000303,2026-06-13,54707.86,Debit Card,REF407682,Success
PAY002308,INV001692,2026-09-17,359672.58,Bank Transfer,REF301196,Failed
PAY002309,INV001702,2026-03-07,130375.19,Cheque,REF595348,Success
PAY002310,INV000620,2025-04-14,34397.23,UPI,REF652647,Success
PAY002311,INV000015,2025-09-10,29525.97,Bank Transfer,REF296425,Success
PAY002312,INV001705,2026-08-10,114631.09,Cheque,REF628441,Success
PAY002313,INV001254,2026-04-17,218563.82,Bank Transfer,REF690563,Success
PAY002314,INV000825,2026-04-23,57124.59,Cheque,REF581837,Success
PAY002315,INV000483,2025-07-14,455274.79,UPI,REF482869,Success
PAY002316,INV002303,2026-03-11,410377.64,Cheque,REF332421,Success
PAY002317,INV000660,2026-03-25,164516.36,Credit Card,REF871659,Success
PAY002318,INV000661,2025-08-27,323717.59,Bank Transfer,REF349759,Success
PAY002319,INV000511,2025-04-29,70430.94,UPI,REF121874,Failed
PAY002320,INV002016,2025-08-25,179047.06,Cheque,REF754090,Success
PAY002321,INV002178,2026-05-02,158148.1,UPI,REF141120,Success
PAY002322,INV001483,2025-08-18,93805.38,Debit Card,REF149397,Failed
PAY002323,INV002008,2025-06-21,19869.71,Cheque,REF605573,Success
PAY002324,INV001154,2025-10-27,150171.37,Bank Transfer,REF833624,Success
PAY002325,INV002383,2026-02-21,109407.06,Debit Card,REF973959,Success
PAY002326,INV001748,2025-08-20,772450.26,UPI,REF134767,Success
PAY002327,INV002472,2025-07-03,43803.58,Bank Transfer,REF180449,Failed
PAY002328,INV002590,2025-08-31,74076.49,Bank Transfer,REF502292,Success
PAY002329,INV000977,2025-12-03,203678.83,Credit Card,REF604989,Success
PAY002330,INV002637,2025-06-13,107905.03,Debit Card,REF496382,Success
PAY002331,INV000804,2026-07-30,2140.14,Debit Card,REF490528,Success
PAY002332,INV002383,2026-02-28,132735.71,Credit Card,REF957612,Success
PAY002333,INV002108,2025-10-21,22328.21,Credit Card,REF883298,Failed
PAY002334,INV000878,2025-06-01,240581.65,UPI,REF517579,Success
PAY002335,INV001787,2026-09-05,76315.13,Debit Card,REF334349,Success
PAY002336,INV001987,2026-05-29,87935.64,Bank Transfer,REF981564,Success
PAY002337,INV001971,2026-07-04,42850.17,Cheque,REF352701,Success
PAY002338,INV000855,2025-08-29,115375,UPI,REF207220,Success
PAY002339,INV002103,2026-03-01,133049.68,UPI,REF106189,Success
PAY002340,INV002331,2025-10-07,530.26,Cheque,REF644833,Success
PAY002341,INV000710,2026-03-12,109302.14,Bank Transfer,REF810490,Success
PAY002342,INV002170,2026-04-16,17125.7,Credit Card,REF248491,Success
PAY002343,INV000933,2026-01-26,2799.31,Bank Transfer,REF251169,Success
PAY002344,INV001238,2025-03-13,247391.91,Credit Card,REF766791,Success
PAY002345,INV000579,2026-03-31,16709.95,Credit Card,REF499540,Success
PAY002346,INV001383,2026-07-25,48224.73,Debit Card,REF113173,Success
PAY002347,INV000443,2025-11-26,137741.52,Credit Card,REF230302,Success
PAY002348,INV001058,2025-11-27,114897.12,UPI,REF129398,Success
PAY002349,INV001275,2025-06-11,151256.23,Cheque,REF973147,Success
PAY002350,INV002306,2026-05-06,1522.32,Cheque,REF127980,Success
PAY002351,INV000411,2026-03-02,177638.53,Credit Card,REF508717,Success
PAY002352,INV002118,2026-05-19,4074.6,Debit Card,REF797194,Success
PAY002353,INV001948,2025-11-16,8896.27,Credit Card,REF216332,Success
PAY002354,INV001825,2026-07-10,86763.19,Debit Card,REF220094,Success
PAY002355,INV001149,2026-06-04,25354.73,Debit Card,REF773337,Success
PAY002356,INV001336,2025-05-25,27566.42,Debit Card,REF496414,Success
PAY002357,INV001238,2025-05-09,500917.76,Bank Transfer,REF554044,Success
PAY002358,INV002450,2025-10-04,20799.74,UPI,REF291870,Success
PAY002359,INV000656,2025-08-27,18915.11,Credit Card,REF530533,Failed
PAY002360,INV001138,2026-01-15,7993.51,Bank Transfer,REF448180,Success
PAY002361,INV001284,2026-08-21,308471,Credit Card,REF409238,Success
PAY002362,INV002737,2026-05-19,297674.47,UPI,REF150140,Success
PAY002363,INV000785,2026-01-27,155172.59,Cheque,REF359167,Success
PAY002364,INV000653,2025-09-13,9378.09,Cheque,REF181088,Success
PAY002365,INV001987,2026-06-11,80276.86,Bank Transfer,REF889453,Success
PAY002366,INV001179,2025-10-10,77959.99,Bank Transfer,REF428279,Success
PAY002367,INV000273,2025-12-04,23892.38,UPI,REF453852,Success
PAY002368,INV000551,2025-08-11,14719.27,Debit Card,REF700137,Success
PAY002369,INV000791,2025-06-26,371598.25,UPI,REF252067,Success
PAY002370,INV000788,2025-12-03,109778.68,Bank Transfer,REF151125,Success
PAY002371,INV001900,2025-08-01,41618.29,UPI,REF767671,Success
PAY002372,INV000534,2026-03-06,54121.78,Credit Card,REF304571,Success
PAY002373,INV001009,2026-03-28,76017.75,UPI,REF997395,Failed
PAY002374,INV002507,2025-06-07,264543.92,UPI,REF940494,Success
PAY002375,INV000661,2025-07-23,318695.66,UPI,REF153260,Success
PAY002376,INV000819,2026-08-09,11563.45,Credit Card,REF398742,Success
PAY002377,INV002226,2025-05-22,84207.68,Debit Card,REF865853,Success
PAY002378,INV001110,2026-02-08,36669.79,Bank Transfer,REF767290,Failed
PAY002379,INV000135,2025-10-23,1035.99,Debit Card,REF438246,Success
PAY002380,INV001635,2025-03-29,168006.8,Debit Card,REF434721,Success
PAY002381,INV001952,2025-12-13,25671.49,UPI,REF385813,Success
PAY002382,INV002664,2025-10-19,503.59,UPI,REF480969,Success
PAY002383,INV000965,2025-08-12,9943.04,Cheque,REF616731,Success
PAY002384,INV000111,2026-08-03,91027.98,Credit Card,REF384257,Success
PAY002385,INV000230,2026-08-15,174523.39,Bank Transfer,REF944806,Success
PAY002386,INV002563,2026-08-16,109936.99,Bank Transfer,REF639972,Success
PAY002387,INV000763,2025-09-30,5187.62,Credit Card,REF776653,Success
PAY002388,INV002674,2025-04-07,31337.21,Debit Card,REF262081,Success
PAY002389,INV000847,2025-08-14,82367.06,UPI,REF235733,Success
PAY002390,INV002581,2026-08-10,32212.57,Bank Transfer,REF592644,Success
PAY002391,INV001621,2026-09-02,30808.89,UPI,REF353688,Success
PAY002392,INV001780,2025-05-31,180653.6,Debit Card,REF556550,Success
PAY002393,INV001839,2025-11-14,516325.51,Credit Card,REF503155,Success
PAY002394,INV000090,2026-03-06,307.87,Cheque,REF895318,Success
PAY002395,INV000266,2025-05-22,206521.01,Cheque,REF297303,Success
PAY002396,INV001099,2025-08-24,35195.06,UPI,REF784719,Success
PAY002397,INV000350,2025-03-04,110315.7,Bank Transfer,REF928726,Success
PAY002398,INV001797,2025-08-25,255089.74,Bank Transfer,REF536740,Success
PAY002399,INV000571,2025-11-26,21817.57,Credit Card,REF567099,Success
PAY002400,INV000440,2025-08-19,271738.42,Credit Card,REF764047,Success
PAY002401,INV002136,2025-10-28,227582.04,UPI,REF554939,Success
PAY002402,INV000103,2025-07-03,21593.33,Credit Card,REF113845,Failed
PAY002403,INV002643,2025-10-12,13664.88,Debit Card,REF181955,Success
PAY002404,INV002318,2025-06-02,18494.87,Bank Transfer,REF360484,Success
PAY002405,INV000823,2026-02-12,8379.69,Bank Transfer,REF660035,Success
PAY002406,INV001101,2025-07-07,226325.36,Bank Transfer,REF876670,Success
PAY002407,INV001056,2025-04-22,96540.45,Credit Card,REF921713,Success
PAY002408,INV000391,2025-05-09,133362.03,Credit Card,REF536009,Success
PAY002409,INV001345,2025-10-29,184283.2,Cheque,REF530029,Success
PAY002410,INV000465,2025-11-09,145581.69,Cheque,REF214621,Success
PAY002411,INV001691,2025-06-18,49642.75,UPI,REF760702,Success
PAY002412,INV002407,2025-09-14,13092.73,Debit Card,REF785584,Failed
PAY002413,INV000120,2026-10-13,1825.29,Cheque,REF203982,Success
PAY002414,INV001409,2025-07-07,141313.21,Debit Card,REF132138,Success
PAY002415,INV002526,2025-02-11,29743.95,Bank Transfer,REF378441,Success
PAY002416,INV002395,2025-07-03,235307.58,UPI,REF427237,Success
PAY002417,INV000211,2025-09-28,72598.89,Credit Card,REF738282,Success
PAY002418,INV001349,2025-09-15,67815.22,UPI,REF912925,Success
PAY002419,INV000748,2025-09-20,226382.74,Cheque,REF881072,Success
PAY002420,INV002542,2025-04-15,225524.31,Debit Card,REF418169,Success
PAY002421,INV000029,2026-08-05,132001.03,Cheque,REF529536,Success
PAY002422,INV000337,2026-05-07,10279.58,UPI,REF248590,Success
PAY002423,INV001788,2026-02-13,113424.56,Debit Card,REF710290,Success
PAY002424,INV000264,2026-02-07,122229.12,UPI,REF542479,Success
PAY002425,INV002056,2026-06-16,161320.1,Bank Transfer,REF500551,Success
PAY002426,INV001126,2026-03-03,2779.18,Cheque,REF795059,Success
PAY002427,INV002045,2026-08-20,52320.67,Debit Card,REF646794,Success
PAY002428,INV000502,2026-08-07,12393.69,UPI,REF736506,Success
PAY002429,INV002211,2025-05-30,11287.52,Credit Card,REF869460,Success
PAY002430,INV000951,2026-06-29,175063.76,Cheque,REF140901,Success
PAY002431,INV002613,2025-12-03,104377.3,Debit Card,REF952356,Success
PAY002432,INV002501,2025-08-15,245550.88,Credit Card,REF230423,Success
PAY002433,INV000549,2025-02-15,88372.99,Cheque,REF142648,Success
PAY002434,INV002139,2026-07-02,211707.12,Cheque,REF405486,Success
PAY002435,INV002390,2025-04-09,42724.63,Bank Transfer,REF493289,Success
PAY002436,INV000372,2026-11-14,297694.54,Credit Card,REF713558,Success
PAY002437,INV001737,2025-03-13,62251.82,UPI,REF854559,Success
PAY002438,INV000656,2025-10-22,21534.63,Bank Transfer,REF213744,Failed
PAY002439,INV002713,2025-11-28,405289.69,Bank Transfer,REF240435,Success
PAY002440,INV002521,2025-07-27,22181.03,Credit Card,REF294205,Success
PAY002441,INV000325,2026-05-23,47747.05,Credit Card,REF606600,Failed
PAY002442,INV001852,2026-07-29,59854.38,UPI,REF370097,Failed
PAY002443,INV002565,2025-04-24,220001.54,Cheque,REF794567,Success
PAY002444,INV002692,2026-06-09,41267.17,Bank Transfer,REF118141,Success
PAY002445,INV002708,2026-05-22,76077.72,Bank Transfer,REF710843,Success
PAY002446,INV001270,2025-12-06,60834.49,Bank Transfer,REF639350,Success
PAY002447,INV001421,2025-05-15,36250.73,Bank Transfer,REF974421,Failed
PAY002448,INV002723,2025-05-03,16986.5,Cheque,REF580350,Success
PAY002449,INV002091,2026-06-10,77422.25,UPI,REF559491,Success
PAY002450,INV002343,2026-04-22,538878.84,Cheque,REF573076,Success
PAY002451,INV001152,2025-05-30,15406.85,UPI,REF106401,Failed
PAY002452,INV000684,2026-07-13,18394.43,UPI,REF659050,Success
PAY002453,INV001991,2026-09-26,121154.01,Debit Card,REF767964,Failed
PAY002454,INV002567,2025-06-02,15351.36,Cheque,REF254944,Success
PAY002455,INV000229,2026-08-31,7962,Bank Transfer,REF983693,Success
PAY002456,INV000084,2026-10-14,38792.42,Cheque,REF933642,Success
PAY002457,INV001902,2026-03-11,155619.9,Cheque,REF209774,Failed
PAY002458,INV001900,2025-10-18,52851.66,UPI,REF576706,Success
PAY002459,INV000616,2026-01-02,89445.03,Cheque,REF751082,Success
PAY002460,INV001765,2025-05-26,575153,Credit Card,REF774250,Success
PAY002461,INV002720,2025-11-18,36327.12,Credit Card,REF344673,Success
PAY002462,INV000095,2025-08-31,43879.04,Debit Card,REF815914,Success
PAY002463,INV000339,2026-09-08,30072.91,Bank Transfer,REF939706,Success
PAY002464,INV001823,2026-10-06,21495.78,Cheque,REF996989,Failed
PAY002465,INV001356,2026-09-18,24561.47,UPI,REF832535,Success
PAY002466,INV000385,2026-05-26,332684.28,Debit Card,REF719190,Success
PAY002467,INV000455,2026-08-24,34306.9,Bank Transfer,REF783682,Success
PAY002468,INV002077,2025-06-19,9126.34,Cheque,REF353191,Success
PAY002469,INV000103,2025-08-29,38072,Credit Card,REF735706,Success
PAY002470,INV000643,2025-06-22,41664.2,Debit Card,REF936007,Success
PAY002471,INV002560,2026-07-03,141288.4,UPI,REF527472,Success
PAY002472,INV000511,2025-03-10,49244.46,Debit Card,REF138072,Success
PAY002473,INV000384,2026-08-25,252814.25,Cheque,REF264494,Success
PAY002474,INV001947,2026-03-20,1918.92,Debit Card,REF521161,Success
PAY002475,INV001471,2025-09-03,254329.1,Debit Card,REF220895,Failed
PAY002476,INV001377,2026-10-07,24750.45,Debit Card,REF273151,Failed
PAY002477,INV000176,2026-05-14,20755.11,Bank Transfer,REF672948,Success
PAY002478,INV001285,2025-10-07,10360.86,Debit Card,REF811358,Success
PAY002479,INV002657,2025-09-14,22911.64,Debit Card,REF278587,Success
PAY002480,INV002415,2026-02-02,214217.1,Debit Card,REF300630,Success
PAY002481,INV002509,2025-02-24,323280.77,Bank Transfer,REF909312,Success
PAY002482,INV001474,2026-12-17,15030.51,UPI,REF131807,Failed
PAY002483,INV002452,2026-05-11,25650.45,Bank Transfer,REF755031,Failed
PAY002484,INV002159,2026-08-10,178754.1,Credit Card,REF648177,Success
PAY002485,INV000385,2026-03-28,190994.4,UPI,REF100105,Success
PAY002486,INV001337,2025-08-07,50050.97,Debit Card,REF587799,Success
PAY002487,INV000233,2026-01-11,303056.02,Bank Transfer,REF160678,Success
PAY002488,INV001399,2026-07-29,54174.65,Bank Transfer,REF636225,Success
PAY002489,INV002490,2025-09-08,65871.45,Debit Card,REF336741,Success
PAY002490,INV002693,2026-01-08,23141.9,Credit Card,REF861022,Success
PAY002491,INV001602,2026-01-23,25979.04,Cheque,REF537619,Success
PAY002492,INV000709,2026-01-24,8733.17,UPI,REF109490,Success
PAY002493,INV001818,2026-03-12,21967.22,Debit Card,REF917699,Success
PAY002494,INV001960,2026-06-10,68044.87,UPI,REF643299,Success
PAY002495,INV001357,2025-06-10,150777.14,UPI,REF866225,Success
PAY002496,INV002028,2025-04-04,10658.86,Bank Transfer,REF324631,Success
PAY002497,INV002157,2025-06-21,16078.06,Credit Card,REF826392,Success
PAY002498,INV001625,2026-08-10,10495.69,Credit Card,REF482095,Success
PAY002499,INV001436,2025-12-24,20656.58,UPI,REF146048,Success
PAY002500,INV001681,2026-07-13,17063.65,Cheque,REF839051,Success
PAY002501,INV001270,2025-09-30,103549.76,Debit Card,REF434601,Success
PAY002502,INV000291,2026-04-24,227393.06,UPI,REF284473,Success
PAY002503,INV001433,2026-02-01,26167.66,Debit Card,REF461859,Success
PAY002504,INV002495,2025-12-25,49649.62,Credit Card,REF388980,Success
PAY002505,INV001031,2025-10-01,7293.4,Credit Card,REF678097,Success
PAY002506,INV001709,2026-02-21,84742.88,Credit Card,REF705701,Success
PAY002507,INV001822,2026-02-04,48879.67,Credit Card,REF447048,Success
PAY002508,INV002170,2026-07-01,13190.25,Bank Transfer,REF387710,Success
PAY002509,INV000567,2026-04-06,98318.21,Cheque,REF856040,Success
PAY002510,INV000559,2025-10-17,377460.07,Cheque,REF395781,Success
PAY002511,INV002521,2025-10-22,28082.05,Credit Card,REF137997,Success
PAY002512,INV000196,2026-08-26,26798.55,Bank Transfer,REF699349,Success
PAY002513,INV000476,2026-01-12,137101.9,Cheque,REF158831,Success
PAY002514,INV002329,2025-09-11,1371.14,Debit Card,REF967009,Success
PAY002515,INV001066,2026-07-13,140080.01,UPI,REF694854,Success
PAY002516,INV002087,2025-03-16,69330.93,Cheque,REF488070,Success
PAY002517,INV000459,2026-09-19,40262.49,Debit Card,REF834159,Success
PAY002518,INV000127,2026-02-21,28881.62,Credit Card,REF753167,Success
PAY002519,INV000301,2025-05-18,436295.89,Cheque,REF334106,Success
PAY002520,INV001873,2025-08-22,310113.91,Debit Card,REF585778,Success
PAY002521,INV000586,2025-08-11,24612.2,Credit Card,REF882049,Success
PAY002522,INV001807,2025-06-03,185922.76,UPI,REF828656,Success
PAY002523,INV000602,2025-11-10,7012.44,Debit Card,REF984172,Success
PAY002524,INV000720,2026-10-19,151605.29,Bank Transfer,REF607259,Failed
PAY002525,INV000115,2026-03-05,44696.01,Debit Card,REF876656,Success
PAY002526,INV002665,2026-09-19,10081.29,Debit Card,REF404703,Success
PAY002527,INV002183,2026-02-13,203239.42,Credit Card,REF483517,Success
PAY002528,INV001586,2025-03-15,211633.25,Cheque,REF993092,Success
PAY002529,INV000791,2025-03-25,176196.65,Bank Transfer,REF483576,Success
PAY002530,INV002508,2025-03-26,189454.64,Debit Card,REF592605,Success
PAY002531,INV001310,2026-03-20,135361.49,Credit Card,REF427465,Success
PAY002532,INV000492,2026-11-07,9257.62,Cheque,REF215802,Success
PAY002533,INV001582,2026-01-07,118528.75,Cheque,REF294663,Success
PAY002534,INV000965,2025-09-17,13537.85,Bank Transfer,REF752960,Success
PAY002535,INV001196,2026-02-17,16555.57,Cheque,REF407118,Success
PAY002536,INV001811,2026-05-24,398485.82,Debit Card,REF239765,Success
PAY002537,INV002166,2026-12-07,32547.6,UPI,REF894856,Success
PAY002538,INV002105,2026-01-02,461812.33,Cheque,REF606704,Success
PAY002539,INV002000,2026-06-30,155792.96,UPI,REF666979,Success
PAY002540,INV002282,2025-05-10,32822.4,Bank Transfer,REF614044,Success
PAY002541,INV000435,2025-04-27,1806.85,Bank Transfer,REF617369,Success
PAY002542,INV000058,2025-09-26,35941.31,Bank Transfer,REF894468,Success
PAY002543,INV000340,2026-07-09,38172.81,Bank Transfer,REF296442,Success
PAY002544,INV001245,2026-04-02,11817.53,Debit Card,REF982099,Success
PAY002545,INV000667,2026-05-08,145044.99,Debit Card,REF280248,Success
PAY002546,INV000392,2026-05-08,98184.35,Cheque,REF945740,Success
PAY002547,INV002307,2026-10-22,231629.84,UPI,REF938493,Success
PAY002548,INV000337,2026-05-17,8348.77,Bank Transfer,REF540901,Success
PAY002549,INV000369,2026-02-27,13407.24,Cheque,REF838325,Success
PAY002550,INV001875,2026-11-13,33840.67,Debit Card,REF718493,Success
PAY002551,INV002433,2026-01-23,524369.26,Debit Card,REF281580,Success
PAY002552,INV001556,2025-05-29,104364.56,Credit Card,REF167227,Success
PAY002553,INV002236,2025-08-30,117827.02,Credit Card,REF708782,Success
PAY002554,INV000169,2026-06-01,153111.84,Bank Transfer,REF216382,Success
PAY002555,INV001852,2026-07-10,33095.88,Bank Transfer,REF189334,Success
PAY002556,INV000506,2026-02-03,329661.51,Debit Card,REF782427,Success
PAY002557,INV002486,2025-04-13,130865.56,Bank Transfer,REF580980,Success
PAY002558,INV000448,2026-02-01,479136.43,Bank Transfer,REF971948,Success
PAY002559,INV002325,2026-05-31,14878.89,Credit Card,REF251546,Success
PAY002560,INV002000,2026-06-07,114523.11,UPI,REF964628,Success
PAY002561,INV002049,2025-07-19,507696.01,Credit Card,REF414819,Success
PAY002562,INV001428,2026-09-16,15145.22,UPI,REF234268,Success
PAY002563,INV001671,2026-02-04,217005.49,Debit Card,REF637264,Success
PAY002564,INV001020,2026-08-28,28185.24,Credit Card,REF379140,Failed
PAY002565,INV002058,2025-04-27,196408.55,Credit Card,REF651930,Failed
PAY002566,INV000515,2025-04-30,13441.54,Debit Card,REF681716,Success
PAY002567,INV000596,2026-03-17,211600.39,Cheque,REF345046,Success
PAY002568,INV002308,2025-06-29,11144.71,Cheque,REF615370,Failed
PAY002569,INV000877,2025-09-15,224381.03,Credit Card,REF266486,Success
PAY002570,INV001295,2026-11-14,34564.7,Bank Transfer,REF841417,Success
PAY002571,INV000273,2025-11-28,30269.45,UPI,REF859000,Success
PAY002572,INV002161,2026-08-15,11280.03,Debit Card,REF430575,Success
PAY002573,INV002697,2025-07-23,301179.07,Cheque,REF694339,Success
PAY002574,INV000872,2026-01-23,246764.08,Debit Card,REF339381,Success
PAY002575,INV001727,2026-12-11,137102.52,Credit Card,REF269846,Success
PAY002576,INV002706,2026-03-06,23112.25,Debit Card,REF321999,Success
PAY002577,INV000357,2026-08-12,230314.97,Bank Transfer,REF456827,Success
PAY002578,INV001990,2025-06-13,44494.4,Credit Card,REF350981,Success
PAY002579,INV000154,2025-09-17,46923.85,UPI,REF834038,Success
PAY002580,INV000581,2026-08-13,194257.44,Debit Card,REF557173,Success
PAY002581,INV001970,2025-09-28,102704.36,Credit Card,REF647079,Success
PAY002582,INV000116,2025-05-29,12624.95,Credit Card,REF223425,Success
PAY002583,INV000327,2025-03-25,558389.87,Debit Card,REF512465,Success
PAY002584,INV000629,2026-01-21,8171.83,Debit Card,REF250506,Failed
PAY002585,INV001244,2026-02-05,29930.63,Credit Card,REF530601,Success
PAY002586,INV002462,2026-07-19,17382.17,Credit Card,REF934448,Success
PAY002587,INV000059,2026-06-09,122632.48,UPI,REF549954,Success
PAY002588,INV002432,2025-03-08,98759.24,UPI,REF313913,Success
PAY002589,INV000891,2025-10-17,211928.14,Debit Card,REF279965,Success
PAY002590,INV001945,2025-09-20,126520.37,Credit Card,REF319736,Success
PAY002591,INV000758,2026-02-23,79852.79,Bank Transfer,REF605138,Success
PAY002592,INV001123,2026-11-25,18517.72,Bank Transfer,REF396994,Success
PAY002593,INV001539,2026-07-12,10228.98,Bank Transfer,REF573877,Success
PAY002594,INV002438,2026-03-03,37746.77,Credit Card,REF650847,Success
PAY002595,INV000223,2025-10-10,22246.78,UPI,REF593939,Success
PAY002596,INV000177,2025-12-17,459832.67,Credit Card,REF143509,Success
PAY002597,INV001691,2025-05-05,48901.8,UPI,REF490854,Success
PAY002598,INV001577,2026-06-01,321052.13,Bank Transfer,REF400844,Success
PAY002599,INV002594,2026-07-03,70942.29,Credit Card,REF976977,Success
PAY002600,INV001295,2026-10-12,69386.6,Credit Card,REF117783,Success
