Purchase_ID,Purchase_Date,Product_ID,Supplier_ID,Quantity,Unit_Cost,Purchase_Value,Promised_Delivery_Date,Actual_Delivery_Date,Rejected_Qty,Warehouse_ID
PO000001,2026-05-19,P0085,S013,116,14819.97,1719116.99,2026-06-09,2026-06-13,5,WH-DEL
PO000002,2025-04-09,P0047,S025,87,11463.99,997366.98,2025-04-15,2025-04-22,2,WH-CHE
PO000003,2025-03-05,P0071,S010,82,26428.13,2167106.73,2025-03-20,2025-03-23,1,WH-HYD
PO000004,2026-08-28,P0021,S029,29,10323.62,299385.04,2026-09-27,2026-10-01,0,WH-KOL
PO000005,2025-05-22,P0046,S016,48,29977.66,1438927.8,2025-06-04,2025-06-16,2,WH-MUM
PO000006,2026-03-07,P0041,S043,106,26369.34,2795150.35,2026-03-17,2026-03-28,2,WH-KOL
PO000007,2026-04-20,P0025,S004,149,1264.61,188427.29,2026-04-25,2026-05-06,3,WH-KOL
PO000008,2026-07-05,P0011,S025,166,31066.45,5157030.73,2026-07-20,2026-07-23,12,WH-KOL
PO000009,2026-01-27,P0143,S049,36,21978.71,791233.73,2026-02-18,2026-02-18,1,WH-BLR
PO000010,2026-08-20,P0020,S014,66,28702.5,1894365.12,2026-09-04,2026-09-10,2,WH-HYD
PO000011,2025-10-09,P0123,S028,33,19244.86,635080.27,2025-10-17,2025-10-26,1,WH-MUM
PO000012,2025-01-13,P0125,S037,183,11304.98,2068811.62,2025-01-25,2025-02-06,6,WH-BLR
PO000013,2026-02-01,P0138,S049,154,17990.74,2770573.77,2026-02-06,2026-02-07,11,WH-BLR
PO000014,2025-02-07,P0066,S003,148,15526.49,2297920.36,2025-02-23,2025-02-23,8,WH-DEL
PO000015,2025-11-22,P0060,S019,196,35444.79,6947179.66,2025-12-15,2025-12-20,1,WH-CHE
PO000016,2025-02-02,P0120,S029,160,2456.65,393064.67,2025-02-07,2025-02-14,1,WH-CHE
PO000018,2025-05-18,P0055,S038,194,18946.02,3675527.83,2025-05-24,2025-05-24,13,WH-MUM
PO000019,2025-07-02,P0104,S008,178,2139.19,380774.96,2025-07-22,2025-08-03,4,WH-MUM
PO000020,2025-01-04,P0012,S008,191,19833.47,3788192.65,2025-01-24,2025-01-27,12,WH-BLR
PO000021,2025-03-20,P0018,S020,193,28049.08,5413473.03,2025-03-27,2025-03-25,1,WH-BLR
PO000022,2026-01-20,P0040,S006,33,18915.15,624200.04,2026-02-02,2026-02-05,2,WH-HYD
PO000024,2026-01-02,P0080,S006,44,4770.49,209901.57,2026-01-22,2026-01-27,1,WH-KOL
PO000025,2026-06-04,P0111,S031,140,21992.86,3079000.79,2026-07-04,2026-07-11,0,WH-KOL
PO000026,2025-11-25,P0065,S024,49,25474.27,1248238.99,2025-12-08,2025-12-17,3,WH-KOL
PO000027,2026-01-13,P0129,S048,85,10462.88,889345.15,2026-01-28,2026-01-30,6,WH-CHE
PO000028,2025-05-29,P0125,S037,153,10931.84,1672571.88,2025-06-05,2025-06-05,2,WH-HYD
PO000029,2026-07-26,P0068,S014,146,15308.47,2235036.3,2026-08-05,2026-08-09,4,WH-BLR
PO000030,2025-11-22,P0045,S001,104,30254.23,3146440.04,2025-12-12,2025-12-15,6,WH-DEL
PO000031,2025-12-04,P0115,S035,57,23628,1346796,2025-12-18,2025-12-29,3,WH-MUM
PO000032,2025-02-28,P0010,S022,98,765.41,75010.36,2025-03-19,2025-03-28,2,WH-CHE
PO000033,2025-02-03,P0038,S036,191,22955.1,4384423.76,2025-02-23,2025-02-22,10,WH-MUM
PO000034,2026-02-25,P0012,S008,55,21995.9,1209774.63,2026-03-07,2026-03-14,3,WH-KOL
PO000035,2025-04-04,P0112,S027,59,22079.59,1302696.1,2025-04-17,2025-04-27,0,WH-BLR
PO000036,2026-05-23,P0053,S037,76,6851.7,520729.21,2026-06-22,2026-06-29,4,WH-BLR
PO000038,2025-02-20,P0010,S022,187,817.42,152856.66,2025-03-09,2025-03-20,10,WH-MUM
PO000039,2026-01-06,P0024,S022,102,6538.68,666945.69,2026-01-19,2026-01-23,1,WH-KOL
PO000040,2026-08-13,P0049,S009,185,9799.75,1812954.22,2026-08-29,2026-08-31,13,WH-KOL
PO000041,2025-10-16,P0017,S047,96,23734.46,2278507.87,2025-11-13,2025-11-16,4,WH-KOL
PO000042,2026-08-17,P0002,S008,96,3930.87,377363.33,2026-09-12,2026-09-18,7,WH-BLR
PO000043,2025-03-04,P0081,S012,101,26301.48,2656449.08,2025-04-03,2025-04-04,6,WH-MUM
PO000044,2025-05-18,P0104,S008,196,2474.89,485078.93,2025-06-13,2025-06-12,0,WH-BLR
PO000045,2025-09-12,P0094,S030,16,30243.8,483900.76,2025-10-10,2025-10-08,0,WH-BLR
PO000046,2025-10-10,P0042,S013,115,13811.67,1588341.67,2025-10-28,2025-11-01,6,WH-KOL
PO000047,2026-07-21,P0108,S016,177,13310.74,2356001.2,2026-08-20,2026-08-25,10,WH-MUM
PO000048,2025-04-02,P0076,S012,24,12028.45,288682.78,2025-04-24,2025-05-02,1,WH-BLR
PO000049,2025-06-09,P0121,S021,154,7299.96,1124193.79,2025-06-25,2025-06-30,2,WH-HYD
PO000050,2025-12-13,P0135,S037,99,5333.71,528037.21,2026-01-12,2026-01-20,3,WH-CHE
PO000051,2025-07-27,P0067,S032,82,35130.25,2880680.25,2025-08-01,2025-08-06,5,WH-BLR
PO000052,2025-02-24,P0013,S016,69,10008.04,690554.55,2025-03-09,2025-03-20,2,WH-KOL
PO000054,2025-09-08,P0072,S044,170,32698.77,5558790.86,2025-09-26,2025-09-29,0,WH-CHE
PO000056,2026-02-13,P0130,S038,194,19215.65,3727836.76,2026-03-06,2026-03-14,10,WH-CHE
PO000057,2025-03-23,P0065,S024,26,27905.48,725542.52,2025-03-30,2025-04-02,0,WH-BLR
PO000059,2025-12-20,P0007,S003,85,15373.98,1306788.26,2026-01-15,2026-01-19,3,WH-HYD
PO000060,2025-10-10,P0026,S039,140,13960.19,1954426.4,2025-11-09,2025-11-20,6,WH-MUM
PO000061,2025-12-14,P0037,S043,114,25979.72,2961688.58,2026-01-12,2026-01-13,8,WH-CHE
PO000062,2025-03-05,P0010,S022,158,832.89,131597.33,2025-03-12,2025-03-24,8,WH-HYD
PO000063,2025-04-04,P0019,S034,131,16473.75,2158060.82,2025-04-18,2025-04-21,7,WH-MUM
PO000064,2025-09-05,P0126,S011,38,31486.7,1196494.43,2025-10-03,2025-10-05,2,WH-BLR
PO000065,2025-12-17,P0027,S046,43,10163.86,437045.88,2026-01-11,2026-01-21,2,WH-KOL
PO000066,2026-03-20,P0041,S043,200,29284.59,5856917.72,2026-03-30,2026-04-03,0,WH-DEL
PO000067,2025-02-10,P0127,S040,130,5263.73,684285.01,2025-03-04,2025-03-11,3,WH-BLR
PO000068,2025-04-06,P0060,S019,16,36163.16,578610.64,2025-04-29,2025-05-10,0,WH-MUM
PO000069,2026-06-17,P0139,S006,119,26239.13,3122456.87,2026-07-09,2026-07-11,0,WH-CHE
PO000070,2026-04-29,P0003,S041,101,1678.33,169511.83,2026-05-16,2026-05-18,2,WH-MUM
PO000072,2026-01-08,P0131,S031,27,34158.91,922290.58,2026-01-17,2026-01-16,0,WH-DEL
PO000073,2025-11-04,P0021,S029,77,9077.03,698931.61,2025-11-13,2025-11-19,5,WH-HYD
PO000074,2025-10-10,P0085,S013,24,14772.75,354546.06,2025-10-28,2025-11-06,0,WH-HYD
PO000075,2026-03-20,P0066,S003,74,16016.74,1185239.05,2026-04-03,2026-04-06,3,WH-CHE
PO000076,2025-03-17,P0128,S032,169,2949.06,498391.13,2025-04-09,2025-04-07,6,WH-HYD
PO000077,2025-04-19,P0021,S029,85,10241.41,870519.44,2025-05-04,2025-05-04,4,WH-KOL
PO000078,2026-06-05,P0125,S037,58,13213.67,766392.7,2026-06-28,2026-07-04,4,WH-HYD
PO000079,2026-06-18,P0050,S032,39,712.43,27784.89,2026-07-15,2026-07-22,2,WH-KOL
PO000080,2026-03-21,P0112,S027,24,24428.98,586295.62,2026-04-15,2026-04-13,1,WH-BLR
PO000081,2026-07-25,P0149,S014,159,26873.03,4272811.58,2026-08-20,2026-08-24,6,WH-MUM
PO000082,2025-03-09,P0011,S025,130,27438.8,3567043.6,2025-03-23,2025-04-01,0,WH-HYD
PO000083,2025-10-17,P0120,S029,76,2785.94,211731.68,2025-10-21,2025-10-19,1,WH-KOL
PO000084,2025-04-03,P0064,S001,181,9281.35,1679923.5,2025-04-11,2025-04-20,11,WH-HYD
PO000085,2025-07-10,P0150,S009,66,31706.21,2092609.67,2025-07-18,2025-07-20,3,WH-KOL
PO000086,2025-02-05,P0092,S031,66,33761.86,2228282.48,2025-02-14,2025-02-16,2,WH-KOL
PO000087,2026-08-22,P0072,S044,92,30524.42,2808246.34,2026-08-31,2026-08-31,6,WH-CHE
PO000088,2026-05-02,P0122,S013,175,3416.96,597968.43,2026-05-10,2026-05-10,8,WH-MUM
PO000089,2026-01-25,P0017,S047,83,24213.75,2009741.36,2026-02-04,2026-02-14,2,WH-HYD
PO000090,2025-10-21,P0092,S031,195,35006.18,6826205.2,2025-10-28,2025-11-01,0,WH-HYD
PO000091,2026-05-31,P0059,S031,102,18064.32,1842560.61,2026-06-14,2026-06-20,4,WH-DEL
PO000092,2026-06-27,P0026,S039,154,15997.31,2463585.68,2026-07-01,2026-07-02,11,WH-MUM
PO000093,2025-09-16,P0118,S049,80,16257.68,1300614.09,2025-10-07,2025-10-10,5,WH-DEL
PO000094,2025-08-05,P0086,S050,190,17865.16,3394381.27,2025-09-01,2025-09-12,1,WH-BLR
PO000095,2025-02-25,P0058,S040,146,20450.01,2985700.87,2025-03-04,2025-03-13,9,WH-BLR
PO000096,2025-04-18,P0048,S036,119,5689.03,676994.13,2025-05-15,2025-05-25,9,WH-MUM
PO000097,2025-05-23,P0108,S016,101,14430.05,1457435.54,2025-06-19,2025-06-29,4,WH-CHE
PO000098,2025-01-31,P0026,S039,47,16113.38,757328.83,2025-02-24,2025-03-03,1,WH-CHE
PO000099,2025-04-07,P0056,S049,46,25528.97,1174332.64,2025-05-05,2025-05-05,2,WH-BLR
PO000100,2025-02-26,P0001,S040,123,16823.13,2069245.38,2025-03-28,2025-04-07,8,WH-DEL
PO000101,2026-07-06,P0141,S024,132,14988.05,1978422.19,2026-07-09,2026-07-12,2,WH-HYD
PO000102,2025-10-08,P0010,S022,72,843.96,60765.23,2025-11-05,2025-11-11,5,WH-BLR
PO000103,2026-01-25,P0139,S006,114,27562.22,3142092.7,2026-02-13,2026-02-21,0,WH-CHE
PO000104,2026-01-23,P0064,S001,49,9246.92,453098.94,2026-02-02,2026-02-12,0,WH-DEL
PO000105,2026-01-30,P0054,S037,80,10179.37,814349.51,2026-02-20,2026-02-23,1,WH-KOL
PO000106,2026-03-18,P0080,S006,102,4599.48,469146.7,2026-04-08,2026-04-20,6,WH-BLR
PO000107,2025-11-04,P0093,S004,143,12016.61,1718375,2025-11-18,2025-11-16,5,WH-CHE
PO000109,2026-05-08,P0015,S033,132,16639.67,2196436.68,2026-05-30,2026-05-30,3,WH-CHE
PO000110,2025-02-10,P0034,S035,164,23567.02,3864990.55,2025-02-25,2025-03-01,1,WH-CHE
PO000111,2025-02-04,P0088,S029,134,18093.38,2424512.9,2025-02-11,2025-02-21,0,WH-DEL
PO000112,2025-02-16,P0073,S023,131,3447.07,451565.85,2025-03-07,2025-03-13,1,WH-CHE
PO000113,2025-05-11,P0123,S028,183,19886.01,3639140.24,2025-05-24,2025-05-31,9,WH-BLR
PO000114,2026-06-11,P0127,S040,95,5650.88,536833.79,2026-06-30,2026-07-11,5,WH-MUM
PO000115,2025-10-07,P0053,S037,23,7389.99,169969.79,2025-10-17,2025-10-23,0,WH-MUM
PO000116,2026-03-26,P0104,S008,126,2585.54,325777.68,2026-04-19,2026-04-20,8,WH-KOL
PO000117,2026-03-29,P0049,S009,154,10993.63,1693018.44,2026-04-16,2026-04-27,1,WH-BLR
PO000118,2026-02-23,P0052,S036,123,6990.82,859870.8,2026-03-20,2026-03-27,9,WH-DEL
PO000119,2026-02-18,P0065,S024,199,25408.87,5056364.9,2026-02-22,2026-02-21,2,WH-HYD
PO000120,2026-06-23,P0124,S030,47,7031.08,330460.7,2026-07-02,2026-07-10,2,WH-DEL
PO000121,2025-02-07,P0119,S011,148,1849.15,273674.46,2025-02-11,2025-02-15,1,WH-CHE
PO000122,2025-08-26,P0095,S013,111,1445.23,160420.37,2025-08-31,2025-09-02,4,WH-MUM
PO000123,2026-03-27,P0126,S011,172,28767.52,4948013.87,2026-04-17,2026-04-26,7,WH-BLR
PO000124,2026-07-04,P0129,S048,68,9693.81,659178.98,2026-07-31,2026-08-09,0,WH-DEL
PO000125,2026-06-21,P0135,S037,190,6136.23,1165883.28,2026-07-12,2026-07-22,2,WH-BLR
PO000126,2026-02-04,P0113,S032,82,1381.13,113252.72,2026-02-23,2026-03-05,5,WH-MUM
PO000127,2025-12-30,P0091,S005,43,15334.37,659378.08,2026-01-28,2026-02-06,0,WH-BLR
PO000128,2025-12-26,P0047,S025,92,10436.63,960170.35,2026-01-08,2026-01-06,6,WH-CHE
PO000129,2026-07-12,P0014,S024,157,19386.13,3043621.64,2026-07-29,2026-08-10,2,WH-KOL
PO000130,2026-02-24,P0122,S013,22,3702.18,81447.87,2026-03-14,2026-03-20,0,WH-CHE
PO000131,2025-05-17,P0064,S001,39,10757.68,419549.51,2025-05-30,2025-06-10,2,WH-CHE
PO000132,2025-08-02,P0104,S008,20,2217.7,44353.92,2025-09-01,2025-09-08,0,WH-HYD
PO000133,2026-03-16,P0135,S037,129,6427.19,829107.52,2026-03-26,2026-04-03,3,WH-HYD
PO000134,2026-06-28,P0129,S048,143,9380.7,1341439.63,2026-07-13,2026-07-13,8,WH-KOL
PO000135,2026-03-26,P0030,S024,197,33185.76,6537593.89,2026-03-29,2026-04-02,14,WH-BLR
PO000136,2026-04-21,P0076,S012,26,12097.57,314536.72,2026-05-10,2026-05-16,0,WH-KOL
PO000137,2025-12-20,P0100,S030,28,30707.72,859816.03,2025-12-30,2025-12-29,1,WH-HYD
PO000138,2026-08-02,P0042,S013,114,13702.97,1562138.52,2026-08-11,2026-08-21,0,WH-HYD
PO000139,2026-07-16,P0101,S003,196,20034.71,3926802.9,2026-07-25,2026-07-31,15,WH-HYD
PO000140,2025-03-20,P0100,S030,25,31032.2,775805.09,2025-04-15,2025-04-20,1,WH-BLR
PO000141,2026-04-08,P0044,S026,126,438.25,55219.98,2026-04-19,2026-04-26,1,WH-MUM
PO000142,2025-11-24,P0084,S022,141,29845.02,4208148.24,2025-12-14,2025-12-20,1,WH-DEL
PO000143,2026-02-24,P0017,S047,193,22108.24,4266889.86,2026-02-28,2026-03-02,9,WH-HYD
PO000144,2026-06-19,P0031,S021,102,11543.5,1177436.56,2026-06-26,2026-06-27,1,WH-CHE
PO000145,2025-08-31,P0137,S041,38,24383.5,926573.05,2025-09-08,2025-09-15,0,WH-CHE
PO000146,2025-05-24,P0116,S013,184,22365.82,4115311.5,2025-06-11,2025-06-22,0,WH-KOL
PO000147,2025-09-18,P0150,S009,40,35961.52,1438460.83,2025-10-02,2025-10-01,0,WH-MUM
PO000148,2025-12-02,P0077,S027,103,387.54,39916.63,2025-12-24,2025-12-22,5,WH-CHE
PO000149,2025-06-23,P0090,S001,173,10513.57,1818848.14,2025-07-07,2025-07-19,6,WH-BLR
PO000150,2025-07-21,P0142,S009,158,20663.97,3264907.78,2025-08-19,2025-08-27,1,WH-CHE
PO000151,2025-07-30,P0001,S040,23,17643.27,405795.13,2025-08-29,2025-09-08,0,WH-MUM
PO000152,2026-02-24,P0017,S047,76,22121.69,1681248.61,2026-03-18,2026-03-20,4,WH-MUM
PO000153,2025-05-31,P0026,S039,171,16511.17,2823409.89,2025-06-23,2025-07-03,6,WH-DEL
PO000154,2025-06-19,P0032,S030,58,15727.32,912184.42,2025-07-18,2025-07-17,3,WH-BLR
PO000155,2025-02-22,P0051,S030,148,5185.21,767410.46,2025-03-16,2025-03-16,8,WH-KOL
PO000156,2026-02-17,P0096,S041,71,26477.37,1879893.12,2026-02-22,2026-02-21,1,WH-BLR
PO000157,2025-04-07,P0044,S026,99,381.49,37767.89,2025-04-11,2025-04-17,6,WH-HYD
PO000158,2025-06-14,P0015,S033,127,19288.12,2449591.75,2025-06-19,2025-06-24,9,WH-DEL
PO000159,2025-06-22,P0026,S039,186,16587.1,3085200.48,2025-07-13,2025-07-14,3,WH-CHE
PO000160,2026-01-18,P0071,S010,75,23006.76,1725506.83,2026-01-25,2026-02-04,4,WH-KOL
PO000161,2026-05-04,P0022,S040,184,5668.81,1043060.17,2026-05-10,2026-05-22,5,WH-BLR
PO000162,2025-06-13,P0071,S010,131,24517.27,3211762.01,2025-07-06,2025-07-10,3,WH-BLR
PO000163,2026-03-11,P0123,S028,48,18780.32,901455.49,2026-03-22,2026-04-03,0,WH-CHE
PO000164,2025-02-26,P0081,S012,183,24906.38,4557868.32,2025-03-10,2025-03-10,1,WH-BLR
PO000165,2025-05-04,P0097,S038,41,7454.85,305648.99,2025-05-09,2025-05-07,2,WH-MUM
PO000166,2025-11-26,P0073,S023,96,3899.31,374333.72,2025-12-04,2025-12-02,0,WH-DEL
PO000167,2025-03-07,P0066,S003,187,15806.85,2955880.24,2025-03-18,2025-03-20,5,WH-MUM
PO000168,2025-11-11,P0025,S004,114,1100.92,125504.95,2025-12-09,2025-12-14,0,WH-CHE
PO000169,2026-06-08,P0056,S049,181,25720.03,4655325.01,2026-07-06,2026-07-12,11,WH-CHE
PO000170,2025-06-23,P0058,S040,198,20531.21,4065179.33,2025-07-18,2025-07-22,15,WH-MUM
PO000171,2026-07-19,P0007,S003,155,18183.76,2818483.14,2026-07-28,2026-08-08,3,WH-CHE
PO000172,2025-03-09,P0091,S005,137,12975.21,1777603.67,2025-03-18,2025-03-28,7,WH-DEL
PO000173,2025-04-04,P0137,S041,183,23057.45,4219512.89,2025-04-18,2025-04-21,13,WH-HYD
PO000174,2025-09-28,P0035,S011,153,8667.48,1326124.5,2025-10-08,2025-10-19,0,WH-DEL
PO000175,2025-05-07,P0121,S021,62,6367.58,394789.79,2025-05-13,2025-05-17,0,WH-DEL
PO000176,2025-01-28,P0134,S006,89,11161.77,993397.29,2025-02-24,2025-03-07,0,WH-KOL
PO000177,2025-03-09,P0047,S025,179,10416.69,1864587.72,2025-03-15,2025-03-13,8,WH-KOL
PO000178,2026-03-12,P0002,S008,186,3929.27,730844.03,2026-04-06,2026-04-16,2,WH-DEL
PO000179,2026-04-28,P0100,S030,78,31293.31,2440877.95,2026-05-28,2026-06-06,3,WH-MUM
PO000180,2025-01-26,P0131,S031,59,33022.91,1948351.97,2025-02-23,2025-02-24,0,WH-CHE
PO000181,2025-11-08,P0056,S049,149,24391.94,3634398.99,2025-11-22,2025-11-27,3,WH-BLR
PO000182,2025-12-16,P0139,S006,122,26883.65,3279805.33,2026-01-03,2026-01-02,4,WH-BLR
PO000183,2025-12-09,P0082,S041,114,15819.94,1803472.88,2025-12-30,2026-01-08,3,WH-CHE
PO000184,2025-06-04,P0040,S006,192,16624.81,3191964.19,2025-06-19,2025-06-26,5,WH-BLR
PO000185,2025-04-14,P0137,S041,93,27200.49,2529645.69,2025-05-06,2025-05-13,3,WH-DEL
PO000186,2025-06-13,P0051,S030,109,4633.87,505092.2,2025-06-22,2025-06-20,5,WH-MUM
PO000187,2025-01-20,P0041,S043,82,28728.29,2355720.18,2025-01-31,2025-01-29,0,WH-HYD
PO000188,2025-03-13,P0038,S036,125,22203.35,2775418.92,2025-04-02,2025-04-01,0,WH-KOL
PO000189,2026-04-01,P0134,S006,71,11097.04,787889.9,2026-04-26,2026-05-04,1,WH-MUM
PO000190,2025-12-17,P0026,S039,178,14031.41,2497590.35,2026-01-06,2026-01-17,8,WH-DEL
PO000192,2025-06-30,P0115,S035,143,20025.29,2863616.48,2025-07-20,2025-07-30,8,WH-HYD
PO000193,2025-09-14,P0137,S041,19,24685.64,469027.15,2025-10-12,2025-10-23,0,WH-BLR
PO000194,2025-01-21,P0147,S005,184,28602.74,5262904.52,2025-02-13,2025-02-18,10,WH-HYD
PO000195,2026-06-13,P0101,S003,191,20241.76,3866176.68,2026-06-30,2026-07-03,10,WH-DEL
PO000196,2025-03-04,P0122,S013,33,3952.84,130443.66,2025-03-29,2025-04-07,1,WH-CHE
PO000197,2026-05-20,P0035,S011,20,8749.58,174991.57,2026-06-15,2026-06-26,0,WH-MUM
PO000198,2025-06-10,P0117,S003,18,19134.39,344419,2025-06-14,2025-06-23,0,WH-CHE
PO000199,2026-07-17,P0107,S018,144,6530.91,940451.51,2026-08-08,2026-08-06,6,WH-MUM
PO000200,2025-08-14,P0070,S049,90,11704.29,1053385.97,2025-09-10,2025-09-11,6,WH-CHE
PO000201,2025-04-15,P0009,S037,148,2080.63,307932.85,2025-05-01,2025-05-06,8,WH-CHE
PO000202,2025-10-03,P0147,S005,176,31259,5501583.18,2025-10-29,2025-10-28,12,WH-HYD
PO000203,2025-01-03,P0057,S016,167,16972.53,2834412.61,2025-01-28,2025-02-02,9,WH-MUM
PO000204,2026-01-30,P0050,S032,112,627.35,70262.68,2026-02-15,2026-02-23,7,WH-CHE
PO000205,2025-05-09,P0128,S032,76,3483.18,264721.67,2025-05-20,2025-05-25,5,WH-DEL
PO000206,2026-03-16,P0149,S014,130,23388.29,3040478.06,2026-03-19,2026-03-24,0,WH-CHE
PO000207,2026-08-29,P0060,S019,49,36877.7,1807007.08,2026-09-12,2026-09-12,1,WH-HYD
PO000208,2025-12-07,P0094,S030,187,31053.9,5807080.13,2025-12-20,2026-01-01,6,WH-KOL
PO000209,2025-05-06,P0132,S045,38,12983.08,493356.95,2025-06-05,2025-06-16,0,WH-HYD
PO000210,2025-11-25,P0108,S016,185,12627.64,2336113.83,2025-12-05,2025-12-03,11,WH-HYD
PO000211,2026-05-09,P0006,S012,194,19189.23,3722710.13,2026-06-01,2026-06-13,9,WH-DEL
PO000212,2025-06-11,P0118,S049,179,15263.99,2732254.56,2025-06-14,2025-06-19,9,WH-HYD
PO000213,2025-08-21,P0055,S038,100,17591.4,1759139.78,2025-09-19,2025-09-19,2,WH-CHE
PO000214,2025-11-03,P0143,S049,74,23257.17,1721030.67,2025-11-10,2025-11-11,4,WH-DEL
PO000215,2025-04-10,P0004,S005,200,24277.94,4855587.66,2025-04-14,2025-04-18,3,WH-DEL
PO000216,2025-05-06,P0020,S014,149,26439.62,3939503.2,2025-06-03,2025-06-10,9,WH-DEL
PO000217,2026-08-22,P0055,S038,185,17908.41,3313056.67,2026-09-17,2026-09-20,11,WH-CHE
PO000218,2025-12-08,P0071,S010,137,26041.04,3567622.19,2025-12-13,2025-12-13,9,WH-HYD
PO000219,2025-08-12,P0015,S033,139,17019.78,2365749.17,2025-08-16,2025-08-27,4,WH-DEL
PO000220,2025-01-07,P0119,S011,74,2127.34,157423.27,2025-02-02,2025-02-14,0,WH-CHE
PO000221,2026-07-15,P0030,S024,176,30200.26,5315245.4,2026-07-22,2026-07-23,10,WH-HYD
PO000222,2026-08-04,P0027,S046,94,10041.85,943933.56,2026-08-20,2026-08-20,1,WH-CHE
PO000223,2025-10-07,P0079,S039,16,22778.46,364455.41,2025-11-06,2025-11-15,0,WH-KOL
PO000224,2026-07-21,P0063,S005,197,17631.41,3473387.65,2026-07-31,2026-08-01,15,WH-CHE
PO000225,2026-06-18,P0115,S035,134,20513.71,2748837.41,2026-07-12,2026-07-13,3,WH-DEL
PO000227,2026-08-06,P0087,S017,138,3500.47,483065.51,2026-08-25,2026-08-31,0,WH-DEL
PO000228,2025-03-10,P0086,S050,99,16855.82,1668725.97,2025-03-28,2025-03-30,3,WH-CHE
PO000229,2026-04-19,P0047,S025,60,10223.74,613424.59,2026-05-05,2026-05-06,1,WH-MUM
PO000230,2025-10-12,P0010,S022,144,777.03,111892.82,2025-10-24,2025-11-04,1,WH-KOL
PO000231,2025-10-05,P0012,S008,181,21649.95,3918641.62,2025-10-27,2025-10-26,8,WH-DEL
PO000232,2025-10-04,P0075,S047,123,26893.57,3307909.09,2025-10-13,2025-10-21,6,WH-MUM
PO000233,2025-09-03,P0147,S005,140,25335.32,3546945.5,2025-09-14,2025-09-24,5,WH-BLR
PO000234,2025-09-07,P0030,S024,12,28461.15,341533.8,2025-09-24,2025-09-28,0,WH-HYD
PO000235,2026-08-24,P0028,S045,35,21164.2,740746.84,2026-09-15,2026-09-22,1,WH-HYD
PO000236,2026-08-17,P0117,S003,182,17447.4,3175427.62,2026-08-23,2026-08-21,7,WH-KOL
PO000237,2026-05-15,P0045,S001,200,28877.81,5775561.54,2026-05-25,2026-05-29,2,WH-CHE
PO000238,2026-01-12,P0082,S041,134,16644.86,2230410.82,2026-01-17,2026-01-24,0,WH-CHE
PO000239,2025-05-18,P0033,S026,28,18666.8,522670.51,2025-06-16,2025-06-25,1,WH-MUM
PO000240,2026-07-23,P0018,S020,113,30143.51,3406217.17,2026-07-26,2026-08-07,4,WH-DEL
PO000241,2025-03-23,P0079,S039,186,23153.98,4306639.66,2025-04-05,2025-04-10,2,WH-HYD
PO000242,2026-02-25,P0023,S018,152,18566,2822032.22,2026-03-16,2026-03-24,7,WH-HYD
PO000243,2026-02-04,P0054,S037,155,10580.45,1639969.84,2026-02-28,2026-02-27,7,WH-HYD
PO000244,2025-11-13,P0052,S036,12,6263.53,75162.42,2025-11-25,2025-11-30,0,WH-DEL
PO000245,2025-08-06,P0047,S025,20,11790.34,235806.89,2025-08-11,2025-08-21,0,WH-KOL
PO000246,2025-08-26,P0150,S009,79,33188.69,2621906.34,2025-09-09,2025-09-08,5,WH-DEL
PO000247,2026-04-26,P0007,S003,180,15772.08,2838974.85,2026-05-13,2026-05-24,4,WH-KOL
PO000248,2025-09-13,P0083,S021,197,30033.85,5916668.01,2025-09-28,2025-09-28,4,WH-DEL
PO000249,2025-03-22,P0145,S032,122,2543.92,310358.26,2025-04-20,2025-04-18,6,WH-CHE
PO000250,2025-04-11,P0124,S030,91,5956.75,542064.52,2025-04-18,2025-04-23,1,WH-KOL
PO000251,2025-05-23,P0042,S013,115,12952.87,1489580.62,2025-06-19,2025-06-25,8,WH-BLR
PO000252,2025-04-23,P0120,S029,107,2652.88,283858.09,2025-05-02,2025-05-12,8,WH-CHE
PO000253,2026-06-23,P0087,S017,36,4105.38,147793.83,2026-07-12,2026-07-11,0,WH-HYD
PO000254,2025-11-02,P0040,S006,174,19374.22,3371113.58,2025-11-05,2025-11-06,4,WH-KOL
PO000255,2025-08-05,P0138,S049,103,18048.56,1859002.06,2025-08-10,2025-08-20,0,WH-KOL
PO000256,2025-12-13,P0052,S036,131,6621.57,867425.92,2025-12-28,2025-12-27,3,WH-HYD
PO000257,2025-01-24,P0076,S012,25,11559.93,288998.18,2025-02-14,2025-02-21,0,WH-DEL
PO000258,2025-08-14,P0078,S019,31,17147.42,531570.17,2025-08-22,2025-08-22,1,WH-DEL
PO000259,2025-04-23,P0022,S040,13,5890.18,76572.4,2025-05-05,2025-05-09,0,WH-BLR
PO000260,2026-01-14,P0104,S008,70,2120.78,148454.31,2026-02-06,2026-02-17,0,WH-MUM
PO000261,2026-02-19,P0138,S049,98,19446.65,1905771.89,2026-02-28,2026-02-28,0,WH-CHE
PO000262,2025-10-23,P0006,S012,50,18618.11,930905.51,2025-11-03,2025-11-08,3,WH-BLR
PO000263,2025-06-10,P0067,S032,143,36174.49,5172952.6,2025-06-22,2025-06-28,11,WH-BLR
PO000264,2025-07-25,P0020,S014,113,26740.11,3021632.38,2025-08-06,2025-08-09,0,WH-DEL
PO000265,2025-05-25,P0061,S037,194,23942.55,4644854.64,2025-05-28,2025-06-03,4,WH-KOL
PO000266,2026-03-30,P0141,S024,92,15237.34,1401835.53,2026-04-20,2026-04-21,1,WH-DEL
PO000267,2025-10-11,P0077,S027,179,408.37,73099.11,2025-10-21,2025-10-20,0,WH-DEL
PO000268,2025-05-18,P0030,S024,16,30881.7,494107.26,2025-06-03,2025-06-11,0,WH-DEL
PO000269,2026-01-03,P0055,S038,136,15704.77,2135848.95,2026-01-28,2026-02-09,10,WH-MUM
PO000270,2026-03-10,P0134,S006,44,9422.98,414610.92,2026-04-05,2026-04-12,0,WH-DEL
PO000271,2026-05-22,P0148,S005,167,12952.78,2163114.52,2026-06-11,2026-06-12,2,WH-HYD
PO000272,2025-01-17,P0134,S006,136,10002.3,1360312.37,2025-02-01,2025-02-07,6,WH-BLR
PO000273,2025-12-27,P0115,S035,25,19992.37,499809.33,2026-01-14,2026-01-17,0,WH-HYD
PO000274,2025-08-14,P0009,S037,175,1901.41,332745.93,2025-08-30,2025-09-11,8,WH-KOL
PO000275,2025-05-06,P0132,S045,101,13883.57,1402240.8,2025-05-22,2025-05-26,2,WH-BLR
PO000276,2026-07-28,P0107,S018,11,5709.97,62809.71,2026-07-31,2026-07-29,0,WH-BLR
PO000277,2025-05-05,P0136,S026,189,27881.24,5269554.29,2025-05-31,2025-05-29,10,WH-MUM
PO000278,2025-12-13,P0104,S008,169,2287.59,386603.49,2026-01-12,2026-01-14,12,WH-DEL
PO000279,2026-07-24,P0139,S006,138,27101.2,3739965.99,2026-07-27,2026-07-28,8,WH-CHE
PO000280,2026-08-11,P0018,S020,62,27436.47,1701061.01,2026-09-10,2026-09-09,2,WH-BLR
PO000281,2025-11-02,P0134,S006,152,9697.75,1474057.36,2025-11-29,2025-12-03,0,WH-KOL
PO000282,2026-03-06,P0073,S023,50,3207.58,160379,2026-04-03,2026-04-09,1,WH-DEL
PO000283,2025-08-14,P0079,S039,45,20354.82,915967.01,2025-08-28,2025-09-07,1,WH-HYD
PO000284,2026-05-13,P0051,S030,117,5333.03,623964.02,2026-05-20,2026-05-28,3,WH-CHE
PO000285,2025-04-08,P0130,S038,97,21727.36,2107554.35,2025-04-26,2025-04-28,7,WH-KOL
PO000286,2025-12-31,P0044,S026,93,434.52,40409.99,2026-01-14,2026-01-17,1,WH-DEL
PO000287,2026-01-07,P0059,S031,17,16405.41,278891.95,2026-01-21,2026-01-30,1,WH-BLR
PO000288,2026-08-12,P0049,S009,17,11396.81,193745.84,2026-08-30,2026-09-07,1,WH-HYD
PO000289,2025-05-11,P0064,S001,156,9986.72,1557928.53,2025-05-18,2025-05-27,9,WH-CHE
PO000290,2025-07-10,P0036,S028,41,7899.56,323881.84,2025-07-20,2025-07-28,2,WH-KOL
PO000291,2025-08-24,P0003,S041,49,1774.4,86945.54,2025-09-16,2025-09-25,0,WH-DEL
PO000292,2026-05-01,P0137,S041,25,25885.56,647139.08,2026-05-25,2026-06-03,0,WH-BLR
PO000293,2025-05-23,P0091,S005,25,14111.34,352783.42,2025-06-19,2025-06-18,0,WH-DEL
PO000295,2026-05-01,P0127,S040,185,5820.19,1076734.97,2026-05-14,2026-05-15,13,WH-CHE
PO000296,2026-02-07,P0141,S024,59,17107.11,1009319.2,2026-02-25,2026-03-02,0,WH-MUM
PO000297,2025-05-29,P0076,S012,39,11856.56,462405.76,2025-06-11,2025-06-20,3,WH-KOL
PO000298,2025-06-14,P0121,S021,53,7145.96,378735.91,2025-07-08,2025-07-06,3,WH-HYD
PO000299,2026-02-10,P0058,S040,164,17408.27,2854957.06,2026-03-08,2026-03-10,12,WH-CHE
PO000300,2026-07-22,P0055,S038,23,18111.21,416557.92,2026-08-14,2026-08-20,0,WH-BLR
PO000301,2025-03-26,P0149,S014,143,22278.75,3185860.55,2025-04-15,2025-04-14,10,WH-HYD
PO000302,2025-12-04,P0082,S041,189,15239.29,2880226.18,2025-12-21,2025-12-31,4,WH-CHE
PO000303,2025-01-10,P0127,S040,16,5338.95,85423.13,2025-01-16,2025-01-28,0,WH-KOL
PO000304,2025-08-13,P0052,S036,108,6839.25,738639.12,2025-09-02,2025-09-06,2,WH-BLR
PO000305,2026-02-06,P0018,S020,164,28094.96,4607572.63,2026-02-24,2026-03-04,0,WH-DEL
PO000306,2025-03-14,P0060,S019,181,31919.38,5777408.26,2025-04-08,2025-04-16,13,WH-MUM
PO000307,2026-08-19,P0067,S032,15,35219.09,528286.31,2026-09-04,2026-09-13,0,WH-BLR
PO000308,2026-06-25,P0109,S025,142,28581.86,4058624.22,2026-07-02,2026-07-09,7,WH-BLR
PO000309,2025-03-19,P0008,S035,19,24218.55,460152.54,2025-04-08,2025-04-11,1,WH-HYD
PO000310,2026-01-19,P0003,S041,134,1819.07,243755.19,2026-01-31,2026-02-06,5,WH-BLR
PO000311,2026-07-23,P0057,S016,31,19347.76,599780.64,2026-08-10,2026-08-09,1,WH-HYD
PO000312,2025-10-25,P0124,S030,163,6927.03,1129105.2,2025-10-28,2025-11-07,10,WH-MUM
PO000313,2025-09-07,P0047,S025,46,11392.38,524049.38,2025-09-16,2025-09-17,3,WH-CHE
PO000314,2025-05-30,P0102,S003,60,14990.51,899430.57,2025-06-12,2025-06-22,2,WH-CHE
PO000315,2026-04-19,P0013,S016,52,9444.95,491137.19,2026-05-05,2026-05-16,3,WH-CHE
PO000316,2026-06-30,P0032,S030,193,16372.51,3159894.72,2026-07-19,2026-07-29,5,WH-KOL
PO000317,2026-06-18,P0026,S039,121,13964.14,1689661.2,2026-06-28,2026-07-05,3,WH-MUM
PO000318,2026-08-18,P0055,S038,77,18795.49,1447252.65,2026-09-07,2026-09-12,1,WH-CHE
PO000319,2025-07-28,P0066,S003,196,16425.11,3219321.57,2025-08-01,2025-08-08,13,WH-CHE
PO000320,2025-05-26,P0066,S003,108,18159.68,1961245.16,2025-06-16,2025-06-26,1,WH-CHE
PO000321,2025-09-18,P0079,S039,86,22233.39,1912071.65,2025-09-21,2025-09-23,0,WH-BLR
PO000322,2025-11-12,P0095,S013,96,1557.89,149557,2025-12-01,2025-12-08,2,WH-BLR
PO000323,2026-04-10,P0058,S040,135,20302.13,2740788.02,2026-04-18,2026-04-24,4,WH-MUM
PO000324,2026-03-21,P0082,S041,113,17436.07,1970275.54,2026-03-24,2026-04-03,4,WH-HYD
PO000325,2026-04-16,P0087,S017,41,3463.01,141983.53,2026-04-22,2026-04-27,1,WH-MUM
PO000326,2025-11-28,P0091,S005,19,13325.2,253178.77,2025-12-10,2025-12-15,0,WH-CHE
PO000327,2025-09-25,P0020,S014,115,27899.65,3208459.82,2025-10-23,2025-10-23,0,WH-BLR
PO000328,2026-02-09,P0115,S035,101,24262.76,2450539.22,2026-03-02,2026-03-06,7,WH-MUM
PO000329,2026-06-19,P0090,S001,30,12228.62,366858.47,2026-07-01,2026-07-02,1,WH-KOL
PO000330,2026-04-20,P0070,S049,123,11520.74,1417050.91,2026-05-05,2026-05-14,1,WH-MUM
PO000331,2026-01-30,P0146,S035,114,26075.26,2972580.18,2026-02-16,2026-02-22,8,WH-MUM
PO000332,2025-07-06,P0031,S021,11,12627.5,138902.52,2025-07-20,2025-07-27,0,WH-MUM
PO000333,2025-09-16,P0124,S030,24,6049.44,145186.64,2025-09-30,2025-10-12,1,WH-MUM
PO000334,2025-12-24,P0043,S028,31,29631.64,918580.74,2026-01-15,2026-01-23,2,WH-BLR
PO000335,2026-01-18,P0089,S043,119,21905.7,2606778.09,2026-02-15,2026-02-25,9,WH-DEL
PO000336,2026-04-12,P0037,S043,181,24869.84,4501440.35,2026-05-05,2026-05-06,5,WH-HYD
PO000337,2025-01-12,P0141,S024,191,15674.1,2993753.18,2025-01-30,2025-02-04,14,WH-CHE
PO000338,2026-07-24,P0051,S030,70,5044.98,353148.83,2026-08-21,2026-08-30,0,WH-KOL
PO000339,2026-07-28,P0119,S011,108,2166.9,234025.22,2026-08-05,2026-08-13,7,WH-CHE
PO000340,2025-09-28,P0028,S045,32,18933.7,605878.36,2025-10-24,2025-10-22,0,WH-DEL
PO000341,2026-06-21,P0116,S013,90,21219.49,1909753.87,2026-07-20,2026-07-19,1,WH-BLR
PO000342,2026-08-19,P0019,S034,16,16153.05,258448.88,2026-09-06,2026-09-07,1,WH-DEL
PO000343,2025-06-29,P0082,S041,183,15616.73,2857861.21,2025-07-26,2025-08-03,13,WH-MUM
PO000344,2025-05-05,P0107,S018,39,6006.55,234255.29,2025-05-25,2025-06-03,0,WH-KOL
PO000345,2025-07-15,P0123,S028,139,22421.98,3116655.67,2025-07-18,2025-07-16,5,WH-BLR
PO000347,2026-02-27,P0109,S025,133,28128.31,3741065.73,2026-03-24,2026-04-03,1,WH-DEL
PO000348,2026-01-26,P0100,S030,84,27642.32,2321954.73,2026-02-05,2026-02-11,1,WH-CHE
PO000349,2025-05-06,P0053,S037,21,7109.41,149297.58,2025-06-04,2025-06-12,1,WH-MUM
PO000351,2025-09-10,P0095,S013,70,1532.36,107265.1,2025-09-21,2025-09-20,1,WH-HYD
PO000352,2025-06-18,P0024,S022,133,6544.9,870471.98,2025-07-02,2025-07-07,8,WH-DEL
PO000353,2026-07-20,P0138,S049,13,17493.84,227419.95,2026-08-16,2026-08-16,0,WH-DEL
PO000354,2025-12-06,P0051,S030,51,5389.41,274859.71,2025-12-11,2025-12-11,0,WH-DEL
PO000355,2026-04-10,P0136,S026,101,26363.89,2662752.57,2026-05-06,2026-05-10,4,WH-KOL
PO000356,2025-01-11,P0015,S033,83,17847.63,1481353.28,2025-02-04,2025-02-10,3,WH-BLR
PO000357,2026-06-16,P0034,S035,14,25426.84,355975.71,2026-07-03,2026-07-01,0,WH-BLR
PO000358,2026-02-06,P0031,S021,60,11857.68,711460.88,2026-02-11,2026-02-09,0,WH-DEL
PO000359,2025-02-24,P0052,S036,36,6274.53,225883.24,2025-03-09,2025-03-19,2,WH-KOL
PO000360,2026-04-05,P0036,S028,152,6680.6,1015450.96,2026-05-03,2026-05-12,3,WH-BLR
PO000361,2026-06-30,P0131,S031,114,32332.52,3685906.94,2026-07-20,2026-07-28,7,WH-BLR
PO000362,2025-05-24,P0099,S047,149,11578.89,1725253.87,2025-05-30,2025-06-09,7,WH-HYD
PO000363,2025-10-16,P0113,S032,109,1484.49,161809.03,2025-11-11,2025-11-14,4,WH-CHE
PO000364,2025-06-22,P0064,S001,179,10525.41,1884047.72,2025-07-19,2025-07-25,2,WH-HYD
PO000365,2026-03-02,P0124,S030,190,6448.48,1225211.51,2026-03-16,2026-03-17,8,WH-CHE
PO000366,2025-12-02,P0049,S009,106,9446,1001276.25,2025-12-13,2025-12-12,5,WH-BLR
PO000367,2026-07-23,P0120,S029,112,2466.26,276221.48,2026-08-12,2026-08-20,5,WH-CHE
PO000368,2026-06-15,P0119,S011,107,2020.12,216152.39,2026-07-05,2026-07-13,3,WH-DEL
PO000369,2026-08-06,P0121,S021,108,7722.89,834071.95,2026-08-23,2026-09-01,1,WH-KOL
PO000370,2026-01-28,P0093,S004,146,11921.24,1740500.38,2026-02-01,2026-02-10,11,WH-HYD
PO000371,2026-03-23,P0105,S022,99,2162.21,214058.36,2026-04-07,2026-04-18,7,WH-KOL
PO000372,2026-06-23,P0078,S019,131,16012.21,2097600.11,2026-07-22,2026-07-26,7,WH-DEL
PO000373,2025-05-08,P0007,S003,23,16369.34,376494.72,2025-05-14,2025-05-22,0,WH-HYD
PO000374,2026-01-20,P0036,S028,87,6845.89,595592.39,2026-01-23,2026-01-23,1,WH-BLR
PO000375,2026-07-02,P0094,S030,71,29013.65,2059968.88,2026-07-31,2026-08-03,3,WH-DEL
PO000376,2025-01-22,P0134,S006,188,10617.09,1996013.11,2025-02-05,2025-02-05,5,WH-CHE
PO000377,2025-09-08,P0115,S035,180,23904.85,4302873.43,2025-09-16,2025-09-21,5,WH-BLR
PO000378,2026-04-12,P0112,S027,19,22157.75,420997.26,2026-04-26,2026-04-24,1,WH-BLR
PO000379,2025-06-21,P0121,S021,113,7854.92,887605.45,2025-06-27,2025-07-04,8,WH-DEL
PO000381,2025-07-05,P0061,S037,72,24434.03,1759249.95,2025-07-14,2025-07-18,2,WH-CHE
PO000383,2025-08-08,P0123,S028,40,18790.13,751605.26,2025-09-04,2025-09-04,0,WH-KOL
PO000384,2026-04-21,P0037,S043,53,22850.26,1211063.95,2026-05-06,2026-05-07,4,WH-MUM
PO000385,2025-04-08,P0076,S012,168,12253.84,2058645.14,2025-04-18,2025-04-24,7,WH-KOL
PO000386,2025-09-06,P0116,S013,67,25822.17,1730085.38,2025-10-05,2025-10-03,3,WH-HYD
PO000387,2026-02-09,P0138,S049,72,18087.69,1302313.41,2026-02-25,2026-03-04,1,WH-CHE
PO000388,2026-03-16,P0099,S047,45,11436.78,514654.98,2026-04-06,2026-04-15,2,WH-KOL
PO000389,2026-01-21,P0109,S025,67,28543.41,1912408.19,2026-02-20,2026-03-03,2,WH-CHE
PO000390,2026-03-10,P0099,S047,62,11313.39,701429.95,2026-04-02,2026-04-09,0,WH-CHE
PO000391,2025-01-28,P0136,S026,12,25439.4,305272.79,2025-02-07,2025-02-15,0,WH-KOL
PO000392,2025-01-22,P0105,S022,169,2500.38,422564.55,2025-02-18,2025-02-26,2,WH-HYD
PO000393,2026-04-15,P0017,S047,181,22631.64,4096327.69,2026-05-15,2026-05-16,5,WH-CHE
PO000394,2026-08-26,P0060,S019,65,31755.7,2064120.29,2026-08-31,2026-09-06,3,WH-HYD
PO000395,2026-08-21,P0072,S044,123,31724.01,3902053.19,2026-08-26,2026-09-04,7,WH-HYD
PO000396,2025-09-04,P0041,S043,145,29781.78,4318358.57,2025-09-24,2025-10-01,5,WH-HYD
PO000397,2026-01-27,P0006,S012,126,21092.39,2657640.91,2026-02-06,2026-02-06,1,WH-KOL
PO000398,2026-04-07,P0057,S016,190,19540.72,3712737.44,2026-04-10,2026-04-17,0,WH-CHE
PO000399,2025-09-03,P0027,S046,89,12167.82,1082936.36,2025-09-15,2025-09-17,6,WH-DEL
PO000400,2025-03-27,P0003,S041,94,1789.9,168250.7,2025-04-06,2025-04-07,4,WH-HYD
PO000401,2025-08-18,P0144,S033,58,11888.44,689529.56,2025-09-16,2025-09-24,1,WH-BLR
PO000402,2025-05-01,P0004,S005,54,27088.47,1462777.28,2025-05-06,2025-05-12,1,WH-DEL
PO000403,2026-02-01,P0057,S016,86,17885.39,1538143.29,2026-03-03,2026-03-13,0,WH-KOL
PO000404,2025-02-28,P0014,S024,109,18480.94,2014422.18,2025-03-28,2025-04-04,5,WH-KOL
PO000405,2025-10-18,P0052,S036,114,6538.12,745346.04,2025-10-22,2025-10-26,5,WH-BLR
PO000406,2025-12-22,P0099,S047,111,10928.68,1213083.11,2025-12-28,2026-01-05,8,WH-HYD
PO000407,2025-05-23,P0121,S021,115,7099.71,816467.17,2025-06-01,2025-06-03,7,WH-MUM
PO000408,2026-07-14,P0139,S006,193,27741.08,5354029.01,2026-07-21,2026-07-26,11,WH-HYD
PO000409,2026-07-16,P0051,S030,116,4836.01,560976.67,2026-08-07,2026-08-16,4,WH-BLR
PO000410,2025-08-02,P0114,S016,196,11835.33,2319725.01,2025-08-09,2025-08-08,8,WH-BLR
PO000411,2025-07-29,P0131,S031,37,33877.54,1253469.1,2025-08-20,2025-08-26,0,WH-CHE
PO000412,2026-08-14,P0128,S032,161,3335.05,536943.5,2026-08-24,2026-09-02,3,WH-KOL
PO000413,2025-12-04,P0008,S035,115,21762.67,2502707.14,2025-12-07,2025-12-12,2,WH-HYD
PO000414,2026-02-10,P0044,S026,125,391.01,48876.79,2026-02-25,2026-02-28,8,WH-DEL
PO000415,2025-01-08,P0139,S006,105,26535.18,2786194.25,2025-01-12,2025-01-22,1,WH-BLR
PO000416,2025-01-17,P0003,S041,78,1771.49,138176.06,2025-02-09,2025-02-21,0,WH-KOL
PO000417,2025-04-22,P0086,S050,10,19131.1,191310.99,2025-04-28,2025-05-10,0,WH-DEL
PO000418,2025-01-04,P0088,S029,21,20797.58,436749.12,2025-02-01,2025-02-07,1,WH-CHE
PO000419,2025-10-05,P0102,S003,117,15422.78,1804465.23,2025-10-11,2025-10-15,8,WH-HYD
PO000420,2025-01-10,P0034,S035,102,23369.35,2383673.8,2025-02-06,2025-02-15,6,WH-HYD
PO000421,2025-03-22,P0068,S014,104,16794.67,1746645.25,2025-04-17,2025-04-17,1,WH-MUM
PO000422,2025-07-09,P0067,S032,74,35144.57,2600698.23,2025-07-21,2025-07-21,3,WH-DEL
PO000423,2026-08-19,P0025,S004,191,1096.76,209481.51,2026-09-06,2026-09-16,4,WH-HYD
PO000424,2026-08-12,P0023,S018,146,18381.02,2683628.69,2026-09-05,2026-09-16,4,WH-CHE
PO000425,2026-02-10,P0029,S030,17,25783.16,438313.75,2026-02-18,2026-02-26,0,WH-DEL
PO000426,2026-08-27,P0131,S031,76,35942.77,2731650.36,2026-09-17,2026-09-22,3,WH-DEL
PO000427,2025-04-18,P0078,S019,187,17118.07,3201080.01,2025-05-06,2025-05-06,6,WH-CHE
PO000428,2025-05-17,P0092,S031,142,34108.17,4843360.21,2025-06-05,2025-06-03,7,WH-DEL
PO000429,2025-08-08,P0042,S013,34,13292.29,451937.96,2025-09-01,2025-09-12,1,WH-KOL
PO000431,2025-02-01,P0133,S045,84,2823.78,237197.71,2025-02-17,2025-02-24,4,WH-BLR
PO000432,2026-05-05,P0139,S006,149,26108.97,3890236.17,2026-05-18,2026-05-19,3,WH-MUM
PO000433,2026-08-24,P0001,S040,159,19404.74,3085353.87,2026-09-17,2026-09-23,9,WH-KOL
PO000434,2026-03-22,P0010,S022,28,760.76,21301.14,2026-04-01,2026-03-31,1,WH-BLR
PO000435,2026-06-25,P0118,S049,146,15979.81,2333051.57,2026-07-24,2026-07-30,8,WH-KOL
PO000436,2026-03-21,P0023,S018,175,17909.02,3134077.94,2026-04-06,2026-04-18,5,WH-DEL
PO000437,2025-10-02,P0122,S013,45,3311.22,149004.72,2025-10-12,2025-10-24,3,WH-CHE
PO000438,2025-10-22,P0136,S026,87,30124.63,2620842.88,2025-11-06,2025-11-05,0,WH-DEL
PO000439,2025-11-06,P0082,S041,162,17390.78,2817305.67,2025-12-02,2025-12-07,10,WH-KOL
PO000440,2026-03-28,P0022,S040,12,5415.87,64990.46,2026-04-08,2026-04-16,0,WH-KOL
PO000441,2026-01-08,P0019,S034,59,16157.81,953310.5,2026-01-14,2026-01-16,1,WH-BLR
PO000442,2025-08-12,P0139,S006,28,30647.32,858124.89,2025-08-22,2025-08-22,0,WH-KOL
PO000443,2025-04-23,P0135,S037,189,5665.34,1070749.23,2025-05-11,2025-05-21,0,WH-DEL
PO000444,2026-01-04,P0027,S046,110,11940.42,1313445.88,2026-01-07,2026-01-05,8,WH-CHE
PO000445,2025-03-05,P0111,S031,129,26905.31,3470784.57,2025-03-24,2025-04-01,9,WH-BLR
PO000446,2025-10-26,P0108,S016,200,14259.38,2851875.05,2025-10-30,2025-11-07,13,WH-HYD
PO000447,2025-02-22,P0009,S037,96,2118.17,203344.08,2025-03-20,2025-03-29,2,WH-HYD
PO000448,2025-04-16,P0089,S043,195,24172.89,4713714.06,2025-05-05,2025-05-17,2,WH-MUM
PO000449,2025-09-25,P0036,S028,50,8096.5,404824.83,2025-10-17,2025-10-23,0,WH-MUM
PO000450,2025-10-18,P0111,S031,162,24422.53,3956449.96,2025-11-11,2025-11-13,6,WH-CHE
PO000451,2025-11-20,P0040,S006,163,16853.41,2747106.03,2025-12-02,2025-12-11,7,WH-DEL
PO000452,2025-08-13,P0028,S045,62,21943.17,1360476.42,2025-08-27,2025-09-03,2,WH-CHE
PO000453,2025-09-19,P0058,S040,103,20313.57,2092297.46,2025-09-27,2025-10-07,8,WH-DEL
PO000454,2025-04-01,P0137,S041,138,24857.51,3430336.75,2025-04-16,2025-04-23,2,WH-KOL
PO000455,2025-12-19,P0113,S032,120,1466.05,175926.4,2026-01-15,2026-01-22,6,WH-CHE
PO000456,2025-11-14,P0047,S025,175,12065.55,2111470.94,2025-11-30,2025-12-06,0,WH-CHE
PO000457,2026-04-26,P0085,S013,179,15882.5,2842968.18,2026-05-10,2026-05-21,9,WH-CHE
PO000458,2025-11-28,P0024,S022,200,5858.13,1171625.66,2025-12-07,2025-12-11,7,WH-MUM
PO000460,2026-08-28,P0073,S023,80,3887.75,311020.11,2026-09-14,2026-09-22,6,WH-MUM
PO000461,2025-11-15,P0035,S011,100,8196.24,819624.07,2025-12-03,2025-12-07,4,WH-DEL
PO000462,2026-05-27,P0137,S041,90,22570.37,2031333.69,2026-06-18,2026-06-20,3,WH-CHE
PO000463,2025-08-16,P0052,S036,111,6809.91,755899.47,2025-09-15,2025-09-16,5,WH-MUM
PO000464,2025-03-10,P0008,S035,89,24354.59,2167558.55,2025-03-28,2025-03-27,2,WH-KOL
PO000465,2026-08-11,P0148,S005,185,13758.67,2545353.58,2026-09-04,2026-09-15,1,WH-HYD
PO000466,2025-12-03,P0070,S049,169,10419.5,1760895.98,2025-12-28,2026-01-04,5,WH-HYD
PO000467,2026-04-11,P0010,S022,126,834.67,105168.89,2026-04-16,2026-04-28,5,WH-BLR
PO000468,2026-01-25,P0037,S043,74,26300.87,1946264.26,2026-02-07,2026-02-18,5,WH-HYD
PO000469,2025-08-15,P0035,S011,54,7847.86,423784.22,2025-09-01,2025-09-05,2,WH-MUM
PO000470,2025-03-02,P0049,S009,93,10923.22,1015859.73,2025-03-10,2025-03-09,3,WH-HYD
PO000471,2025-08-15,P0087,S017,43,3996.73,171859.56,2025-08-20,2025-08-31,1,WH-BLR
PO000472,2025-09-21,P0120,S029,156,2654.49,414100.96,2025-10-14,2025-10-23,7,WH-HYD
PO000473,2025-06-20,P0042,S013,124,14491.99,1797007.33,2025-07-11,2025-07-21,0,WH-BLR
PO000474,2025-11-18,P0091,S005,77,15470.44,1191223.85,2025-11-22,2025-11-20,4,WH-MUM
PO000475,2026-06-26,P0144,S033,134,12559.48,1682970.5,2026-07-24,2026-08-02,0,WH-CHE
PO000476,2026-03-04,P0145,S032,177,2163.53,382945.68,2026-04-02,2026-04-05,10,WH-KOL
PO000477,2025-08-27,P0064,S001,110,10798.84,1187872.9,2025-08-31,2025-09-10,5,WH-MUM
PO000478,2026-07-11,P0038,S036,51,20723.2,1056883.38,2026-08-04,2026-08-04,3,WH-DEL
PO000479,2025-06-30,P0141,S024,115,15596.69,1793618.79,2025-07-03,2025-07-12,5,WH-DEL
PO000480,2025-06-26,P0117,S003,105,19398.2,2036811.07,2025-07-08,2025-07-06,3,WH-KOL
PO000481,2026-07-06,P0065,S024,145,27422.23,3976222.76,2026-08-05,2026-08-04,11,WH-MUM
PO000482,2025-06-05,P0130,S038,12,19546.1,234553.18,2025-06-13,2025-06-24,0,WH-CHE
PO000483,2026-05-12,P0119,S011,65,1803.23,117210.26,2026-05-29,2026-06-08,2,WH-KOL
PO000484,2026-05-08,P0044,S026,147,416.5,61225.37,2026-05-31,2026-06-10,3,WH-MUM
PO000485,2026-07-26,P0140,S024,130,16902.99,2197388.1,2026-08-02,2026-08-07,3,WH-BLR
PO000486,2025-01-26,P0070,S049,187,10462.75,1956533.59,2025-02-24,2025-02-22,10,WH-DEL
PO000487,2026-08-09,P0003,S041,173,1674.93,289762.44,2026-08-15,2026-08-19,12,WH-MUM
PO000488,2026-01-18,P0013,S016,166,10524.03,1746988.69,2026-01-29,2026-02-04,10,WH-MUM
PO000489,2025-07-15,P0087,S017,189,3671,693818.35,2025-08-02,2025-08-10,9,WH-CHE
PO000490,2026-07-05,P0047,S025,172,10825.59,1862000.88,2026-07-20,2026-07-31,7,WH-KOL
PO000491,2025-08-29,P0147,S005,46,26072.71,1199344.88,2025-09-17,2025-09-16,2,WH-MUM
PO000492,2025-02-06,P0023,S018,150,17921.61,2688241.82,2025-03-07,2025-03-18,6,WH-DEL
PO000493,2025-02-27,P0069,S004,64,8824.9,564793.84,2025-03-20,2025-03-29,2,WH-HYD
PO000494,2025-08-05,P0064,S001,108,9894.46,1068602.17,2025-08-25,2025-08-26,3,WH-DEL
PO000495,2025-12-16,P0073,S023,80,3614.01,289120.49,2026-01-09,2026-01-15,2,WH-KOL
PO000496,2025-04-07,P0135,S037,63,5825.74,367021.43,2025-05-05,2025-05-17,0,WH-CHE
PO000497,2025-04-12,P0027,S046,166,10903.69,1810012.64,2025-05-07,2025-05-12,10,WH-MUM
PO000498,2026-04-08,P0072,S044,90,33974.71,3057724.23,2026-05-04,2026-05-15,7,WH-CHE
PO000499,2026-01-22,P0092,S031,107,31870.18,3410108.74,2026-02-10,2026-02-18,7,WH-CHE
PO000500,2025-06-19,P0131,S031,56,34248.47,1917914.58,2025-07-04,2025-07-16,3,WH-KOL
PO000501,2026-04-29,P0149,S014,137,24442.26,3348589.13,2026-05-09,2026-05-07,5,WH-HYD
PO000502,2026-08-16,P0047,S025,139,10867.48,1510579.51,2026-08-20,2026-08-25,9,WH-BLR
PO000503,2025-08-06,P0036,S028,120,7520.79,902495.28,2025-08-30,2025-08-28,6,WH-HYD
PO000504,2025-08-25,P0109,S025,109,29010.39,3162133.03,2025-09-01,2025-09-10,0,WH-HYD
PO000505,2026-01-20,P0077,S027,28,386.03,10808.8,2026-01-31,2026-02-09,1,WH-BLR
PO000506,2025-07-06,P0045,S001,147,35319.56,5191974.63,2025-07-29,2025-08-02,7,WH-CHE
PO000507,2026-08-28,P0027,S046,76,11684.98,888058.42,2026-09-26,2026-10-04,3,WH-HYD
PO000508,2025-06-02,P0147,S005,175,27778.78,4861285.93,2025-06-28,2025-07-06,4,WH-BLR
PO000509,2026-06-29,P0031,S021,94,12269.26,1153310.12,2026-07-18,2026-07-16,6,WH-BLR
PO000510,2025-08-06,P0047,S025,33,10894.43,359516.35,2025-09-02,2025-09-10,0,WH-KOL
PO000511,2025-01-14,P0140,S024,155,19988.94,3098286.41,2025-01-19,2025-01-19,3,WH-DEL
PO000512,2025-03-05,P0040,S006,38,17723.14,673479.41,2025-04-03,2025-04-15,0,WH-CHE
PO000513,2026-05-01,P0084,S022,67,24574.9,1646518.44,2026-05-23,2026-05-29,0,WH-HYD
PO000514,2025-05-30,P0121,S021,133,7714.3,1026002.41,2025-06-18,2025-06-16,1,WH-KOL
PO000515,2026-07-20,P0087,S017,88,4159.7,366053.7,2026-08-05,2026-08-06,1,WH-HYD
PO000516,2025-10-23,P0089,S043,200,20243.49,4048697.29,2025-11-06,2025-11-07,6,WH-MUM
PO000517,2026-03-09,P0084,S022,139,25103.35,3489365.18,2026-03-22,2026-03-24,6,WH-DEL
PO000518,2026-01-09,P0134,S006,185,9755.45,1804757.53,2026-01-26,2026-02-04,6,WH-KOL
PO000519,2026-03-24,P0145,S032,43,2573.4,110656.03,2026-04-14,2026-04-14,0,WH-KOL
PO000520,2026-02-27,P0073,S023,133,3247.33,431895.06,2026-03-11,2026-03-13,4,WH-KOL
PO000521,2025-07-14,P0113,S032,45,1431.61,64422.27,2025-07-24,2025-07-22,2,WH-MUM
PO000522,2026-04-02,P0099,S047,177,11421.86,2021668.53,2026-04-05,2026-04-03,1,WH-DEL
PO000523,2026-04-21,P0077,S027,181,453.87,82150.6,2026-05-07,2026-05-19,5,WH-DEL
PO000524,2025-07-15,P0094,S030,98,30655.74,3004262.86,2025-07-18,2025-07-23,7,WH-CHE
PO000525,2025-02-24,P0071,S010,150,27654.16,4148124.49,2025-03-20,2025-03-25,4,WH-KOL
PO000526,2025-01-30,P0040,S006,182,16950.63,3085014.96,2025-02-07,2025-02-07,9,WH-MUM
PO000527,2026-06-30,P0032,S030,25,15718.57,392964.28,2026-07-23,2026-08-02,1,WH-BLR
PO000528,2025-09-03,P0075,S047,126,24994.03,3149248.26,2025-09-15,2025-09-24,8,WH-KOL
PO000529,2025-07-11,P0134,S006,107,9531.16,1019833.65,2025-07-26,2025-08-04,0,WH-BLR
PO000530,2025-11-19,P0117,S003,24,17493.04,419833.04,2025-12-16,2025-12-23,0,WH-CHE
PO000531,2025-03-17,P0042,S013,126,13879.22,1748782.19,2025-04-02,2025-04-06,4,WH-HYD
PO000532,2025-03-13,P0129,S048,140,10125.58,1417580.71,2025-03-22,2025-03-20,7,WH-BLR
PO000534,2025-05-09,P0070,S049,118,11625.27,1371781.89,2025-05-19,2025-05-31,1,WH-BLR
PO000535,2026-08-24,P0141,S024,34,18222.36,619560.27,2026-09-06,2026-09-09,2,WH-KOL
PO000536,2026-01-08,P0112,S027,127,20993.78,2666209.89,2026-01-15,2026-01-21,5,WH-DEL
PO000537,2026-06-01,P0029,S030,75,25153.44,1886508.1,2026-06-27,2026-06-29,5,WH-MUM
PO000538,2025-08-31,P0048,S036,140,5601.69,784236.81,2025-09-15,2025-09-26,8,WH-BLR
PO000539,2026-02-21,P0075,S047,27,27699.15,747876.98,2026-03-10,2026-03-18,1,WH-KOL
PO000540,2025-10-13,P0105,S022,28,2354.18,65917.04,2025-10-24,2025-11-05,0,WH-HYD
PO000541,2026-08-16,P0148,S005,32,12830.07,410562.37,2026-09-09,2026-09-21,0,WH-CHE
PO000542,2025-05-31,P0038,S036,142,18832.11,2674160.17,2025-06-26,2025-07-04,1,WH-MUM
PO000543,2025-01-05,P0131,S031,28,32481.76,909489.41,2025-01-17,2025-01-22,0,WH-BLR
PO000544,2026-03-21,P0145,S032,135,2562.93,345995.39,2026-04-10,2026-04-19,9,WH-MUM
PO000545,2025-12-20,P0124,S030,27,6566.35,177291.38,2026-01-03,2026-01-04,0,WH-MUM
PO000546,2025-01-26,P0118,S049,72,16687.02,1201465.13,2025-02-25,2025-03-06,5,WH-MUM
PO000547,2025-03-29,P0078,S019,86,14906.07,1281922.22,2025-04-18,2025-04-19,4,WH-MUM
PO000548,2025-01-01,P0082,S041,97,17978.18,1743883.15,2025-01-04,2025-01-10,7,WH-CHE
PO000549,2026-01-20,P0055,S038,19,18658.46,354510.78,2026-02-01,2026-02-05,1,WH-MUM
PO000550,2025-12-25,P0029,S030,29,22032.59,638945.05,2026-01-17,2026-01-23,1,WH-DEL
PO000551,2025-07-08,P0143,S049,134,20745.18,2779854.35,2025-07-16,2025-07-25,8,WH-HYD
PO000552,2025-03-07,P0130,S038,70,19983.17,1398821.81,2025-03-19,2025-03-31,1,WH-HYD
PO000553,2026-01-14,P0089,S043,124,23395.07,2900988.62,2026-01-30,2026-02-09,9,WH-KOL
PO000554,2026-08-07,P0064,S001,87,8967.16,780142.84,2026-08-12,2026-08-19,6,WH-MUM
PO000555,2026-06-04,P0085,S013,80,16353.84,1308307.35,2026-06-12,2026-06-17,2,WH-DEL
PO000556,2026-04-08,P0078,S019,164,14748.36,2418731,2026-04-16,2026-04-21,8,WH-BLR
PO000557,2026-08-29,P0022,S040,48,5366.94,257612.99,2026-09-13,2026-09-18,1,WH-HYD
PO000558,2026-01-28,P0124,S030,62,6040.37,374502.7,2026-02-03,2026-02-15,4,WH-BLR
PO000559,2025-11-23,P0052,S036,40,6971.67,278866.76,2025-11-26,2025-12-02,1,WH-BLR
PO000560,2025-11-17,P0107,S018,23,6269.95,144208.95,2025-11-23,2025-11-28,0,WH-KOL
PO000561,2026-02-09,P0113,S032,27,1357.36,36648.8,2026-02-17,2026-02-19,0,WH-BLR
PO000562,2026-08-18,P0110,S006,80,332.08,26566.37,2026-09-15,2026-09-24,4,WH-HYD
PO000563,2025-12-18,P0081,S012,86,25042.29,2153637.2,2026-01-10,2026-01-20,4,WH-CHE
PO000564,2025-10-06,P0072,S044,173,35398.47,6123935.51,2025-10-20,2025-10-30,2,WH-DEL
PO000565,2026-04-04,P0142,S009,171,20515.44,3508140.65,2026-04-29,2026-05-08,1,WH-BLR
PO000566,2025-10-17,P0023,S018,142,17759.79,2521889.62,2025-11-08,2025-11-08,2,WH-MUM
PO000567,2026-01-11,P0047,S025,183,11507.82,2105931.57,2026-02-04,2026-02-11,5,WH-MUM
PO000568,2025-01-09,P0083,S021,107,31372.34,3356840.77,2025-01-15,2025-01-26,7,WH-MUM
PO000569,2025-12-11,P0089,S043,144,24826.9,3575074.04,2025-12-26,2025-12-29,1,WH-HYD
PO000570,2025-09-01,P0008,S035,92,21559.52,1983475.92,2025-09-21,2025-09-20,5,WH-DEL
PO000571,2025-02-22,P0015,S033,116,17555.42,2036428.47,2025-02-25,2025-02-28,3,WH-KOL
PO000572,2026-05-07,P0124,S030,178,6808.13,1211847.86,2026-05-30,2026-05-29,2,WH-MUM
PO000573,2025-02-11,P0005,S044,147,12272.75,1804094.57,2025-03-09,2025-03-18,10,WH-DEL
PO000574,2025-01-25,P0009,S037,197,2060.6,405938.49,2025-02-04,2025-02-13,9,WH-CHE
PO000575,2026-06-27,P0127,S040,45,5987.12,269420.56,2026-07-27,2026-07-28,1,WH-KOL
PO000576,2025-01-14,P0030,S024,164,31645.94,5189934.41,2025-02-09,2025-02-21,6,WH-DEL
PO000577,2025-06-22,P0116,S013,26,23737.39,617172.02,2025-07-20,2025-07-24,0,WH-BLR
PO000578,2026-03-19,P0029,S030,94,22077.26,2075262.62,2026-04-08,2026-04-06,0,WH-MUM
PO000579,2025-04-15,P0048,S036,93,5821.87,541433.56,2025-05-03,2025-05-15,4,WH-BLR
PO000580,2025-12-05,P0054,S037,140,9501.84,1330258.19,2025-12-10,2025-12-15,10,WH-CHE
PO000581,2025-02-23,P0003,S041,179,1809.09,323827.4,2025-03-08,2025-03-16,5,WH-KOL
PO000582,2026-07-11,P0028,S045,125,22064.31,2758039.01,2026-08-01,2026-07-30,9,WH-BLR
PO000583,2025-07-11,P0084,S022,160,28130.95,4500951.75,2025-07-22,2025-07-22,2,WH-HYD
PO000584,2025-09-29,P0089,S043,61,23401.97,1427519.92,2025-10-10,2025-10-17,0,WH-CHE
PO000585,2025-03-27,P0045,S001,54,33094.51,1787103.32,2025-04-05,2025-04-15,0,WH-HYD
PO000586,2025-07-27,P0132,S045,73,14599.82,1065787.13,2025-08-05,2025-08-09,3,WH-CHE
PO000587,2025-05-24,P0035,S011,135,9257.06,1249703.07,2025-06-19,2025-06-26,0,WH-HYD
PO000588,2025-09-27,P0124,S030,86,6389.19,549470.16,2025-10-20,2025-10-31,1,WH-DEL
PO000589,2025-04-15,P0132,S045,40,15046.37,601854.84,2025-05-14,2025-05-23,1,WH-KOL
PO000590,2025-01-14,P0143,S049,196,24667.34,4834799.18,2025-02-01,2025-02-05,12,WH-MUM
PO000591,2025-11-09,P0136,S026,96,25563.48,2454094.38,2025-11-18,2025-11-20,4,WH-CHE
PO000592,2025-12-26,P0063,S005,183,18233.63,3336754.12,2026-01-14,2026-01-16,3,WH-BLR
PO000593,2025-03-17,P0018,S020,139,32318.68,4492296.71,2025-04-10,2025-04-08,2,WH-KOL
PO000595,2025-01-23,P0108,S016,90,11893.11,1070380.07,2025-02-02,2025-02-11,6,WH-BLR
PO000596,2026-02-09,P0029,S030,70,25815.92,1807114.61,2026-03-07,2026-03-15,4,WH-DEL
PO000598,2025-09-04,P0090,S001,13,11088.65,144152.39,2025-09-28,2025-10-06,0,WH-MUM
PO000599,2025-06-22,P0001,S040,122,18946.78,2311507.04,2025-06-30,2025-07-12,1,WH-DEL
PO000600,2026-04-07,P0034,S035,44,23685.09,1042143.81,2026-04-24,2026-04-22,0,WH-DEL
PO000601,2025-01-15,P0078,S019,14,16132.77,225858.83,2025-02-02,2025-02-05,0,WH-BLR
PO000602,2025-07-10,P0001,S040,155,16644.86,2579953.67,2025-08-02,2025-08-13,8,WH-BLR
PO000603,2026-08-13,P0148,S005,115,13436.79,1545230.84,2026-08-30,2026-09-10,7,WH-DEL
PO000604,2026-01-24,P0092,S031,80,36656.09,2932487.26,2026-02-07,2026-02-14,6,WH-DEL
PO000605,2026-03-29,P0024,S022,26,5767.4,149952.42,2026-04-02,2026-04-03,0,WH-DEL
PO000606,2026-07-29,P0038,S036,84,20060,1685040.28,2026-08-24,2026-08-24,0,WH-DEL
PO000607,2025-07-28,P0075,S047,65,25140.32,1634120.62,2025-08-24,2025-08-25,4,WH-CHE
PO000608,2025-03-04,P0010,S022,175,704.16,123228.71,2025-03-30,2025-04-11,2,WH-HYD
PO000609,2025-01-02,P0097,S038,58,6213.13,360361.69,2025-01-09,2025-01-16,0,WH-BLR
PO000610,2025-12-13,P0149,S014,138,24626.79,3398497.29,2025-12-21,2025-12-19,1,WH-MUM
PO000611,2025-06-06,P0092,S031,22,30206.71,664547.69,2025-07-01,2025-07-01,0,WH-MUM
PO000612,2025-03-27,P0055,S038,140,18966.92,2655369.46,2025-03-30,2025-04-03,7,WH-CHE
PO000613,2025-09-30,P0030,S024,71,30634.31,2175036.07,2025-10-12,2025-10-14,1,WH-CHE
PO000614,2025-12-25,P0002,S008,68,4728.94,321567.7,2026-01-16,2026-01-20,0,WH-MUM
PO000615,2025-08-30,P0106,S009,13,31004.86,403063.14,2025-09-20,2025-09-25,0,WH-CHE
PO000616,2025-11-30,P0048,S036,45,6173.1,277789.39,2025-12-10,2025-12-17,1,WH-MUM
PO000617,2025-09-22,P0125,S037,150,12080.08,1812012.31,2025-10-02,2025-10-09,1,WH-CHE
PO000618,2025-08-25,P0003,S041,137,1672.18,229088.52,2025-09-09,2025-09-16,10,WH-BLR
PO000619,2025-09-12,P0080,S006,27,4734.62,127834.61,2025-09-15,2025-09-14,0,WH-DEL
PO000620,2026-04-28,P0144,S033,188,11562.43,2173737.08,2026-05-06,2026-05-13,5,WH-KOL
PO000621,2026-04-19,P0052,S036,36,6475.54,233119.56,2026-05-10,2026-05-12,2,WH-CHE
PO000622,2025-10-16,P0138,S049,13,20022.61,260293.95,2025-11-10,2025-11-18,0,WH-DEL
PO000623,2026-02-26,P0094,S030,182,28353.99,5160425.56,2026-03-01,2026-03-01,9,WH-HYD
PO000625,2025-10-01,P0104,S008,151,2575.77,388941.89,2025-10-26,2025-10-29,8,WH-HYD
PO000626,2026-08-05,P0091,S005,113,13605.59,1537432.03,2026-08-23,2026-09-03,0,WH-CHE
PO000627,2026-06-15,P0031,S021,128,10515.88,1346032.39,2026-07-07,2026-07-10,7,WH-KOL
PO000628,2026-07-18,P0141,S024,150,16575.33,2486300.08,2026-07-26,2026-08-05,2,WH-HYD
PO000629,2025-01-09,P0068,S014,44,16424.06,722658.85,2025-01-14,2025-01-18,2,WH-KOL
PO000630,2026-03-12,P0012,S008,151,19446.32,2936393.57,2026-03-25,2026-04-02,4,WH-KOL
PO000631,2025-05-30,P0099,S047,46,11469.77,527609.48,2025-06-11,2025-06-15,2,WH-MUM
PO000632,2026-01-08,P0086,S050,115,16017.2,1841978.12,2026-02-01,2026-02-06,6,WH-CHE
PO000633,2025-12-13,P0059,S031,178,16074.63,2861283.86,2025-12-18,2025-12-23,1,WH-HYD
PO000634,2025-10-31,P0141,S024,126,18055.27,2274963.58,2025-11-24,2025-11-24,4,WH-HYD
PO000635,2025-09-29,P0149,S014,81,24022.07,1945787.85,2025-10-16,2025-10-17,2,WH-MUM
PO000636,2026-03-06,P0015,S033,190,17948.22,3410161.65,2026-03-18,2026-03-23,11,WH-BLR
PO000637,2026-05-17,P0109,S025,88,24969.64,2197328.43,2026-06-12,2026-06-11,4,WH-MUM
PO000638,2025-06-07,P0008,S035,172,22251.82,3827312.84,2025-06-30,2025-06-28,0,WH-MUM
PO000639,2025-04-21,P0017,S047,16,23590.31,377444.93,2025-05-03,2025-05-09,0,WH-CHE
PO000640,2025-05-29,P0050,S032,101,700.02,70701.99,2025-06-17,2025-06-21,4,WH-KOL
PO000641,2025-01-17,P0131,S031,25,36716.43,917910.67,2025-02-06,2025-02-18,1,WH-BLR
PO000642,2026-06-22,P0073,S023,86,3582.99,308136.77,2026-07-14,2026-07-16,2,WH-HYD
PO000643,2025-03-17,P0068,S014,189,14158.12,2675884.03,2025-03-28,2025-04-06,2,WH-CHE
PO000644,2025-03-02,P0106,S009,118,36497.61,4306718.02,2025-03-07,2025-03-08,7,WH-CHE
PO000645,2026-05-01,P0031,S021,192,10883.6,2089650.49,2026-05-28,2026-06-04,4,WH-CHE
PO000646,2026-07-26,P0020,S014,115,26436.15,3040157.29,2026-08-14,2026-08-25,1,WH-KOL
PO000647,2026-02-21,P0149,S014,133,23727.7,3155784.68,2026-03-19,2026-03-24,4,WH-HYD
PO000648,2025-10-25,P0150,S009,185,37183.57,6878961.16,2025-11-09,2025-11-10,6,WH-MUM
PO000649,2025-12-24,P0136,S026,95,27845.94,2645364.37,2026-01-10,2026-01-22,0,WH-BLR
PO000650,2026-05-08,P0134,S006,187,9694.11,1812798.53,2026-06-02,2026-06-08,13,WH-DEL
PO000651,2025-01-19,P0114,S016,120,11564.31,1387716.86,2025-02-06,2025-02-14,5,WH-MUM
PO000652,2026-04-01,P0067,S032,49,34522.93,1691623.58,2026-04-28,2026-05-08,1,WH-CHE
PO000653,2026-01-30,P0043,S028,142,25714.2,3651416.22,2026-02-15,2026-02-14,3,WH-KOL
PO000654,2026-02-13,P0057,S016,88,16728.78,1472132.65,2026-03-10,2026-03-14,0,WH-KOL
PO000655,2026-07-06,P0046,S016,49,33444.02,1638756.8,2026-07-31,2026-07-29,1,WH-KOL
PO000656,2026-02-23,P0083,S021,56,33623.83,1882934.39,2026-03-06,2026-03-05,2,WH-CHE
PO000657,2025-12-18,P0072,S044,163,35790.95,5833924.34,2025-12-24,2026-01-02,1,WH-KOL
PO000658,2025-10-20,P0019,S034,179,17229.61,3084099.46,2025-10-31,2025-10-31,1,WH-HYD
PO000659,2025-06-01,P0134,S006,97,11345.56,1100519.14,2025-06-12,2025-06-22,2,WH-KOL
PO000660,2025-09-15,P0031,S021,66,11261.25,743242.28,2025-10-05,2025-10-17,0,WH-BLR
PO000661,2026-06-24,P0015,S033,196,17486.53,3427360.41,2026-07-18,2026-07-25,14,WH-DEL
PO000662,2025-02-06,P0033,S026,99,18455.26,1827070.47,2025-02-15,2025-02-17,5,WH-BLR
PO000663,2026-08-30,P0093,S004,87,12519.11,1089162.25,2026-09-21,2026-10-01,5,WH-CHE
PO000664,2025-07-12,P0140,S024,82,18572.29,1522928.12,2025-07-19,2025-07-25,1,WH-CHE
PO000665,2025-03-04,P0114,S016,117,11056.98,1293666.94,2025-03-22,2025-03-30,6,WH-BLR
PO000666,2026-05-06,P0071,S010,111,23844.25,2646712.24,2026-05-16,2026-05-20,8,WH-BLR
PO000667,2025-02-17,P0127,S040,70,5989.92,419294.41,2025-02-24,2025-02-26,0,WH-CHE
PO000668,2025-03-13,P0073,S023,127,3900.63,495379.68,2025-03-30,2025-04-06,9,WH-CHE
PO000669,2025-04-18,P0021,S029,127,8920.2,1132865.65,2025-05-02,2025-05-02,2,WH-DEL
PO000670,2025-01-14,P0101,S003,169,18402.31,3109990.09,2025-01-22,2025-02-01,6,WH-BLR
PO000671,2025-06-24,P0124,S030,19,6481.85,123155.24,2025-07-14,2025-07-16,1,WH-CHE
PO000672,2025-02-05,P0114,S016,174,13452.41,2340720.09,2025-02-16,2025-02-17,13,WH-HYD
PO000673,2025-04-30,P0044,S026,33,430.06,14192.1,2025-05-22,2025-06-02,1,WH-MUM
PO000674,2026-04-29,P0032,S030,143,18022.47,2577212.78,2026-05-25,2026-05-25,3,WH-KOL
PO000676,2026-01-31,P0070,S049,172,11122.68,1913100.34,2026-02-23,2026-02-21,3,WH-HYD
PO000677,2026-08-12,P0097,S038,109,6177.5,673347.83,2026-09-07,2026-09-11,8,WH-CHE
PO000678,2025-12-25,P0133,S045,68,2972.83,202152.38,2026-01-23,2026-02-02,3,WH-KOL
PO000679,2025-11-13,P0125,S037,164,11095.54,1819669.2,2025-12-06,2025-12-16,0,WH-MUM
PO000680,2025-03-17,P0020,S014,187,25097.85,4693297.79,2025-04-11,2025-04-15,3,WH-HYD
PO000681,2025-05-01,P0049,S009,69,9709.41,669949.43,2025-05-07,2025-05-06,3,WH-KOL
PO000682,2025-02-23,P0126,S011,121,31572.2,3820236.78,2025-03-07,2025-03-10,2,WH-DEL
PO000683,2026-08-08,P0053,S037,200,6892.42,1378484.79,2026-09-06,2026-09-04,4,WH-DEL
PO000684,2025-04-02,P0122,S013,14,3372.63,47216.85,2025-04-28,2025-04-29,0,WH-MUM
PO000685,2026-02-19,P0030,S024,28,33593.17,940608.82,2026-03-04,2026-03-13,0,WH-DEL
PO000686,2026-02-13,P0119,S011,122,1777.17,216815.06,2026-03-01,2026-03-03,2,WH-BLR
PO000687,2025-01-31,P0054,S037,189,10138.39,1916155.93,2025-02-18,2025-02-23,6,WH-KOL
PO000688,2025-10-25,P0023,S018,13,18744.53,243678.94,2025-11-20,2025-11-20,0,WH-BLR
PO000689,2025-10-19,P0089,S043,49,22965.72,1125320.33,2025-10-28,2025-10-31,3,WH-HYD
PO000690,2026-07-25,P0010,S022,138,842.06,116204.7,2026-08-07,2026-08-06,4,WH-HYD
PO000691,2025-10-25,P0077,S027,29,396.35,11494.16,2025-11-21,2025-11-27,2,WH-CHE
PO000692,2026-07-08,P0081,S012,176,25152.7,4426875.68,2026-07-18,2026-07-28,9,WH-HYD
PO000693,2026-02-06,P0038,S036,68,20798.76,1414315.94,2026-02-16,2026-02-22,4,WH-MUM
PO000694,2026-05-23,P0026,S039,132,15533.31,2050397.56,2026-06-11,2026-06-18,0,WH-CHE
PO000695,2025-03-30,P0137,S041,23,22260.88,512000.18,2025-04-08,2025-04-07,0,WH-DEL
PO000696,2025-01-29,P0091,S005,128,15232.38,1949744.54,2025-02-04,2025-02-06,0,WH-HYD
PO000697,2026-03-16,P0132,S045,139,13913.49,1933974.89,2026-04-15,2026-04-23,4,WH-BLR
PO000698,2025-09-05,P0124,S030,67,6472.57,433662.26,2025-10-03,2025-10-02,0,WH-CHE
PO000699,2025-02-17,P0014,S024,169,17028.34,2877789.82,2025-02-28,2025-03-07,9,WH-DEL
PO000700,2025-04-30,P0036,S028,185,7265.25,1344070.59,2025-05-14,2025-05-26,0,WH-DEL
PO000701,2026-04-19,P0072,S044,169,30593.18,5170247.12,2026-05-08,2026-05-19,8,WH-KOL
PO000702,2025-09-21,P0099,S047,110,12341.99,1357618.85,2025-10-14,2025-10-18,5,WH-BLR
PO000703,2025-02-06,P0110,S006,66,374.64,24726.24,2025-02-25,2025-03-06,0,WH-CHE
PO000704,2026-07-20,P0054,S037,171,10040.05,1716848.36,2026-07-28,2026-07-29,5,WH-MUM
PO000705,2025-11-30,P0082,S041,183,16559.94,3030469.57,2025-12-07,2025-12-12,10,WH-HYD
PO000706,2025-11-21,P0034,S035,17,23755.52,403843.87,2025-12-11,2025-12-22,1,WH-DEL
PO000707,2025-06-05,P0114,S016,21,12130.9,254748.82,2025-06-20,2025-06-23,1,WH-MUM
PO000708,2026-02-20,P0128,S032,134,3472.95,465375.54,2026-03-19,2026-03-31,4,WH-DEL
PO000709,2025-05-06,P0121,S021,58,7671.62,444953.8,2025-05-25,2025-06-02,1,WH-DEL
PO000710,2026-05-24,P0054,S037,43,8563.48,368229.43,2026-05-28,2026-06-01,2,WH-CHE
PO000711,2025-12-09,P0034,S035,119,23041.3,2741914.7,2025-12-29,2026-01-02,3,WH-HYD
PO000712,2026-08-24,P0129,S048,72,9740.72,701332.07,2026-09-23,2026-10-04,3,WH-MUM
PO000713,2026-08-04,P0017,S047,189,25782.99,4872984.61,2026-08-22,2026-09-03,5,WH-BLR
PO000714,2026-06-21,P0056,S049,29,27641.82,801612.78,2026-07-03,2026-07-11,0,WH-CHE
PO000715,2026-07-08,P0143,S049,10,20924.78,209247.78,2026-08-07,2026-08-08,0,WH-BLR
PO000716,2026-01-05,P0003,S041,187,1736.18,324665.42,2026-01-19,2026-01-27,2,WH-KOL
PO000717,2025-11-25,P0139,S006,177,30509.2,5400128.7,2025-12-07,2025-12-17,2,WH-HYD
PO000718,2025-03-12,P0102,S003,80,18235.07,1458805.61,2025-03-17,2025-03-26,2,WH-DEL
PO000719,2025-08-12,P0078,S019,125,15451.84,1931479.81,2025-08-18,2025-08-28,5,WH-CHE
PO000720,2026-01-03,P0048,S036,132,6473.53,854505.33,2026-01-22,2026-01-21,10,WH-MUM
PO000721,2025-08-25,P0091,S005,175,15338.75,2684280.46,2025-09-01,2025-09-03,9,WH-MUM
PO000722,2026-03-14,P0049,S009,23,9746.67,224173.44,2026-04-08,2026-04-08,0,WH-DEL
PO000723,2025-09-22,P0006,S012,199,21492.95,4277097.68,2025-10-16,2025-10-25,0,WH-DEL
PO000724,2026-08-11,P0062,S043,90,21500.61,1935055.34,2026-08-31,2026-09-07,3,WH-KOL
PO000725,2025-10-25,P0131,S031,70,36276.23,2539336.11,2025-11-05,2025-11-16,5,WH-HYD
PO000726,2025-11-15,P0128,S032,69,3037.86,209612.13,2025-11-23,2025-11-26,3,WH-KOL
PO000727,2025-06-11,P0020,S014,49,27175.02,1331575.76,2025-07-08,2025-07-15,1,WH-DEL
PO000728,2026-05-29,P0057,S016,51,16953.7,864638.89,2026-06-02,2026-06-06,0,WH-MUM
PO000729,2025-12-21,P0142,S009,44,18138.33,798086.55,2025-12-25,2025-12-23,2,WH-CHE
PO000730,2025-02-03,P0087,S017,29,3613.65,104795.92,2025-03-01,2025-03-12,1,WH-MUM
PO000731,2025-11-08,P0006,S012,83,21474.03,1782344.89,2025-11-13,2025-11-23,1,WH-CHE
PO000733,2026-06-01,P0084,S022,143,27845.12,3981851.78,2026-06-30,2026-07-03,10,WH-CHE
PO000734,2026-05-16,P0057,S016,78,17217.39,1342956.38,2026-05-31,2026-05-29,3,WH-HYD
PO000735,2025-05-19,P0012,S008,179,20960.07,3751853.34,2025-06-15,2025-06-26,5,WH-DEL
PO000736,2025-09-30,P0029,S030,183,26668.63,4880360.01,2025-10-29,2025-10-30,12,WH-HYD
PO000737,2026-08-09,P0056,S049,102,28404.5,2897258.53,2026-09-06,2026-09-09,3,WH-BLR
PO000738,2025-06-15,P0120,S029,13,2601.1,33814.29,2025-06-25,2025-06-29,0,WH-DEL
PO000739,2026-05-31,P0143,S049,163,24397.95,3976866.61,2026-06-18,2026-06-19,5,WH-BLR
PO000740,2025-12-20,P0025,S004,176,1063.73,187217.29,2026-01-07,2026-01-08,6,WH-KOL
PO000741,2025-04-06,P0139,S006,41,28302.84,1160416.6,2025-04-17,2025-04-23,1,WH-DEL
PO000742,2026-01-01,P0005,S044,48,11719.67,562544.17,2026-01-21,2026-02-01,1,WH-BLR
PO000743,2025-01-24,P0146,S035,25,27043.64,676090.96,2025-02-01,2025-02-04,1,WH-DEL
PO000744,2026-06-07,P0117,S003,49,16971.61,831609.01,2026-06-24,2026-06-25,3,WH-CHE
PO000745,2025-07-03,P0006,S012,50,21767.53,1088376.39,2025-07-06,2025-07-07,1,WH-CHE
PO000746,2025-11-05,P0089,S043,20,24445.02,488900.47,2025-11-19,2025-11-27,0,WH-KOL
PO000747,2025-01-01,P0065,S024,34,25684.33,873267.33,2025-01-29,2025-02-09,2,WH-MUM
PO000748,2026-01-05,P0140,S024,180,16508.33,2971499.56,2026-01-30,2026-02-03,13,WH-DEL
PO000749,2025-07-22,P0059,S031,137,15077.04,2065554.02,2025-08-11,2025-08-15,3,WH-HYD
PO000750,2025-01-22,P0019,S034,43,17326.69,745047.73,2025-02-16,2025-02-25,0,WH-KOL
PO000752,2025-06-27,P0053,S037,52,7209.49,374893.36,2025-06-30,2025-07-10,3,WH-BLR
PO000753,2025-06-24,P0091,S005,185,13776.97,2548739.14,2025-06-27,2025-06-26,8,WH-BLR
PO000754,2026-05-09,P0113,S032,164,1580.34,259175.31,2026-06-03,2026-06-08,7,WH-BLR
PO000755,2026-04-23,P0077,S027,173,438.19,75806.01,2026-04-26,2026-05-07,13,WH-CHE
PO000756,2025-11-27,P0036,S028,21,6768.43,142136.94,2025-12-14,2025-12-25,0,WH-DEL
PO000757,2026-04-22,P0020,S014,185,25566.68,4729836.52,2026-05-12,2026-05-20,8,WH-DEL
PO000758,2025-07-23,P0046,S016,154,32357.45,4983047.19,2025-08-02,2025-08-06,10,WH-KOL
PO000759,2025-10-15,P0079,S039,134,19637.8,2631464.58,2025-11-10,2025-11-20,6,WH-MUM
PO000760,2025-02-22,P0111,S031,196,23797.44,4664297.54,2025-03-16,2025-03-20,14,WH-CHE
PO000761,2025-07-30,P0121,S021,157,7660.63,1202719.65,2025-08-27,2025-09-07,10,WH-CHE
PO000762,2025-04-08,P0019,S034,50,17404.36,870218.18,2025-04-21,2025-04-28,2,WH-CHE
PO000763,2025-03-29,P0036,S028,141,7792.31,1098716.4,2025-04-18,2025-04-23,8,WH-BLR
PO000764,2025-06-09,P0111,S031,184,23435.49,4312129.39,2025-06-20,2025-06-22,5,WH-MUM
PO000765,2025-03-26,P0106,S009,65,34412.62,2236820.62,2025-04-05,2025-04-07,0,WH-DEL
PO000766,2026-05-02,P0073,S023,143,3414.48,488270.58,2026-05-08,2026-05-11,8,WH-CHE
PO000767,2025-10-26,P0117,S003,71,17890.94,1270256.54,2025-11-17,2025-11-26,4,WH-DEL
PO000768,2026-01-25,P0026,S039,100,14410.77,1441076.56,2026-02-15,2026-02-17,7,WH-BLR
PO000769,2025-05-18,P0106,S009,24,35086.15,842067.63,2025-05-31,2025-06-10,0,WH-MUM
PO000770,2026-05-28,P0086,S050,172,18668.75,3211024.7,2026-06-01,2026-06-06,2,WH-BLR
PO000771,2025-07-14,P0049,S009,172,11392.31,1959477.68,2025-08-08,2025-08-09,10,WH-BLR
PO000772,2025-02-21,P0038,S036,116,22218.34,2577327.14,2025-03-01,2025-03-11,1,WH-HYD
PO000773,2026-06-07,P0055,S038,82,16536.6,1356001.21,2026-06-15,2026-06-21,0,WH-HYD
PO000774,2026-04-25,P0147,S005,141,27171.48,3831178.26,2026-05-24,2026-05-29,10,WH-CHE
PO000775,2025-05-29,P0058,S040,106,18602.4,1971854.5,2025-06-02,2025-06-03,4,WH-BLR
PO000776,2026-06-22,P0031,S021,115,10921.07,1255922.61,2026-07-19,2026-07-22,7,WH-BLR
PO000777,2026-01-16,P0033,S026,91,18440.3,1678067.74,2026-01-20,2026-02-01,4,WH-KOL
PO000778,2025-06-26,P0101,S003,165,19623.66,3237904.38,2025-07-24,2025-08-03,8,WH-MUM
PO000779,2026-05-26,P0075,S047,135,24477.36,3304443.07,2026-05-29,2026-05-30,3,WH-MUM
PO000780,2025-03-15,P0045,S001,101,30888.54,3119742.69,2025-03-22,2025-03-27,7,WH-CHE
PO000781,2026-02-13,P0029,S030,155,26470.76,4102968.32,2026-03-06,2026-03-18,4,WH-MUM
PO000782,2026-08-04,P0091,S005,87,13145.99,1143700.7,2026-08-25,2026-09-03,0,WH-HYD
PO000783,2026-08-12,P0068,S014,22,15406.33,338939.32,2026-08-24,2026-09-02,1,WH-DEL
PO000784,2025-05-31,P0038,S036,86,18953.43,1629994.63,2025-06-22,2025-06-28,3,WH-MUM
PO000785,2025-03-17,P0104,S008,178,2171.62,386547.74,2025-04-05,2025-04-16,12,WH-BLR
PO000786,2026-03-25,P0004,S005,78,25030.32,1952364.6,2026-04-21,2026-04-27,3,WH-BLR
PO000787,2026-03-02,P0004,S005,33,24697.89,815030.26,2026-03-09,2026-03-20,0,WH-CHE
PO000788,2026-01-18,P0030,S024,104,30005.15,3120535.23,2026-02-04,2026-02-09,7,WH-HYD
PO000789,2025-04-28,P0048,S036,115,5816.86,668938.42,2025-05-20,2025-05-30,8,WH-KOL
PO000790,2025-10-14,P0066,S003,87,18965.27,1649978.82,2025-10-28,2025-11-09,6,WH-MUM
PO000791,2025-11-27,P0112,S027,88,22446.71,1975310.92,2025-12-16,2025-12-23,0,WH-HYD
PO000792,2025-09-04,P0096,S041,169,24576.07,4153355.62,2025-09-21,2025-09-26,12,WH-KOL
PO000793,2025-11-11,P0031,S021,44,11294.98,496979.17,2025-12-06,2025-12-12,0,WH-KOL
PO000794,2025-05-29,P0076,S012,50,10998.48,549924.1,2025-06-01,2025-06-11,0,WH-MUM
PO000795,2026-02-28,P0055,S038,13,15320.08,199161.05,2026-03-12,2026-03-15,0,WH-CHE
PO000796,2025-09-08,P0046,S016,43,32198.4,1384531.22,2025-09-14,2025-09-24,0,WH-KOL
PO000797,2025-09-28,P0009,S037,35,2089.09,73118.07,2025-10-07,2025-10-16,1,WH-CHE
PO000798,2025-10-26,P0131,S031,59,30990.57,1828443.7,2025-11-13,2025-11-12,3,WH-HYD
PO000799,2026-03-18,P0106,S009,12,35300.71,423608.47,2026-03-28,2026-04-06,0,WH-KOL
PO000800,2025-02-22,P0069,S004,177,8835.98,1563969.17,2025-03-04,2025-03-03,3,WH-CHE
PO000801,2025-02-06,P0098,S032,101,29255.94,2954850.04,2025-02-13,2025-02-22,6,WH-KOL
PO000802,2025-07-26,P0116,S013,32,21167.13,677348.22,2025-08-24,2025-09-01,1,WH-MUM
PO000803,2026-02-27,P0126,S011,185,27992.03,5178525.37,2026-03-09,2026-03-15,12,WH-HYD
PO000804,2025-05-16,P0137,S041,113,23476.54,2652848.59,2025-05-19,2025-05-29,0,WH-MUM
PO000805,2026-05-31,P0020,S014,24,25023.21,600556.93,2026-06-28,2026-07-06,0,WH-MUM
PO000806,2025-10-09,P0149,S014,50,24129.52,1206475.8,2025-11-02,2025-11-14,1,WH-KOL
PO000807,2025-10-29,P0091,S005,136,13905.88,1891199.6,2025-11-03,2025-11-06,9,WH-KOL
PO000809,2026-07-15,P0019,S034,27,15352.14,414507.79,2026-08-07,2026-08-05,1,WH-BLR
PO000810,2025-03-28,P0145,S032,129,2338.16,301622.26,2025-03-31,2025-03-30,5,WH-KOL
PO000811,2025-07-11,P0135,S037,134,5774.47,773779.11,2025-08-08,2025-08-07,4,WH-HYD
PO000812,2026-05-24,P0104,S008,142,2286.18,324638.2,2026-06-16,2026-06-22,4,WH-MUM
PO000813,2025-05-06,P0112,S027,49,20589.29,1008875.36,2025-05-23,2025-05-28,2,WH-KOL
PO000814,2025-09-22,P0073,S023,89,3248.28,289097.11,2025-10-21,2025-10-25,2,WH-HYD
PO000815,2026-05-08,P0055,S038,95,18993.24,1804357.66,2026-06-07,2026-06-14,4,WH-HYD
PO000816,2025-03-18,P0137,S041,65,22994.42,1494637.11,2025-04-07,2025-04-17,4,WH-DEL
PO000817,2025-04-08,P0004,S005,56,25046.61,1402610.04,2025-04-22,2025-04-25,2,WH-KOL
PO000818,2025-11-21,P0071,S010,124,27309.9,3386427.09,2025-12-04,2025-12-04,3,WH-BLR
PO000819,2025-04-21,P0115,S035,188,22974.8,4319262.71,2025-05-03,2025-05-14,9,WH-DEL
PO000820,2025-07-22,P0022,S040,37,5103.38,188825.01,2025-08-07,2025-08-19,2,WH-CHE
PO000821,2025-11-15,P0128,S032,24,3493.36,83840.66,2025-11-26,2025-11-29,0,WH-HYD
PO000822,2025-08-05,P0072,S044,27,33740.17,910984.68,2025-08-26,2025-08-24,0,WH-CHE
PO000823,2025-11-23,P0109,S025,35,25874.05,905591.7,2025-12-14,2025-12-16,1,WH-DEL
PO000824,2025-05-15,P0150,S009,113,36300.21,4101923.95,2025-05-24,2025-05-29,0,WH-KOL
PO000825,2025-12-24,P0009,S037,41,1898.34,77832,2026-01-22,2026-01-30,1,WH-BLR
PO000826,2025-05-30,P0048,S036,49,6148.91,301296.81,2025-06-15,2025-06-14,1,WH-HYD
PO000828,2025-07-05,P0076,S012,50,11323.83,566191.72,2025-07-25,2025-07-28,2,WH-BLR
PO000829,2025-06-25,P0056,S049,169,25785.54,4357756.77,2025-07-13,2025-07-11,2,WH-BLR
PO000830,2025-05-01,P0114,S016,196,13601.2,2665835.52,2025-05-21,2025-05-20,4,WH-DEL
PO000831,2025-11-12,P0095,S013,68,1654.23,112487.54,2025-11-19,2025-11-27,4,WH-KOL
PO000832,2026-06-18,P0069,S004,196,8625.98,1690692.64,2026-07-05,2026-07-06,1,WH-KOL
PO000833,2025-11-18,P0142,S009,44,20276.39,892161.13,2025-12-04,2025-12-06,0,WH-DEL
PO000834,2026-02-04,P0065,S024,150,25112.71,3766905.83,2026-02-25,2026-02-25,4,WH-MUM
PO000835,2026-07-07,P0091,S005,112,15389.44,1723617.56,2026-07-14,2026-07-19,6,WH-HYD
PO000836,2025-02-21,P0042,S013,174,12510.57,2176839.8,2025-03-15,2025-03-26,1,WH-BLR
PO000837,2025-05-22,P0011,S025,141,27031.83,3811487.86,2025-05-28,2025-05-27,5,WH-HYD
PO000838,2025-10-24,P0006,S012,192,21899.3,4204664.8,2025-11-13,2025-11-21,10,WH-MUM
PO000839,2026-05-03,P0059,S031,86,16676.7,1434196.17,2026-05-17,2026-05-17,0,WH-KOL
PO000840,2025-01-04,P0119,S011,42,1774.66,74535.69,2025-01-14,2025-01-21,2,WH-BLR
PO000841,2026-03-03,P0021,S029,183,9281.52,1698518.6,2026-03-09,2026-03-13,1,WH-HYD
PO000842,2025-03-08,P0132,S045,23,15021.72,345499.62,2025-03-25,2025-03-30,0,WH-MUM
PO000843,2026-03-21,P0127,S040,135,6097.98,823227.44,2026-04-01,2026-03-31,7,WH-MUM
PO000844,2026-02-19,P0014,S024,78,18815.16,1467582.29,2026-03-21,2026-03-27,6,WH-KOL
PO000845,2026-07-08,P0135,S037,177,5551.19,982561.19,2026-07-31,2026-08-10,4,WH-KOL
PO000846,2025-10-21,P0035,S011,97,7705.51,747434.56,2025-11-01,2025-11-10,4,WH-DEL
PO000847,2026-02-18,P0131,S031,84,37310.08,3134046.49,2026-02-28,2026-03-06,2,WH-KOL
PO000848,2025-11-20,P0075,S047,37,25404.57,939969.16,2025-12-03,2025-12-15,0,WH-MUM
PO000849,2026-04-01,P0108,S016,70,14437.64,1010634.66,2026-04-14,2026-04-17,0,WH-HYD
PO000850,2026-04-23,P0024,S022,148,6815.2,1008649.79,2026-05-01,2026-04-30,0,WH-MUM
PO000851,2025-04-22,P0138,S049,151,18465.5,2788290.01,2025-05-06,2025-05-04,10,WH-MUM
PO000852,2025-11-02,P0055,S038,93,18879.56,1755798.71,2025-11-21,2025-11-29,2,WH-KOL
PO000853,2026-05-12,P0126,S011,26,26851.53,698139.82,2026-05-26,2026-06-03,2,WH-DEL
PO000854,2025-07-07,P0142,S009,121,21681.72,2623488.11,2025-07-17,2025-07-19,1,WH-HYD
PO000855,2025-07-30,P0047,S025,102,11615.39,1184769.33,2025-08-18,2025-08-29,4,WH-MUM
PO000856,2025-01-17,P0003,S041,94,1587.05,149182.84,2025-01-22,2025-02-01,1,WH-CHE
PO000857,2025-06-30,P0122,S013,93,3602.49,335031.89,2025-07-30,2025-08-03,0,WH-CHE
PO000858,2025-03-08,P0026,S039,170,14343.46,2438388.8,2025-04-02,2025-04-08,3,WH-KOL
PO000859,2026-04-24,P0129,S048,76,9207.78,699791.15,2026-04-30,2026-05-03,3,WH-HYD
PO000860,2025-04-30,P0120,S029,53,2371.53,125690.91,2025-05-26,2025-05-30,3,WH-MUM
PO000861,2026-04-11,P0096,S041,171,22749.82,3890219.65,2026-05-06,2026-05-06,13,WH-BLR
PO000862,2025-04-08,P0108,S016,38,14199.93,539597.17,2025-05-02,2025-05-09,2,WH-MUM
PO000863,2025-12-20,P0142,S009,49,20367.85,998024.49,2026-01-13,2026-01-23,1,WH-HYD
PO000864,2025-01-11,P0139,S006,53,30343.79,1608220.89,2025-01-20,2025-01-21,2,WH-HYD
PO000865,2025-09-03,P0041,S043,91,30923.4,2814029,2025-09-26,2025-09-28,4,WH-DEL
PO000866,2025-08-30,P0111,S031,152,23025.73,3499911.55,2025-09-23,2025-10-01,6,WH-MUM
PO000868,2025-05-07,P0134,S006,91,10144.05,923108.94,2025-05-23,2025-05-22,1,WH-DEL
PO000869,2025-02-22,P0110,S006,181,330.68,59852.7,2025-03-17,2025-03-20,13,WH-BLR
PO000870,2025-10-25,P0002,S008,57,4069.63,231969.12,2025-11-01,2025-11-04,4,WH-HYD
PO000871,2026-01-19,P0101,S003,142,22530.4,3199316.8,2026-02-09,2026-02-10,2,WH-HYD
PO000872,2025-04-05,P0123,S028,124,22655.24,2809249.55,2025-04-25,2025-05-05,7,WH-CHE
PO000873,2025-10-05,P0130,S038,161,21052.79,3389499.43,2025-10-16,2025-10-14,6,WH-HYD
PO000874,2026-04-21,P0116,S013,47,23190.15,1089937.22,2026-05-08,2026-05-08,1,WH-DEL
PO000875,2026-05-25,P0036,S028,127,7855.31,997624.77,2026-05-30,2026-06-01,0,WH-BLR
PO000876,2026-01-21,P0073,S023,75,3205.1,240382.57,2026-02-08,2026-02-15,3,WH-MUM
PO000877,2026-03-19,P0061,S037,38,26574.28,1009822.63,2026-04-07,2026-04-10,1,WH-HYD
PO000879,2025-04-06,P0009,S037,38,2202.09,83679.53,2025-04-10,2025-04-16,0,WH-KOL
PO000880,2025-09-16,P0084,S022,171,27868.89,4765580.22,2025-10-09,2025-10-12,1,WH-KOL
PO000881,2025-05-21,P0021,S029,38,10860.87,412712.97,2025-06-15,2025-06-18,1,WH-HYD
PO000882,2025-09-09,P0109,S025,58,26448.26,1533999.21,2025-09-15,2025-09-25,4,WH-MUM
PO000883,2026-07-03,P0146,S035,74,23198.19,1716666.33,2026-07-19,2026-07-31,3,WH-BLR
PO000884,2026-04-24,P0026,S039,129,13581.37,1751996.74,2026-05-09,2026-05-16,6,WH-KOL
PO000885,2025-08-23,P0085,S013,60,15531.29,931877.65,2025-09-16,2025-09-15,2,WH-CHE
PO000886,2025-08-21,P0098,S032,164,29679.37,4867416.19,2025-09-12,2025-09-18,10,WH-KOL
PO000887,2025-12-14,P0105,S022,26,2544.93,66168.1,2026-01-06,2026-01-18,1,WH-CHE
PO000888,2025-09-14,P0105,S022,120,2183.04,261964.61,2025-09-29,2025-10-08,6,WH-BLR
PO000889,2025-11-16,P0089,S043,193,21892.08,4225171.36,2025-11-21,2025-11-28,0,WH-DEL
PO000890,2026-02-10,P0043,S028,131,25805.08,3380465.73,2026-02-23,2026-03-01,8,WH-HYD
PO000891,2025-10-30,P0003,S041,136,1691.82,230087.63,2025-11-03,2025-11-09,10,WH-CHE
PO000892,2026-03-25,P0007,S003,73,16369.45,1194969.68,2026-04-05,2026-04-09,0,WH-KOL
PO000893,2026-08-19,P0125,S037,127,12488.42,1586029.71,2026-08-23,2026-08-31,8,WH-MUM
PO000894,2026-06-13,P0112,S027,99,23936.69,2369732.17,2026-06-24,2026-06-26,6,WH-DEL
PO000896,2026-08-05,P0098,S032,91,26877.35,2445838.99,2026-08-25,2026-08-23,0,WH-CHE
PO000897,2026-03-30,P0004,S005,118,23229.46,2741076.22,2026-04-13,2026-04-14,0,WH-KOL
PO000898,2026-01-18,P0128,S032,186,3436.06,639107.3,2026-01-31,2026-02-07,6,WH-KOL
PO000899,2025-09-28,P0122,S013,42,3828.63,160802.55,2025-10-08,2025-10-10,3,WH-BLR
PO000900,2026-07-13,P0040,S006,186,16543.67,3077121.92,2026-08-11,2026-08-23,3,WH-MUM
PO000901,2025-09-04,P0006,S012,128,19463.67,2491349.59,2025-09-19,2025-09-30,6,WH-MUM
PO000902,2026-01-19,P0132,S045,132,13574.01,1791769.35,2026-02-10,2026-02-09,4,WH-DEL
PO000903,2025-07-13,P0027,S046,169,10553.36,1783518.09,2025-08-02,2025-08-12,8,WH-CHE
PO000904,2026-05-11,P0033,S026,110,19908.34,2189917.09,2026-06-09,2026-06-08,3,WH-CHE
PO000905,2025-10-15,P0129,S048,144,9097.45,1310033.25,2025-10-21,2025-10-26,1,WH-CHE
PO000906,2025-05-01,P0087,S017,54,4117.04,222320.11,2025-05-19,2025-05-21,2,WH-HYD
PO000907,2025-07-03,P0054,S037,88,9466.29,833033.34,2025-07-07,2025-07-15,2,WH-CHE
PO000908,2025-04-21,P0132,S045,170,14087.01,2394792.14,2025-05-10,2025-05-13,4,WH-CHE
PO000909,2026-02-05,P0009,S037,10,2145.19,21451.95,2026-02-27,2026-03-08,0,WH-KOL
PO000910,2025-02-24,P0102,S003,24,17469.85,419276.39,2025-03-16,2025-03-23,1,WH-DEL
PO000911,2025-12-13,P0055,S038,11,16777.42,184551.64,2025-12-31,2026-01-05,0,WH-CHE
PO000912,2025-05-18,P0131,S031,18,34319.61,617752.98,2025-05-23,2025-05-22,0,WH-DEL
PO000913,2025-12-14,P0111,S031,125,25039.71,3129963.56,2026-01-08,2026-01-14,1,WH-CHE
PO000914,2025-03-04,P0048,S036,45,5773.19,259793.52,2025-03-07,2025-03-06,1,WH-KOL
PO000915,2026-07-27,P0042,S013,31,13313.93,412731.73,2026-08-21,2026-09-01,1,WH-HYD
PO000916,2025-08-03,P0079,S039,26,20233.93,526082.14,2025-08-26,2025-08-30,1,WH-BLR
PO000917,2025-10-23,P0002,S008,11,4737.66,52114.25,2025-11-02,2025-11-07,0,WH-HYD
PO000918,2025-04-30,P0018,S020,159,29750.62,4730348.75,2025-05-17,2025-05-26,11,WH-CHE
PO000919,2025-02-21,P0108,S016,115,13720.31,1577835.53,2025-03-03,2025-03-05,0,WH-BLR
PO000920,2025-02-07,P0052,S036,21,6243.53,131114.05,2025-02-15,2025-02-16,0,WH-CHE
PO000921,2026-04-09,P0048,S036,154,5706.52,878804.04,2026-04-17,2026-04-18,2,WH-BLR
PO000922,2026-05-13,P0105,S022,40,2302.92,92116.91,2026-05-20,2026-05-27,2,WH-MUM
PO000923,2025-03-09,P0141,S024,178,16399.16,2919050.59,2025-03-22,2025-03-24,7,WH-BLR
PO000925,2025-11-19,P0026,S039,113,13656.85,1543224.57,2025-11-28,2025-12-06,5,WH-CHE
PO000926,2026-05-23,P0078,S019,88,17278.56,1520513.64,2026-06-11,2026-06-16,6,WH-CHE
PO000927,2025-03-29,P0127,S040,151,5460.38,824517.31,2025-04-24,2025-04-23,2,WH-BLR
PO000928,2025-12-26,P0054,S037,191,10249.72,1957696.91,2026-01-16,2026-01-21,13,WH-DEL
PO000929,2026-07-10,P0118,S049,197,16807.6,3311096.69,2026-07-30,2026-08-04,7,WH-HYD
PO000930,2026-04-14,P0026,S039,141,16749.08,2361620.4,2026-05-02,2026-05-09,7,WH-CHE
PO000931,2026-03-22,P0056,S049,162,24306.09,3937587.34,2026-04-03,2026-04-12,9,WH-DEL
PO000932,2026-05-19,P0085,S013,57,14040.15,800288.3,2026-05-23,2026-05-24,4,WH-CHE
PO000933,2025-03-05,P0032,S030,87,17014.98,1480303.6,2025-03-11,2025-03-10,5,WH-HYD
PO000934,2026-06-26,P0107,S018,171,5673.72,970206.34,2026-07-16,2026-07-27,12,WH-DEL
PO000935,2025-09-07,P0059,S031,28,15593.83,436627.12,2025-09-23,2025-09-24,1,WH-KOL
PO000937,2025-07-21,P0072,S044,134,34555.77,4630473.08,2025-07-27,2025-07-25,9,WH-BLR
PO000938,2026-02-12,P0119,S011,57,2100.32,119718.34,2026-03-04,2026-03-16,1,WH-KOL
PO000939,2025-01-07,P0027,S046,73,11491.2,838857.77,2025-02-04,2025-02-16,4,WH-MUM
PO000940,2025-02-12,P0071,S010,199,23712.88,4718862.46,2025-02-22,2025-03-01,11,WH-KOL
PO000942,2025-09-08,P0071,S010,138,25458.04,3513209.11,2025-09-14,2025-09-16,7,WH-CHE
PO000943,2026-08-14,P0018,S020,38,28386.15,1078673.8,2026-08-29,2026-08-29,2,WH-HYD
PO000945,2025-10-26,P0108,S016,181,11947.28,2162457.99,2025-11-24,2025-11-22,8,WH-HYD
PO000946,2025-12-05,P0127,S040,108,5677.7,613191.92,2025-12-10,2025-12-09,5,WH-HYD
PO000947,2025-03-20,P0057,S016,96,17438.34,1674080.34,2025-03-28,2025-04-04,1,WH-BLR
PO000948,2026-08-22,P0067,S032,69,33774.64,2330450.01,2026-09-17,2026-09-23,3,WH-CHE
PO000949,2026-01-11,P0054,S037,190,9835.98,1868835.45,2026-01-26,2026-01-27,4,WH-KOL
PO000950,2025-06-21,P0123,S028,119,19226.35,2287935.79,2025-07-02,2025-07-13,4,WH-DEL
PO000951,2026-08-09,P0060,S019,34,33374.04,1134717.28,2026-08-17,2026-08-22,1,WH-MUM
PO000952,2025-01-06,P0051,S030,149,4928.74,734382.51,2025-01-13,2025-01-21,3,WH-BLR
PO000953,2026-02-10,P0060,S019,83,34146.45,2834155.03,2026-02-14,2026-02-12,5,WH-CHE
PO000954,2025-10-22,P0091,S005,12,14136.43,169637.16,2025-11-02,2025-11-14,0,WH-KOL
PO000955,2026-04-10,P0098,S032,118,27228.68,3212983.67,2026-04-15,2026-04-20,1,WH-KOL
PO000956,2025-11-17,P0128,S032,66,2930.96,193443.14,2025-11-23,2025-11-23,1,WH-MUM
PO000957,2025-12-07,P0084,S022,121,26255.98,3176973.07,2025-12-13,2025-12-15,5,WH-BLR
PO000958,2025-03-16,P0008,S035,198,23771.34,4706724.65,2025-04-07,2025-04-05,3,WH-DEL
PO000959,2025-09-18,P0047,S025,13,10682,138866.04,2025-10-09,2025-10-09,0,WH-KOL
PO000960,2025-08-18,P0130,S038,89,19199.32,1708739.14,2025-08-29,2025-08-31,2,WH-MUM
PO000961,2025-01-24,P0052,S036,161,6868.14,1105770.9,2025-02-23,2025-03-03,0,WH-MUM
PO000962,2025-11-17,P0147,S005,150,25545.74,3831861.68,2025-12-13,2025-12-15,9,WH-HYD
PO000963,2026-02-05,P0005,S044,114,12382.52,1411606.95,2026-02-17,2026-02-19,3,WH-HYD
PO000964,2025-12-06,P0018,S020,128,27882.54,3568965.47,2025-12-30,2026-01-06,1,WH-CHE
PO000965,2025-01-13,P0013,S016,45,9740.03,438301.52,2025-01-22,2025-02-01,1,WH-KOL
PO000966,2026-07-04,P0033,S026,78,21724.15,1694483.86,2026-07-17,2026-07-20,4,WH-BLR
PO000967,2025-11-14,P0122,S013,175,3820.86,668650.76,2025-12-13,2025-12-20,9,WH-CHE
PO000968,2025-01-21,P0140,S024,60,19097.12,1145827.41,2025-02-11,2025-02-19,1,WH-BLR
PO000969,2025-01-11,P0014,S024,26,16606.84,431777.97,2025-01-24,2025-01-28,1,WH-DEL
PO000970,2026-05-01,P0124,S030,162,5767.87,934395.51,2026-05-27,2026-05-31,10,WH-DEL
PO000971,2025-11-08,P0097,S038,87,6372.17,554379.13,2025-12-02,2025-12-02,5,WH-BLR
PO000972,2026-08-20,P0104,S008,114,2545.21,290154.07,2026-09-08,2026-09-15,7,WH-KOL
PO000973,2026-03-19,P0129,S048,154,9927.07,1528768.39,2026-04-16,2026-04-21,11,WH-DEL
PO000974,2025-10-28,P0060,S019,138,36692.4,5063551.54,2025-11-10,2025-11-17,4,WH-CHE
PO000975,2026-05-01,P0093,S004,42,10907.69,458122.84,2026-05-25,2026-05-26,2,WH-HYD
PO000976,2026-02-17,P0033,S026,18,19746.06,355429.12,2026-03-06,2026-03-13,0,WH-BLR
PO000977,2026-04-14,P0081,S012,91,27208.03,2475930.85,2026-04-17,2026-04-15,0,WH-HYD
PO000978,2025-11-12,P0079,S039,127,21271.63,2701497.06,2025-11-20,2025-11-22,10,WH-MUM
PO000979,2026-05-04,P0061,S037,183,26927.41,4927716.51,2026-05-24,2026-05-26,7,WH-BLR
PO000980,2025-05-31,P0015,S033,11,19151.61,210667.71,2025-06-10,2025-06-10,0,WH-DEL
PO000981,2025-02-22,P0127,S040,123,6194.59,761934.67,2025-03-21,2025-03-28,8,WH-KOL
PO000982,2026-05-06,P0018,S020,144,32080.5,4619591.73,2026-06-02,2026-06-03,9,WH-KOL
PO000983,2026-01-18,P0035,S011,180,7705.12,1386922.28,2026-02-12,2026-02-11,11,WH-KOL
PO000984,2026-04-09,P0093,S004,68,10985.78,747032.91,2026-04-16,2026-04-16,1,WH-CHE
PO000986,2026-06-18,P0136,S026,62,25331.49,1570552.64,2026-07-10,2026-07-17,4,WH-BLR
PO000987,2025-10-07,P0035,S011,48,7984.15,383239.18,2025-10-27,2025-10-28,2,WH-KOL
PO000988,2026-03-05,P0010,S022,30,815.26,24457.76,2026-03-16,2026-03-26,0,WH-KOL
PO000989,2025-05-28,P0124,S030,122,6409.41,781947.53,2025-06-15,2025-06-16,0,WH-KOL
PO000990,2026-08-30,P0054,S037,84,9727.08,817074.55,2026-09-17,2026-09-26,2,WH-HYD
PO000991,2026-04-28,P0101,S003,69,19215.64,1325879.27,2026-05-19,2026-05-28,3,WH-DEL
PO000992,2025-05-06,P0040,S006,72,18480.54,1330599.07,2025-05-10,2025-05-09,3,WH-CHE
PO000993,2025-09-26,P0125,S037,12,13021.13,156253.59,2025-10-24,2025-10-25,0,WH-MUM
PO000995,2026-03-16,P0115,S035,182,23182.22,4219163.78,2026-04-15,2026-04-18,14,WH-HYD
PO000997,2025-03-30,P0036,S028,157,7136.93,1120498.62,2025-04-13,2025-04-12,5,WH-CHE
PO000998,2026-02-23,P0131,S031,32,35043.06,1121378.06,2026-03-17,2026-03-15,1,WH-HYD
PO000999,2025-08-17,P0003,S041,25,1609.21,40230.13,2025-08-31,2025-09-01,0,WH-HYD
PO001000,2025-07-20,P0093,S004,162,11736.28,1901277.94,2025-07-23,2025-08-02,11,WH-KOL
PO001001,2026-02-28,P0084,S022,14,24521.41,343299.77,2026-03-16,2026-03-25,0,WH-HYD
PO001002,2025-01-03,P0036,S028,165,6926.78,1142919.01,2025-01-10,2025-01-21,4,WH-MUM
PO001003,2026-03-01,P0064,S001,128,10679.21,1366939.25,2026-03-18,2026-03-28,9,WH-BLR
PO001004,2026-02-03,P0011,S025,190,31725.75,6027892.62,2026-02-09,2026-02-18,11,WH-KOL
PO001005,2025-01-05,P0060,S019,67,31266.87,2094880.22,2025-01-14,2025-01-22,0,WH-HYD
PO001006,2025-08-18,P0079,S039,60,22840.42,1370425.46,2025-09-13,2025-09-25,1,WH-CHE
PO001007,2025-12-10,P0111,S031,112,22079.64,2472920.17,2025-12-17,2025-12-21,4,WH-HYD
PO001008,2025-06-26,P0026,S039,30,16295.19,488855.65,2025-07-06,2025-07-12,0,WH-HYD
PO001009,2026-01-27,P0150,S009,57,31796.92,1812424.42,2026-02-06,2026-02-18,2,WH-MUM
PO001010,2025-10-13,P0037,S043,186,26966.89,5015840.75,2025-11-11,2025-11-13,3,WH-MUM
PO001011,2026-08-26,P0013,S016,107,10103.05,1081026.43,2026-09-23,2026-09-28,4,WH-DEL
PO001012,2025-01-05,P0021,S029,99,10838.28,1072989.98,2025-01-19,2025-01-27,0,WH-MUM
PO001013,2025-03-03,P0018,S020,145,32771.38,4751850.18,2025-03-19,2025-03-29,9,WH-HYD
PO001014,2025-12-16,P0052,S036,157,6744.44,1058876.39,2026-01-05,2026-01-08,9,WH-BLR
PO001015,2025-07-25,P0094,S030,170,32502.32,5525393.91,2025-07-29,2025-08-07,8,WH-DEL
PO001016,2026-01-17,P0059,S031,70,15813.19,1106923.11,2026-02-09,2026-02-11,3,WH-HYD
PO001017,2025-03-23,P0003,S041,91,1894.35,172385.76,2025-03-31,2025-04-09,5,WH-DEL
PO001018,2025-02-24,P0004,S005,196,26091.43,5113921.01,2025-03-07,2025-03-18,8,WH-MUM
PO001019,2025-11-18,P0032,S030,124,17447.24,2163458.05,2025-12-16,2025-12-23,5,WH-KOL
PO001020,2025-10-02,P0048,S036,113,6513.54,736030.04,2025-10-25,2025-10-29,6,WH-DEL
PO001021,2026-06-20,P0044,S026,160,401.33,64212.79,2026-07-17,2026-07-23,7,WH-DEL
PO001022,2026-02-26,P0148,S005,140,12405.11,1736714.98,2026-03-06,2026-03-15,4,WH-DEL
PO001023,2025-02-25,P0050,S032,18,648.15,11666.72,2025-03-14,2025-03-18,0,WH-CHE
PO001025,2025-07-16,P0132,S045,49,13515.97,662282.44,2025-07-21,2025-08-01,0,WH-MUM
PO001026,2026-05-11,P0017,S047,175,24152.75,4226730.81,2026-06-09,2026-06-14,2,WH-MUM
PO001027,2025-04-26,P0048,S036,71,6140.32,435962.96,2025-05-21,2025-05-19,3,WH-MUM
PO001028,2025-06-22,P0005,S044,43,11749.01,505207.42,2025-07-02,2025-07-01,1,WH-BLR
PO001029,2025-07-04,P0030,S024,80,32637,2610960.19,2025-07-16,2025-07-24,0,WH-KOL
PO001030,2025-11-16,P0054,S037,34,10417.6,354198.28,2025-12-02,2025-11-30,1,WH-DEL
PO001031,2025-04-27,P0125,S037,61,13040.8,795488.92,2025-05-15,2025-05-20,4,WH-CHE
PO001032,2026-01-23,P0134,S006,86,9444.07,812190.15,2026-02-09,2026-02-20,0,WH-CHE
PO001033,2026-07-11,P0012,S008,118,22867.19,2698328.6,2026-08-06,2026-08-08,4,WH-DEL
PO001034,2025-07-13,P0108,S016,103,13722.81,1413449.3,2025-08-06,2025-08-08,2,WH-KOL
PO001035,2025-06-02,P0020,S014,43,26185.06,1125957.47,2025-06-14,2025-06-13,1,WH-KOL
PO001036,2025-09-15,P0083,S021,60,29314.25,1758855.28,2025-10-03,2025-10-13,4,WH-KOL
PO001037,2025-02-11,P0089,S043,168,22924.56,3851326.52,2025-02-19,2025-03-03,1,WH-MUM
PO001038,2026-01-19,P0036,S028,168,8051.75,1352694,2026-01-27,2026-02-07,2,WH-BLR
PO001039,2025-10-29,P0134,S006,172,9431.18,1622162.42,2025-11-21,2025-11-26,4,WH-CHE
PO001040,2025-09-06,P0136,S026,77,29621.02,2280818.82,2025-09-22,2025-09-22,5,WH-CHE
PO001041,2025-05-17,P0083,S021,140,31944.42,4472218.68,2025-05-29,2025-06-10,0,WH-DEL
PO001042,2025-07-21,P0029,S030,63,22313.05,1405721.87,2025-08-08,2025-08-12,4,WH-CHE
PO001043,2025-05-07,P0047,S025,154,10349.92,1593887.34,2025-05-23,2025-06-02,4,WH-BLR
PO001044,2025-09-22,P0100,S030,64,31079.57,1989092.71,2025-10-11,2025-10-14,4,WH-KOL
PO001045,2025-05-23,P0017,S047,167,24388.44,4072870.07,2025-06-08,2025-06-12,9,WH-BLR
PO001046,2025-01-31,P0133,S045,92,3054.05,280972.95,2025-02-10,2025-02-20,6,WH-DEL
PO001047,2026-02-05,P0116,S013,159,20952.8,3331494.9,2026-03-01,2026-03-03,11,WH-CHE
PO001048,2025-01-24,P0081,S012,137,26876.63,3682098.76,2025-02-19,2025-02-18,6,WH-DEL
PO001049,2025-08-30,P0087,S017,129,3830.09,494081.13,2025-09-09,2025-09-10,3,WH-KOL
PO001050,2025-02-15,P0066,S003,155,19004.88,2945755.89,2025-03-15,2025-03-18,12,WH-KOL
PO001051,2025-07-17,P0063,S005,53,17741.8,940315.52,2025-08-10,2025-08-18,3,WH-CHE
PO001052,2025-01-20,P0084,S022,110,27952.12,3074732.72,2025-02-08,2025-02-18,2,WH-HYD
PO001053,2025-08-12,P0063,S005,197,17264.41,3401087.9,2025-08-15,2025-08-15,5,WH-HYD
PO001054,2025-04-02,P0128,S032,179,3452.43,617985.16,2025-04-20,2025-04-26,0,WH-MUM
PO001055,2025-09-15,P0097,S038,89,7001.89,623168.22,2025-10-08,2025-10-12,5,WH-DEL
PO001056,2026-06-12,P0097,S038,162,6426.93,1041163.39,2026-07-08,2026-07-14,4,WH-HYD
PO001057,2025-05-31,P0029,S030,132,25642.01,3384745.36,2025-06-04,2025-06-13,1,WH-DEL
PO001058,2026-03-08,P0053,S037,24,6514.53,156348.79,2026-03-18,2026-03-28,1,WH-KOL
PO001059,2025-01-13,P0128,S032,188,3274.3,615568.21,2025-02-08,2025-02-11,5,WH-HYD
PO001060,2025-12-11,P0105,S022,36,2259.88,81355.57,2026-01-03,2026-01-02,2,WH-CHE
PO001061,2026-07-06,P0057,S016,117,16844.39,1970793.41,2026-07-18,2026-07-21,0,WH-HYD
PO001062,2025-08-19,P0032,S030,173,17426.36,3014760.5,2025-08-27,2025-08-27,11,WH-DEL
PO001063,2025-10-01,P0017,S047,192,21527.42,4133264.33,2025-10-24,2025-10-22,14,WH-KOL
PO001064,2026-08-14,P0032,S030,16,16294.65,260714.47,2026-09-07,2026-09-09,0,WH-KOL
PO001065,2026-07-10,P0044,S026,36,400.11,14403.79,2026-07-23,2026-07-29,1,WH-BLR
PO001066,2025-04-22,P0136,S026,18,28102.7,505848.55,2025-05-07,2025-05-16,0,WH-HYD
PO001067,2025-04-14,P0092,S031,158,33667.22,5319420.97,2025-04-21,2025-04-25,2,WH-KOL
PO001068,2026-01-01,P0070,S049,91,10542.16,959336.25,2026-01-30,2026-02-05,1,WH-MUM
PO001069,2026-07-25,P0107,S018,44,6489.84,285552.89,2026-08-23,2026-08-26,3,WH-HYD
PO001070,2026-08-27,P0092,S031,137,31038.12,4252222.85,2026-08-31,2026-09-03,0,WH-KOL
PO001071,2026-01-28,P0022,S040,15,5079.8,76197.06,2026-02-04,2026-02-08,0,WH-KOL
PO001072,2026-03-23,P0150,S009,131,33966.75,4449644.89,2026-04-10,2026-04-14,7,WH-DEL
PO001073,2025-02-18,P0046,S016,43,30986.38,1332414.37,2025-03-07,2025-03-11,0,WH-MUM
PO001074,2025-12-22,P0088,S029,102,20969.99,2138939.4,2026-01-08,2026-01-15,6,WH-KOL
PO001075,2025-04-17,P0060,S019,184,35325.16,6499830.11,2025-04-26,2025-05-07,5,WH-MUM
PO001076,2025-04-05,P0114,S016,33,12106.83,399525.35,2025-05-03,2025-05-06,0,WH-CHE
PO001077,2025-08-21,P0035,S011,153,8336.11,1275424.77,2025-09-20,2025-10-02,7,WH-BLR
PO001078,2026-05-03,P0138,S049,173,19172.81,3316896.14,2026-05-27,2026-06-05,8,WH-MUM
PO001079,2025-09-13,P0088,S029,170,20046.31,3407873.2,2025-09-20,2025-09-25,4,WH-BLR
PO001080,2025-03-21,P0056,S049,93,25997.33,2417751.44,2025-04-05,2025-04-05,6,WH-MUM
PO001081,2025-07-30,P0019,S034,144,16827.78,2423199.64,2025-08-10,2025-08-15,7,WH-KOL
PO001082,2025-12-11,P0142,S009,86,20467.1,1760170.63,2025-12-15,2025-12-20,4,WH-HYD
PO001083,2025-08-06,P0064,S001,80,9113.23,729058.58,2025-08-14,2025-08-15,5,WH-HYD
PO001084,2025-07-05,P0105,S022,175,2506.65,438663.95,2025-07-18,2025-07-16,5,WH-MUM
PO001085,2025-06-09,P0117,S003,194,19051.58,3696006.82,2025-06-24,2025-07-04,13,WH-MUM
PO001086,2025-01-06,P0079,S039,192,21179.56,4066474.62,2025-01-31,2025-01-29,3,WH-HYD
PO001087,2025-05-08,P0004,S005,198,23947.22,4741550.13,2025-05-21,2025-05-24,7,WH-BLR
PO001088,2026-05-07,P0072,S044,140,35330.5,4946270.43,2026-05-31,2026-05-30,10,WH-CHE
PO001089,2026-05-07,P0060,S019,196,35770.14,7010947.36,2026-05-27,2026-06-01,11,WH-HYD
PO001090,2026-02-15,P0126,S011,142,29190.59,4145063.65,2026-02-26,2026-02-26,7,WH-HYD
PO001091,2026-08-17,P0055,S038,177,17486.67,3095140.46,2026-09-08,2026-09-11,4,WH-BLR
PO001092,2026-03-26,P0128,S032,74,3429.08,253751.94,2026-04-01,2026-04-05,3,WH-MUM
PO001093,2025-10-12,P0073,S023,144,3601.59,518628.76,2025-10-27,2025-10-26,7,WH-HYD
PO001094,2026-03-19,P0027,S046,13,9958.23,129456.99,2026-03-22,2026-03-24,0,WH-CHE
PO001095,2026-07-03,P0094,S030,68,32570.89,2214820.82,2026-07-29,2026-08-08,0,WH-BLR
PO001096,2026-04-28,P0107,S018,18,6625.61,119261.04,2026-05-24,2026-05-29,0,WH-BLR
PO001097,2025-09-29,P0064,S001,103,9413,969538.66,2025-10-03,2025-10-11,6,WH-MUM
PO001098,2025-10-15,P0049,S009,32,9969.28,319017.04,2025-11-02,2025-11-04,1,WH-CHE
PO001099,2025-05-25,P0022,S040,147,5202.08,764706,2025-06-03,2025-06-01,7,WH-HYD
PO001100,2026-06-23,P0062,S043,24,18791.5,450996.01,2026-07-13,2026-07-24,0,WH-MUM
PO001101,2025-07-13,P0091,S005,126,15828.9,1994441.57,2025-07-19,2025-07-31,9,WH-KOL
PO001102,2025-01-19,P0107,S018,16,6813.15,109010.39,2025-02-04,2025-02-12,1,WH-MUM
PO001103,2025-12-17,P0069,S004,185,9954.21,1841529.64,2026-01-01,2025-12-31,12,WH-DEL
PO001104,2025-05-14,P0066,S003,17,16766.04,285022.76,2025-06-13,2025-06-24,0,WH-DEL
PO001105,2026-05-30,P0117,S003,43,19137.6,822916.7,2026-06-02,2026-06-13,0,WH-DEL
PO001106,2025-12-24,P0037,S043,59,26063.79,1537763.73,2026-01-09,2026-01-12,3,WH-CHE
PO001107,2025-01-23,P0040,S006,90,16348.4,1471356.01,2025-02-12,2025-02-14,6,WH-BLR
PO001108,2025-01-09,P0060,S019,54,37318.39,2015192.79,2025-01-15,2025-01-18,2,WH-BLR
PO001109,2025-03-06,P0101,S003,164,19811.28,3249050.05,2025-03-18,2025-03-22,5,WH-CHE
PO001110,2025-10-23,P0004,S005,87,22334.61,1943111.41,2025-11-06,2025-11-14,0,WH-BLR
PO001111,2025-08-01,P0020,S014,138,29601.71,4085036.46,2025-08-30,2025-09-07,7,WH-BLR
PO001112,2026-03-23,P0067,S032,73,32022.06,2337610.55,2026-04-09,2026-04-13,2,WH-HYD
PO001113,2026-07-22,P0138,S049,92,20410.79,1877792.56,2026-08-18,2026-08-27,5,WH-MUM
PO001114,2025-01-02,P0046,S016,118,33580.91,3962547.31,2025-01-31,2025-02-01,6,WH-HYD
PO001115,2026-02-04,P0131,S031,134,32477.53,4351989.15,2026-02-07,2026-02-19,7,WH-BLR
PO001116,2026-02-06,P0123,S028,40,20636.26,825450.31,2026-02-17,2026-02-18,0,WH-MUM
PO001117,2025-03-27,P0078,S019,133,14657.9,1949500.04,2025-04-20,2025-04-20,3,WH-BLR
PO001118,2025-12-24,P0075,S047,151,29201.7,4409456.4,2026-01-12,2026-01-15,0,WH-DEL
PO001119,2026-08-23,P0047,S025,159,11501.75,1828777.62,2026-08-26,2026-09-02,1,WH-BLR
PO001120,2025-06-24,P0015,S033,106,16951.29,1796836.47,2025-07-15,2025-07-23,0,WH-KOL
PO001121,2026-08-20,P0027,S046,17,11002.56,187043.59,2026-08-30,2026-09-06,1,WH-DEL
PO001122,2025-09-11,P0143,S049,88,20484.51,1802636.89,2025-09-20,2025-09-27,0,WH-KOL
PO001123,2026-04-09,P0001,S040,178,17559.74,3125633.23,2026-05-09,2026-05-20,0,WH-DEL
PO001124,2025-06-30,P0119,S011,162,1963.28,318051.62,2025-07-09,2025-07-11,4,WH-KOL
PO001125,2026-07-13,P0096,S041,171,24408.96,4173931.54,2026-07-21,2026-07-29,0,WH-HYD
PO001126,2026-02-14,P0065,S024,181,27668.54,5008005.91,2026-02-26,2026-03-06,12,WH-CHE
PO001127,2025-10-25,P0121,S021,56,6578.13,368375.1,2025-11-12,2025-11-17,2,WH-KOL
PO001128,2025-08-15,P0131,S031,12,33212.67,398552.01,2025-09-07,2025-09-07,0,WH-HYD
PO001129,2026-06-05,P0053,S037,51,7288.38,371707.5,2026-06-14,2026-06-15,0,WH-CHE
PO001130,2025-03-12,P0010,S022,161,732.75,117972.05,2025-04-08,2025-04-12,11,WH-KOL
PO001131,2025-06-16,P0132,S045,44,13699.06,602758.81,2025-06-24,2025-06-25,1,WH-BLR
PO001132,2025-10-22,P0017,S047,59,23494.76,1386190.55,2025-11-03,2025-11-08,3,WH-MUM
PO001133,2026-08-24,P0036,S028,124,7550.88,936309.54,2026-08-31,2026-09-01,3,WH-CHE
PO001134,2026-06-29,P0019,S034,174,17345.41,3018101.79,2026-07-10,2026-07-12,12,WH-KOL
PO001135,2025-02-13,P0100,S030,86,28644.98,2463468.16,2025-02-22,2025-02-25,2,WH-HYD
PO001136,2025-04-12,P0126,S011,120,30472.74,3656728.75,2025-05-01,2025-04-29,1,WH-MUM
PO001137,2025-03-30,P0118,S049,24,16986.17,407668.1,2025-04-25,2025-04-29,1,WH-MUM
PO001138,2025-09-24,P0094,S030,20,29497.03,589940.56,2025-09-27,2025-09-25,0,WH-HYD
PO001139,2025-11-07,P0104,S008,31,2270.28,70378.61,2025-11-11,2025-11-16,1,WH-HYD
PO001140,2025-03-25,P0037,S043,191,27204.91,5196138.71,2025-04-07,2025-04-09,3,WH-KOL
PO001141,2025-07-15,P0022,S040,123,5176,636647.51,2025-07-25,2025-08-03,2,WH-DEL
PO001142,2026-08-19,P0126,S011,156,27822.87,4340367.52,2026-08-26,2026-09-02,1,WH-KOL
PO001143,2025-02-13,P0140,S024,122,18040.29,2200915.51,2025-03-15,2025-03-18,8,WH-DEL
PO001144,2025-03-29,P0083,S021,183,32759.23,5994938.3,2025-04-17,2025-04-24,9,WH-CHE
PO001145,2026-04-19,P0031,S021,121,13031.48,1576809.55,2026-05-10,2026-05-21,4,WH-BLR
PO001146,2026-06-29,P0059,S031,70,15775,1104249.83,2026-07-28,2026-08-03,2,WH-MUM
PO001147,2026-03-09,P0071,S010,31,26183.08,811675.47,2026-03-15,2026-03-18,1,WH-BLR
PO001148,2026-06-29,P0018,S020,115,27399.57,3150950.3,2026-07-02,2026-07-03,3,WH-BLR
PO001149,2026-05-26,P0004,S005,146,25895.19,3780697.86,2026-05-31,2026-06-11,1,WH-HYD
PO001150,2026-04-21,P0006,S012,120,19952.36,2394283.52,2026-05-01,2026-05-03,9,WH-MUM
PO001151,2025-02-04,P0006,S012,139,18543.9,2577601.63,2025-02-13,2025-02-18,10,WH-KOL
PO001152,2025-10-17,P0105,S022,106,2166.6,229659.83,2025-11-10,2025-11-13,0,WH-MUM
PO001153,2026-04-14,P0067,S032,121,30633.65,3706671.96,2026-05-05,2026-05-11,8,WH-KOL
PO001154,2026-07-11,P0063,S005,199,16137.13,3211288.75,2026-08-04,2026-08-07,9,WH-BLR
PO001155,2026-02-07,P0020,S014,139,28498.19,3961249,2026-02-28,2026-03-05,0,WH-BLR
PO001156,2026-01-06,P0033,S026,133,19599.3,2606706.84,2026-01-12,2026-01-17,0,WH-HYD
PO001157,2025-07-16,P0007,S003,83,15807.19,1311997.13,2025-08-14,2025-08-19,2,WH-KOL
PO001158,2026-03-29,P0104,S008,61,2584.08,157628.62,2026-04-04,2026-04-13,0,WH-BLR
PO001159,2026-04-22,P0032,S030,108,16446.21,1776190.88,2026-05-22,2026-05-22,3,WH-BLR
PO001160,2026-03-01,P0034,S035,29,22218.38,644333.16,2026-03-05,2026-03-12,1,WH-KOL
PO001161,2026-02-15,P0094,S030,164,32617.01,5349189.53,2026-02-18,2026-02-19,7,WH-CHE
PO001162,2026-07-27,P0077,S027,41,379.37,15554.22,2026-08-06,2026-08-07,1,WH-HYD
PO001163,2026-08-11,P0054,S037,58,8791.86,509927.97,2026-08-29,2026-08-31,3,WH-CHE
PO001164,2026-03-20,P0024,S022,102,6789.61,692540.2,2026-04-08,2026-04-07,0,WH-KOL
PO001165,2026-08-02,P0123,S028,33,22713.72,749552.9,2026-08-17,2026-08-28,1,WH-KOL
PO001166,2025-12-16,P0134,S006,73,11293.42,824419.89,2026-01-15,2026-01-20,3,WH-DEL
PO001168,2025-03-18,P0134,S006,136,11256.12,1530832.5,2025-04-10,2025-04-21,10,WH-DEL
PO001169,2025-04-17,P0127,S040,65,5113.18,332356.58,2025-05-11,2025-05-14,3,WH-CHE
PO001170,2025-02-21,P0084,S022,147,26249.36,3858655.64,2025-03-02,2025-03-04,7,WH-BLR
PO001171,2025-06-13,P0031,S021,34,12251.18,416540.21,2025-07-13,2025-07-22,0,WH-DEL
PO001172,2026-08-25,P0044,S026,34,385.89,13120.1,2026-09-06,2026-09-18,2,WH-BLR
PO001173,2025-10-17,P0082,S041,73,15522.15,1133117,2025-10-22,2025-10-22,1,WH-KOL
PO001174,2025-10-28,P0092,S031,59,31094.37,1834568.1,2025-11-22,2025-11-24,1,WH-CHE
PO001175,2025-06-28,P0047,S025,25,12535.85,313396.21,2025-07-17,2025-07-25,1,WH-BLR
PO001176,2025-01-31,P0085,S013,150,15927.26,2389089.48,2025-02-25,2025-03-05,7,WH-HYD
PO001177,2026-07-08,P0014,S024,186,19590.77,3643882.3,2026-07-23,2026-07-31,14,WH-CHE
PO001178,2025-08-08,P0063,S005,112,17516.61,1961859.8,2025-08-22,2025-08-21,6,WH-BLR
PO001179,2025-08-11,P0119,S011,141,1915.14,270035,2025-08-24,2025-09-03,11,WH-HYD
PO001180,2026-01-06,P0055,S038,118,17061.57,2013265.18,2026-02-03,2026-02-10,2,WH-HYD
PO001182,2025-07-20,P0105,S022,135,2372.9,320341.03,2025-07-24,2025-07-23,5,WH-BLR
PO001183,2025-04-02,P0084,S022,68,29362.9,1996677.12,2025-04-05,2025-04-03,2,WH-HYD
PO001184,2026-08-30,P0010,S022,117,831.56,97292.73,2026-09-05,2026-09-05,8,WH-DEL
PO001185,2025-06-18,P0147,S005,106,30165.37,3197529.32,2025-07-12,2025-07-24,6,WH-MUM
PO001186,2026-07-11,P0029,S030,38,23526.12,893992.47,2026-08-01,2026-08-06,1,WH-HYD
PO001187,2025-07-26,P0034,S035,129,23153.58,2986811.49,2025-08-14,2025-08-17,0,WH-DEL
PO001188,2025-11-11,P0008,S035,127,21607.36,2744135.02,2025-11-19,2025-11-20,7,WH-BLR
PO001189,2025-08-02,P0063,S005,187,17929.16,3352753.48,2025-08-25,2025-09-06,0,WH-CHE
PO001190,2025-06-21,P0059,S031,155,14847.21,2301317.95,2025-06-25,2025-07-05,1,WH-BLR
PO001191,2025-09-30,P0042,S013,167,13062.2,2181386.91,2025-10-06,2025-10-14,12,WH-KOL
PO001192,2025-06-04,P0130,S038,45,18673.08,840288.74,2025-06-12,2025-06-23,0,WH-HYD
PO001193,2025-04-16,P0020,S014,21,27143.98,570023.58,2025-05-15,2025-05-13,1,WH-DEL
PO001194,2025-12-18,P0145,S032,22,2296.15,50515.22,2026-01-15,2026-01-18,1,WH-KOL
PO001195,2025-12-17,P0058,S040,111,20501.25,2275639.25,2026-01-11,2026-01-13,7,WH-BLR
PO001196,2025-04-11,P0141,S024,87,17145.93,1491696,2025-04-18,2025-04-30,4,WH-DEL
PO001197,2025-01-12,P0101,S003,113,20690.86,2338066.67,2025-01-19,2025-01-29,0,WH-KOL
PO001198,2025-09-26,P0079,S039,135,23008.5,3106147.75,2025-10-14,2025-10-16,6,WH-KOL
PO001199,2025-06-27,P0086,S050,45,16682.54,750714.12,2025-07-19,2025-07-21,2,WH-KOL
PO001200,2026-08-17,P0140,S024,123,17853.16,2195938.76,2026-08-27,2026-09-03,1,WH-BLR
PO001201,2026-04-05,P0013,S016,111,9830.98,1091238.5,2026-04-10,2026-04-19,3,WH-KOL
PO001202,2026-04-21,P0143,S049,16,24229.98,387679.71,2026-04-26,2026-04-29,0,WH-DEL
PO001203,2025-02-23,P0090,S001,116,11088.11,1286221.23,2025-03-25,2025-03-28,2,WH-KOL
PO001204,2026-03-31,P0111,S031,144,27149.64,3909547.89,2026-04-13,2026-04-14,0,WH-HYD
PO001205,2026-02-01,P0081,S012,129,28665.43,3697840.74,2026-02-15,2026-02-23,5,WH-KOL
PO001206,2026-07-23,P0017,S047,170,25673.57,4364507.58,2026-08-02,2026-08-13,1,WH-HYD
PO001207,2025-07-23,P0054,S037,91,8578.62,780654.37,2025-08-12,2025-08-24,4,WH-HYD
PO001208,2025-04-28,P0023,S018,42,20921.4,878698.74,2025-05-09,2025-05-21,1,WH-KOL
PO001209,2026-01-28,P0026,S039,46,14882.61,684600.19,2026-02-25,2026-03-04,1,WH-CHE
PO001210,2025-12-14,P0007,S003,119,17613.92,2096056.1,2025-12-17,2025-12-20,6,WH-DEL
PO001211,2025-07-18,P0147,S005,47,30631.32,1439672.17,2025-08-10,2025-08-09,2,WH-HYD
PO001213,2025-06-11,P0012,S008,144,21196.4,3052281.07,2025-06-26,2025-06-25,9,WH-DEL
PO001214,2026-02-28,P0113,S032,147,1318.52,193822.3,2026-03-19,2026-03-26,11,WH-BLR
PO001215,2025-05-14,P0006,S012,175,18140.73,3174628.62,2025-06-01,2025-06-10,4,WH-CHE
PO001216,2026-08-27,P0137,S041,159,23466.53,3731178.98,2026-09-12,2026-09-15,8,WH-BLR
PO001217,2025-09-13,P0011,S025,26,30454.02,791804.43,2025-10-03,2025-10-06,0,WH-DEL
PO001218,2025-11-21,P0041,S043,144,27222.22,3920000.24,2025-11-28,2025-11-28,0,WH-KOL
PO001219,2025-12-31,P0097,S038,42,7384.67,310156.19,2026-01-17,2026-01-22,0,WH-DEL
PO001220,2025-02-19,P0100,S030,56,27643.43,1548032.25,2025-03-07,2025-03-19,1,WH-DEL
PO001221,2025-04-02,P0024,S022,186,6370.79,1184966.69,2025-04-17,2025-04-24,0,WH-DEL
PO001222,2025-06-02,P0113,S032,123,1365.58,167966.09,2025-06-25,2025-07-01,3,WH-MUM
PO001223,2026-08-27,P0119,S011,131,1869.13,244855.85,2026-09-07,2026-09-16,8,WH-DEL
PO001224,2025-06-18,P0093,S004,56,11929.95,668077.33,2025-06-23,2025-06-30,2,WH-MUM
PO001225,2026-02-23,P0038,S036,11,20422.21,224644.28,2026-03-13,2026-03-17,0,WH-KOL
PO001226,2026-04-27,P0112,S027,47,22776.43,1070492.21,2026-05-26,2026-06-06,1,WH-KOL
PO001227,2026-05-29,P0119,S011,196,2105.69,412714.52,2026-06-17,2026-06-29,0,WH-CHE
PO001228,2026-07-06,P0135,S037,135,5835.44,787784.97,2026-07-28,2026-07-28,3,WH-DEL
PO001229,2026-02-09,P0135,S037,122,6063.67,739768.15,2026-03-06,2026-03-08,1,WH-DEL
PO001230,2025-10-23,P0092,S031,41,34653.85,1420807.83,2025-11-10,2025-11-09,1,WH-CHE
PO001231,2026-08-07,P0104,S008,107,2355.09,251995.16,2026-08-15,2026-08-25,4,WH-DEL
PO001232,2026-01-04,P0036,S028,134,7340.31,983601.54,2026-01-31,2026-02-03,3,WH-HYD
PO001233,2025-09-27,P0017,S047,120,26112.38,3133485.7,2025-10-19,2025-10-26,4,WH-BLR
PO001234,2025-07-24,P0069,S004,24,9630.17,231124.07,2025-08-15,2025-08-18,0,WH-BLR
PO001235,2026-08-14,P0139,S006,70,25696.94,1798785.61,2026-09-06,2026-09-09,5,WH-CHE
PO001236,2025-12-01,P0012,S008,180,21512.35,3872222.2,2025-12-16,2025-12-26,11,WH-HYD
PO001237,2025-08-02,P0140,S024,69,18925.31,1305846.73,2025-08-22,2025-08-20,2,WH-BLR
PO001238,2026-05-20,P0027,S046,82,10336.53,847595.84,2026-05-25,2026-05-31,5,WH-MUM
PO001239,2025-12-03,P0120,S029,180,2566.94,462049.16,2025-12-27,2026-01-08,12,WH-BLR
PO001240,2026-01-09,P0116,S013,197,21442.39,4224151.36,2026-02-08,2026-02-19,10,WH-DEL
PO001241,2025-12-26,P0117,S003,142,17172.76,2438531.58,2026-01-23,2026-01-24,7,WH-DEL
PO001242,2025-10-08,P0059,S031,130,15768.77,2049940.17,2025-11-01,2025-11-08,3,WH-BLR
PO001243,2025-11-01,P0013,S016,88,10451.93,919770.19,2025-11-21,2025-12-02,2,WH-BLR
PO001244,2026-03-16,P0003,S041,19,1608.8,30567.26,2026-04-03,2026-04-13,0,WH-DEL
PO001245,2025-11-11,P0133,S045,71,3218.48,228512.41,2025-11-21,2025-12-02,1,WH-MUM
PO001246,2025-11-27,P0022,S040,194,5581.2,1082752.96,2025-12-17,2025-12-23,14,WH-DEL
PO001247,2025-10-27,P0050,S032,17,733.35,12466.97,2025-11-07,2025-11-13,0,WH-KOL
PO001248,2026-07-10,P0064,S001,191,9505.77,1815602.63,2026-07-19,2026-07-24,0,WH-DEL
PO001249,2025-01-30,P0121,S021,68,7688.49,522817.23,2025-02-08,2025-02-19,0,WH-BLR
PO001250,2025-03-09,P0072,S044,38,32831.49,1247596.52,2025-03-24,2025-04-01,0,WH-KOL
PO001251,2026-02-02,P0012,S008,145,19903.03,2885940.02,2026-02-27,2026-03-08,0,WH-DEL
PO001252,2026-03-06,P0113,S032,79,1551.76,122588.8,2026-03-29,2026-04-02,3,WH-HYD
PO001253,2025-11-02,P0128,S032,53,2822.71,149603.65,2025-11-06,2025-11-14,0,WH-BLR
PO001254,2025-02-07,P0003,S041,26,1734.48,45096.54,2025-02-14,2025-02-18,1,WH-KOL
PO001256,2026-07-26,P0138,S049,132,20395,2692140.37,2026-08-21,2026-08-30,6,WH-DEL
PO001257,2025-11-12,P0014,S024,51,17589.52,897065.51,2025-11-28,2025-12-07,2,WH-MUM
PO001258,2025-10-15,P0058,S040,99,18703.88,1851683.81,2025-10-28,2025-10-26,5,WH-HYD
PO001259,2026-05-06,P0009,S037,161,2177.04,350503.21,2026-06-03,2026-06-03,8,WH-DEL
PO001260,2025-05-09,P0037,S043,13,22789.61,296264.89,2025-05-19,2025-05-26,0,WH-HYD
PO001261,2025-01-27,P0034,S035,130,24607.42,3198965.12,2025-02-07,2025-02-15,9,WH-HYD
PO001262,2025-08-10,P0146,S035,48,24390.31,1170734.67,2025-08-16,2025-08-28,2,WH-CHE
PO001263,2025-02-10,P0121,S021,41,7563.51,310104.03,2025-02-27,2025-03-10,2,WH-HYD
PO001264,2025-03-29,P0080,S006,173,4336.64,750238.87,2025-04-14,2025-04-14,1,WH-KOL
PO001265,2026-08-01,P0084,S022,141,26335,3713235.41,2026-08-24,2026-08-30,9,WH-KOL
PO001266,2026-05-07,P0069,S004,175,8570.81,1499891.93,2026-05-30,2026-06-09,9,WH-KOL
PO001267,2026-03-08,P0058,S040,196,17442,3418632.06,2026-04-01,2026-04-04,5,WH-CHE
PO001269,2025-01-31,P0085,S013,32,16101.73,515255.49,2025-02-13,2025-02-24,1,WH-BLR
PO001270,2025-01-17,P0073,S023,34,3539.74,120351.21,2025-01-26,2025-02-03,0,WH-HYD
PO001271,2025-04-03,P0150,S009,36,35299.19,1270770.94,2025-04-22,2025-04-30,1,WH-BLR
PO001272,2025-05-03,P0059,S031,143,16696.3,2387570.27,2025-05-25,2025-05-28,3,WH-BLR
PO001273,2026-03-07,P0024,S022,17,5615.09,95456.5,2026-03-12,2026-03-20,0,WH-KOL
PO001274,2026-08-11,P0095,S013,86,1653.14,142170.24,2026-08-25,2026-09-03,1,WH-CHE
PO001275,2025-08-31,P0093,S004,125,10610.83,1326354.33,2025-09-12,2025-09-12,0,WH-KOL
PO001276,2026-01-02,P0100,S030,169,30597.83,5171033.56,2026-01-23,2026-02-04,4,WH-KOL
PO001277,2025-10-09,P0072,S044,10,33137.76,331377.62,2025-10-12,2025-10-21,0,WH-HYD
PO001278,2025-06-09,P0144,S033,177,11816.03,2091436.48,2025-06-16,2025-06-27,1,WH-HYD
PO001279,2026-08-17,P0079,S039,174,22845.15,3975056.03,2026-09-02,2026-09-03,13,WH-DEL
PO001280,2026-05-06,P0061,S037,132,24423.83,3223945.47,2026-06-04,2026-06-07,1,WH-DEL
PO001281,2025-08-23,P0129,S048,59,10087.64,595170.66,2025-09-15,2025-09-22,1,WH-HYD
PO001282,2025-02-04,P0021,S029,55,10515.04,578327.1,2025-02-14,2025-02-21,2,WH-MUM
PO001284,2026-04-04,P0004,S005,96,26363.1,2530857.69,2026-04-16,2026-04-19,1,WH-DEL
PO001285,2025-06-09,P0044,S026,71,420.31,29841.8,2025-06-20,2025-06-18,3,WH-MUM
PO001286,2026-05-30,P0009,S037,187,2125.05,397385.06,2026-06-17,2026-06-28,4,WH-CHE
PO001287,2025-05-28,P0135,S037,119,5817.66,692301.43,2025-06-04,2025-06-10,1,WH-HYD
PO001288,2026-06-16,P0149,S014,125,24014.01,3001751.45,2026-06-20,2026-06-25,5,WH-BLR
PO001289,2025-12-31,P0012,S008,41,22360.55,916782.71,2026-01-06,2026-01-08,1,WH-CHE
PO001290,2025-08-13,P0149,S014,62,27246.51,1689283.53,2025-09-01,2025-09-05,3,WH-CHE
PO001291,2026-01-02,P0068,S014,139,15578.8,2165453.14,2026-01-12,2026-01-16,8,WH-KOL
PO001292,2025-06-03,P0097,S038,144,6668.91,960322.88,2025-06-28,2025-07-04,3,WH-KOL
PO001293,2025-03-17,P0140,S024,37,19530.38,722624.01,2025-03-28,2025-04-08,1,WH-HYD
PO001294,2026-04-16,P0136,S026,67,29663.67,1987466,2026-05-02,2026-05-08,2,WH-HYD
PO001295,2026-04-15,P0013,S016,87,9291.34,808346.67,2026-04-21,2026-04-24,1,WH-MUM
PO001296,2026-06-24,P0020,S014,199,26488.69,5271249,2026-06-29,2026-07-09,14,WH-KOL
PO001297,2025-01-25,P0010,S022,60,695.8,41748.29,2025-01-29,2025-01-30,1,WH-CHE
PO001298,2025-11-29,P0122,S013,35,3547.68,124168.89,2025-12-07,2025-12-13,1,WH-CHE
PO001299,2025-11-10,P0072,S044,150,32731.38,4909706.29,2025-12-07,2025-12-16,6,WH-CHE
PO001300,2025-02-08,P0109,S025,193,29044.34,5605557.6,2025-02-15,2025-02-22,7,WH-KOL
PO001301,2026-01-03,P0095,S013,197,1521.35,299706.33,2026-01-31,2026-02-06,1,WH-MUM
PO001302,2026-04-22,P0026,S039,198,14048.17,2781537.76,2026-05-22,2026-05-27,0,WH-DEL
PO001303,2025-04-30,P0146,S035,63,25204.73,1587897.76,2025-05-18,2025-05-28,5,WH-BLR
PO001304,2025-05-15,P0125,S037,185,12061.85,2231441.58,2025-05-30,2025-05-28,6,WH-MUM
PO001305,2026-07-06,P0109,S025,139,29521.49,4103486.93,2026-07-17,2026-07-27,2,WH-MUM
PO001306,2025-10-22,P0150,S009,166,32354.72,5370883.05,2025-11-08,2025-11-09,2,WH-CHE
PO001307,2025-01-30,P0034,S035,114,24756.53,2822244.26,2025-02-10,2025-02-19,5,WH-MUM
PO001308,2026-04-13,P0042,S013,82,13005.12,1066419.89,2026-05-12,2026-05-18,4,WH-MUM
PO001309,2025-08-05,P0147,S005,42,28317.39,1189330.2,2025-08-23,2025-09-01,3,WH-HYD
PO001310,2025-10-24,P0063,S005,45,18586.59,836396.64,2025-10-28,2025-11-07,1,WH-CHE
PO001312,2025-12-23,P0073,S023,24,3316.06,79585.36,2026-01-21,2026-01-26,1,WH-HYD
PO001313,2025-07-03,P0004,S005,176,23812.36,4190975.12,2025-07-30,2025-08-06,2,WH-KOL
PO001314,2026-03-13,P0042,S013,27,13774.43,371909.56,2026-03-18,2026-03-21,1,WH-BLR
PO001315,2026-07-12,P0134,S006,176,9705.61,1708186.53,2026-08-06,2026-08-06,13,WH-DEL
PO001316,2025-02-02,P0116,S013,24,21531.79,516763.08,2025-03-04,2025-03-05,0,WH-KOL
PO001317,2025-08-10,P0023,S018,164,19563.03,3208336.84,2025-09-07,2025-09-07,2,WH-CHE
PO001318,2026-03-31,P0130,S038,193,19551.64,3773466.85,2026-04-24,2026-05-02,4,WH-BLR
PO001319,2025-05-30,P0042,S013,129,13619.74,1756946.29,2025-06-23,2025-07-01,0,WH-MUM
PO001320,2026-03-06,P0137,S041,119,22245.6,2647225.83,2026-03-23,2026-04-04,6,WH-HYD
PO001322,2026-08-10,P0095,S013,166,1393.88,231383.58,2026-08-20,2026-09-01,3,WH-CHE
PO001323,2026-08-21,P0141,S024,138,15854.17,2187874.84,2026-08-26,2026-09-01,8,WH-KOL
PO001324,2025-12-22,P0001,S040,78,16223.13,1265404.52,2025-12-27,2026-01-08,0,WH-CHE
PO001325,2025-05-24,P0097,S038,100,7342.93,734293.18,2025-06-04,2025-06-10,7,WH-HYD
PO001326,2026-02-16,P0102,S003,190,16700.66,3173124.85,2026-03-03,2026-03-12,4,WH-BLR
PO001327,2026-04-08,P0093,S004,90,12273.37,1104603.14,2026-04-29,2026-05-01,1,WH-CHE
PO001328,2025-10-11,P0087,S017,138,3561.91,491543.83,2025-10-24,2025-11-01,0,WH-DEL
PO001329,2025-03-06,P0094,S030,30,29265.34,877960.3,2025-04-03,2025-04-10,2,WH-MUM
PO001330,2025-01-09,P0096,S041,185,23305.44,4311507.2,2025-02-08,2025-02-11,3,WH-CHE
PO001331,2025-11-04,P0088,S029,177,18717.26,3312954.46,2025-11-11,2025-11-21,7,WH-BLR
PO001332,2025-06-06,P0059,S031,117,14837.1,1735940.39,2025-06-27,2025-07-02,6,WH-KOL
PO001333,2026-07-29,P0075,S047,16,29230.93,467694.87,2026-08-15,2026-08-22,0,WH-KOL
PO001334,2026-04-06,P0142,S009,181,21262.92,3848588.85,2026-04-15,2026-04-25,4,WH-BLR
PO001335,2026-06-17,P0026,S039,150,15492.69,2323903.04,2026-07-02,2026-07-13,1,WH-BLR
PO001336,2026-03-20,P0115,S035,61,24273.79,1480701.27,2026-03-28,2026-04-08,2,WH-MUM
PO001337,2025-12-19,P0109,S025,72,27164.16,1955819.35,2026-01-13,2026-01-21,3,WH-DEL
PO001338,2026-07-17,P0149,S014,100,26395.14,2639513.77,2026-08-03,2026-08-10,7,WH-KOL
PO001339,2025-06-12,P0114,S016,30,11743.86,352315.73,2025-06-27,2025-07-03,1,WH-KOL
PO001340,2026-07-24,P0061,S037,191,28203.91,5386947.66,2026-08-07,2026-08-06,10,WH-BLR
PO001341,2026-08-22,P0008,S035,72,24122.37,1736810.62,2026-09-06,2026-09-10,2,WH-BLR
PO001342,2026-07-08,P0130,S038,11,19461.33,214074.65,2026-08-01,2026-07-30,0,WH-CHE
PO001343,2025-05-12,P0125,S037,136,12465,1695240.57,2025-05-28,2025-05-26,0,WH-BLR
PO001344,2026-01-10,P0023,S018,121,21004.78,2541578.84,2026-02-08,2026-02-12,2,WH-KOL
PO001345,2025-03-08,P0031,S021,16,12356.25,197699.93,2025-03-27,2025-03-29,0,WH-HYD
PO001346,2025-07-16,P0117,S003,164,18361.84,3011341.2,2025-07-26,2025-08-06,10,WH-BLR
PO001347,2025-09-14,P0038,S036,14,19172.64,268416.97,2025-09-26,2025-10-01,0,WH-DEL
PO001348,2025-10-10,P0102,S003,150,15863.31,2379496.76,2025-10-15,2025-10-26,3,WH-BLR
PO001349,2025-04-27,P0007,S003,86,16333.3,1404663.5,2025-05-18,2025-05-30,3,WH-BLR
PO001350,2025-07-27,P0117,S003,199,15756.81,3135605.18,2025-08-05,2025-08-13,14,WH-BLR
PO001351,2026-06-01,P0049,S009,123,11129.81,1368966.23,2026-06-04,2026-06-16,5,WH-BLR
PO001352,2026-02-25,P0001,S040,192,19130.13,3672985.86,2026-03-03,2026-03-08,3,WH-KOL
PO001353,2026-05-17,P0089,S043,41,24562.37,1007057.25,2026-06-04,2026-06-09,0,WH-BLR
PO001354,2026-01-27,P0110,S006,83,311.76,25876.44,2026-02-24,2026-02-23,5,WH-CHE
PO001355,2026-08-01,P0083,S021,97,29830.31,2893539.66,2026-08-12,2026-08-15,2,WH-DEL
PO001356,2025-05-23,P0122,S013,146,3889.45,567859.58,2025-06-16,2025-06-14,5,WH-DEL
PO001357,2026-05-22,P0050,S032,49,648.23,31763.51,2026-06-05,2026-06-16,1,WH-MUM
PO001358,2026-07-30,P0137,S041,61,26822.21,1636154.96,2026-08-23,2026-08-26,0,WH-HYD
PO001359,2025-05-08,P0142,S009,182,17910.49,3259708.73,2025-05-16,2025-05-21,0,WH-KOL
PO001360,2026-02-11,P0062,S043,80,21450,1716000.31,2026-02-25,2026-03-06,3,WH-BLR
PO001361,2026-01-04,P0012,S008,45,22927.41,1031733.26,2026-01-12,2026-01-13,2,WH-MUM
PO001362,2025-11-14,P0089,S043,60,24669.33,1480159.87,2025-11-26,2025-12-01,2,WH-KOL
PO001363,2025-05-02,P0015,S033,91,16664.95,1516510.3,2025-05-31,2025-06-08,0,WH-HYD
PO001364,2026-01-30,P0137,S041,154,26083.13,4016802.46,2026-02-08,2026-02-11,6,WH-DEL
PO001365,2026-08-08,P0049,S009,134,10774.44,1443774.86,2026-09-04,2026-09-06,4,WH-BLR
PO001366,2026-02-14,P0104,S008,92,2411.12,221823.2,2026-02-19,2026-02-21,2,WH-HYD
PO001367,2025-08-20,P0005,S044,55,12061.72,663394.74,2025-08-26,2025-08-26,1,WH-DEL
PO001368,2025-04-26,P0145,S032,75,2519.27,188945.46,2025-05-14,2025-05-16,0,WH-KOL
PO001369,2026-06-02,P0085,S013,154,14288.98,2200503.19,2026-06-30,2026-07-07,4,WH-HYD
PO001370,2026-07-10,P0085,S013,48,16678.52,800568.82,2026-07-19,2026-07-24,2,WH-BLR
PO001371,2025-04-28,P0067,S032,121,33077.44,4002370.37,2025-05-19,2025-05-20,5,WH-HYD
PO001372,2025-09-30,P0043,S028,40,28250.97,1130038.84,2025-10-13,2025-10-25,0,WH-DEL
PO001374,2026-02-13,P0127,S040,42,5359.47,225097.6,2026-03-04,2026-03-04,1,WH-CHE
PO001375,2025-02-01,P0014,S024,182,18936.17,3446383.37,2025-02-19,2025-02-20,3,WH-HYD
PO001376,2026-07-26,P0040,S006,163,18834.39,3070004.92,2026-08-25,2026-08-28,6,WH-CHE
PO001378,2026-04-09,P0093,S004,135,11175.55,1508699.13,2026-04-15,2026-04-20,3,WH-MUM
PO001379,2026-04-01,P0059,S031,147,17618.75,2589956.97,2026-04-24,2026-05-01,0,WH-MUM
PO001380,2026-06-24,P0030,S024,81,28730.29,2327153.46,2026-07-20,2026-07-24,3,WH-CHE
PO001381,2026-06-12,P0150,S009,177,31950.27,5655197.71,2026-06-21,2026-06-25,8,WH-DEL
PO001382,2026-03-28,P0087,S017,37,3844.01,142228.47,2026-04-06,2026-04-04,0,WH-CHE
PO001383,2026-01-12,P0008,S035,107,21290.47,2278080.53,2026-01-17,2026-01-20,4,WH-MUM
PO001384,2026-08-17,P0141,S024,185,16461.62,3045399.05,2026-08-29,2026-09-04,2,WH-DEL
PO001385,2025-11-21,P0117,S003,174,17787.14,3094962.06,2025-11-30,2025-12-12,9,WH-CHE
PO001386,2026-07-14,P0025,S004,177,1078.86,190958.04,2026-08-05,2026-08-03,10,WH-CHE
PO001387,2025-12-01,P0023,S018,190,19200.66,3648124.58,2025-12-30,2026-01-07,14,WH-BLR
PO001388,2025-08-03,P0137,S041,189,24432.8,4617799.42,2025-08-09,2025-08-20,10,WH-KOL
PO001389,2025-05-26,P0048,S036,138,6188.34,853990.66,2025-06-07,2025-06-12,2,WH-BLR
PO001390,2025-01-16,P0017,S047,161,23988.05,3862076.76,2025-01-23,2025-01-21,11,WH-DEL
PO001391,2026-02-21,P0029,S030,34,21930.69,745643.54,2026-03-03,2026-03-07,2,WH-DEL
PO001392,2026-01-14,P0141,S024,132,17544.76,2315908.44,2026-01-18,2026-01-17,3,WH-KOL
PO001393,2026-04-29,P0105,S022,37,2379.85,88054.51,2026-05-13,2026-05-13,1,WH-KOL
PO001394,2025-01-10,P0062,S043,52,21250.39,1105020.23,2025-01-26,2025-02-07,4,WH-DEL
PO001395,2025-02-17,P0135,S037,62,5363.15,332515.29,2025-03-13,2025-03-18,3,WH-CHE
PO001396,2026-08-02,P0145,S032,114,2320.05,264485.68,2026-08-10,2026-08-17,0,WH-BLR
PO001397,2026-04-13,P0053,S037,82,6038.01,495116.62,2026-04-21,2026-04-27,5,WH-KOL
PO001398,2026-03-29,P0019,S034,98,17174.59,1683109.38,2026-04-13,2026-04-18,1,WH-HYD
PO001399,2026-07-01,P0012,S008,54,19731.03,1065475.35,2026-07-31,2026-07-29,3,WH-HYD
PO001400,2025-08-14,P0127,S040,15,5146.87,77203.02,2025-08-21,2025-08-23,0,WH-BLR
PO001401,2025-10-14,P0115,S035,140,24200.37,3388051.29,2025-10-22,2025-10-24,1,WH-DEL
PO001402,2025-08-10,P0055,S038,100,16844.47,1684447.38,2025-08-17,2025-08-15,3,WH-KOL
PO001403,2026-08-26,P0017,S047,14,21922.36,306913.01,2026-09-20,2026-09-25,0,WH-HYD
PO001404,2026-04-24,P0036,S028,54,8163.17,440811.07,2026-05-02,2026-04-30,2,WH-HYD
PO001405,2025-01-11,P0138,S049,167,16880.35,2819017.68,2025-01-17,2025-01-20,10,WH-BLR
PO001406,2025-10-18,P0119,S011,179,1986.35,355555.9,2025-11-15,2025-11-22,7,WH-CHE
PO001407,2025-01-20,P0033,S026,114,20527.88,2340178.24,2025-02-05,2025-02-10,2,WH-HYD
PO001408,2026-07-02,P0062,S043,162,19443.29,3149812.91,2026-07-29,2026-08-01,2,WH-HYD
PO001409,2025-07-07,P0134,S006,175,11620.89,2033655,2025-07-11,2025-07-22,1,WH-DEL
PO001410,2025-03-13,P0011,S025,110,31135.51,3424906.18,2025-03-28,2025-03-31,7,WH-HYD
PO001411,2026-04-20,P0018,S020,77,30534.24,2351136.31,2026-05-17,2026-05-27,0,WH-KOL
PO001412,2025-08-03,P0073,S023,185,3497.41,647020.3,2025-08-26,2025-08-30,4,WH-DEL
PO001413,2025-10-26,P0135,S037,171,5734.1,980531.29,2025-11-08,2025-11-18,8,WH-CHE
PO001414,2026-01-02,P0062,S043,14,19445.35,272234.91,2026-01-21,2026-01-31,0,WH-KOL
PO001415,2025-11-25,P0027,S046,187,10241.8,1915216.66,2025-12-23,2025-12-27,5,WH-DEL
PO001416,2025-02-04,P0101,S003,73,18460.03,1347582.2,2025-03-05,2025-03-16,2,WH-KOL
PO001417,2025-12-18,P0129,S048,114,10190.91,1161764.06,2026-01-15,2026-01-16,7,WH-KOL
PO001418,2025-08-27,P0107,S018,43,6661.79,286457.15,2025-09-04,2025-09-11,2,WH-BLR
PO001419,2025-12-11,P0067,S032,187,32915.02,6155108.98,2025-12-26,2025-12-27,9,WH-HYD
PO001420,2025-09-11,P0056,S049,163,26344.43,4294142.31,2025-09-29,2025-09-28,2,WH-MUM
PO001421,2025-02-08,P0057,S016,121,17012.84,2058553.92,2025-02-18,2025-03-02,7,WH-KOL
PO001422,2025-03-05,P0120,S029,111,2400.43,266447.97,2025-03-24,2025-04-04,4,WH-DEL
PO001423,2025-03-24,P0013,S016,150,9613.36,1442004.08,2025-04-17,2025-04-16,4,WH-MUM
PO001424,2026-08-07,P0150,S009,61,32538.29,1984835.42,2026-08-12,2026-08-10,1,WH-HYD
PO001425,2026-05-15,P0098,S032,183,25999.57,4757921.89,2026-05-22,2026-05-27,11,WH-CHE
PO001426,2026-03-30,P0009,S037,141,2278.14,321217.04,2026-04-07,2026-04-15,5,WH-MUM
PO001427,2025-07-16,P0017,S047,122,25757.14,3142370.77,2025-07-31,2025-08-10,2,WH-MUM
PO001428,2025-04-26,P0113,S032,77,1549.72,119328.3,2025-05-12,2025-05-14,5,WH-DEL
PO001429,2026-01-20,P0060,S019,31,37525.88,1163302.41,2026-02-02,2026-02-14,2,WH-BLR
PO001430,2026-06-10,P0129,S048,170,10983.83,1867251.51,2026-07-05,2026-07-03,0,WH-CHE
PO001431,2025-04-21,P0095,S013,145,1525.12,221141.77,2025-04-29,2025-05-05,1,WH-MUM
PO001432,2025-06-21,P0012,S008,93,23384.23,2174733.05,2025-07-01,2025-07-03,2,WH-BLR
PO001433,2025-06-25,P0001,S040,54,15861.34,856512.26,2025-07-05,2025-07-12,0,WH-MUM
PO001434,2026-08-11,P0007,S003,45,15699.04,706457.01,2026-08-30,2026-09-10,3,WH-CHE
PO001435,2025-01-02,P0118,S049,199,16888.4,3360792.4,2025-01-28,2025-02-04,13,WH-CHE
PO001436,2025-09-08,P0108,S016,71,12146.27,862385.09,2025-09-17,2025-09-29,5,WH-KOL
PO001437,2025-01-13,P0014,S024,49,19877.84,974014.21,2025-01-21,2025-01-27,2,WH-CHE
PO001438,2025-05-25,P0031,S021,78,10499.08,818928.48,2025-06-09,2025-06-20,0,WH-HYD
PO001439,2026-05-10,P0025,S004,87,1202.9,104652.31,2026-05-25,2026-05-23,0,WH-HYD
PO001440,2026-05-31,P0132,S045,199,12967.77,2580586.63,2026-06-17,2026-06-26,6,WH-BLR
PO001441,2026-08-30,P0044,S026,13,439.56,5714.25,2026-09-07,2026-09-12,0,WH-KOL
PO001442,2025-01-23,P0149,S014,78,26815.38,2091599.83,2025-01-27,2025-02-04,6,WH-CHE
PO001443,2025-06-23,P0005,S044,120,12089.67,1450760.77,2025-07-15,2025-07-15,4,WH-CHE
PO001444,2025-06-15,P0126,S011,198,32722.63,6479080.23,2025-06-24,2025-07-01,8,WH-KOL
PO001445,2025-10-24,P0126,S011,90,28323.67,2549130.34,2025-11-04,2025-11-02,0,WH-CHE
PO001446,2026-07-10,P0099,S047,78,12740.25,993739.41,2026-07-14,2026-07-26,5,WH-DEL
PO001447,2026-03-03,P0089,S043,84,21188.91,1779868.54,2026-03-26,2026-03-24,2,WH-HYD
PO001448,2025-05-01,P0059,S031,47,18407.41,865148.4,2025-05-20,2025-05-21,2,WH-DEL
PO001449,2026-04-06,P0046,S016,165,27472.69,4532994.1,2026-04-29,2026-05-02,12,WH-HYD
PO001450,2026-04-08,P0087,S017,70,3665.22,256565.08,2026-04-28,2026-05-07,1,WH-BLR
PO001451,2025-05-19,P0056,S049,69,25523.08,1761092.73,2025-05-24,2025-05-28,1,WH-HYD
PO001452,2025-08-17,P0047,S025,18,12416.73,223501.09,2025-09-13,2025-09-24,0,WH-BLR
PO001453,2025-08-11,P0119,S011,185,2075.46,383959.51,2025-09-05,2025-09-13,3,WH-HYD
PO001454,2025-05-29,P0086,S050,13,16512.05,214656.59,2025-06-25,2025-06-25,0,WH-KOL
PO001456,2026-04-08,P0004,S005,106,25622.47,2715981.95,2026-04-18,2026-04-17,5,WH-DEL
PO001457,2026-01-28,P0122,S013,68,3700.63,251642.67,2026-02-21,2026-03-04,3,WH-HYD
PO001458,2025-01-25,P0011,S025,53,31790.8,1684912.32,2025-01-28,2025-02-06,0,WH-KOL
PO001459,2026-04-12,P0112,S027,153,25063.41,3834701.65,2026-05-10,2026-05-14,7,WH-BLR
PO001460,2026-05-04,P0041,S043,198,31497.98,6236599.37,2026-05-07,2026-05-18,4,WH-BLR
PO001461,2026-05-10,P0041,S043,58,29479.97,1709838.29,2026-06-06,2026-06-14,4,WH-DEL
PO001462,2025-03-02,P0047,S025,23,10115.57,232658,2025-03-06,2025-03-07,1,WH-BLR
PO001463,2025-03-04,P0029,S030,153,21853.64,3343607.58,2025-03-25,2025-03-25,10,WH-CHE
PO001464,2025-01-04,P0029,S030,60,26093.38,1565603.04,2025-01-24,2025-02-04,4,WH-MUM
PO001465,2025-04-18,P0131,S031,95,31742.52,3015539.44,2025-04-30,2025-04-29,3,WH-DEL
PO001466,2026-03-12,P0042,S013,103,13212.12,1360848.46,2026-03-16,2026-03-26,0,WH-MUM
PO001467,2025-10-16,P0046,S016,45,31089.72,1399037.55,2025-11-09,2025-11-21,1,WH-CHE
PO001468,2026-05-09,P0131,S031,22,35183.9,774045.82,2026-05-30,2026-05-29,0,WH-HYD
PO001469,2025-06-29,P0041,S043,191,30175.86,5763588.95,2025-07-03,2025-07-06,8,WH-CHE
PO001470,2026-06-17,P0036,S028,68,7407.65,503720.53,2026-07-12,2026-07-15,5,WH-MUM
PO001471,2025-11-16,P0085,S013,75,16631.54,1247365.38,2025-12-01,2025-12-02,1,WH-CHE
PO001472,2026-02-06,P0075,S047,113,24724.88,2793911.27,2026-02-24,2026-02-24,5,WH-DEL
PO001473,2025-06-07,P0069,S004,57,10250.56,584281.79,2025-07-06,2025-07-13,0,WH-BLR
PO001474,2025-08-18,P0075,S047,35,30065.16,1052280.56,2025-08-23,2025-08-27,1,WH-DEL
PO001475,2025-01-27,P0114,S016,198,12189.01,2413423.38,2025-02-19,2025-02-17,4,WH-CHE
PO001476,2025-06-14,P0003,S041,79,1577.13,124593.23,2025-07-06,2025-07-07,5,WH-BLR
PO001477,2025-01-14,P0129,S048,104,9450.04,982804.09,2025-01-22,2025-01-23,1,WH-HYD
PO001478,2025-10-18,P0128,S032,29,3068.25,88979.34,2025-11-07,2025-11-17,1,WH-BLR
PO001479,2025-09-14,P0061,S037,55,27592.01,1517560.46,2025-10-07,2025-10-13,0,WH-BLR
PO001480,2026-03-29,P0072,S044,197,35437.73,6981233.11,2026-04-19,2026-04-28,13,WH-BLR
PO001481,2025-08-17,P0084,S022,128,27977.03,3581059.2,2025-09-09,2025-09-18,6,WH-DEL
PO001482,2025-12-20,P0028,S045,178,21857.18,3890577.4,2026-01-18,2026-01-23,2,WH-KOL
PO001483,2026-02-01,P0124,S030,150,6118.57,917784.95,2026-03-02,2026-03-01,6,WH-BLR
PO001484,2025-05-11,P0109,S025,195,28326.01,5523572.41,2025-05-26,2025-05-25,12,WH-CHE
PO001485,2025-05-26,P0101,S003,76,19341.02,1469917.76,2025-06-07,2025-06-15,0,WH-BLR
PO001486,2025-07-23,P0119,S011,189,2082.9,393667.95,2025-08-05,2025-08-12,3,WH-DEL
PO001487,2025-11-09,P0093,S004,78,12450.19,971114.77,2025-12-05,2025-12-03,2,WH-HYD
PO001488,2026-01-31,P0069,S004,70,9817.86,687250.55,2026-02-05,2026-02-11,1,WH-BLR
PO001489,2026-02-05,P0003,S041,200,1863.47,372693.97,2026-02-12,2026-02-16,8,WH-MUM
PO001490,2025-02-13,P0025,S004,152,1249.21,189879.58,2025-03-12,2025-03-14,3,WH-MUM
PO001491,2025-02-08,P0108,S016,173,13119.74,2269715.02,2025-02-26,2025-03-05,7,WH-DEL
PO001492,2026-07-31,P0135,S037,108,6055.05,653945.49,2026-08-08,2026-08-14,3,WH-HYD
PO001493,2025-08-26,P0056,S049,60,27729.04,1663742.21,2025-09-17,2025-09-25,4,WH-KOL
PO001494,2025-12-18,P0134,S006,49,10128.93,496317.79,2026-01-15,2026-01-21,2,WH-HYD
PO001495,2026-02-12,P0147,S005,187,26215.05,4902214.04,2026-02-20,2026-02-23,14,WH-HYD
PO001496,2025-01-31,P0143,S049,73,24007.07,1752516.24,2025-02-28,2025-03-03,1,WH-KOL
PO001497,2025-08-09,P0086,S050,26,19275.57,501164.89,2025-08-18,2025-08-17,0,WH-CHE
PO001498,2025-11-06,P0018,S020,195,30629.55,5972762.82,2025-11-30,2025-12-05,15,WH-BLR
PO001499,2025-10-01,P0116,S013,70,24721.48,1730503.33,2025-10-06,2025-10-13,4,WH-KOL
PO001500,2025-05-12,P0106,S009,30,37536.55,1126096.5,2025-05-29,2025-06-08,1,WH-CHE
