Transaction_ID,Sales_Date,Order_ID,Customer_ID,Product_ID,Employee_ID,Region_ID,Quantity,Unit_Price,Discount_Pct,Gross_Revenue,Discount_Value,Sales_Value,Product_Cost,Profit
ST0000001,8/7/2025,O000902,C00478,P0122,E0024,R002,2,5842.9,0.15,11685.8,1752.87,9932.93,7080.95,2851.98
ST0000002,3/25/2026,O002373,C00572,P0007,E0018,R003,3,25628.68,0,76886.05,0,76886.05,50493.89,26392.17
ST0000003,7/14/2026,O001932,C00265,P0147,E0040,R005,1,48366.75,0.25,48366.75,12091.69,36275.07,28020.65,8254.42
ST0000004,2/4/2026,O001755,C00558,P0081,E0027,R008,5,44223.15,0.2,221115.73,44223.15,176892.58,133816.79,43075.79
ST0000005,7/12/2026,O002221,C00406,P0115,E0021,R001,1,38634.36,0.15,38634.36,5795.15,32839.21,21707.96,11131.25
ST0000006,10/8/2025,O001150,C00042,P0120,E0017,R002,8,3374.81,0.2,26998.5,5399.7,21598.8,20732.63,866.17
ST0000007,3/10/2025,O001063,C00290,P0019,E0038,R002,8,18775.68,0.05,150205.47,7510.27,142695.2,131237.05,11458.15
ST0000008,11/28/2025,O001286,C00362,P0052,E0007,R002,2,10001.16,0.25,20002.32,5000.58,15001.74,12782.67,2219.08
ST0000009,11/3/2025,O002231,C00424,P0139,E0015,R008,1,48792.73,0.2,48792.73,9758.55,39034.19,27831.42,11202.77
ST0000010,10/6/2025,O000861,C00236,P0119,E0017,R002,2,2905.04,0,5810.08,0,5810.08,3899.37,1910.71
ST0000011,12/13/2025,O001313,C00095,P0127,E0025,R004,1,9556.03,0.05,9556.03,477.8,9078.23,5588.77,3489.46
ST0000013,2/19/2025,O002253,C00075,P0054,E0016,R002,5,17172.58,0.1,85862.89,8586.29,77276.61,47557.28,29719.33
ST0000014,11/8/2025,O001684,C00042,P0053,E0009,R002,1,10677.72,0,10677.72,0,10677.72,6600.39,4077.33
ST0000015,2/14/2026,O002807,C00286,P0123,E0002,R002,7,22804.11,0,159628.78,0,159628.78,143696.13,15932.66
ST0000016,8/15/2025,O002432,C00434,P0103,E0039,R005,2,38239.76,0.2,76479.52,15295.9,61183.62,44374.46,16809.15
ST0000017,8/2/2026,O002736,C00021,P0008,E0006,R002,6,39888.86,0.15,239333.15,35899.97,203433.17,131980.52,71452.66
ST0000018,4/13/2025,O002240,C00224,P0026,E0038,R002,3,19557.18,0.2,58671.53,11734.31,46937.22,44985.38,1951.85
ST0000019,5/16/2025,O002212,C00237,P0134,E0006,R002,7,17201.5,0.25,120410.5,30102.63,90307.88,73060.19,17247.68
ST0000020,10/25/2025,O000403,C00229,P0131,E0018,R003,3,40673.07,0,122019.22,0,122019.22,102926.46,19092.76
ST0000021,7/31/2026,O002658,C00116,P0126,E0030,R003,1,45191.59,0.1,45191.59,4519.16,40672.43,29825.6,10846.83
ST0000022,5/20/2026,O002930,C00443,P0010,E0011,R008,2,1137.46,0.15,2274.92,341.24,1933.68,1545.8,387.89
ST0000023,3/31/2025,O000541,C00540,P0057,E0038,R002,8,29566.29,0.15,236530.32,35479.55,201050.78,146997.48,54053.3
ST0000024,1/30/2025,O002273,C00500,P0037,E0012,R004,7,30487.03,0,213409.18,0,213409.18,170319.55,43089.63
ST0000025,11/22/2025,O000918,C00187,P0071,E0006,R002,7,36852.85,0.15,257969.98,38695.5,219274.48,173121.2,46153.28
ST0000026,1/7/2026,O001861,C00061,P0012,E0009,R002,4,27273.26,0,109093.03,0,109093.03,84985.74,24107.29
ST0000027,4/21/2026,O001724,C00479,P0126,E0036,R004,6,43216.66,0.15,259299.96,38894.99,220404.96,178953.6,41451.36
ST0000028,7/9/2025,O001695,C00180,P0133,E0014,R005,4,5289.93,0,21159.71,0,21159.71,12072.93,9086.78
ST0000029,7/21/2025,O001386,C00166,P0091,E0006,R002,8,22320.07,0.1,178560.53,17856.05,160704.48,113667.81,47036.66
ST0000030,2/6/2026,O001812,C00568,P0061,E0017,R002,2,44499.81,0.25,88999.61,22249.9,66749.71,52519.91,14229.8
ST0000031,8/19/2026,O002696,C00215,P0056,E0010,R004,2,46269.5,0.05,92539,4626.95,87912.05,51255.01,36657.03
ST0000032,6/20/2026,O002590,C00171,P0011,E0037,R004,6,40026.71,0,240160.24,0,240160.24,176669.89,63490.35
ST0000033,12/30/2025,O001465,C00444,P0033,E0005,R005,2,30136.26,0.15,60272.52,9040.88,51231.65,40329.56,10902.09
ST0000034,8/27/2025,O002472,C00269,P0057,E0005,R005,5,29369.47,0.05,146847.37,7342.37,139505,91873.42,47631.58
ST0000035,11/21/2025,O001079,C00501,P0012,E0040,R005,5,26348.82,0.15,131744.08,19761.61,111982.47,106232.18,5750.29
ST0000036,3/30/2025,O002202,C00179,P0054,E0005,R005,2,17892.54,0.05,35785.07,1789.25,33995.82,19022.91,14972.91
ST0000037,1/9/2025,O000262,C00352,P0079,E0020,R001,8,26371.58,0.2,210972.65,42194.53,168778.12,173796.6,-5018.48
ST0000038,3/7/2025,O002874,C00202,P0027,E0006,R002,3,19739.92,0.2,59219.77,11843.95,47375.81,33053.79,14322.02
ST0000039,8/19/2026,O001322,C00008,P0013,E0024,R002,4,11235.44,0.1,44941.75,4494.18,40447.58,38359.32,2088.26
ST0000040,12/30/2025,O000467,C00359,P0084,E0013,R004,7,39316.4,0.25,275214.82,68803.7,206411.11,190578.19,15832.92
ST0000041,9/26/2025,O002187,C00092,P0020,E0033,R008,1,42508.55,0.1,42508.55,4250.85,38257.69,26576.26,11681.43
ST0000042,7/3/2025,O001845,C00214,P0115,E0036,R004,1,39403.97,0,39403.97,0,39403.97,21707.96,17696.01
ST0000044,4/30/2025,O001196,C00047,P0068,E0026,R006,7,25700.93,0.15,179906.5,26985.98,152920.53,108315.57,44604.96
ST0000045,4/28/2025,O001202,C00132,P0007,E0016,R002,4,25469.49,0.1,101877.96,10187.8,91690.16,67325.19,24364.98
ST0000046,11/2/2025,O002973,C00419,P0110,E0014,R005,5,440.6,0,2203.02,0,2203.02,1707.37,495.65
ST0000047,2/18/2026,O001770,C00399,P0056,E0012,R004,3,47636.69,0.1,142910.07,14291.01,128619.06,76882.52,51736.54
ST0000048,3/12/2026,O000896,C00054,P0128,E0010,R004,4,5676.36,0.05,22705.44,1135.27,21570.17,12544.9,9025.27
ST0000049,4/9/2025,O002386,C00448,P0128,E0022,R003,6,5448.84,0,32693.03,0,32693.03,18817.35,13875.68
ST0000050,4/19/2025,O002464,C00022,P0038,E0029,R006,8,29480.74,0.15,235845.9,35376.88,200469.01,166197.2,34271.81
ST0000051,4/9/2026,O001612,C00533,P0144,E0037,R004,4,20481.69,0,81926.76,0,81926.76,45191.11,36735.65
ST0000052,1/17/2026,O002314,C00304,P0023,E0034,R001,6,29137.22,0.2,174823.35,34964.67,139858.68,114260.41,25598.27
ST0000053,7/20/2026,O002712,C00308,P0078,E0030,R003,3,21061.17,0,63183.52,0,63183.52,47023.39,16160.13
ST0000054,1/17/2026,O000929,C00144,P0045,E0031,R001,5,55267.29,0.25,276336.46,69084.11,207252.34,157747.6,49504.74
ST0000055,7/13/2026,O001528,C00575,P0018,E0023,R004,6,36942.27,0.05,221653.61,11082.68,210570.93,181707.48,28863.45
ST0000056,3/30/2025,O002202,C00179,P0064,E0005,R005,7,17837.86,0,124865.02,0,124865.02,69442.11,55422.91
ST0000057,7/21/2026,O001912,C00182,P0054,E0033,R008,5,16730.29,0.1,83651.44,8365.14,75286.3,47557.28,27729.02
ST0000058,3/16/2026,O001929,C00269,P0066,E0009,R002,7,28079.86,0,196559.02,0,196559.02,119237.7,77321.32
ST0000059,7/23/2025,O001415,C00524,P0147,E0038,R002,6,50947.71,0.2,305686.28,61137.26,244549.02,168123.88,76425.14
ST0000060,11/27/2025,O000338,C00525,P0125,E0007,R002,5,13859.28,0.15,69296.42,10394.46,58901.96,59179.45,-277.49
ST0000061,4/22/2025,O000471,C00439,P0109,E0013,R004,2,43572.04,0.05,87144.07,4357.2,82786.87,55423.81,27363.06
ST0000062,5/24/2026,O000054,C00373,P0042,E0029,R006,3,20263.55,0.2,60790.66,12158.13,48632.53,41167.79,7464.74
ST0000063,4/10/2025,O000386,C00008,P0104,E0039,R005,2,4094.55,0.05,8189.1,409.45,7779.64,4701.68,3077.96
ST0000064,2/2/2026,O000406,C00064,P0059,E0039,R005,5,25447.88,0.2,127239.39,25447.88,101791.51,82370.72,19420.79
ST0000065,6/26/2026,O001965,C00169,P0099,E0004,R008,1,16671.18,0.05,16671.18,833.56,15837.62,11954.26,3883.36
ST0000066,1/29/2025,O002304,C00146,P0053,E0040,R005,8,10625.8,0.05,85006.41,4250.32,80756.09,52803.13,27952.96
ST0000067,4/2/2025,O000106,C00348,P0033,E0031,R001,3,30169.98,0.05,90509.95,4525.5,85984.45,60494.33,25490.12
ST0000068,1/22/2025,O002722,C00006,P0062,E0003,R001,4,32047.51,0,128190.05,0,128190.05,81142.24,47047.81
ST0000069,1/24/2025,O000621,C00282,P0109,E0006,R002,6,45882.96,0.2,275297.79,55059.56,220238.23,166271.42,53966.81
ST0000070,4/5/2025,O000122,C00561,P0148,E0040,R005,7,17547.07,0,122829.51,0,122829.51,96229.04,26600.47
ST0000071,2/23/2025,O000478,C00513,P0143,E0001,R002,4,37421.6,0.1,149686.41,14968.64,134717.77,91033.84,43683.93
ST0000072,3/11/2025,O001883,C00319,P0032,E0023,R004,7,24114.24,0.1,168799.68,16879.97,151919.71,116897.64,35022.07
ST0000073,8/29/2026,O001784,C00393,P0020,E0041,R002,1,40639.91,0.05,40639.91,2032,38607.92,26576.26,12031.65
ST0000074,4/4/2025,O001615,C00303,P0062,E0026,R006,5,30185.46,0,150927.3,0,150927.3,101427.81,49499.5
ST0000075,6/9/2025,O000551,C00014,P0033,E0020,R001,3,30602.98,0,91808.93,0,91808.93,60494.33,31314.59
ST0000076,7/6/2025,O001101,C00395,P0140,E0004,R008,1,30870.42,0,30870.42,0,30870.42,18074.01,12796.42
ST0000077,6/9/2026,O002971,C00548,P0113,E0029,R006,7,1801.92,0.1,12613.44,1261.34,11352.09,10025.6,1326.5
ST0000078,7/15/2026,O002000,C00396,P0092,E0009,R002,1,55023.75,0.25,55023.75,13755.94,41267.81,33400.94,7866.87
ST0000079,7/7/2026,O001853,C00368,P0019,E0037,R004,6,18262.8,0.05,109576.79,5478.84,104097.95,98427.79,5670.16
ST0000080,9/30/2025,O001131,C00227,P0104,E0039,R005,2,3944.75,0,7889.49,0,7889.49,4701.68,3187.81
ST0000081,7/11/2026,O002527,C00555,P0043,E0023,R004,4,43824.96,0.25,175299.86,43824.96,131474.89,111307.25,20167.65
ST0000082,1/4/2026,O001436,C00399,P0017,E0038,R002,8,28303.52,0.1,226428.13,22642.81,203785.32,189791.19,13994.13
ST0000083,6/17/2025,O001477,C00216,P0112,E0001,R002,5,32484.54,0.25,162422.72,40605.68,121817.04,112185.6,9631.44
ST0000084,1/8/2025,O001544,C00382,P0014,E0023,R004,2,23117.13,0,46234.26,0,46234.26,36871.01,9363.26
ST0000085,1/14/2026,O002006,C00414,P0033,E0013,R004,7,29214.53,0.15,204501.73,30675.26,173826.47,141153.44,32673.03
ST0000086,4/5/2026,O002395,C00501,P0092,E0025,R004,7,59611.11,0.2,417277.79,83455.56,333822.23,233806.57,100015.66
ST0000087,4/8/2025,O001372,C00222,P0092,E0041,R002,3,58152.79,0.1,174458.37,17445.84,157012.53,100202.82,56809.72
ST0000088,5/26/2026,O002808,C00122,P0113,E0024,R002,7,1855.17,0.05,12986.16,649.31,12336.85,10025.6,2311.25
ST0000090,10/21/2025,O002243,C00532,P0083,E0024,R002,1,55717.99,0.2,55717.99,11143.6,44574.39,31630.3,12944.1
ST0000091,11/14/2025,O001371,C00481,P0088,E0003,R001,2,26719.06,0,53438.13,0,53438.13,40097,13341.13
ST0000092,12/29/2025,O001111,C00228,P0074,E0002,R002,5,16103.58,0.1,80517.88,8051.79,72466.09,59018.32,13447.77
ST0000093,5/30/2025,O001971,C00293,P0037,E0031,R001,3,30426.88,0.15,91280.63,13692.1,77588.54,72994.09,4594.45
ST0000094,11/4/2025,O000937,C00168,P0147,E0034,R001,1,49709.73,0.25,49709.73,12427.43,37282.3,28020.65,9261.65
ST0000095,7/2/2025,O000988,C00217,P0060,E0009,R002,2,55837.58,0.05,111675.17,5583.76,106091.41,67250.15,38841.26
ST0000096,9/30/2025,O001131,C00227,P0097,E0039,R005,2,11137.05,0.1,22274.1,2227.41,20046.69,13710.15,6336.54
ST0000097,5/26/2025,O001198,C00412,P0149,E0003,R001,4,34947.38,0,139789.51,0,139789.51,97736.9,42052.61
ST0000098,1/8/2025,O000469,C00421,P0067,E0009,R002,8,40403.37,0.1,323226.94,32322.69,290904.24,261567.14,29337.11
ST0000099,5/7/2026,O002416,C00546,P0082,E0040,R005,4,28297.84,0.25,113191.37,28297.84,84893.53,65629.64,19263.89
ST0000100,1/17/2026,O002819,C00508,P0003,E0030,R003,5,2233.14,0.05,11165.7,558.28,10607.41,8533.84,2073.57
ST0000101,4/9/2025,O001170,C00142,P0063,E0023,R004,8,20639.14,0.1,165113.11,16511.31,148601.8,136227.48,12374.31
ST0000102,5/5/2026,O001741,C00413,P0025,E0009,R002,4,1922.75,0.15,7690.99,1153.65,6537.34,4525.06,2012.29
ST0000103,7/10/2026,O001532,C00100,P0129,E0020,R001,1,15576.27,0.2,15576.27,3115.25,12461.02,9857.48,2603.54
ST0000104,10/19/2025,O002854,C00485,P0138,E0001,R002,8,26068.97,0,208551.75,0,208551.75,149108.01,59443.75
ST0000105,1/30/2026,O001279,C00464,P0053,E0011,R008,2,10124.66,0,20249.32,0,20249.32,13200.78,7048.54
ST0000106,7/1/2025,O001025,C00251,P0059,E0016,R002,7,24570.56,0.1,171993.91,17199.39,154794.52,115319.01,39475.51
ST0000107,11/7/2025,O000700,C00536,P0027,E0020,R001,1,18888.14,0.15,18888.14,2833.22,16054.92,11017.93,5036.99
ST0000108,12/22/2025,O000318,C00094,P0141,E0020,R001,8,18044.48,0.15,144355.87,21653.38,122702.49,130812.07,-8109.58
ST0000109,12/26/2025,O002751,C00085,P0104,E0036,R004,6,4004.84,0,24029.03,0,24029.03,14105.05,9923.98
ST0000110,6/17/2026,O001355,C00115,P0117,E0034,R001,1,21406,0.15,21406,3210.9,18195.1,17473.32,721.78
ST0000111,8/2/2026,O002670,C00559,P0001,E0001,R002,3,30976.99,0.25,92930.97,23232.74,69698.22,52443.63,17254.59
ST0000112,8/31/2025,O002369,C00567,P0051,E0024,R002,4,8737.31,0.2,34949.25,6989.85,27959.4,19624.97,8334.43
ST0000113,11/3/2025,O000296,C00557,P0096,E0018,R003,5,34477.46,0.2,172387.32,34477.46,137909.86,120734.15,17175.71
ST0000114,8/9/2025,O000804,C00217,P0004,E0022,R003,7,30108.46,0,210759.19,0,210759.19,169314.57,41444.62
ST0000115,3/15/2025,O000800,C00585,P0014,E0025,R004,3,24058.77,0.1,72176.3,7217.63,64958.67,55306.51,9652.16
ST0000116,7/3/2026,O001374,C00475,P0086,E0019,R002,1,21543.2,0.25,21543.2,5385.8,16157.4,17282.96,-1125.56
ST0000117,10/25/2025,O000566,C00392,P0044,E0032,R001,5,759.8,0,3798.98,0,3798.98,2016,1782.98
ST0000118,11/25/2025,O001185,C00102,P0040,E0035,R002,1,27543.19,0.1,27543.19,2754.32,24788.87,17361.01,7427.85
ST0000119,3/9/2026,O000151,C00238,P0027,E0004,R008,6,18111.69,0.05,108670.16,5433.51,103236.65,66107.58,37129.07
ST0000120,6/16/2025,O002412,C00491,P0145,E0030,R003,3,3043.47,0.25,9130.42,2282.61,6847.82,6990.95,-143.13
ST0000121,1/22/2025,O001646,C00418,P0109,E0021,R001,4,42537.09,0.2,170148.36,34029.67,136118.69,110847.62,25271.07
ST0000123,6/14/2025,O001139,C00333,P0010,E0031,R001,1,1249.95,0,1249.95,0,1249.95,772.9,477.05
ST0000124,7/25/2026,O002405,C00519,P0034,E0036,R004,3,39316.72,0,117950.15,0,117950.15,68318.6,49631.55
ST0000125,2/22/2025,O001526,C00017,P0097,E0034,R001,3,11454.25,0,34362.75,0,34362.75,20565.22,13797.53
ST0000126,3/17/2026,O002717,C00351,P0012,E0004,R008,2,25671.19,0,51342.37,0,51342.37,42492.87,8849.5
ST0000127,10/8/2025,O001049,C00221,P0137,E0041,R002,5,26852.7,0.15,134263.49,20139.52,114123.97,123360.52,-9236.55
ST0000128,12/23/2025,O000414,C00346,P0050,E0029,R006,4,1115.32,0.05,4461.27,223.06,4238.21,2671.55,1566.65
ST0000129,7/20/2025,O000744,C00137,P0133,E0038,R002,7,5269.17,0,36884.2,0,36884.2,21127.63,15756.57
ST0000130,5/24/2025,O000880,C00508,P0041,E0012,R004,4,48554.13,0.05,194216.51,9710.83,184505.69,113468.79,71036.9
ST0000131,6/28/2025,O001375,C00600,P0106,E0009,R002,5,51741.15,0,258705.74,0,258705.74,170788.81,87916.93
ST0000132,7/1/2025,O001247,C00088,P0048,E0025,R004,7,7383.1,0.25,51681.68,12920.42,38761.26,43179.81,-4418.55
ST0000133,9/14/2025,O001221,C00461,P0114,E0017,R002,7,14167.75,0,99174.27,0,99174.27,85771.93,13402.35
ST0000134,1/25/2026,O001081,C00468,P0150,E0002,R002,7,51062.55,0.05,357437.88,17871.89,339565.98,237571.34,101994.65
ST0000135,3/7/2026,O000713,C00363,P0014,E0029,R006,6,22422.28,0.25,134533.69,33633.42,100900.27,110613.02,-9712.75
ST0000136,12/17/2025,O001859,C00130,P0122,E0020,R001,4,5740.97,0.15,22963.89,3444.58,19519.3,14161.91,5357.4
ST0000137,6/11/2025,O002254,C00188,P0093,E0014,R005,3,15949.99,0.25,47849.98,11962.5,35887.49,35251.13,636.36
ST0000138,6/4/2025,O000951,C00394,P0092,E0013,R004,7,59273.94,0,414917.57,0,414917.57,233806.57,181111
ST0000139,11/14/2025,O001371,C00481,P0046,E0003,R001,7,55385.25,0.1,387696.77,38769.68,348927.09,211122.27,137804.82
ST0000140,5/1/2026,O001520,C00418,P0086,E0039,R005,2,20679.86,0.25,41359.73,10339.93,31019.79,34565.92,-3546.12
ST0000141,8/31/2025,O001598,C00215,P0041,E0006,R002,6,48813.18,0.25,292879.11,73219.78,219659.33,170203.18,49456.15
ST0000142,1/28/2026,O002620,C00473,P0131,E0012,R004,1,39900.69,0.1,39900.69,3990.07,35910.62,34308.82,1601.8
ST0000143,7/14/2025,O001706,C00437,P0077,E0007,R002,2,474.8,0.25,949.6,237.4,712.2,831.3,-119.1
ST0000144,3/4/2026,O001514,C00285,P0057,E0014,R005,4,28487.64,0.15,113950.55,17092.58,96857.97,73498.74,23359.23
ST0000145,7/1/2026,O002859,C00286,P0095,E0002,R002,3,2045.1,0.1,6135.29,613.53,5521.76,4475.61,1046.15
ST0000146,6/8/2026,O001110,C00517,P0101,E0013,R004,7,37291.97,0.2,261043.78,52208.76,208835.03,142293.05,66541.98
ST0000147,11/7/2025,O000956,C00412,P0087,E0029,R006,4,5552.2,0.2,22208.81,4441.76,17767.05,15303.96,2463.09
ST0000148,2/13/2026,O002824,C00305,P0105,E0004,R008,3,3020.3,0.25,9060.89,2265.22,6795.67,6963.84,-168.17
ST0000149,6/12/2026,O002362,C00011,P0142,E0040,R005,6,33975.83,0,203855,0,203855,118075.48,85779.52
ST0000150,2/18/2026,O001187,C00203,P0052,E0020,R001,7,9529.2,0.15,66704.37,10005.66,56698.71,44739.33,11959.39
ST0000151,8/9/2026,O000618,C00157,P0077,E0002,R002,2,478.31,0,956.61,0,956.61,831.3,125.31
ST0000152,1/12/2025,O000642,C00126,P0118,E0001,R002,7,21784.17,0.2,152489.17,30497.83,121991.33,106969.43,15021.91
ST0000153,2/23/2026,O002562,C00079,P0141,E0041,R002,4,18470.65,0,73882.59,0,73882.59,65406.03,8476.56
ST0000154,5/20/2026,O002701,C00310,P0074,E0036,R004,7,15596.84,0.15,109177.85,16376.68,92801.17,82625.64,10175.53
ST0000155,8/12/2026,O001758,C00394,P0064,E0036,R004,1,17172.41,0,17172.41,0,17172.41,9920.3,7252.11
ST0000156,8/23/2025,O001611,C00426,P0138,E0007,R002,3,24402.47,0.1,73207.4,7320.74,65886.66,55915.5,9971.16
ST0000157,6/19/2026,O002418,C00554,P0061,E0040,R005,2,42979.79,0.05,85959.58,4297.98,81661.61,52519.91,29141.7
ST0000158,5/16/2025,O000920,C00253,P0129,E0021,R001,2,15644.27,0.25,31288.54,7822.13,23466.4,19714.96,3751.44
ST0000159,7/4/2026,O002111,C00565,P0051,E0015,R008,8,8036.52,0,64292.18,0,64292.18,39249.94,25042.23
ST0000160,8/18/2025,O000095,C00465,P0128,E0033,R008,4,5460.32,0.1,21841.29,2184.13,19657.16,12544.9,7112.26
ST0000161,5/5/2025,O000242,C00443,P0121,E0028,R006,3,11696.43,0.25,35089.3,8772.33,26316.98,21157.35,5159.63
ST0000162,6/2/2026,O000017,C00165,P0025,E0034,R001,5,2020.28,0.1,10101.42,1010.14,9091.28,5656.32,3434.96
ST0000163,7/23/2026,O001975,C00174,P0142,E0002,R002,1,33339.26,0,33339.26,0,33339.26,19679.25,13660.01
ST0000164,10/6/2025,O001584,C00535,P0071,E0018,R003,4,34881.6,0,139526.42,0,139526.42,98926.4,40600.02
ST0000165,4/9/2025,O001170,C00142,P0102,E0023,R004,4,29911.16,0.05,119644.66,5982.23,113662.43,66224.56,47437.86
ST0000166,6/8/2026,O001811,C00146,P0102,E0041,R002,3,29114.38,0.05,87343.14,4367.16,82975.98,49668.42,33307.56
ST0000167,11/1/2025,O000591,C00095,P0149,E0029,R006,3,35815.86,0.2,107447.57,21489.51,85958.06,73302.67,12655.38
ST0000169,7/2/2026,O000784,C00567,P0028,E0026,R006,8,22811.79,0.15,182494.3,27374.14,155120.15,159395.93,-4275.78
ST0000170,6/16/2025,O002412,C00491,P0077,E0030,R003,1,472.3,0.25,472.3,118.08,354.23,415.65,-61.42
ST0000171,2/24/2026,O002346,C00131,P0068,E0031,R001,2,25743,0,51486,0,51486,30947.31,20538.69
ST0000172,7/20/2025,O000744,C00137,P0106,E0038,R002,7,53768.8,0.15,376381.57,56457.24,319924.33,239104.33,80820
ST0000173,8/23/2026,O001885,C00039,P0023,E0002,R002,7,28825.23,0.2,201776.59,40355.32,161421.27,133303.81,28117.46
ST0000174,6/23/2025,O000105,C00595,P0106,E0013,R004,4,51137.06,0,204548.23,0,204548.23,136631.05,67917.18
ST0000175,8/30/2026,O002458,C00465,P0029,E0009,R002,1,37760.74,0.1,37760.74,3776.07,33984.67,23994.59,9990.07
ST0000176,10/3/2025,O000441,C00549,P0044,E0015,R008,6,763.09,0.15,4578.52,686.78,3891.74,2419.2,1472.55
ST0000177,4/14/2026,O000113,C00453,P0030,E0024,R002,7,48661.82,0,340632.72,0,340632.72,211085.27,129547.45
ST0000178,8/13/2026,O002326,C00158,P0070,E0028,R006,1,18161.13,0,18161.13,0,18161.13,10631.69,7529.44
ST0000179,3/21/2025,O000798,C00241,P0058,E0024,R002,4,28541.7,0.05,114166.78,5708.34,108458.44,75708.8,32749.65
ST0000180,1/16/2026,O000883,C00145,P0122,E0020,R001,7,6067.75,0.2,42474.28,8494.86,33979.43,24783.34,9196.09
ST0000181,5/18/2026,O000841,C00004,P0071,E0029,R006,2,35475.02,0.25,70950.05,17737.51,53212.54,49463.2,3749.33
ST0000182,6/26/2025,O002308,C00475,P0140,E0011,R008,5,30922.8,0,154613.99,0,154613.99,90370.04,64243.95
ST0000183,10/29/2025,O000292,C00078,P0112,E0024,R002,8,34035.91,0,272287.27,0,272287.27,179496.96,92790.3
ST0000184,7/5/2026,O000303,C00430,P0065,E0029,R006,2,39819.88,0,79639.76,0,79639.76,51790.35,27849.4
ST0000185,5/25/2026,O001159,C00472,P0149,E0041,R002,2,37203.27,0,74406.54,0,74406.54,48868.45,25538.09
ST0000186,2/13/2025,O001277,C00234,P0042,E0039,R005,1,20419.28,0.15,20419.28,3062.89,17356.39,13722.6,3633.79
ST0000187,1/31/2025,O001709,C00522,P0107,E0019,R002,2,7126.06,0.15,14252.12,2137.82,12114.3,12339.71,-225.41
ST0000188,2/7/2026,O000136,C00474,P0019,E0013,R004,1,18445.86,0,18445.86,0,18445.86,16404.63,2041.23
ST0000189,3/6/2026,O000500,C00447,P0052,E0005,R005,5,9536.91,0.2,47684.55,9536.91,38147.64,31956.66,6190.98
ST0000190,6/28/2025,O001349,C00329,P0078,E0024,R002,5,20844.91,0,104224.57,0,104224.57,78372.32,25852.25
ST0000191,6/24/2026,O000859,C00014,P0082,E0003,R001,4,28330.86,0,113323.45,0,113323.45,65629.64,47693.81
ST0000192,3/22/2025,O002849,C00552,P0123,E0039,R005,2,23771.55,0.15,47543.1,7131.47,40411.64,41056.04,-644.4
ST0000193,10/18/2025,O000409,C00512,P0053,E0031,R001,7,9850.73,0.05,68955.1,3447.75,65507.34,46202.74,19304.6
ST0000194,9/17/2025,O001969,C00571,P0026,E0016,R002,2,19298.97,0,38597.94,0,38597.94,29990.25,8607.69
ST0000195,4/1/2026,O000833,C00303,P0035,E0009,R002,2,11047.08,0.05,22094.17,1104.71,20989.46,16883.01,4106.45
ST0000196,3/9/2026,O000067,C00498,P0035,E0037,R004,5,11401.24,0.2,57006.19,11401.24,45604.95,42207.53,3397.42
ST0000197,6/26/2026,O000018,C00102,P0042,E0039,R005,2,20712.98,0,41425.95,0,41425.95,27445.19,13980.76
ST0000198,12/24/2025,O000543,C00137,P0137,E0009,R002,8,28628.32,0.05,229026.57,11451.33,217575.25,197376.83,20198.41
ST0000199,7/30/2026,O001299,C00336,P0035,E0024,R002,8,11431.56,0,91452.47,0,91452.47,67532.05,23920.42
ST0000200,5/22/2026,O002489,C00031,P0055,E0004,R008,7,23525.7,0.15,164679.92,24701.99,139977.93,118834.75,21143.19
ST0000201,4/20/2026,O001510,C00399,P0126,E0013,R004,7,42497.8,0.1,297484.58,29748.46,267736.13,208779.2,58956.93
ST0000202,2/14/2025,O000769,C00450,P0019,E0013,R004,4,19028.13,0,76112.53,0,76112.53,65618.53,10494
ST0000203,4/26/2026,O000154,C00166,P0128,E0020,R001,5,5537.34,0,27686.7,0,27686.7,15681.12,12005.58
ST0000205,7/18/2025,O000694,C00369,P0064,E0015,R008,3,16663.13,0.05,49989.38,2499.47,47489.91,29760.9,17729.01
ST0000206,1/29/2025,O000197,C00311,P0020,E0020,R001,4,40398.97,0.05,161595.9,8079.79,153516.1,106305.06,47211.05
ST0000207,4/30/2026,O000893,C00339,P0085,E0038,R002,1,22701.04,0.2,22701.04,4540.21,18160.83,15487.25,2673.58
ST0000208,6/9/2026,O001775,C00199,P0048,E0021,R001,7,7208.31,0.15,50458.15,7568.72,42889.42,43179.81,-290.39
ST0000209,7/18/2025,O001038,C00454,P0089,E0023,R004,6,39095.73,0.05,234574.39,11728.72,222845.67,134729.37,88116.31
ST0000210,8/22/2026,O000719,C00340,P0128,E0004,R008,5,5689.95,0,28449.73,0,28449.73,15681.12,12768.61
ST0000211,6/6/2025,O000570,C00214,P0094,E0041,R002,5,40834.48,0.25,204172.4,51043.1,153129.3,149422.86,3706.44
ST0000212,1/4/2025,O000267,C00044,P0120,E0033,R008,5,3354.62,0.05,16773.08,838.65,15934.43,12957.9,2976.53
ST0000213,1/16/2025,O001745,C00089,P0100,E0027,R008,5,45467.1,0.15,227335.5,34100.32,193235.17,141358.89,51876.29
ST0000214,9/17/2025,O000905,C00337,P0015,E0007,R002,1,29870.15,0.15,29870.15,4480.52,25389.63,17769.09,7620.53
ST0000215,4/14/2025,O002576,C00019,P0088,E0024,R002,7,25994.99,0.2,181964.93,36392.99,145571.95,140339.49,5232.46
ST0000216,8/8/2025,O001647,C00134,P0054,E0025,R004,6,16854.03,0.15,101124.21,15168.63,85955.58,57068.73,28886.84
ST0000217,3/13/2025,O001214,C00450,P0038,E0002,R002,3,30131.12,0.2,90393.36,18078.67,72314.68,62323.95,9990.73
ST0000218,5/19/2026,O000354,C00453,P0117,E0001,R002,3,21369.63,0,64108.9,0,64108.9,52419.95,11688.94
ST0000219,2/19/2026,O002677,C00337,P0093,E0003,R001,7,15548.37,0.05,108838.56,5441.93,103396.64,82252.64,21144
ST0000220,8/14/2026,O001568,C00196,P0003,E0018,R003,8,2235.16,0,17881.25,0,17881.25,13654.14,4227.11
ST0000221,11/28/2025,O000340,C00219,P0076,E0007,R002,5,18555.6,0,92778.02,0,92778.02,59443.71,33334.31
ST0000222,8/8/2025,O000021,C00364,P0097,E0026,R006,7,11686.75,0.05,81807.28,4090.36,77716.92,47985.52,29731.4
ST0000223,1/6/2026,O000166,C00172,P0132,E0009,R002,8,24399.54,0,195196.32,0,195196.32,110991.1,84205.22
ST0000224,5/7/2025,O000022,C00418,P0001,E0009,R002,7,29618.36,0.15,207328.5,31099.27,176229.22,122368.47,53860.75
ST0000225,5/5/2025,O000242,C00443,P0070,E0028,R006,2,17673.44,0.15,35346.87,5302.03,30044.84,21263.37,8781.47
ST0000226,1/18/2026,O000577,C00452,P0002,E0025,R004,8,6135,0,49079.98,0,49079.98,33944.52,15135.47
ST0000227,7/8/2026,O002055,C00306,P0029,E0027,R008,2,38729.03,0.25,77458.05,19364.51,58093.54,47989.18,10104.36
ST0000228,8/2/2025,O002702,C00505,P0042,E0026,R006,3,20586.11,0.15,61758.33,9263.75,52494.58,41167.79,11326.79
ST0000229,4/28/2025,O000607,C00229,P0047,E0031,R001,3,15784.48,0.05,47353.43,2367.67,44985.76,33648.84,11336.91
ST0000230,5/24/2026,O000054,C00373,P0138,E0029,R006,5,24838.42,0.25,124192.1,31048.03,93144.08,93192.51,-48.43
ST0000231,2/4/2025,O000638,C00066,P0135,E0030,R003,4,8268.58,0.15,33074.3,4961.15,28113.16,23054.73,5058.42
ST0000232,6/17/2026,O002421,C00503,P0077,E0023,R004,1,461.9,0,461.9,0,461.9,415.65,46.25
ST0000233,1/3/2026,O000160,C00571,P0142,E0004,R008,5,32995.92,0.25,164979.59,41244.9,123734.69,98396.23,25338.46
ST0000234,3/8/2026,O000475,C00491,P0059,E0019,R002,6,25576.2,0,153457.21,0,153457.21,98844.86,54612.35
ST0000235,9/26/2025,O002886,C00374,P0030,E0010,R004,4,46630.11,0,186520.45,0,186520.45,120620.15,65900.3
ST0000236,12/13/2025,O001288,C00014,P0050,E0021,R001,6,1151.11,0.1,6906.64,690.66,6215.98,4007.33,2208.65
ST0000237,8/12/2025,O000597,C00593,P0043,E0007,R002,3,46874.95,0,140624.85,0,140624.85,83480.43,57144.42
ST0000238,10/14/2025,O001789,C00461,P0075,E0036,R004,2,45780.55,0.2,91561.09,18312.22,73248.87,54175.01,19073.86
ST0000239,5/26/2025,O001473,C00451,P0126,E0019,R002,1,43817.83,0.1,43817.83,4381.78,39436.05,29825.6,9610.45
ST0000240,3/18/2026,O002148,C00515,P0062,E0026,R006,1,30041.08,0.15,30041.08,4506.16,25534.92,20285.56,5249.36
ST0000241,8/30/2025,O000071,C00093,P0019,E0027,R008,1,19673.21,0,19673.21,0,19673.21,16404.63,3268.58
ST0000242,1/25/2025,O002548,C00271,P0074,E0029,R006,6,15121.96,0,90731.78,0,90731.78,70821.98,19909.81
ST0000243,8/2/2026,O002512,C00449,P0086,E0037,R004,3,21778.97,0.15,65336.92,9800.54,55536.39,51848.88,3687.51
ST0000244,7/12/2025,O000392,C00487,P0068,E0034,R001,5,24457.64,0.1,122288.19,12228.82,110059.37,77368.27,32691.11
ST0000245,1/7/2026,O001861,C00061,P0074,E0009,R002,3,15600.05,0,46800.16,0,46800.16,35410.99,11389.17
ST0000247,10/5/2025,O001411,C00252,P0128,E0027,R008,1,5569.65,0,5569.65,0,5569.65,3136.22,2433.43
ST0000248,7/8/2026,O001904,C00064,P0143,E0002,R002,2,38372.72,0,76745.44,0,76745.44,45516.92,31228.52
ST0000249,6/6/2025,O000909,C00040,P0114,E0025,R004,5,14357.86,0,71789.28,0,71789.28,61265.66,10523.62
ST0000250,5/12/2025,O002952,C00066,P0104,E0034,R001,1,3962.74,0.05,3962.74,198.14,3764.6,2350.84,1413.76
ST0000251,6/13/2025,O002264,C00186,P0083,E0030,R003,6,55410.29,0.25,332461.73,83115.43,249346.3,189781.77,59564.53
ST0000252,7/3/2026,O001525,C00049,P0147,E0005,R005,5,51724.26,0,258621.32,0,258621.32,140103.23,118518.08
ST0000253,6/22/2026,O002232,C00322,P0072,E0041,R002,3,47349.3,0.2,142047.9,28409.58,113638.32,97384.57,16253.75
ST0000254,4/9/2025,O000003,C00309,P0108,E0019,R002,7,16261.85,0,113832.94,0,113832.94,91161.46,22671.48
ST0000255,10/19/2025,O002825,C00313,P0077,E0016,R002,6,505.29,0.15,3031.75,454.76,2576.99,2493.89,83.1
ST0000256,1/27/2025,O002490,C00342,P0140,E0038,R002,7,30684.67,0,214792.71,0,214792.71,126518.06,88274.65
ST0000257,8/17/2025,O002982,C00587,P0013,E0022,R003,7,11157.09,0.1,78099.65,7809.97,70289.69,67128.81,3160.88
ST0000258,1/20/2026,O000986,C00570,P0060,E0033,R008,8,58720.04,0.05,469760.34,23488.02,446272.32,269000.61,177271.71
ST0000259,5/16/2026,O001819,C00274,P0012,E0028,R006,2,26432.74,0,52865.48,0,52865.48,42492.87,10372.61
ST0000260,10/24/2025,O001820,C00225,P0107,E0012,R004,2,7501.81,0.1,15003.63,1500.36,13503.26,12339.71,1163.56
ST0000261,5/18/2025,O002720,C00380,P0144,E0014,R005,2,19655.6,0.15,39311.19,5896.68,33414.52,22595.56,10818.96
ST0000262,7/16/2025,O000240,C00584,P0036,E0016,R002,6,11673.88,0,70043.27,0,70043.27,44300.08,25743.19
ST0000263,4/20/2026,O002098,C00080,P0072,E0018,R003,4,46893.46,0.1,187573.85,18757.38,168816.46,129846.09,38970.38
ST0000264,5/5/2025,O002523,C00005,P0042,E0001,R002,7,20726.59,0.05,145086.11,7254.31,137831.81,96058.17,41773.64
ST0000265,4/24/2026,O001884,C00458,P0128,E0039,R005,3,5377.72,0.25,16133.17,4033.29,12099.88,9408.67,2691.21
ST0000266,1/28/2026,O000038,C00033,P0137,E0029,R006,5,28142.18,0,140710.91,0,140710.91,123360.52,17350.39
ST0000267,1/18/2026,O000577,C00452,P0065,E0025,R004,3,40271.25,0.15,120813.76,18122.06,102691.7,77685.53,25006.17
ST0000268,3/27/2026,O000020,C00376,P0009,E0039,R005,5,2981.19,0.2,14905.94,2981.19,11924.75,10370.29,1554.46
ST0000269,11/14/2025,O000517,C00185,P0079,E0020,R001,2,25789.12,0.05,51578.24,2578.91,48999.33,43449.15,5550.18
ST0000270,2/6/2025,O001011,C00265,P0102,E0038,R002,2,29127.16,0.05,58254.33,2912.72,55341.61,33112.28,22229.33
ST0000271,5/3/2026,O001292,C00335,P0118,E0016,R002,5,21565.18,0.15,107825.91,16173.89,91652.02,76406.73,15245.29
ST0000272,11/28/2025,O000118,C00404,P0099,E0025,R004,3,16881.69,0.15,50645.08,7596.76,43048.32,35862.79,7185.52
ST0000273,4/6/2025,O001552,C00292,P0004,E0022,R003,3,30880.05,0.05,92640.15,4632.01,88008.14,72563.39,15444.76
ST0000275,4/30/2026,O000908,C00466,P0037,E0033,R008,6,30858.14,0.05,185148.84,9257.44,175891.4,145988.19,29903.21
ST0000276,10/19/2025,O001470,C00472,P0047,E0024,R002,4,16243.22,0.05,64972.87,3248.64,61724.22,44865.12,16859.1
ST0000277,2/7/2025,O002622,C00474,P0138,E0031,R001,3,24973.73,0,74921.19,0,74921.19,55915.5,19005.69
ST0000278,8/8/2025,O000189,C00436,P0072,E0010,R004,1,48927.01,0,48927.01,0,48927.01,32461.52,16465.49
ST0000279,7/7/2025,O002479,C00589,P0112,E0028,R006,7,32631.83,0.2,228422.8,45684.56,182738.24,157059.84,25678.4
ST0000280,8/13/2025,O002529,C00024,P0024,E0040,R005,8,7929.72,0.1,63437.75,6343.77,57093.97,48752.57,8341.4
ST0000281,6/29/2025,O001211,C00157,P0041,E0023,R004,3,49010.98,0,147032.94,0,147032.94,85101.59,61931.35
ST0000282,1/1/2026,O001238,C00340,P0023,E0006,R002,7,28861.47,0.25,202030.3,50507.58,151522.73,133303.81,18218.91
ST0000283,7/8/2025,O000725,C00308,P0031,E0027,R008,6,20729.87,0.15,124379.19,18656.88,105722.31,69851.03,35871.28
ST0000284,1/1/2025,O000722,C00206,P0104,E0009,R002,7,4077.84,0.1,28544.86,2854.49,25690.38,16455.89,9234.49
ST0000285,8/8/2025,O000021,C00364,P0102,E0026,R006,4,31079.05,0.25,124316.2,31079.05,93237.15,66224.56,27012.58
ST0000286,2/9/2026,O001454,C00472,P0009,E0035,R002,4,2993.98,0,11975.9,0,11975.9,8296.23,3679.67
ST0000287,8/16/2025,O002402,C00501,P0041,E0034,R001,1,46509.71,0.25,46509.71,11627.43,34882.28,28367.2,6515.09
ST0000288,1/26/2025,O001468,C00576,P0002,E0019,R002,3,5976.22,0.1,17928.65,1792.87,16135.79,12729.19,3406.59
ST0000289,9/12/2025,O000391,C00126,P0150,E0035,R002,1,49400.7,0,49400.7,0,49400.7,33938.76,15461.94
ST0000290,8/12/2025,O002634,C00367,P0063,E0040,R005,4,20387.49,0,81549.95,0,81549.95,68113.74,13436.2
ST0000291,7/23/2025,O002005,C00101,P0125,E0003,R001,2,13673.85,0,27347.69,0,27347.69,23671.78,3675.91
ST0000292,3/8/2025,O000239,C00067,P0006,E0039,R005,3,37110.85,0.2,111332.56,22266.51,89066.05,59891.95,29174.1
ST0000293,2/10/2025,O001400,C00576,P0111,E0006,R002,2,40776.82,0,81553.64,0,81553.64,48618.81,32934.83
ST0000294,9/26/2025,O001395,C00424,P0097,E0025,R004,5,11505.01,0,57525.04,0,57525.04,34275.37,23249.67
ST0000295,2/21/2025,O002106,C00391,P0095,E0037,R004,6,2187.44,0.05,13124.62,656.23,12468.38,8951.23,3517.15
ST0000296,3/12/2026,O000011,C00215,P0116,E0010,R004,3,29721.81,0.05,89165.43,4458.27,84707.16,69351.99,15355.17
ST0000297,7/7/2025,O001410,C00211,P0056,E0040,R005,3,48247.83,0,144743.49,0,144743.49,76882.52,67860.97
ST0000298,5/25/2025,O001578,C00424,P0120,E0009,R002,8,3487,0.15,27896.02,4184.4,23711.62,20732.63,2978.99
ST0000299,6/21/2026,O000310,C00211,P0073,E0016,R002,6,5236.39,0.1,31418.33,3141.83,28276.5,21096.41,7180.09
ST0000300,7/4/2025,O001180,C00299,P0063,E0007,R002,8,19642.45,0.2,157139.57,31427.91,125711.66,136227.48,-10515.83
ST0000301,4/4/2025,O000485,C00019,P0076,E0041,R002,6,18718.9,0.15,112313.37,16847.01,95466.37,71332.45,24133.91
ST0000302,2/13/2025,O002865,C00518,P0027,E0040,R005,2,19236.54,0.1,38473.09,3847.31,34625.78,22035.86,12589.92
ST0000303,4/8/2026,O001753,C00087,P0108,E0020,R001,7,15896.02,0.05,111272.12,5563.61,105708.52,91161.46,14547.06
ST0000304,7/8/2025,O000725,C00308,P0121,E0027,R008,7,10890.36,0,76232.49,0,76232.49,49367.14,26865.35
ST0000305,6/6/2026,O002358,C00416,P0041,E0019,R002,2,48973.72,0.2,97947.43,19589.49,78357.95,56734.39,21623.55
ST0000306,4/29/2025,O001316,C00213,P0123,E0030,R003,1,23583.76,0,23583.76,0,23583.76,20528.02,3055.74
ST0000308,11/27/2025,O002766,C00410,P0030,E0002,R002,7,47252.5,0.15,330767.49,49615.12,281152.37,211085.27,70067.1
ST0000309,4/5/2026,O002785,C00337,P0114,E0001,R002,1,13608,0.25,13608,3402,10206,12253.13,-2047.13
ST0000310,2/4/2026,O001958,C00324,P0110,E0041,R002,4,420.14,0,1680.55,0,1680.55,1365.89,314.66
ST0000312,8/8/2026,O002400,C00365,P0040,E0039,R005,2,28837.2,0.1,57674.4,5767.44,51906.96,34722.03,17184.93
ST0000313,1/10/2025,O002605,C00075,P0133,E0001,R002,5,5113.83,0.05,25569.15,1278.46,24290.69,15091.16,9199.53
ST0000314,7/26/2026,O001697,C00418,P0057,E0041,R002,8,27565.7,0.05,220525.58,11026.28,209499.3,146997.48,62501.82
ST0000315,5/18/2026,O000624,C00213,P0080,E0027,R008,4,7566.12,0,30264.5,0,30264.5,17472.16,12792.34
ST0000316,1/30/2026,O001003,C00417,P0117,E0035,R002,6,22197.63,0,133185.8,0,133185.8,104839.91,28345.89
ST0000317,3/3/2025,O002334,C00579,P0138,E0041,R002,3,25841.47,0.2,77524.4,15504.88,62019.52,55915.5,6104.02
ST0000318,2/8/2026,O002857,C00215,P0019,E0039,R005,4,18250.46,0.1,73001.84,7300.18,65701.66,65618.53,83.13
ST0000319,9/18/2025,O001412,C00551,P0129,E0023,R004,7,16098.02,0,112686.12,0,112686.12,69002.36,43683.76
ST0000321,1/9/2026,O002269,C00126,P0052,E0029,R006,8,9451.85,0.15,75614.78,11342.22,64272.56,51130.66,13141.9
ST0000322,12/8/2025,O000294,C00040,P0088,E0036,R004,4,27217.32,0,108869.27,0,108869.27,80193.99,28675.28
ST0000323,12/16/2025,O000169,C00007,P0025,E0017,R002,2,2069.13,0.2,4138.25,827.65,3310.6,2262.53,1048.07
ST0000324,11/14/2025,O000125,C00306,P0100,E0033,R008,6,43908.55,0.1,263451.28,26345.13,237106.15,169630.66,67475.49
ST0000325,8/5/2025,O001610,C00112,P0075,E0006,R002,3,44839.28,0.25,134517.83,33629.46,100888.37,81262.52,19625.85
ST0000326,1/11/2025,O000903,C00392,P0095,E0025,R004,2,2153.1,0.1,4306.2,430.62,3875.58,2983.74,891.84
ST0000327,3/26/2026,O000750,C00573,P0072,E0010,R004,6,49074.65,0,294447.92,0,294447.92,194769.13,99678.79
ST0000328,8/18/2025,O001020,C00231,P0126,E0021,R001,6,44138.24,0.05,264829.46,13241.47,251587.99,178953.6,72634.39
ST0000329,10/4/2025,O001581,C00283,P0121,E0032,R001,7,11110.38,0.1,77772.63,7777.26,69995.36,49367.14,20628.22
ST0000330,11/16/2025,O002095,C00090,P0076,E0012,R004,7,18649.26,0.05,130544.82,6527.24,124017.58,83221.2,40796.38
ST0000331,2/12/2025,O002367,C00227,P0074,E0001,R002,6,16034.44,0,96206.62,0,96206.62,70821.98,25384.64
ST0000332,12/21/2025,O001257,C00417,P0105,E0023,R004,3,2888.74,0.1,8666.22,866.62,7799.59,6963.84,835.75
ST0000333,2/18/2025,O002370,C00458,P0034,E0025,R004,7,38009.95,0.15,266069.64,39910.45,226159.2,159410.06,66749.14
ST0000334,1/25/2026,O001368,C00360,P0029,E0033,R008,3,40565.98,0,121697.93,0,121697.93,71983.78,49714.15
ST0000335,8/12/2025,O001728,C00386,P0033,E0009,R002,8,31191.48,0.2,249531.87,49906.37,199625.5,161318.22,38307.27
ST0000336,3/21/2025,O002017,C00185,P0046,E0025,R004,4,54105.8,0.2,216423.18,43284.64,173138.55,120641.3,52497.25
ST0000337,1/12/2026,O000090,C00204,P0113,E0006,R002,4,1748.81,0.05,6995.24,349.76,6645.48,5728.91,916.56
ST0000338,4/4/2026,O000568,C00165,P0019,E0034,R001,3,19068.67,0.05,57206.01,2860.3,54345.71,49213.89,5131.82
ST0000339,1/8/2026,O001791,C00555,P0096,E0023,R004,1,34501.83,0.25,34501.83,8625.46,25876.37,24146.83,1729.54
ST0000340,8/29/2026,O000803,C00046,P0075,E0020,R001,8,44976.47,0.25,359811.79,89952.95,269858.84,216700.06,53158.78
ST0000341,10/19/2025,O002825,C00313,P0002,E0016,R002,5,6446.5,0.1,32232.52,3223.25,29009.27,21215.32,7793.95
ST0000342,10/12/2025,O002962,C00327,P0146,E0030,R003,8,41621.65,0,332973.23,0,332973.23,199029.65,133943.58
ST0000343,7/28/2025,O001531,C00426,P0030,E0012,R004,5,48292.66,0,241463.3,0,241463.3,150775.19,90688.11
ST0000344,12/28/2025,O001880,C00448,P0007,E0011,R008,4,24015.21,0.15,96060.86,14409.13,81651.73,67325.19,14326.54
ST0000345,1/26/2025,O002170,C00532,P0035,E0003,R001,2,10728.96,0.15,21457.92,3218.69,18239.23,16883.01,1356.22
ST0000346,6/13/2025,O002788,C00531,P0037,E0005,R005,4,29394.67,0.2,117578.67,23515.73,94062.94,97325.46,-3262.52
ST0000347,4/12/2025,O002995,C00493,P0040,E0020,R001,1,28997,0.2,28997,5799.4,23197.6,17361.01,5836.59
ST0000348,2/7/2026,O002881,C00050,P0070,E0023,R004,6,16926.86,0.1,101561.17,10156.12,91405.05,63790.11,27614.94
ST0000349,7/15/2026,O002000,C00396,P0103,E0009,R002,8,37573.53,0,300588.25,0,300588.25,177497.85,123090.4
ST0000350,11/15/2025,O001668,C00138,P0057,E0004,R008,3,29765.81,0.25,89297.43,22324.36,66973.07,55124.05,11849.01
ST0000351,9/18/2025,O002131,C00311,P0110,E0039,R005,4,406,0,1624,0,1624,1365.89,258.11
ST0000352,8/26/2025,O000567,C00475,P0039,E0006,R002,1,40437.19,0.25,40437.19,10109.3,30327.89,33461.21,-3133.32
ST0000353,5/16/2025,O000201,C00346,P0133,E0026,R006,5,5041.39,0.05,25206.95,1260.35,23946.6,15091.16,8855.44
ST0000354,2/17/2026,O000519,C00437,P0100,E0017,R002,5,46678.22,0.25,233391.11,58347.78,175043.33,141358.89,33684.45
ST0000355,8/14/2025,O002225,C00251,P0053,E0024,R002,4,10813.35,0,43253.4,0,43253.4,26401.57,16851.83
ST0000356,7/2/2026,O001733,C00105,P0116,E0027,R008,7,29098.57,0.25,203690.02,50922.51,152767.52,161821.32,-9053.8
ST0000357,4/19/2025,O002087,C00401,P0043,E0013,R004,7,44964.75,0.2,314753.22,62950.64,251802.58,194787.68,57014.9
ST0000358,3/7/2026,O002614,C00122,P0022,E0019,R002,4,6675.85,0.25,26703.38,6675.85,20027.54,22453.84,-2426.31
ST0000359,6/28/2025,O001375,C00600,P0065,E0009,R002,5,43082.69,0.15,215413.47,32312.02,183101.45,129475.89,53625.56
ST0000360,1/16/2026,O000546,C00387,P0007,E0002,R002,6,25710.93,0.05,154265.59,7713.28,146552.31,100987.78,45564.53
ST0000361,3/9/2026,O002328,C00059,P0014,E0016,R002,2,23847.48,0,47694.97,0,47694.97,36871.01,10823.96
ST0000362,5/11/2025,O001072,C00027,P0095,E0036,R004,2,2174.54,0,4349.08,0,4349.08,2983.74,1365.33
ST0000363,1/4/2025,O001533,C00079,P0013,E0011,R008,1,10868.72,0.05,10868.72,543.44,10325.28,9589.83,735.45
ST0000364,4/30/2025,O001196,C00047,P0101,E0026,R006,2,36399.83,0.25,72799.66,18199.92,54599.75,40655.16,13944.59
ST0000366,7/11/2025,O002088,C00189,P0148,E0039,R005,1,16822.92,0.2,16822.92,3364.58,13458.33,13747.01,-288.67
ST0000368,1/9/2025,O000262,C00352,P0090,E0020,R001,7,16152.25,0.15,113065.76,16959.86,96105.89,81371.51,14734.39
ST0000369,5/30/2025,O001393,C00177,P0020,E0026,R006,4,43566.15,0,174264.62,0,174264.62,106305.06,67959.56
ST0000370,5/18/2025,O002140,C00574,P0027,E0023,R004,5,18943.31,0,94716.55,0,94716.55,55089.65,39626.9
ST0000371,10/29/2025,O001956,C00122,P0080,E0013,R004,8,7803.04,0.15,62424.32,9363.65,53060.67,34944.32,18116.35
ST0000372,7/17/2025,O000205,C00575,P0051,E0009,R002,1,8485.84,0,8485.84,0,8485.84,4906.24,3579.6
ST0000373,1/20/2026,O000423,C00501,P0104,E0021,R001,6,3987.96,0.1,23927.78,2392.78,21535.01,14105.05,7429.96
ST0000374,5/10/2025,O000451,C00266,P0125,E0001,R002,8,13599.7,0,108797.59,0,108797.59,94687.12,14110.48
ST0000375,6/19/2025,O000374,C00531,P0010,E0014,R005,3,1237.72,0.25,3713.16,928.29,2784.87,2318.7,466.17
ST0000376,1/28/2025,O002692,C00124,P0027,E0030,R003,7,19666.62,0.15,137666.37,20649.96,117016.42,77125.51,39890.91
ST0000377,7/8/2025,O002843,C00042,P0144,E0014,R005,4,20026.47,0,80105.9,0,80105.9,45191.11,34914.78
ST0000378,6/11/2026,O001786,C00370,P0024,E0010,R004,2,8100.4,0.1,16200.8,1620.08,14580.72,12188.14,2392.58
ST0000379,7/7/2026,O001738,C00240,P0133,E0029,R006,7,4844.56,0.15,33911.92,5086.79,28825.14,21127.63,7697.51
ST0000380,6/8/2025,O002340,C00001,P0121,E0005,R005,7,11313.41,0.15,79193.89,11879.08,67314.81,49367.14,17947.66
ST0000381,3/26/2026,O002920,C00192,P0134,E0018,R003,4,16896.72,0,67586.86,0,67586.86,41748.68,25838.18
ST0000382,8/1/2026,O001696,C00145,P0017,E0029,R006,8,29936.76,0.2,239494.1,47898.82,191595.28,189791.19,1804.09
ST0000383,6/8/2025,O001315,C00538,P0008,E0028,R006,6,40790.48,0.15,244742.89,36711.43,208031.46,131980.52,76050.94
ST0000384,9/25/2025,O000850,C00419,P0096,E0004,R008,4,34749.52,0.2,138998.09,27799.62,111198.47,96587.32,14611.15
ST0000385,3/17/2026,O002209,C00207,P0018,E0038,R002,6,36195,0.1,217169.97,21717,195452.97,181707.48,13745.49
ST0000386,7/25/2026,O002891,C00045,P0039,E0022,R003,6,38185.33,0,229111.99,0,229111.99,200767.29,28344.71
ST0000387,5/12/2025,O001014,C00451,P0149,E0020,R001,3,35430.8,0.1,106292.41,10629.24,95663.17,73302.67,22360.49
ST0000388,10/2/2025,O001640,C00129,P0037,E0005,R005,2,30228.79,0.25,60457.58,15114.4,45343.19,48662.73,-3319.54
ST0000389,6/16/2025,O002869,C00575,P0124,E0004,R008,6,8869,0,53214.03,0,53214.03,37984.56,15229.47
ST0000390,8/2/2026,O002791,C00151,P0085,E0035,R002,5,23887.67,0.1,119438.34,11943.83,107494.51,77436.25,30058.26
ST0000391,10/12/2025,O002245,C00011,P0125,E0003,R001,4,12862.65,0.25,51450.58,12862.65,38587.94,47343.56,-8755.62
ST0000392,7/7/2026,O000830,C00029,P0002,E0040,R005,3,6370.95,0.05,19112.85,955.64,18157.21,12729.19,5428.02
ST0000393,8/24/2026,O000838,C00009,P0041,E0017,R002,8,45924.66,0.25,367397.32,91849.33,275547.99,226937.58,48610.41
ST0000394,7/31/2025,O001574,C00455,P0111,E0014,R005,4,40274.22,0,161096.89,0,161096.89,97237.61,63859.28
ST0000395,3/7/2026,O002614,C00122,P0095,E0019,R002,1,2019.2,0,2019.2,0,2019.2,1491.87,527.33
ST0000396,3/14/2025,O002122,C00551,P0095,E0016,R002,5,2073.91,0,10369.57,0,10369.57,7459.36,2910.21
ST0000397,4/12/2025,O000019,C00289,P0140,E0012,R004,8,33275.64,0,266205.09,0,266205.09,144592.07,121613.03
ST0000398,8/5/2025,O002193,C00188,P0145,E0041,R002,8,3077.35,0.2,24618.84,4923.77,19695.07,18642.54,1052.53
ST0000399,5/25/2026,O000033,C00126,P0117,E0018,R003,4,21728.01,0.2,86912.03,17382.41,69529.62,69893.27,-363.65
ST0000400,5/26/2025,O000684,C00192,P0124,E0023,R004,8,8789.29,0.2,70314.32,14062.86,56251.45,50646.08,5605.38
ST0000401,3/8/2026,O000475,C00491,P0031,E0019,R002,5,19622,0,98110.01,0,98110.01,58209.2,39900.82
ST0000402,3/6/2026,O002840,C00359,P0124,E0004,R008,7,8550.61,0.25,59854.25,14963.56,44890.68,44315.32,575.37
ST0000404,5/27/2026,O000600,C00310,P0019,E0021,R001,1,19545.13,0.2,19545.13,3909.03,15636.1,16404.63,-768.53
ST0000405,5/25/2026,O001142,C00093,P0037,E0027,R008,4,29704.4,0.05,118817.6,5940.88,112876.72,97325.46,15551.26
ST0000406,10/10/2025,O002003,C00523,P0056,E0004,R008,1,46391.47,0.2,46391.47,9278.29,37113.18,25627.51,11485.67
ST0000407,3/28/2026,O001981,C00528,P0115,E0005,R005,8,36442.04,0.15,291536.34,43730.45,247805.89,173663.7,74142.19
ST0000408,8/11/2025,O002916,C00443,P0110,E0033,R008,2,434.77,0.15,869.54,130.43,739.11,682.95,56.16
ST0000409,4/18/2025,O002585,C00569,P0122,E0028,R006,2,5799.38,0.2,11598.76,2319.75,9279.01,7080.95,2198.06
ST0000410,5/28/2025,O002499,C00096,P0112,E0027,R008,6,34613.43,0.1,207680.58,20768.06,186912.52,134622.72,52289.8
ST0000411,1/3/2025,O001865,C00258,P0105,E0031,R001,5,2808.03,0.15,14040.16,2106.02,11934.14,11606.4,327.73
ST0000412,9/18/2025,O002964,C00361,P0097,E0007,R002,4,10935.12,0.25,43740.5,10935.12,32805.37,27420.3,5385.08
ST0000413,1/30/2025,O001090,C00030,P0005,E0002,R002,1,12987.44,0.05,12987.44,649.37,12338.06,11418.46,919.6
ST0000414,5/18/2026,O000624,C00213,P0042,E0027,R008,5,22100.25,0.2,110501.23,22100.25,88400.98,68612.98,19788
ST0000415,7/20/2026,O001556,C00563,P0094,E0038,R002,4,42035.7,0.15,168142.8,25221.42,142921.38,119538.29,23383.09
ST0000416,6/5/2025,O000821,C00138,P0047,E0013,R004,3,16226.68,0.15,48680.04,7302.01,41378.03,33648.84,7729.19
ST0000417,5/13/2025,O000312,C00401,P0067,E0012,R004,4,42249.41,0.2,168997.65,33799.53,135198.12,130783.57,4414.55
ST0000418,11/1/2025,O000055,C00295,P0118,E0018,R003,1,20556.32,0.05,20556.32,1027.82,19528.5,15281.35,4247.16
ST0000419,4/13/2025,O001959,C00081,P0063,E0013,R004,7,19719.3,0,138035.1,0,138035.1,119199.05,18836.05
ST0000420,11/14/2025,O001371,C00481,P0127,E0003,R001,2,9104.53,0.05,18209.06,910.45,17298.61,11177.54,6121.07
ST0000421,4/5/2026,O000153,C00507,P0025,E0041,R002,1,1926.27,0.2,1926.27,385.25,1541.01,1131.26,409.75
ST0000422,1/24/2025,O000621,C00282,P0108,E0006,R002,1,15396.44,0,15396.44,0,15396.44,13023.07,2373.37
ST0000423,1/12/2025,O000552,C00178,P0103,E0034,R001,6,39741.31,0.2,238447.87,47689.57,190758.3,133123.39,57634.91
ST0000424,1/6/2026,O000856,C00051,P0067,E0035,R002,8,41949.84,0.15,335598.69,50339.8,285258.88,261567.14,23691.75
ST0000425,7/22/2026,O001867,C00213,P0143,E0002,R002,4,36685.83,0.05,146743.3,7337.17,139406.14,91033.84,48372.3
ST0000426,7/14/2026,O002080,C00561,P0129,E0004,R008,4,16062.44,0,64249.77,0,64249.77,39429.92,24819.85
ST0000427,8/12/2026,O002459,C00023,P0048,E0038,R002,2,7372.01,0.1,14744.02,1474.4,13269.62,12337.09,932.53
ST0000428,6/14/2026,O001934,C00454,P0146,E0019,R002,2,41461.86,0.1,82923.71,8292.37,74631.34,49757.41,24873.93
ST0000429,1/30/2025,O000994,C00429,P0130,E0028,R006,7,37754.48,0.1,264281.36,26428.14,237853.23,142322.67,95530.56
ST0000430,1/29/2025,O001162,C00283,P0062,E0038,R002,3,29714.45,0,89143.35,0,89143.35,60856.68,28286.67
ST0000431,5/27/2025,O000376,C00092,P0127,E0007,R002,3,9802.55,0.1,29407.65,2940.76,26466.88,16766.31,9700.57
ST0000432,7/11/2025,O001734,C00475,P0094,E0033,R008,3,42028.95,0,126086.85,0,126086.85,89653.72,36433.13
ST0000433,3/8/2025,O001272,C00258,P0101,E0020,R001,6,35628.7,0.15,213772.22,32065.83,181706.39,121965.47,59740.92
ST0000434,5/31/2026,O000682,C00004,P0128,E0007,R002,3,5359.65,0,16078.96,0,16078.96,9408.67,6670.29
ST0000435,11/7/2025,O000141,C00415,P0037,E0040,R005,1,30465.27,0.2,30465.27,6093.05,24372.21,24331.36,40.85
ST0000436,6/19/2025,O000204,C00454,P0023,E0019,R002,5,29448.11,0.1,147240.56,14724.06,132516.5,95217.01,37299.49
ST0000437,5/24/2026,O000072,C00535,P0082,E0039,R005,2,29853.36,0.15,59706.71,8956.01,50750.71,32814.82,17935.88
ST0000438,5/21/2025,O001385,C00411,P0072,E0034,R001,4,48514.66,0.1,194058.65,19405.87,174652.79,129846.09,44806.7
ST0000439,1/19/2026,O000470,C00232,P0103,E0032,R001,4,40409.33,0.2,161637.31,32327.46,129309.85,88748.93,40560.92
ST0000440,9/24/2025,O002852,C00098,P0051,E0022,R003,4,8230.88,0.1,32923.5,3292.35,29631.15,19624.97,10006.18
ST0000441,10/12/2025,O002685,C00471,P0056,E0021,R001,7,47566.58,0.25,332966.08,83241.52,249724.56,179392.54,70332.02
ST0000442,5/21/2026,O000823,C00100,P0004,E0016,R002,2,32868.25,0,65736.5,0,65736.5,48375.59,17360.91
ST0000443,5/3/2025,O002959,C00158,P0010,E0014,R005,1,1194.56,0.15,1194.56,179.18,1015.38,772.9,242.48
ST0000444,6/16/2025,O002412,C00491,P0061,E0030,R003,2,43576.96,0.15,87153.92,13073.09,74080.83,52519.91,21560.92
ST0000445,12/30/2025,O000467,C00359,P0001,E0013,R004,5,30946.75,0.15,154733.75,23210.06,131523.68,87406.05,44117.63
ST0000446,4/10/2026,O000184,C00460,P0045,E0021,R001,4,56681.77,0.05,226727.06,11336.35,215390.71,126198.08,89192.63
ST0000447,8/16/2026,O000265,C00479,P0086,E0040,R005,3,21436.73,0,64310.18,0,64310.18,51848.88,12461.31
ST0000448,6/27/2025,O002547,C00033,P0059,E0004,R008,1,25658.8,0.2,25658.8,5131.76,20527.04,16474.14,4052.9
ST0000449,1/6/2025,O000904,C00370,P0114,E0035,R002,7,13660.74,0,95625.16,0,95625.16,85771.93,9853.23
ST0000450,4/30/2025,O001711,C00399,P0101,E0005,R005,3,36613.65,0.2,109840.95,21968.19,87872.76,60982.74,26890.03
ST0000452,12/3/2025,O002763,C00525,P0110,E0030,R003,2,420.71,0.25,841.43,210.36,631.07,682.95,-51.88
ST0000453,1/15/2026,O002344,C00098,P0078,E0003,R001,8,20856.9,0.05,166855.21,8342.76,158512.45,125395.71,33116.74
ST0000454,12/24/2025,O001876,C00579,P0001,E0029,R006,6,31119.37,0,186716.23,0,186716.23,104887.26,81828.97
ST0000455,12/30/2025,O000302,C00313,P0023,E0001,R002,1,30354.56,0.2,30354.56,6070.91,24283.65,19043.4,5240.25
ST0000456,5/25/2025,O002247,C00581,P0055,E0004,R008,4,22421.94,0.15,89687.74,13453.16,76234.58,67905.57,8329.01
ST0000457,7/27/2026,O001773,C00532,P0128,E0018,R003,4,5531.86,0.15,22127.45,3319.12,18808.33,12544.9,6263.43
ST0000458,8/28/2025,O002064,C00416,P0075,E0041,R002,3,43320.33,0.15,129961,19494.15,110466.85,81262.52,29204.33
ST0000459,7/5/2026,O000512,C00181,P0079,E0018,R003,3,25655.68,0.15,76967.05,11545.06,65421.99,65173.73,248.27
ST0000460,6/14/2025,O000954,C00104,P0122,E0027,R008,7,6009.16,0.05,42064.13,2103.21,39960.92,24783.34,15177.58
ST0000461,7/14/2026,O002653,C00080,P0008,E0004,R008,2,38592.67,0.1,77185.33,7718.53,69466.8,43993.51,25473.3
ST0000462,2/4/2025,O001750,C00130,P0123,E0003,R001,2,23827.31,0.1,47654.62,4765.46,42889.16,41056.04,1833.13
ST0000463,11/18/2025,O001631,C00514,P0033,E0041,R002,4,29788.66,0,119154.63,0,119154.63,80659.11,38495.52
ST0000464,1/10/2026,O001772,C00574,P0140,E0027,R008,6,30716.28,0.2,184297.71,36859.54,147438.17,108444.05,38994.12
ST0000465,12/8/2025,O002682,C00594,P0102,E0004,R008,3,29519.16,0.1,88557.49,8855.75,79701.74,49668.42,30033.32
ST0000466,7/21/2025,O000705,C00089,P0041,E0019,R002,3,47093.54,0.1,141280.63,14128.06,127152.56,85101.59,42050.97
ST0000467,5/16/2026,O001819,C00274,P0132,E0028,R006,1,23905.39,0.2,23905.39,4781.08,19124.32,13873.89,5250.43
ST0000468,3/21/2025,O000798,C00241,P0115,E0024,R002,7,36410.48,0.1,254873.33,25487.33,229386,151955.74,77430.26
ST0000469,7/5/2025,O001331,C00318,P0044,E0001,R002,3,745.65,0.2,2236.96,447.39,1789.57,1209.6,579.97
ST0000470,8/28/2025,O002467,C00368,P0138,E0034,R001,1,24820.38,0.15,24820.38,3723.06,21097.32,18638.5,2458.82
ST0000471,7/3/2026,O002391,C00161,P0062,E0029,R006,6,31407.7,0,188446.18,0,188446.18,121713.37,66732.81
ST0000472,4/25/2026,O000556,C00189,P0083,E0037,R004,6,53854.22,0.1,323125.33,32312.53,290812.8,189781.77,101031.03
ST0000473,4/6/2025,O001905,C00486,P0039,E0022,R003,7,38482.3,0.15,269376.11,40406.42,228969.7,234228.5,-5258.81
ST0000474,2/24/2025,O002032,C00351,P0098,E0028,R006,5,42049.56,0.25,210247.78,52561.94,157685.83,138853.71,18832.12
ST0000475,2/12/2026,O000770,C00251,P0143,E0020,R001,6,39474.57,0.15,236847.43,35527.11,201320.31,136550.76,64769.55
ST0000476,9/20/2025,O000101,C00218,P0082,E0026,R006,1,30844.75,0.2,30844.75,6168.95,24675.8,16407.41,8268.39
ST0000477,7/12/2025,O001192,C00049,P0032,E0021,R001,8,22089.95,0.25,176719.6,44179.9,132539.7,133597.3,-1057.6
ST0000478,1/2/2025,O001588,C00568,P0085,E0028,R006,8,23022.79,0,184182.32,0,184182.32,123898,60284.32
ST0000479,3/6/2025,O002342,C00358,P0018,E0013,R004,3,36808.76,0.25,110426.29,27606.57,82819.71,90853.74,-8034.03
ST0000480,8/10/2026,O001444,C00238,P0102,E0006,R002,6,30531.43,0.15,183188.56,27478.28,155710.28,99336.85,56373.43
ST0000481,2/3/2026,O002183,C00047,P0113,E0034,R001,2,1818.87,0.25,3637.74,909.43,2728.3,2864.46,-136.15
ST0000482,4/4/2025,O001264,C00084,P0135,E0013,R004,7,8001.39,0.25,56009.75,14002.44,42007.32,40345.78,1661.54
ST0000483,1/23/2025,O002669,C00508,P0093,E0025,R004,1,14976.99,0.15,14976.99,2246.55,12730.44,11750.38,980.06
ST0000484,9/15/2025,O000753,C00024,P0068,E0016,R002,5,24763.89,0.2,123819.44,24763.89,99055.55,77368.27,21687.29
ST0000485,3/16/2025,O000742,C00257,P0134,E0009,R002,8,16725.79,0.1,133806.33,13380.63,120425.7,83497.36,36928.34
ST0000486,1/22/2026,O001432,C00382,P0119,E0011,R008,1,2985.74,0.2,2985.74,597.15,2388.59,1949.69,438.91
ST0000487,5/13/2026,O000069,C00564,P0037,E0013,R004,4,28863.82,0,115455.29,0,115455.29,97325.46,18129.83
ST0000488,4/12/2025,O002995,C00493,P0039,E0020,R001,6,39700.33,0,238201.95,0,238201.95,200767.29,37434.67
ST0000489,8/29/2025,O002637,C00059,P0130,E0023,R004,7,37216.74,0,260517.18,0,260517.18,142322.67,118194.51
ST0000490,3/16/2025,O002021,C00586,P0071,E0025,R004,3,36527.42,0,109582.25,0,109582.25,74194.8,35387.45
ST0000491,6/24/2025,O001645,C00410,P0089,E0041,R002,3,42445.27,0,127335.82,0,127335.82,67364.68,59971.14
ST0000492,12/11/2025,O000931,C00432,P0049,E0032,R001,7,18077.89,0.25,126545.21,31636.3,94908.91,71273.05,23635.86
ST0000493,1/8/2026,O000488,C00312,P0144,E0009,R002,1,19827.3,0,19827.3,0,19827.3,11297.78,8529.53
ST0000494,8/16/2026,O000056,C00232,P0128,E0041,R002,4,5211.68,0,20846.73,0,20846.73,12544.9,8301.84
ST0000495,5/11/2025,O001072,C00027,P0045,E0036,R004,7,58498.67,0.1,409490.72,40949.07,368541.65,220846.64,147695
ST0000496,2/10/2025,O000569,C00298,P0067,E0025,R004,8,39748.5,0.1,317988.01,31798.8,286189.21,261567.14,24622.07
ST0000497,3/24/2026,O002602,C00454,P0074,E0024,R002,1,15827.73,0.05,15827.73,791.39,15036.34,11803.66,3232.68
ST0000498,1/11/2026,O002027,C00461,P0024,E0004,R008,5,8050.53,0.2,40252.66,8050.53,32202.13,30470.36,1731.77
ST0000499,4/28/2026,O002448,C00138,P0095,E0034,R001,7,2126.53,0.1,14885.68,1488.57,13397.11,10443.1,2954.01
ST0000500,11/30/2025,O001048,C00330,P0013,E0029,R006,7,11396.76,0.1,79777.31,7977.73,71799.57,67128.81,4670.77
ST0000501,5/13/2025,O000854,C00113,P0093,E0041,R002,5,15369.03,0.05,76845.15,3842.26,73002.89,58751.89,14251.01
ST0000502,9/4/2025,O000897,C00310,P0066,E0034,R001,6,29669.67,0.05,178018,8900.9,169117.1,102203.75,66913.35
ST0000503,6/12/2025,O001560,C00555,P0110,E0007,R002,7,420.93,0.25,2946.54,736.63,2209.9,2390.31,-180.41
ST0000504,2/21/2025,O002106,C00391,P0051,E0037,R004,5,8387.11,0.25,41935.57,10483.89,31451.68,24531.21,6920.46
ST0000505,6/15/2026,O001216,C00115,P0144,E0005,R005,4,20382.76,0.05,81531.04,4076.55,77454.48,45191.11,32263.37
ST0000506,2/27/2025,O002683,C00321,P0141,E0041,R002,7,19045.97,0.25,133321.82,33330.46,99991.37,114460.56,-14469.19
ST0000507,7/14/2025,O001706,C00437,P0127,E0007,R002,4,9438.55,0.1,37754.21,3775.42,33978.79,22355.08,11623.71
ST0000508,9/9/2025,O001228,C00409,P0133,E0010,R004,6,4908.82,0,29452.94,0,29452.94,18109.39,11343.55
ST0000509,2/13/2026,O002716,C00041,P0118,E0010,R004,8,20562.73,0.1,164501.8,16450.18,148051.62,122250.78,25800.85
ST0000510,4/12/2025,O000019,C00289,P0131,E0012,R004,5,38418.61,0.25,192093.04,48023.26,144069.78,171544.1,-27474.32
ST0000511,12/6/2025,O002665,C00430,P0105,E0030,R003,4,2989.39,0.2,11957.57,2391.51,9566.05,9285.12,280.93
ST0000512,1/1/2025,O001032,C00454,P0077,E0014,R005,4,504.19,0.2,2016.77,403.35,1613.42,1662.59,-49.17
ST0000513,9/15/2025,O001764,C00351,P0087,E0025,R004,1,5438.99,0.25,5438.99,1359.75,4079.24,3825.99,253.25
ST0000514,6/28/2026,O002966,C00346,P0079,E0035,R002,6,25989.89,0.05,155939.32,7796.97,148142.36,130347.45,17794.91
ST0000515,3/1/2025,O002953,C00539,P0009,E0036,R004,3,3121.84,0.1,9365.53,936.55,8428.98,6222.17,2206.8
ST0000516,5/31/2025,O001899,C00241,P0043,E0025,R004,1,42951.75,0,42951.75,0,42951.75,27826.81,15124.93
ST0000517,11/28/2025,O001149,C00107,P0045,E0020,R001,4,58014.24,0.2,232056.95,46411.39,185645.56,126198.08,59447.48
ST0000518,9/29/2025,O001915,C00393,P0115,E0036,R004,4,39559.59,0.1,158238.35,15823.84,142414.52,86831.85,55582.67
ST0000519,4/21/2025,O000582,C00112,P0081,E0006,R002,5,43208.54,0.05,216042.69,10802.13,205240.56,133816.79,71423.76
ST0000520,6/20/2026,O002732,C00476,P0002,E0032,R001,4,6230.72,0,24922.88,0,24922.88,16972.26,7950.62
ST0000521,6/10/2026,O000260,C00131,P0108,E0021,R001,3,15888.1,0.05,47664.31,2383.22,45281.1,39069.2,6211.9
ST0000522,5/10/2025,O000451,C00266,P0091,E0001,R002,1,23876.34,0.2,23876.34,4775.27,19101.07,14208.48,4892.59
ST0000523,7/2/2025,O002856,C00019,P0002,E0017,R002,5,6497.13,0,32485.63,0,32485.63,21215.32,11270.3
ST0000524,11/22/2025,O002695,C00340,P0048,E0024,R002,2,7393.08,0.05,14786.16,739.31,14046.86,12337.09,1709.77
ST0000525,1/3/2026,O000930,C00035,P0017,E0022,R003,3,30049.56,0.15,90148.67,13522.3,76626.37,71171.7,5454.67
ST0000526,6/16/2026,O001085,C00579,P0060,E0001,R002,4,58688.27,0.15,234753.08,35212.96,199540.12,134500.3,65039.82
ST0000527,6/17/2026,O001355,C00115,P0049,E0034,R001,2,18422.74,0.2,36845.49,7369.1,29476.39,20363.73,9112.66
ST0000528,2/23/2025,O000412,C00157,P0029,E0015,R008,3,38288.03,0.05,114864.08,5743.2,109120.87,71983.78,37137.1
ST0000529,2/13/2026,O002360,C00532,P0008,E0023,R004,5,40884.42,0,204422.12,0,204422.12,109983.77,94438.36
ST0000530,1/23/2026,O001643,C00255,P0092,E0035,R002,3,59561.17,0.25,178683.5,44670.87,134012.62,100202.82,33809.81
ST0000531,2/4/2026,O001083,C00308,P0039,E0016,R002,7,40510.79,0.1,283575.51,28357.55,255217.96,234228.5,20989.46
ST0000532,5/11/2025,O000751,C00073,P0089,E0038,R002,2,41217.62,0.15,82435.24,12365.29,70069.95,44909.79,25160.16
ST0000533,8/30/2025,O001489,C00380,P0127,E0009,R002,4,9528.2,0.15,38112.79,5716.92,32395.87,22355.08,10040.79
ST0000534,8/7/2025,O002929,C00403,P0090,E0020,R001,6,16001.26,0,96007.54,0,96007.54,69747,26260.54
ST0000535,6/10/2026,O001064,C00572,P0111,E0009,R002,1,42516.61,0.25,42516.61,10629.15,31887.45,24309.4,7578.05
ST0000536,8/1/2025,O002564,C00164,P0021,E0039,R005,4,12985.58,0,51942.32,0,51942.32,39078.14,12864.18
ST0000537,3/5/2026,O001953,C00391,P0078,E0010,R004,6,20725.81,0.05,124354.84,6217.74,118137.09,94046.78,24090.31
ST0000538,1/21/2026,O002803,C00415,P0057,E0004,R008,8,29333.89,0.25,234671.14,58667.78,176003.35,146997.48,29005.87
ST0000539,12/9/2025,O001712,C00077,P0035,E0006,R002,8,10612.68,0.25,84901.46,21225.37,63676.1,67532.05,-3855.95
ST0000540,10/3/2025,O000441,C00549,P0107,E0015,R008,8,6978.99,0.1,55831.93,5583.19,50248.74,49358.83,889.91
ST0000541,7/1/2025,O001025,C00251,P0099,E0016,R002,2,17148.93,0,34297.87,0,34297.87,23908.53,10389.34
ST0000542,6/4/2026,O000356,C00563,P0082,E0015,R008,8,29218.14,0.1,233745.14,23374.51,210370.63,131259.28,79111.35
ST0000543,5/14/2025,O002946,C00264,P0043,E0026,R006,7,43879,0,307152.97,0,307152.97,194787.68,112365.29
ST0000544,5/31/2026,O000712,C00540,P0109,E0030,R003,1,43886.46,0.15,43886.46,6582.97,37303.49,27711.9,9591.58
ST0000545,8/25/2025,O000486,C00418,P0131,E0035,R002,8,39004.34,0,312034.68,0,312034.68,274470.55,37564.13
ST0000547,8/27/2025,O002472,C00269,P0111,E0005,R005,4,39304.56,0.25,157218.22,39304.56,117913.67,97237.61,20676.05
ST0000548,7/3/2025,O000963,C00304,P0087,E0002,R002,2,5483.02,0.1,10966.04,1096.6,9869.44,7651.98,2217.46
ST0000549,8/18/2025,O000243,C00508,P0080,E0025,R004,6,7574.8,0.05,45448.78,2272.44,43176.34,26208.24,16968.1
ST0000550,1/29/2026,O002954,C00070,P0139,E0026,R006,3,49145.09,0,147435.27,0,147435.27,83494.26,63941.02
ST0000551,11/12/2025,O002774,C00469,P0108,E0001,R002,8,15714.41,0.25,125715.3,31428.83,94286.48,104184.53,-9898.05
ST0000552,10/8/2025,O000410,C00328,P0045,E0021,R001,4,56361.79,0,225447.15,0,225447.15,126198.08,99249.07
ST0000553,8/13/2026,O002176,C00181,P0143,E0002,R002,1,37017.63,0.05,37017.63,1850.88,35166.75,22758.46,12408.29
ST0000554,1/29/2025,O000371,C00490,P0075,E0003,R001,3,43151.11,0.05,129453.33,6472.67,122980.66,81262.52,41718.14
ST0000555,1/27/2025,O002490,C00342,P0063,E0038,R002,7,20230.78,0,141615.48,0,141615.48,119199.05,22416.43
ST0000556,8/18/2026,O002784,C00106,P0038,E0026,R006,3,31152.36,0,93457.08,0,93457.08,62323.95,31133.13
ST0000557,9/24/2025,O000439,C00077,P0064,E0037,R004,5,16686.59,0.05,83432.95,4171.65,79261.31,49601.5,29659.8
ST0000558,5/1/2026,O001520,C00418,P0114,E0039,R005,7,13718.36,0.15,96028.49,14404.27,81624.22,85771.93,-4147.71
ST0000559,7/8/2025,O002498,C00309,P0017,E0020,R001,2,29499.54,0.05,58999.08,2949.95,56049.13,47447.8,8601.33
ST0000560,10/11/2025,O002419,C00175,P0007,E0020,R001,5,24998.84,0,124994.2,0,124994.2,84156.48,40837.72
ST0000561,6/5/2025,O000349,C00511,P0134,E0020,R001,4,16868.29,0,67473.16,0,67473.16,41748.68,25724.48
ST0000562,6/11/2026,O001786,C00370,P0096,E0010,R004,4,37099.62,0,148398.5,0,148398.5,96587.32,51811.18
ST0000563,10/17/2025,O000157,C00166,P0041,E0041,R002,8,47371.26,0.2,378970.08,75794.02,303176.07,226937.58,76238.49
ST0000564,3/11/2025,O002632,C00212,P0028,E0011,R008,6,22520.93,0,135125.6,0,135125.6,119546.95,15578.65
ST0000565,10/30/2025,O002799,C00084,P0150,E0013,R004,2,53733.22,0.1,107466.43,10746.64,96719.79,67877.52,28842.26
ST0000566,6/4/2025,O002478,C00029,P0033,E0039,R005,7,31273.95,0.05,218917.68,10945.88,207971.8,141153.44,66818.36
ST0000567,12/16/2025,O000264,C00206,P0116,E0014,R005,4,31647.86,0.15,126591.45,18988.72,107602.73,92469.33,15133.4
ST0000568,5/7/2026,O000457,C00011,P0110,E0029,R006,3,435.09,0,1305.27,0,1305.27,1024.42,280.85
ST0000569,11/8/2025,O000220,C00253,P0129,E0037,R004,8,15851.33,0.15,126810.64,19021.6,107789.05,78859.84,28929.2
ST0000570,2/4/2025,O000638,C00066,P0041,E0030,R003,2,47893.48,0,95786.96,0,95786.96,56734.39,39052.57
ST0000571,6/3/2025,O001627,C00059,P0146,E0040,R005,2,41335.86,0.1,82671.71,8267.17,74404.54,49757.41,24647.13
ST0000572,4/30/2026,O000893,C00339,P0118,E0038,R002,7,21423.79,0,149966.56,0,149966.56,106969.43,42997.13
ST0000573,2/6/2025,O000111,C00056,P0092,E0016,R002,3,57725.63,0.2,173176.88,34635.38,138541.51,100202.82,38338.69
ST0000574,8/29/2026,O001849,C00385,P0125,E0010,R004,1,13455.1,0.05,13455.1,672.76,12782.35,11835.89,946.46
ST0000575,7/29/2025,O001419,C00131,P0021,E0007,R002,6,13698.31,0,82189.84,0,82189.84,58617.22,23572.63
ST0000576,3/3/2026,O001042,C00334,P0071,E0035,R002,6,34639.68,0.25,207838.06,51959.51,155878.54,148389.6,7488.94
ST0000577,10/24/2025,O000728,C00488,P0002,E0032,R001,3,6363.16,0.1,19089.48,1908.95,17180.54,12729.19,4451.34
ST0000578,12/19/2025,O002133,C00231,P0063,E0038,R002,8,20761.8,0,166094.39,0,166094.39,136227.48,29866.91
ST0000579,3/2/2025,O000873,C00485,P0080,E0035,R002,6,8248.65,0,49491.91,0,49491.91,26208.24,23283.67
ST0000580,1/11/2025,O002435,C00590,P0081,E0017,R002,7,42431.13,0.1,297017.93,29701.79,267316.14,187343.51,79972.63
ST0000581,5/2/2025,O000194,C00034,P0061,E0012,R004,1,42359.58,0.15,42359.58,6353.94,36005.65,26259.95,9745.69
ST0000582,5/11/2025,O002945,C00447,P0053,E0020,R001,5,10210.72,0.2,51053.62,10210.72,40842.9,33001.96,7840.94
ST0000583,3/1/2026,O001882,C00059,P0090,E0019,R002,5,16545.19,0.15,82725.94,12408.89,70317.04,58122.5,12194.54
ST0000584,7/10/2025,O002913,C00384,P0038,E0031,R001,4,31162.58,0.15,124650.32,18697.55,105952.77,83098.6,22854.17
ST0000585,10/17/2025,O002069,C00348,P0025,E0003,R001,1,1927.53,0,1927.53,0,1927.53,1131.26,796.26
ST0000586,7/20/2026,O002251,C00071,P0034,E0018,R003,8,37412.48,0,299299.85,0,299299.85,182182.92,117116.92
ST0000587,6/13/2025,O001285,C00512,P0026,E0029,R006,4,18274.73,0.1,73098.94,7309.89,65789.04,59980.5,5808.54
ST0000588,1/29/2025,O000247,C00319,P0026,E0005,R005,5,18115.54,0,90577.72,0,90577.72,74975.63,15602.1
ST0000589,4/29/2025,O000404,C00092,P0061,E0023,R004,3,42747.37,0,128242.12,0,128242.12,78779.86,49462.26
ST0000590,5/31/2026,O000712,C00540,P0009,E0030,R003,4,3169.5,0,12677.98,0,12677.98,8296.23,4381.75
ST0000591,11/1/2025,O002753,C00567,P0100,E0005,R005,2,46452.99,0.2,92905.98,18581.2,74324.79,56543.55,17781.23
ST0000592,11/8/2025,O001684,C00042,P0057,E0009,R002,7,29743.93,0,208207.52,0,208207.52,128622.79,79584.72
ST0000593,3/30/2025,O002202,C00179,P0145,E0005,R005,2,3244.71,0.2,6489.43,1297.89,5191.54,4660.63,530.91
ST0000594,8/15/2026,O001962,C00201,P0063,E0006,R002,7,20855.3,0.1,145987.08,14598.71,131388.37,119199.05,12189.32
ST0000595,6/7/2026,O002091,C00251,P0079,E0001,R002,8,25052.97,0,200423.72,0,200423.72,173796.6,26627.12
ST0000596,8/26/2026,O000190,C00379,P0011,E0035,R002,1,39678.83,0,39678.83,0,39678.83,29444.98,10233.85
ST0000597,4/29/2026,O001053,C00449,P0026,E0020,R001,1,19628.67,0,19628.67,0,19628.67,14995.13,4633.55
ST0000598,4/20/2026,O001871,C00111,P0030,E0023,R004,7,46130.12,0.15,322910.84,48436.63,274474.22,211085.27,63388.95
ST0000599,4/13/2025,O001496,C00170,P0008,E0021,R001,6,37418.64,0,224511.84,0,224511.84,131980.52,92531.32
ST0000600,12/28/2025,O001880,C00448,P0002,E0011,R008,6,5932.69,0,35596.13,0,35596.13,25458.39,10137.74
ST0000601,6/24/2025,O002393,C00176,P0021,E0013,R004,5,13612.6,0.05,68063,3403.15,64659.85,48847.68,15812.17
ST0000602,6/6/2026,O001482,C00495,P0067,E0019,R002,6,39977.54,0.1,239865.25,23986.52,215878.72,196175.35,19703.37
ST0000603,4/23/2026,O000581,C00474,P0102,E0006,R002,6,29159.18,0.25,174955.1,43738.78,131216.33,99336.85,31879.48
ST0000604,4/22/2025,O000471,C00439,P0048,E0013,R004,8,7480.59,0,59844.71,0,59844.71,49348.36,10496.36
ST0000605,2/11/2025,O000968,C00537,P0113,E0038,R002,8,1834.29,0.25,14674.36,3668.59,11005.77,11457.82,-452.05
ST0000606,5/10/2025,O000477,C00113,P0129,E0007,R002,7,16701.03,0.25,116907.22,29226.81,87680.42,69002.36,18678.06
ST0000607,12/24/2025,O001744,C00176,P0062,E0013,R004,6,30893.44,0,185360.66,0,185360.66,121713.37,63647.3
ST0000608,1/22/2025,O001646,C00418,P0098,E0021,R001,8,44340.62,0,354724.97,0,354724.97,222165.94,132559.03
ST0000609,7/3/2026,O001525,C00049,P0094,E0005,R005,8,39693.32,0,317546.52,0,317546.52,239076.57,78469.95
ST0000610,2/1/2025,O000802,C00384,P0140,E0032,R001,8,33047.49,0.25,264379.91,66094.98,198284.93,144592.07,53692.86
ST0000611,3/10/2026,O000191,C00271,P0043,E0039,R005,3,43699.51,0.2,131098.52,26219.7,104878.82,83480.43,21398.38
ST0000612,7/15/2025,O002939,C00041,P0074,E0017,R002,7,16237.7,0.05,113663.88,5683.19,107980.68,82625.64,25355.04
ST0000613,1/4/2025,O001218,C00240,P0101,E0001,R002,7,35307.73,0.1,247154.12,24715.41,222438.71,142293.05,80145.66
ST0000614,6/5/2025,O000839,C00201,P0056,E0018,R003,1,46146.8,0.2,46146.8,9229.36,36917.44,25627.51,11289.94
ST0000615,12/29/2025,O000453,C00469,P0019,E0013,R004,8,18766.93,0,150135.47,0,150135.47,131237.05,18898.42
ST0000616,1/21/2026,O002803,C00415,P0077,E0004,R008,3,492.28,0,1476.84,0,1476.84,1246.95,229.9
ST0000617,6/8/2026,O001535,C00513,P0048,E0036,R004,5,7543.56,0,37717.8,0,37717.8,30842.72,6875.08
ST0000618,8/31/2025,O002462,C00328,P0102,E0024,R002,7,28770.27,0.1,201391.86,20139.19,181252.67,115892.99,65359.69
ST0000619,8/24/2025,O001073,C00071,P0123,E0022,R003,1,24619.17,0.1,24619.17,2461.92,22157.25,20528.02,1629.23
ST0000620,1/23/2025,O001283,C00278,P0097,E0023,R004,7,11384.48,0.1,79691.34,7969.13,71722.21,47985.52,23736.69
ST0000621,1/12/2026,O000090,C00204,P0056,E0006,R002,7,47344.88,0.25,331414.19,82853.55,248560.64,179392.54,69168.1
ST0000622,12/15/2025,O000948,C00241,P0001,E0025,R004,1,29227.18,0,29227.18,0,29227.18,17481.21,11745.97
ST0000623,8/5/2026,O001993,C00534,P0059,E0017,R002,7,25179.95,0.2,176259.66,35251.93,141007.73,115319.01,25688.72
ST0000624,6/1/2026,O000323,C00378,P0089,E0005,R005,3,41439.72,0,124319.16,0,124319.16,67364.68,56954.48
ST0000625,5/22/2026,O002896,C00153,P0030,E0009,R002,3,47271.89,0,141815.66,0,141815.66,90465.11,51350.54
ST0000626,4/24/2025,O001571,C00589,P0085,E0001,R002,4,22401.43,0,89605.73,0,89605.73,61949,27656.73
ST0000627,2/4/2026,O001083,C00308,P0013,E0016,R002,7,11623.81,0.2,81366.67,16273.33,65093.33,67128.81,-2035.47
ST0000628,5/27/2026,O000595,C00155,P0149,E0031,R001,2,34705.21,0.1,69410.42,6941.04,62469.38,48868.45,13600.93
ST0000629,8/4/2026,O000698,C00126,P0033,E0029,R006,3,29402.66,0,88207.98,0,88207.98,60494.33,27713.65
ST0000630,3/10/2025,O002125,C00254,P0050,E0036,R004,1,1054.37,0,1054.37,0,1054.37,667.89,386.48
ST0000631,6/11/2026,O001829,C00358,P0150,E0015,R008,7,52207.31,0.25,365451.19,91362.8,274088.4,237571.34,36517.06
ST0000632,11/14/2025,O001968,C00378,P0086,E0018,R003,8,21226.76,0.2,169814.06,33962.81,135851.25,138263.67,-2412.42
ST0000633,2/3/2026,O002979,C00113,P0134,E0015,R008,5,17177.06,0.1,85885.28,8588.53,77296.75,52185.85,25110.9
ST0000634,7/19/2025,O001167,C00543,P0149,E0028,R006,8,36669.48,0,293355.84,0,293355.84,195473.79,97882.05
ST0000635,7/31/2026,O001294,C00243,P0042,E0017,R002,3,20326.04,0,60978.12,0,60978.12,41167.79,19810.34
ST0000636,12/29/2025,O000453,C00469,P0072,E0013,R004,7,48357.83,0.1,338504.81,33850.48,304654.33,227230.65,77423.67
ST0000637,11/3/2025,O001458,C00423,P0133,E0026,R006,2,5066.34,0.15,10132.68,1519.9,8612.78,6036.46,2576.32
ST0000638,2/13/2026,O002716,C00041,P0027,E0010,R004,1,18787.48,0.1,18787.48,1878.75,16908.74,11017.93,5890.81
ST0000639,8/14/2026,O000866,C00208,P0081,E0007,R002,7,44174.75,0,309223.28,0,309223.28,187343.51,121879.77
ST0000640,2/22/2026,O001671,C00028,P0052,E0039,R005,2,9218.65,0.1,18437.29,1843.73,16593.57,12782.67,3810.9
ST0000641,10/28/2025,O001502,C00464,P0091,E0024,R002,8,24208.07,0.2,193664.57,38732.91,154931.66,113667.81,41263.84
ST0000642,3/4/2026,O001698,C00408,P0027,E0009,R002,7,19097.72,0.15,133684.01,20052.6,113631.41,77125.51,36505.9
ST0000643,5/13/2026,O001682,C00447,P0056,E0038,R002,8,49053.1,0.15,392424.78,58863.72,333561.06,205020.05,128541.01
ST0000644,3/29/2026,O000291,C00392,P0023,E0002,R002,4,29039.74,0.2,116158.96,23231.79,92927.17,76173.61,16753.57
ST0000645,11/27/2025,O002911,C00568,P0149,E0017,R002,1,35828.04,0,35828.04,0,35828.04,24434.22,11393.81
ST0000646,7/12/2026,O002858,C00245,P0013,E0034,R001,2,11647.39,0.2,23294.79,4658.96,18635.83,19179.66,-543.83
ST0000647,5/24/2026,O000054,C00373,P0128,E0029,R006,2,5434.06,0.1,10868.13,1086.81,9781.31,6272.45,3508.86
ST0000648,4/20/2025,O001426,C00178,P0049,E0016,R002,3,17201.59,0,51604.78,0,51604.78,30545.59,21059.19
ST0000649,9/25/2025,O002831,C00437,P0050,E0029,R006,7,1146.02,0.25,8022.14,2005.53,6016.6,4675.22,1341.39
ST0000650,10/23/2025,O000992,C00161,P0020,E0013,R004,8,42639.84,0.15,341118.68,51167.8,289950.88,212610.12,77340.76
ST0000651,10/27/2025,O001350,C00382,P0069,E0031,R001,1,16460.39,0,16460.39,0,16460.39,9342.11,7118.27
ST0000652,3/8/2025,O001272,C00258,P0015,E0020,R001,4,30193.93,0,120775.71,0,120775.71,71076.38,49699.33
ST0000653,4/19/2025,O002464,C00022,P0092,E0029,R006,5,56616.94,0.25,283084.68,70771.17,212313.51,167004.69,45308.82
ST0000654,12/18/2025,O001364,C00413,P0129,E0001,R002,4,16035.71,0.1,64142.82,6414.28,57728.54,39429.92,18298.62
ST0000655,5/17/2026,O000961,C00289,P0141,E0003,R001,2,18149.45,0.25,36298.91,9074.73,27224.18,32703.02,-5478.84
ST0000656,11/21/2025,O001141,C00361,P0056,E0041,R002,3,45433.86,0.05,136301.57,6815.08,129486.49,76882.52,52603.97
ST0000657,12/16/2025,O001401,C00403,P0028,E0019,R002,8,24397.53,0,195180.26,0,195180.26,159395.93,35784.34
ST0000658,8/12/2026,O002459,C00023,P0048,E0038,R002,6,7578.44,0,45470.66,0,45470.66,37011.27,8459.39
ST0000659,1/31/2025,O002578,C00085,P0066,E0013,R004,8,30084.89,0,240679.15,0,240679.15,136271.66,104407.48
ST0000660,4/12/2025,O000436,C00536,P0047,E0024,R002,4,15548.64,0,62194.54,0,62194.54,44865.12,17329.42
ST0000661,5/11/2025,O000498,C00547,P0139,E0011,R008,7,45916.39,0.15,321414.72,48212.21,273202.51,194819.93,78382.58
ST0000662,8/12/2026,O001070,C00546,P0092,E0031,R001,5,55046,0,275230.01,0,275230.01,167004.69,108225.32
ST0000663,12/2/2025,O002963,C00536,P0143,E0027,R008,5,37054.48,0,185272.39,0,185272.39,113792.3,71480.09
ST0000664,11/28/2025,O001286,C00362,P0100,E0007,R002,4,46690.7,0.15,186762.8,28014.42,158748.38,113087.11,45661.27
ST0000665,1/28/2026,O000993,C00476,P0003,E0013,R004,8,2370.18,0.15,18961.46,2844.22,16117.24,13654.14,2463.1
ST0000666,7/7/2025,O002710,C00569,P0087,E0012,R004,1,5601.55,0.1,5601.55,560.15,5041.39,3825.99,1215.4
ST0000667,2/7/2025,O002850,C00393,P0079,E0014,R005,6,26197.36,0.15,157184.14,23577.62,133606.52,130347.45,3259.07
ST0000668,1/19/2025,O002206,C00489,P0119,E0001,R002,3,2986.68,0.2,8960.04,1792.01,7168.03,5849.06,1318.98
ST0000669,10/30/2025,O000132,C00255,P0144,E0035,R002,3,20465.54,0.1,61396.61,6139.66,55256.95,33893.33,21363.62
ST0000670,3/28/2026,O001981,C00528,P0049,E0005,R005,6,18160.4,0.25,108962.42,27240.6,81721.81,61091.18,20630.63
ST0000671,7/25/2025,O000381,C00581,P0108,E0015,R008,7,16167.8,0,113174.62,0,113174.62,91161.46,22013.16
ST0000672,10/30/2025,O000845,C00366,P0056,E0036,R004,8,45653.41,0.1,365227.24,36522.72,328704.52,205020.05,123684.47
ST0000673,5/9/2026,O001855,C00160,P0008,E0002,R002,8,39710.35,0,317682.81,0,317682.81,175974.02,141708.78
ST0000674,8/15/2026,O001962,C00201,P0058,E0006,R002,5,30593.34,0.2,152966.68,30593.34,122373.34,94635.99,27737.35
ST0000675,6/12/2025,O000739,C00070,P0079,E0003,R001,3,25613.27,0.2,76839.8,15367.96,61471.84,65173.73,-3701.89
ST0000676,11/7/2025,O000700,C00536,P0070,E0020,R001,2,18031.8,0.15,36063.6,5409.54,30654.06,21263.37,9390.69
ST0000677,10/3/2025,O002957,C00528,P0059,E0029,R006,1,24399.26,0,24399.26,0,24399.26,16474.14,7925.12
ST0000678,3/5/2025,O000758,C00143,P0061,E0015,R008,7,42535.01,0,297745.08,0,297745.08,183819.68,113925.41
ST0000679,4/10/2025,O000386,C00008,P0140,E0039,R005,2,32729.42,0.05,65458.85,3272.94,62185.91,36148.02,26037.89
ST0000680,11/10/2025,O001189,C00575,P0069,E0032,R001,3,15725.55,0.15,47176.65,7076.5,40100.15,28026.34,12073.8
ST0000681,4/9/2026,O001109,C00130,P0040,E0024,R002,1,26858,0.05,26858,1342.9,25515.1,17361.01,8154.08
ST0000682,1/30/2026,O001003,C00417,P0095,E0035,R002,1,2130.58,0.05,2130.58,106.53,2024.05,1491.87,532.18
ST0000683,10/27/2025,O001800,C00434,P0106,E0030,R003,6,53679.06,0,322074.37,0,322074.37,204946.57,117127.8
ST0000684,7/16/2025,O000484,C00411,P0132,E0003,R001,7,24113.1,0.05,168791.7,8439.59,160352.12,97117.21,63234.91
ST0000685,9/15/2025,O001707,C00586,P0071,E0023,R004,1,36676.36,0.15,36676.36,5501.45,31174.91,24731.6,6443.31
ST0000686,5/3/2025,O001168,C00186,P0027,E0002,R002,5,18905.37,0,94526.84,0,94526.84,55089.65,39437.19
ST0000687,7/28/2026,O002544,C00164,P0139,E0041,R002,2,49048.71,0.1,98097.42,9809.74,88287.68,55662.84,32624.84
ST0000688,1/3/2026,O000160,C00571,P0082,E0004,R008,5,30568.2,0,152841.02,0,152841.02,82037.05,70803.97
ST0000689,2/7/2026,O001230,C00384,P0084,E0021,R001,2,38802.97,0.15,77605.93,11640.89,65965.04,54450.91,11514.13
ST0000690,1/3/2025,O000229,C00337,P0131,E0002,R002,3,38977.87,0,116933.62,0,116933.62,102926.46,14007.16
ST0000691,10/12/2025,O002734,C00185,P0019,E0041,R002,1,19196.37,0.05,19196.37,959.82,18236.56,16404.63,1831.92
ST0000692,4/24/2025,O001571,C00589,P0082,E0001,R002,5,28646.14,0.15,143230.71,21484.61,121746.1,82037.05,39709.05
ST0000693,8/15/2025,O002432,C00434,P0045,E0039,R005,1,58400.51,0,58400.51,0,58400.51,31549.52,26850.99
ST0000694,4/21/2026,O000991,C00231,P0123,E0027,R008,7,24308.28,0.1,170157.94,17015.79,153142.15,143696.13,9446.02
ST0000695,5/11/2025,O002389,C00004,P0109,E0017,R002,3,45033.27,0.15,135099.82,20264.97,114834.84,83135.71,31699.13
ST0000696,7/21/2026,O001422,C00243,P0060,E0011,R008,4,57466.84,0,229867.36,0,229867.36,134500.3,95367.05
ST0000697,7/18/2025,O002330,C00166,P0065,E0036,R004,2,42850.96,0.2,85701.93,17140.39,68561.54,51790.35,16771.19
ST0000698,3/7/2026,O002220,C00052,P0050,E0001,R002,1,1136.66,0.25,1136.66,284.16,852.49,667.89,184.6
ST0000699,5/17/2025,O000945,C00397,P0079,E0010,R004,3,24679.59,0.2,74038.77,14807.75,59231.01,65173.73,-5942.71
ST0000700,3/1/2026,O000610,C00425,P0076,E0017,R002,1,19071.69,0.2,19071.69,3814.34,15257.35,11888.74,3368.61
ST0000701,10/24/2025,O000728,C00488,P0132,E0032,R001,4,23193.88,0,92775.52,0,92775.52,55495.55,37279.97
ST0000702,4/12/2025,O000826,C00532,P0077,E0019,R002,4,508.13,0.05,2032.53,101.63,1930.9,1662.59,268.31
ST0000703,12/8/2025,O000855,C00022,P0121,E0026,R006,6,10930.92,0.2,65585.5,13117.1,52468.4,42314.69,10153.71
ST0000704,8/14/2025,O002158,C00464,P0098,E0038,R002,7,45923.84,0.05,321466.91,16073.35,305393.57,194395.2,110998.37
ST0000705,6/27/2026,O002997,C00089,P0010,E0025,R004,7,1224.31,0.05,8570.19,428.51,8141.68,5410.29,2731.39
ST0000706,7/4/2025,O001180,C00299,P0045,E0007,R002,5,56181.37,0.15,280906.86,42136.03,238770.83,157747.6,81023.23
ST0000707,2/5/2026,O000724,C00026,P0099,E0034,R001,3,16424.92,0.05,49274.77,2463.74,46811.03,35862.79,10948.23
ST0000708,1/4/2025,O000086,C00189,P0116,E0030,R003,5,29652.44,0.25,148262.21,37065.55,111196.66,115586.66,-4390
ST0000709,8/31/2026,O000089,C00137,P0148,E0018,R003,6,16611.89,0.25,99671.36,24917.84,74753.52,82482.03,-7728.51
ST0000710,5/28/2025,O002292,C00370,P0134,E0020,R001,6,16804.92,0.1,100829.54,10082.95,90746.58,62623.02,28123.56
ST0000711,6/21/2026,O002587,C00596,P0003,E0020,R001,4,2363.49,0.25,9453.97,2363.49,7090.48,6827.07,263.41
ST0000712,7/7/2025,O002479,C00589,P0109,E0028,R006,5,43067.18,0.05,215335.9,10766.8,204569.11,138559.52,66009.59
ST0000713,8/31/2025,O002462,C00328,P0025,E0024,R002,8,1993.82,0,15950.6,0,15950.6,9050.12,6900.48
ST0000714,3/14/2026,O001060,C00144,P0118,E0009,R002,2,21474.97,0.15,42949.95,6442.49,36507.46,30562.69,5944.76
ST0000715,2/12/2025,O000825,C00327,P0002,E0013,R004,1,6354.44,0.25,6354.44,1588.61,4765.83,4243.06,522.76
ST0000716,6/16/2025,O002412,C00491,P0088,E0030,R003,5,25172.04,0.15,125860.19,18879.03,106981.16,100242.49,6738.67
ST0000717,6/11/2026,O001866,C00569,P0055,E0004,R008,5,24727.21,0.2,123636.06,24727.21,98908.85,84881.96,14026.88
ST0000718,4/27/2025,O002989,C00372,P0103,E0041,R002,7,39566.79,0.1,276967.53,27696.75,249270.78,155310.62,93960.16
ST0000719,2/23/2025,O001761,C00191,P0116,E0017,R002,5,30424.85,0.1,152124.26,15212.43,136911.84,115586.66,21325.18
ST0000720,1/19/2025,O002871,C00466,P0028,E0012,R004,8,24140.88,0.25,193127.08,48281.77,144845.31,159395.93,-14550.62
ST0000721,3/11/2025,O002632,C00212,P0006,E0011,R008,7,36658.3,0,256608.12,0,256608.12,139747.88,116860.23
ST0000722,9/23/2025,O001069,C00331,P0113,E0029,R006,2,1717.16,0.25,3434.31,858.58,2575.73,2864.46,-288.72
ST0000723,5/1/2025,O000881,C00409,P0135,E0001,R002,5,8636.13,0.2,43180.64,8636.13,34544.51,28818.41,5726.1
ST0000724,1/6/2025,O001836,C00059,P0027,E0041,R002,6,18710.92,0.25,112265.5,28066.38,84199.13,66107.58,18091.55
ST0000725,4/5/2026,O001469,C00534,P0108,E0025,R004,7,16522.67,0,115658.72,0,115658.72,91161.46,24497.26
ST0000726,1/7/2025,O002674,C00254,P0087,E0015,R008,2,5542.06,0.15,11084.13,1662.62,9421.51,7651.98,1769.53
ST0000727,4/7/2025,O001731,C00302,P0006,E0034,R001,2,35931.69,0.2,71863.38,14372.68,57490.7,39927.97,17562.73
ST0000728,7/29/2025,O001199,C00265,P0067,E0029,R006,3,39107.47,0.2,117322.41,23464.48,93857.93,98087.68,-4229.74
ST0000729,9/25/2025,O000850,C00419,P0095,E0004,R008,7,2105.05,0.05,14735.33,736.77,13998.56,10443.1,3555.46
ST0000730,5/29/2025,O000077,C00487,P0072,E0017,R002,6,48211.88,0,289271.26,0,289271.26,194769.13,94502.13
ST0000731,5/31/2025,O002645,C00062,P0086,E0013,R004,7,20978.43,0.2,146848.98,29369.8,117479.19,120980.71,-3501.52
ST0000732,6/12/2026,O002362,C00011,P0059,E0040,R005,8,24230.3,0,193842.38,0,193842.38,131793.15,62049.23
ST0000733,4/25/2026,O000556,C00189,P0068,E0037,R004,3,25257.08,0.1,75771.25,7577.13,68194.13,46420.96,21773.17
ST0000734,11/3/2025,O000296,C00557,P0121,E0018,R003,3,11838.15,0.25,35514.45,8878.61,26635.84,21157.35,5478.49
ST0000735,4/11/2025,O001826,C00134,P0032,E0011,R008,5,24043.02,0.25,120215.1,30053.77,90161.32,83498.31,6663.01
ST0000736,5/27/2026,O000533,C00357,P0085,E0007,R002,1,24005.19,0.2,24005.19,4801.04,19204.15,15487.25,3716.9
ST0000737,1/20/2026,O000986,C00570,P0138,E0033,R008,6,25835.47,0.1,155012.81,15501.28,139511.53,111831.01,27680.52
ST0000738,4/8/2026,O001753,C00087,P0045,E0020,R001,7,59785.7,0.05,418499.9,20924.99,397574.9,220846.64,176728.26
ST0000739,3/10/2025,O002107,C00491,P0019,E0036,R004,7,19418.92,0,135932.41,0,135932.41,114832.42,21099.99
ST0000740,2/21/2026,O002119,C00428,P0074,E0023,R004,4,15923.12,0.1,63692.47,6369.25,57323.22,47214.65,10108.57
ST0000741,7/6/2025,O002291,C00256,P0014,E0016,R002,7,22303.46,0.15,156124.22,23418.63,132705.59,129048.52,3657.07
ST0000742,3/11/2026,O001437,C00503,P0057,E0029,R006,1,29395.88,0,29395.88,0,29395.88,18374.68,11021.2
ST0000743,1/12/2026,O000090,C00204,P0021,E0006,R002,3,13137.71,0.15,39413.14,5911.97,33501.17,29308.61,4192.56
ST0000744,7/21/2026,O001546,C00140,P0086,E0032,R001,2,22160.48,0.15,44320.97,6648.15,37672.82,34565.92,3106.91
ST0000745,10/14/2025,O002657,C00470,P0054,E0013,R004,1,17529,0.2,17529,3505.8,14023.2,9511.46,4511.74
ST0000746,8/28/2025,O002064,C00416,P0095,E0041,R002,3,2174.22,0.2,6522.65,1304.53,5218.12,4475.61,742.5
ST0000747,1/14/2026,O002006,C00414,P0118,E0013,R004,6,20894.7,0.25,125368.18,31342.04,94026.13,91688.08,2338.05
ST0000748,5/20/2025,O001945,C00051,P0013,E0002,R002,4,11220.34,0.1,44881.36,4488.14,40393.22,38359.32,2033.9
ST0000749,7/10/2026,O000601,C00421,P0014,E0024,R002,4,23572.07,0,94288.28,0,94288.28,73742.01,20546.27
ST0000750,8/8/2026,O001040,C00106,P0078,E0021,R001,5,19486.7,0.15,97433.52,14615.03,82818.49,78372.32,4446.17
ST0000751,4/25/2026,O001058,C00220,P0104,E0013,R004,7,4135.58,0.2,28949.09,5789.82,23159.27,16455.89,6703.38
ST0000752,3/13/2025,O001002,C00164,P0060,E0017,R002,2,57466.6,0.2,114933.19,22986.64,91946.55,67250.15,24696.4
ST0000753,1/27/2025,O000617,C00209,P0051,E0006,R002,4,8273.22,0.2,33092.86,6618.57,26474.29,19624.97,6849.32
ST0000754,8/12/2025,O001728,C00386,P0023,E0009,R002,8,29585.77,0.2,236686.16,47337.23,189348.93,152347.21,37001.72
ST0000755,1/16/2026,O000196,C00536,P0115,E0011,R008,4,39269.08,0.1,157076.33,15707.63,141368.7,86831.85,54536.85
ST0000756,6/4/2025,O001235,C00412,P0072,E0038,R002,6,46809.22,0.1,280855.32,28085.53,252769.79,194769.13,58000.66
ST0000757,3/3/2026,O000709,C00205,P0106,E0018,R003,3,52029.85,0.1,156089.56,15608.96,140480.6,102473.29,38007.32
ST0000758,9/17/2025,O001821,C00585,P0138,E0023,R004,6,25400.35,0.15,152402.09,22860.31,129541.78,111831.01,17710.77
ST0000759,6/7/2026,O002516,C00286,P0142,E0036,R004,8,34193.92,0.05,273551.35,13677.57,259873.78,157433.97,102439.81
ST0000760,3/6/2025,O002031,C00589,P0096,E0002,R002,5,36276.04,0.2,181380.2,36276.04,145104.16,120734.15,24370.01
ST0000761,9/19/2025,O000981,C00546,P0074,E0012,R004,6,14960.16,0.05,89760.94,4488.05,85272.89,70821.98,14450.91
ST0000762,8/18/2025,O000780,C00394,P0115,E0030,R003,8,39075.41,0.25,312603.3,78150.82,234452.47,173663.7,60788.78
ST0000763,4/14/2026,O000113,C00453,P0062,E0024,R002,8,30857.56,0.1,246860.52,24686.05,222174.47,162284.49,59889.98
ST0000764,7/10/2025,O002284,C00193,P0122,E0030,R003,5,5593.17,0.25,27965.84,6991.46,20974.38,17702.38,3272
ST0000765,7/21/2026,O000616,C00591,P0006,E0027,R008,8,36065.79,0.05,288526.35,14426.32,274100.04,159711.87,114388.17
ST0000766,7/2/2026,O000330,C00182,P0079,E0020,R001,8,24856.95,0.05,198855.64,9942.78,188912.86,173796.6,15116.25
ST0000767,7/21/2026,O000362,C00308,P0020,E0040,R005,6,43232.01,0.25,259392.07,64848.02,194544.05,159457.59,35086.47
ST0000768,2/13/2026,O000851,C00401,P0054,E0030,R003,1,17294.74,0,17294.74,0,17294.74,9511.46,7783.28
ST0000769,6/10/2026,O000133,C00565,P0012,E0005,R005,5,27339.02,0.25,136695.08,34173.77,102521.31,106232.18,-3710.87
ST0000770,2/17/2025,O001676,C00405,P0096,E0029,R006,7,35111.01,0.15,245777.09,36866.56,208910.52,169027.8,39882.72
ST0000771,5/10/2025,O000615,C00448,P0062,E0016,R002,5,31896.81,0.05,159484.03,7974.2,151509.83,101427.81,50082.02
ST0000772,5/28/2026,O001001,C00248,P0135,E0013,R004,6,8517.51,0.1,51105.03,5110.5,45994.53,34582.1,11412.43
ST0000773,7/16/2025,O001497,C00041,P0063,E0041,R002,6,21585.42,0,129512.51,0,129512.51,102170.61,27341.9
ST0000774,8/27/2025,O002773,C00429,P0034,E0022,R003,7,38407.75,0,268854.25,0,268854.25,159410.06,109444.19
ST0000775,6/4/2026,O002586,C00364,P0004,E0041,R002,1,30825.34,0,30825.34,0,30825.34,24187.8,6637.55
ST0000776,7/1/2025,O002338,C00117,P0021,E0036,R004,2,12636.3,0,25272.59,0,25272.59,19539.07,5733.52
ST0000777,3/19/2025,O001261,C00586,P0150,E0017,R002,6,53094.24,0,318565.45,0,318565.45,203632.57,114932.88
ST0000778,6/1/2026,O000323,C00378,P0129,E0005,R005,7,16837.03,0,117859.18,0,117859.18,69002.36,48856.82
ST0000779,6/4/2026,O000356,C00563,P0141,E0015,R008,2,19145.37,0.05,38290.74,1914.54,36376.21,32703.02,3673.19
ST0000780,7/30/2025,O002058,C00373,P0056,E0027,R008,8,48458.17,0.05,387665.4,19383.27,368282.13,205020.05,163262.08
ST0000781,1/22/2025,O001646,C00418,P0110,E0021,R001,2,419.14,0.05,838.28,41.91,796.37,682.95,113.42
ST0000782,2/15/2026,O001927,C00261,P0115,E0022,R003,7,39592.4,0.15,277146.81,41572.02,235574.79,151955.74,83619.05
ST0000783,8/12/2025,O002634,C00367,P0105,E0040,R005,8,2992.94,0.05,23943.49,1197.17,22746.32,18570.25,4176.07
ST0000784,5/12/2025,O002952,C00066,P0119,E0034,R001,7,2918.94,0.2,20432.59,4086.52,16346.07,13647.8,2698.28
ST0000785,4/24/2025,O001571,C00589,P0141,E0001,R002,3,19192.98,0,57578.95,0,57578.95,49054.52,8524.42
ST0000786,7/13/2026,O001528,C00575,P0035,E0023,R004,6,10851.13,0.15,65106.79,9766.02,55340.77,50649.04,4691.74
ST0000787,2/7/2025,O002401,C00267,P0096,E0020,R001,1,35715.44,0.15,35715.44,5357.32,30358.12,24146.83,6211.29
ST0000788,6/30/2026,O000278,C00134,P0071,E0014,R005,3,36998.04,0.2,110994.11,22198.82,88795.29,74194.8,14600.49
ST0000789,5/22/2025,O000949,C00408,P0001,E0005,R005,3,30111.76,0,90335.27,0,90335.27,52443.63,37891.64
ST0000790,10/14/2025,O002034,C00574,P0109,E0041,R002,5,45383.87,0.05,226919.37,11345.97,215573.4,138559.52,77013.88
ST0000791,5/27/2026,O001140,C00411,P0124,E0024,R002,4,8925.06,0.1,35700.25,3570.03,32130.23,25323.04,6807.19
ST0000792,2/17/2026,O000716,C00055,P0040,E0027,R008,2,27125.08,0.05,54250.16,2712.51,51537.65,34722.03,16815.62
ST0000793,1/14/2026,O000276,C00313,P0056,E0031,R001,2,47254.1,0.1,94508.21,9450.82,85057.39,51255.01,33802.38
ST0000794,6/10/2026,O000133,C00565,P0079,E0005,R005,8,24747.94,0.25,197983.48,49495.87,148487.61,173796.6,-25308.99
ST0000795,9/3/2025,O000998,C00166,P0055,E0031,R001,2,22999.59,0.2,45999.18,9199.84,36799.34,33952.78,2846.56
ST0000796,1/4/2026,O002050,C00480,P0087,E0020,R001,3,5386.63,0.05,16159.88,807.99,15351.89,11477.97,3873.92
ST0000797,1/7/2026,O001239,C00219,P0033,E0021,R001,1,29123.72,0.15,29123.72,4368.56,24755.16,20164.78,4590.39
ST0000798,1/25/2026,O001076,C00027,P0073,E0030,R003,2,5045.44,0.2,10090.89,2018.18,8072.71,7032.14,1040.58
ST0000799,3/3/2025,O002754,C00530,P0043,E0040,R005,4,46243.37,0.1,184973.47,18497.35,166476.12,111307.25,55168.88
ST0000800,5/31/2025,O002643,C00248,P0058,E0035,R002,6,30644.42,0.15,183866.53,27579.98,156286.55,113563.19,42723.36
ST0000801,5/16/2025,O002794,C00484,P0105,E0027,R008,7,2887.32,0.25,20211.26,5052.82,15158.45,16248.96,-1090.52
ST0000802,3/6/2026,O002036,C00247,P0123,E0006,R002,5,22842.77,0,114213.84,0,114213.84,102640.09,11573.75
ST0000803,10/13/2025,O000834,C00270,P0094,E0006,R002,2,40911.86,0,81823.72,0,81823.72,59769.14,22054.57
ST0000804,4/23/2026,O000036,C00079,P0037,E0035,R002,6,30368.26,0,182209.58,0,182209.58,145988.19,36221.4
ST0000805,8/8/2026,O001096,C00099,P0108,E0032,R001,6,16210.27,0,97261.63,0,97261.63,78138.39,19123.24
ST0000806,3/29/2026,O001431,C00022,P0054,E0033,R008,6,17321.57,0.2,103929.44,20785.89,83143.55,57068.73,26074.82
ST0000807,1/8/2026,O000488,C00312,P0126,E0009,R002,6,42711.11,0.15,256266.68,38440,217826.67,178953.6,38873.08
ST0000808,6/28/2026,O002540,C00401,P0015,E0011,R008,5,30889.01,0.2,154445.07,30889.01,123556.06,88845.47,34710.58
ST0000809,5/13/2025,O000312,C00401,P0044,E0012,R004,7,729.33,0.25,5105.32,1276.33,3828.99,2822.4,1006.59
ST0000810,8/5/2026,O002126,C00402,P0029,E0012,R004,7,39159.68,0.25,274117.75,68529.44,205588.31,167962.14,37626.17
ST0000811,1/9/2025,O002543,C00353,P0046,E0031,R001,4,53040.25,0.25,212160.99,53040.25,159120.75,120641.3,38479.45
ST0000812,4/2/2025,O000398,C00250,P0057,E0015,R008,5,28856.3,0.15,144281.51,21642.23,122639.28,91873.42,30765.86
ST0000813,5/27/2025,O000376,C00092,P0141,E0007,R002,1,19238.43,0,19238.43,0,19238.43,16351.51,2886.92
ST0000814,2/3/2026,O002183,C00047,P0017,E0034,R001,5,29926.26,0,149631.32,0,149631.32,118619.5,31011.83
ST0000815,6/1/2026,O001062,C00580,P0033,E0029,R006,3,29495.82,0,88487.47,0,88487.47,60494.33,27993.14
ST0000816,5/2/2025,O000422,C00414,P0095,E0017,R002,8,2140.37,0,17122.98,0,17122.98,11934.97,5188
ST0000817,11/2/2025,O000214,C00186,P0027,E0002,R002,3,18088.86,0.05,54266.57,2713.33,51553.24,33053.79,18499.45
ST0000818,10/15/2025,O000634,C00257,P0121,E0013,R004,4,11150.23,0,44600.93,0,44600.93,28209.79,16391.14
ST0000819,1/25/2026,O001212,C00206,P0103,E0004,R008,2,38303.89,0,76607.79,0,76607.79,44374.46,32233.32
ST0000820,8/1/2025,O001362,C00032,P0092,E0020,R001,6,55608.69,0,333652.16,0,333652.16,200405.63,133246.53
ST0000821,12/30/2025,O000258,C00587,P0083,E0010,R004,4,50749.88,0,202999.51,0,202999.51,126521.18,76478.33
ST0000822,1/24/2025,O001259,C00327,P0076,E0034,R001,1,19209.21,0.15,19209.21,2881.38,16327.83,11888.74,4439.09
ST0000823,1/26/2026,O000361,C00160,P0026,E0032,R001,1,18972.51,0.2,18972.51,3794.5,15178.01,14995.13,182.88
ST0000824,4/22/2025,O001669,C00127,P0093,E0035,R002,5,16015.88,0.05,80079.42,4003.97,76075.45,58751.89,17323.56
ST0000825,10/17/2025,O001310,C00335,P0117,E0041,R002,7,22129.6,0.2,154907.17,30981.43,123925.74,122313.22,1612.52
ST0000826,4/15/2025,O001771,C00228,P0061,E0023,R004,5,42590.78,0.05,212953.89,10647.69,202306.19,131299.77,71006.43
ST0000827,3/18/2026,O000491,C00287,P0143,E0040,R005,3,38108.55,0,114325.64,0,114325.64,68275.38,46050.26
ST0000828,3/16/2025,O000580,C00385,P0105,E0012,R004,5,2896.49,0,14482.46,0,14482.46,11606.4,2876.05
ST0000829,9/4/2025,O001708,C00409,P0079,E0036,R004,2,26331.11,0.2,52662.22,10532.44,42129.78,43449.15,-1319.37
ST0000830,5/2/2025,O000422,C00414,P0006,E0017,R002,7,38066.79,0.2,266467.52,53293.5,213174.01,139747.88,73426.13
ST0000831,1/2/2025,O001567,C00431,P0098,E0018,R003,2,42015.7,0.25,84031.41,21007.85,63023.55,55541.48,7482.07
ST0000832,8/14/2026,O002877,C00185,P0135,E0017,R002,3,8102.6,0.05,24307.8,1215.39,23092.41,17291.05,5801.36
ST0000833,7/6/2025,O000549,C00583,P0032,E0028,R006,7,23069.67,0.1,161487.66,16148.77,145338.9,116897.64,28441.26
ST0000834,7/1/2025,O002063,C00456,P0033,E0026,R006,3,30623.91,0.2,91871.74,18374.35,73497.39,60494.33,13003.06
ST0000835,2/27/2026,O002045,C00424,P0092,E0039,R005,7,55463.72,0.25,388246.01,97061.5,291184.51,233806.57,57377.94
ST0000836,7/9/2025,O001561,C00084,P0146,E0023,R004,7,42009.96,0,294069.72,0,294069.72,174150.94,119918.77
ST0000837,2/17/2025,O002168,C00115,P0050,E0019,R002,5,1099.35,0.25,5496.76,1374.19,4122.57,3339.44,783.13
ST0000838,3/28/2026,O002902,C00204,P0023,E0001,R002,1,27549.65,0.15,27549.65,4132.45,23417.2,19043.4,4373.8
ST0000839,4/20/2026,O000944,C00218,P0036,E0032,R001,6,12000.95,0.25,72005.67,18001.42,54004.26,44300.08,9704.18
ST0000840,7/19/2026,O000544,C00302,P0142,E0031,R001,8,31659.11,0,253272.85,0,253272.85,157433.97,95838.88
ST0000841,3/8/2026,O000647,C00511,P0038,E0003,R001,1,28914.67,0.2,28914.67,5782.93,23131.74,20774.65,2357.09
ST0000842,1/7/2026,O002708,C00494,P0119,E0010,R004,5,2965.81,0.15,14829.05,2224.36,12604.7,9748.43,2856.27
ST0000843,3/16/2025,O002021,C00586,P0033,E0025,R004,5,30978.78,0.15,154893.92,23234.09,131659.83,100823.89,30835.94
ST0000844,4/2/2025,O001897,C00554,P0032,E0012,R004,3,23240.96,0,69722.87,0,69722.87,50098.99,19623.88
ST0000845,11/22/2025,O001210,C00516,P0086,E0014,R005,3,22021.02,0.25,66063.07,16515.77,49547.3,51848.88,-2301.57
ST0000846,4/10/2026,O000184,C00460,P0085,E0021,R001,1,23377.96,0,23377.96,0,23377.96,15487.25,7890.71
ST0000847,7/30/2025,O002588,C00010,P0133,E0009,R002,7,4795.73,0.1,33570.13,3357.01,30213.11,21127.63,9085.49
ST0000848,8/7/2025,O000180,C00130,P0074,E0035,R002,1,15014.74,0.25,15014.74,3753.68,11261.05,11803.66,-542.61
ST0000849,8/20/2026,O000746,C00542,P0068,E0014,R005,1,24332.47,0.05,24332.47,1216.62,23115.85,15473.65,7642.19
ST0000850,11/4/2025,O001231,C00112,P0123,E0036,R004,5,23689.4,0.25,118447.01,29611.75,88835.26,102640.09,-13804.83
ST0000851,8/30/2025,O001635,C00415,P0088,E0026,R006,1,26691.4,0,26691.4,0,26691.4,20048.5,6642.9
ST0000852,6/4/2025,O001054,C00333,P0022,E0028,R006,6,6712.64,0.2,40275.84,8055.17,32220.68,33680.77,-1460.09
ST0000853,6/10/2026,O001064,C00572,P0053,E0009,R002,1,9886.81,0.1,9886.81,988.68,8898.12,6600.39,2297.73
ST0000854,6/28/2025,O001349,C00329,P0091,E0024,R002,7,24178.23,0,169247.64,0,169247.64,99459.34,69788.3
ST0000855,4/9/2025,O002109,C00340,P0144,E0021,R001,8,20120.97,0.15,160967.78,24145.17,136822.62,90382.22,46440.39
ST0000856,8/11/2025,O001814,C00221,P0098,E0014,R005,6,43818.21,0.15,262909.26,39436.39,223472.87,166624.45,56848.42
ST0000857,5/28/2025,O002554,C00048,P0061,E0021,R001,2,42072.64,0.2,84145.28,16829.06,67316.22,52519.91,14796.31
ST0000858,11/28/2025,O000215,C00328,P0107,E0011,R008,3,7472.03,0,22416.09,0,22416.09,18509.56,3906.53
ST0000859,1/15/2025,O002424,C00463,P0006,E0006,R002,2,38141.64,0.25,76283.28,19070.82,57212.46,39927.97,17284.5
ST0000860,6/6/2025,O002978,C00139,P0050,E0019,R002,7,1045.75,0.05,7320.22,366.01,6954.21,4675.22,2279
ST0000861,7/23/2026,O001975,C00174,P0071,E0002,R002,8,37727.62,0,301820.98,0,301820.98,197852.8,103968.18
ST0000862,1/3/2026,O002366,C00278,P0004,E0036,R004,4,31610.84,0,126443.35,0,126443.35,96751.18,29692.17
ST0000863,6/28/2025,O001349,C00329,P0032,E0024,R002,5,23808.25,0.15,119041.24,17856.19,101185.05,83498.31,17686.74
ST0000864,3/14/2026,O002404,C00246,P0083,E0035,R002,4,53522.41,0.2,214089.65,42817.93,171271.72,126521.18,44750.54
ST0000865,3/4/2026,O002333,C00364,P0075,E0037,R004,5,43224.41,0.2,216122.03,43224.41,172897.62,135437.54,37460.08
ST0000866,3/6/2026,O000500,C00447,P0067,E0005,R005,8,41543.4,0.2,332347.2,66469.44,265877.76,261567.14,4310.62
ST0000867,1/16/2026,O000196,C00536,P0093,E0011,R008,4,15454.87,0,61819.48,0,61819.48,47001.51,14817.97
ST0000868,6/4/2026,O002298,C00384,P0062,E0041,R002,6,32397.16,0.2,194382.94,38876.59,155506.35,121713.37,33792.99
ST0000869,12/12/2025,O001675,C00044,P0122,E0025,R004,4,5954.06,0.25,23816.22,5954.06,17862.17,14161.91,3700.26
ST0000870,6/10/2025,O002312,C00045,P0085,E0019,R002,4,22048.55,0.2,88194.18,17638.84,70555.35,61949,8606.35
ST0000871,1/21/2025,O001614,C00267,P0127,E0040,R005,1,9793.56,0.05,9793.56,489.68,9303.88,5588.77,3715.11
ST0000872,4/1/2025,O002092,C00015,P0133,E0011,R008,7,5198.28,0.15,36387.97,5458.19,30929.77,21127.63,9802.14
ST0000873,8/1/2026,O001696,C00145,P0085,E0029,R006,7,23337.34,0,163361.41,0,163361.41,108410.75,54950.66
ST0000874,10/9/2025,O002429,C00504,P0043,E0036,R004,6,46203.83,0.2,277222.96,55444.59,221778.37,166960.87,54817.5
ST0000875,7/28/2026,O002191,C00260,P0048,E0011,R008,3,7554.24,0,22662.73,0,22662.73,18505.63,4157.1
ST0000876,3/15/2026,O002937,C00485,P0138,E0025,R004,1,25558.57,0,25558.57,0,25558.57,18638.5,6920.07
ST0000877,7/1/2026,O002159,C00107,P0056,E0002,R002,3,45904.75,0,137714.25,0,137714.25,76882.52,60831.73
ST0000878,8/22/2025,O000171,C00156,P0112,E0035,R002,6,33451.59,0.2,200709.55,40141.91,160567.64,134622.72,25944.92
ST0000879,9/14/2025,O001221,C00461,P0109,E0017,R002,8,45608.63,0.2,364869.01,72973.8,291895.21,221695.23,70199.98
ST0000880,6/2/2026,O002029,C00047,P0129,E0022,R003,1,16474.11,0.1,16474.11,1647.41,14826.7,9857.48,4969.22
ST0000881,11/21/2025,O001141,C00361,P0083,E0041,R002,4,53094.19,0.05,212376.75,10618.84,201757.91,126521.18,75236.73
ST0000882,10/8/2025,O001150,C00042,P0148,E0017,R002,6,17760.02,0.1,106560.12,10656.01,95904.11,82482.03,13422.07
ST0000883,4/8/2025,O001372,C00222,P0038,E0041,R002,2,29473.26,0.2,58946.51,11789.3,47157.21,41549.3,5607.91
ST0000884,3/26/2026,O000822,C00465,P0021,E0026,R006,8,12983.2,0.05,103865.59,5193.28,98672.31,78156.29,20516.02
ST0000885,8/17/2025,O002801,C00600,P0085,E0006,R002,3,23875.61,0.2,71626.83,14325.37,57301.46,46461.75,10839.71
ST0000886,12/26/2025,O002551,C00582,P0126,E0029,R006,5,43551.66,0.1,217758.28,21775.83,195982.45,149128,46854.45
ST0000887,8/13/2026,O001133,C00111,P0023,E0039,R005,2,29561.7,0.05,59123.4,2956.17,56167.23,38086.8,18080.42
ST0000888,11/13/2025,O002157,C00120,P0099,E0021,R001,3,16219.18,0.05,48657.55,2432.88,46224.67,35862.79,10361.88
ST0000889,12/6/2025,O000493,C00014,P0031,E0037,R004,8,20200.46,0.05,161603.65,8080.18,153523.47,93134.71,60388.76
ST0000890,11/22/2025,O000918,C00187,P0069,E0006,R002,7,15820.36,0.05,110742.49,5537.12,105205.36,65394.8,39810.56
ST0000891,7/15/2025,O000295,C00257,P0092,E0021,R001,7,56267.7,0,393873.93,0,393873.93,233806.57,160067.36
ST0000892,1/3/2026,O002505,C00138,P0104,E0019,R002,8,4047.68,0.1,32381.41,3238.14,29143.27,18806.73,10336.53
ST0000893,10/7/2025,O000974,C00409,P0003,E0013,R004,1,2362.65,0,2362.65,0,2362.65,1706.77,655.88
ST0000894,10/3/2025,O001438,C00262,P0130,E0024,R002,3,34427.59,0,103282.76,0,103282.76,60995.43,42287.33
ST0000895,4/17/2026,O001623,C00560,P0050,E0006,R002,1,1054.19,0.2,1054.19,210.84,843.35,667.89,175.46
ST0000896,3/6/2025,O001341,C00277,P0148,E0002,R002,8,17452.74,0,139621.92,0,139621.92,109976.05,29645.88
ST0000897,4/11/2025,O000707,C00396,P0072,E0029,R006,3,45236.23,0.05,135708.7,6785.43,128923.26,97384.57,31538.7
ST0000898,5/13/2026,O002218,C00361,P0056,E0002,R002,5,48386.29,0.15,241931.43,36289.71,205641.71,128137.53,77504.18
ST0000899,5/1/2026,O000686,C00175,P0123,E0001,R002,7,23591.93,0,165143.5,0,165143.5,143696.13,21447.37
ST0000900,8/13/2026,O002326,C00158,P0134,E0028,R006,5,16517.52,0.2,82587.59,16517.52,66070.07,52185.85,13884.22
ST0000901,11/30/2025,O000202,C00461,P0022,E0030,R003,1,6603.83,0.25,6603.83,1650.96,4952.87,5613.46,-660.59
ST0000902,11/19/2025,O000836,C00283,P0051,E0031,R001,5,8426.4,0,42132,0,42132,24531.21,17600.79
ST0000903,7/6/2026,O001367,C00262,P0057,E0032,R001,8,29475.44,0.05,235803.55,11790.18,224013.37,146997.48,77015.89
ST0000904,7/1/2026,O002159,C00107,P0103,E0002,R002,7,41425.05,0.1,289975.37,28997.54,260977.84,155310.62,105667.22
ST0000905,7/5/2026,O000428,C00102,P0089,E0022,R003,6,39475.86,0.1,236855.15,23685.52,213169.64,134729.37,78440.27
ST0000906,2/20/2026,O000065,C00263,P0089,E0040,R005,4,40788.41,0.1,163153.65,16315.37,146838.29,89819.58,57018.71
ST0000907,7/26/2025,O000168,C00343,P0112,E0010,R004,8,34896.19,0.2,279169.5,55833.9,223335.6,179496.96,43838.64
ST0000908,3/28/2025,O001651,C00301,P0036,E0014,R005,8,11573.09,0.2,92584.71,18516.94,74067.77,59066.77,15001
ST0000909,5/2/2025,O001363,C00069,P0053,E0018,R003,7,10743.61,0.25,75205.27,18801.32,56403.96,46202.74,10201.22
ST0000910,2/16/2026,O001225,C00471,P0147,E0028,R006,2,48727.75,0.2,97455.51,19491.1,77964.4,56041.29,21923.11
ST0000911,6/12/2025,O000628,C00496,P0136,E0041,R002,6,47109.86,0.2,282659.17,56531.83,226127.34,162249.63,63877.71
ST0000912,11/11/2025,O002567,C00215,P0040,E0021,R001,6,28472.48,0,170834.89,0,170834.89,104166.09,66668.8
ST0000913,10/23/2025,O000351,C00326,P0092,E0003,R001,6,58630.52,0.25,351783.13,87945.78,263837.35,200405.63,63431.72
ST0000914,7/7/2026,O002659,C00444,P0056,E0017,R002,4,48803.63,0.2,195214.53,39042.91,156171.63,102510.02,53661.6
ST0000915,5/9/2026,O002037,C00556,P0117,E0025,R004,6,22417.69,0.15,134506.16,20175.92,114330.24,104839.91,9490.33
ST0000916,2/10/2025,O000569,C00298,P0023,E0025,R004,3,28636.31,0.1,85908.93,8590.89,77318.04,57130.2,20187.84
ST0000917,10/11/2025,O001065,C00196,P0056,E0005,R005,6,46621.65,0.2,279729.88,55945.98,223783.91,153765.04,70018.87
ST0000918,4/20/2026,O002098,C00080,P0069,E0018,R003,5,16450.88,0,82254.39,0,82254.39,46710.57,35543.81
ST0000919,6/27/2025,O001827,C00407,P0144,E0004,R008,1,20723.44,0.25,20723.44,5180.86,15542.58,11297.78,4244.8
ST0000920,7/12/2025,O001407,C00271,P0022,E0040,R005,2,6828.51,0,13657.01,0,13657.01,11226.92,2430.09
ST0000921,7/12/2026,O001869,C00434,P0124,E0035,R002,6,8702.17,0,52213,0,52213,37984.56,14228.45
ST0000922,2/24/2026,O002346,C00131,P0071,E0031,R001,5,34802.37,0.05,174011.85,8700.59,165311.25,123658,41653.25
ST0000923,6/13/2025,O002475,C00103,P0043,E0038,R002,6,43648.21,0,261889.26,0,261889.26,166960.87,94928.39
ST0000924,6/21/2026,O001760,C00506,P0071,E0003,R001,3,36340.25,0.2,109020.75,21804.15,87216.6,74194.8,13021.8
ST0000925,3/13/2025,O001002,C00164,P0133,E0017,R002,6,5121.81,0.1,30730.89,3073.09,27657.8,18109.39,9548.4
ST0000926,6/19/2026,O001115,C00411,P0113,E0020,R001,8,1780.53,0.1,14244.23,1424.42,12819.8,11457.82,1361.98
ST0000927,5/26/2025,O001308,C00566,P0150,E0032,R001,1,51330.02,0.05,51330.02,2566.5,48763.52,33938.76,14824.76
ST0000928,7/15/2025,O001336,C00055,P0078,E0025,R004,5,20364.31,0.2,101821.53,20364.31,81457.22,78372.32,3084.9
ST0000929,3/28/2025,O000862,C00411,P0079,E0010,R004,4,26454.89,0.1,105819.58,10581.96,95237.62,86898.3,8339.32
ST0000930,11/18/2025,O002200,C00375,P0121,E0026,R006,8,10930.14,0.25,87441.15,21860.29,65580.86,56419.59,9161.27
ST0000931,5/13/2026,O001682,C00447,P0145,E0038,R002,3,3341.35,0.2,10024.04,2004.81,8019.23,6990.95,1028.28
ST0000932,3/12/2026,O000011,C00215,P0150,E0010,R004,5,52802.2,0.25,264010.98,66002.74,198008.23,169693.81,28314.42
ST0000933,5/26/2025,O000221,C00457,P0125,E0006,R002,7,14137.92,0.2,98965.43,19793.09,79172.34,82851.23,-3678.88
ST0000934,7/2/2025,O000988,C00217,P0077,E0009,R002,2,478.65,0.05,957.29,47.86,909.43,831.3,78.13
ST0000935,8/15/2025,O002432,C00434,P0119,E0039,R005,8,2837.89,0,22703.1,0,22703.1,15597.48,7105.61
ST0000936,5/18/2025,O002720,C00380,P0013,E0014,R005,2,10920.49,0.05,21840.99,1092.05,20748.94,19179.66,1569.28
ST0000937,8/29/2026,O002636,C00530,P0065,E0035,R002,8,41275.75,0,330205.96,0,330205.96,207161.42,123044.55
ST0000938,7/5/2026,O001179,C00456,P0068,E0002,R002,4,24932.78,0.25,99731.14,24932.78,74798.35,61894.61,12903.74
ST0000939,5/20/2026,O002701,C00310,P0068,E0036,R004,8,23633.25,0.05,189066.03,9453.3,179612.73,123789.22,55823.51
ST0000940,7/16/2025,O001497,C00041,P0120,E0041,R002,6,3314.68,0,19888.06,0,19888.06,15549.48,4338.58
ST0000941,6/27/2025,O000915,C00204,P0088,E0034,R001,5,26508.91,0.2,132544.57,26508.91,106035.65,100242.49,5793.16
ST0000942,4/22/2026,O002597,C00563,P0125,E0025,R004,5,12985.71,0.15,64928.53,9739.28,55189.25,59179.45,-3990.2
ST0000943,4/1/2025,O001347,C00049,P0096,E0020,R001,8,34601.39,0.2,276811.11,55362.22,221448.89,193174.63,28274.26
ST0000944,8/10/2025,O001287,C00145,P0039,E0017,R002,4,40589.97,0.15,162359.87,24353.98,138005.89,133844.86,4161.03
ST0000945,8/4/2025,O001503,C00241,P0096,E0021,R001,6,35807.81,0.25,214846.87,53711.72,161135.15,144880.98,16254.17
ST0000946,3/25/2025,O002762,C00421,P0150,E0032,R001,6,51353.55,0.15,308121.3,46218.19,261903.1,203632.57,58270.53
ST0000947,6/4/2025,O001235,C00412,P0125,E0038,R002,6,14112.69,0,84676.13,0,84676.13,71015.34,13660.79
ST0000948,9/9/2025,O002678,C00214,P0105,E0041,R002,7,2809.1,0.25,19663.68,4915.92,14747.76,16248.96,-1501.2
ST0000949,12/26/2025,O002175,C00388,P0068,E0041,R002,2,25211.18,0.1,50422.37,5042.24,45380.13,30947.31,14432.83
ST0000950,4/23/2025,O000687,C00501,P0062,E0017,R002,4,31957.07,0.2,127828.26,25565.65,102262.61,81142.24,21120.36
ST0000951,3/7/2026,O002614,C00122,P0078,E0019,R002,8,19066.51,0,152532.1,0,152532.1,125395.71,27136.39
ST0000952,4/6/2025,O001905,C00486,P0027,E0022,R003,5,18726.54,0.15,93632.69,14044.9,79587.78,55089.65,24498.13
ST0000953,8/20/2026,O001822,C00120,P0025,E0013,R004,5,2059.18,0.1,10295.91,1029.59,9266.32,5656.32,3609.99
ST0000954,7/22/2025,O002743,C00288,P0126,E0031,R001,4,45446.65,0,181786.61,0,181786.61,119302.4,62484.21
ST0000955,9/24/2025,O002278,C00488,P0090,E0033,R008,6,16457.72,0,98746.33,0,98746.33,69747,28999.32
ST0000956,4/26/2026,O002123,C00092,P0056,E0028,R006,8,49170.73,0.05,393365.87,19668.29,373697.58,205020.05,168677.53
ST0000957,1/10/2025,O002925,C00507,P0104,E0005,R005,1,3883.53,0,3883.53,0,3883.53,2350.84,1532.69
ST0000958,3/14/2026,O000783,C00029,P0100,E0023,R004,2,43252.57,0.1,86505.13,8650.51,77854.62,56543.55,21311.06
ST0000959,4/20/2025,O001426,C00178,P0008,E0016,R002,1,39965.81,0.1,39965.81,3996.58,35969.23,21996.75,13972.47
ST0000960,6/1/2025,O000145,C00089,P0099,E0021,R001,8,16454.81,0.2,131638.45,26327.69,105310.76,95634.12,9676.64
ST0000961,12/12/2025,O001105,C00121,P0148,E0019,R002,1,17171.96,0.1,17171.96,1717.2,15454.77,13747.01,1707.76
ST0000962,1/19/2025,O002871,C00466,P0046,E0012,R004,6,51855.48,0,311132.89,0,311132.89,180961.95,130170.94
ST0000963,6/4/2025,O001630,C00295,P0040,E0033,R008,2,28504.18,0.05,57008.36,2850.42,54157.94,34722.03,19435.91
ST0000964,8/31/2025,O002369,C00567,P0061,E0024,R002,7,43109.35,0.2,301765.47,60353.09,241412.37,183819.68,57592.7
ST0000965,9/8/2025,O001024,C00058,P0091,E0030,R003,4,24143.81,0.1,96575.24,9657.52,86917.72,56833.91,30083.81
ST0000966,6/9/2025,O000984,C00463,P0095,E0031,R001,6,2131.74,0.15,12790.42,1918.56,10871.86,8951.23,1920.63
ST0000967,6/27/2026,O001670,C00232,P0012,E0016,R002,8,25521.44,0,204171.55,0,204171.55,169971.48,34200.07
ST0000968,5/22/2025,O000545,C00216,P0137,E0016,R002,4,27021.45,0,108085.8,0,108085.8,98688.42,9397.38
ST0000969,11/17/2025,O000876,C00576,P0060,E0033,R008,6,59087.19,0.25,354523.14,88630.79,265892.36,201750.45,64141.9
ST0000970,7/8/2025,O000795,C00239,P0002,E0009,R002,2,6051.07,0,12102.14,0,12102.14,8486.13,3616.01
ST0000971,5/18/2025,O002473,C00365,P0120,E0030,R003,5,3235.56,0.2,16177.81,3235.56,12942.25,12957.9,-15.65
ST0000972,7/11/2025,O001269,C00127,P0059,E0005,R005,7,24383,0.2,170681,34136.2,136544.8,115319.01,21225.79
ST0000973,10/7/2025,O000922,C00424,P0081,E0016,R002,8,43538.23,0.2,348305.82,69661.16,278644.65,214106.87,64537.78
ST0000974,8/13/2026,O002326,C00158,P0106,E0028,R006,8,54031.99,0,432255.96,0,432255.96,273262.1,158993.86
ST0000975,1/27/2025,O002845,C00278,P0069,E0033,R008,1,15564.2,0.25,15564.2,3891.05,11673.15,9342.11,2331.04
ST0000976,4/13/2025,O002735,C00485,P0003,E0022,R003,1,2444.44,0.2,2444.44,488.89,1955.55,1706.77,248.78
ST0000977,3/1/2025,O002953,C00539,P0059,E0036,R004,6,25291.32,0.1,151747.94,15174.79,136573.14,98844.86,37728.28
ST0000978,8/9/2026,O001495,C00299,P0144,E0025,R004,3,19838.12,0,59514.35,0,59514.35,33893.33,25621.02
ST0000979,7/18/2026,O002104,C00549,P0045,E0025,R004,6,55791.73,0.2,334750.36,66950.07,267800.29,189297.12,78503.16
ST0000980,1/4/2025,O001701,C00575,P0061,E0002,R002,8,44689.82,0.05,357518.58,17875.93,339642.65,210079.63,129563.02
ST0000981,4/5/2026,O002899,C00459,P0018,E0001,R002,3,37889.01,0.25,113667.04,28416.76,85250.28,90853.74,-5603.46
ST0000982,6/26/2026,O002143,C00080,P0100,E0006,R002,7,47431.29,0,332019.02,0,332019.02,197902.44,134116.57
ST0000983,4/10/2026,O000363,C00390,P0033,E0031,R001,3,31435.28,0.25,94305.83,23576.46,70729.38,60494.33,10235.04
ST0000984,12/22/2025,O000681,C00211,P0020,E0012,R004,5,42693.39,0,213466.95,0,213466.95,132881.32,80585.63
ST0000985,8/2/2025,O001321,C00042,P0041,E0014,R005,7,45468.39,0,318278.74,0,318278.74,198570.38,119708.36
ST0000986,4/25/2025,O002399,C00449,P0126,E0035,R002,3,44876.99,0.25,134630.97,33657.74,100973.23,89476.8,11496.43
ST0000987,1/20/2026,O002535,C00031,P0079,E0030,R003,7,26436.61,0.25,185056.29,46264.07,138792.22,152072.03,-13279.81
ST0000988,11/18/2025,O001305,C00569,P0116,E0012,R004,5,30951.01,0.05,154755.03,7737.75,147017.28,115586.66,31430.63
ST0000989,11/21/2025,O001547,C00123,P0096,E0041,R002,4,34483.37,0.2,137933.47,27586.69,110346.78,96587.32,13759.46
ST0000990,7/30/2026,O001299,C00336,P0072,E0024,R002,5,48987.56,0,244937.81,0,244937.81,162307.61,82630.2
ST0000991,7/14/2025,O002134,C00386,P0025,E0012,R004,6,1929.5,0.1,11577.03,1157.7,10419.32,6787.59,3631.73
ST0000992,3/18/2026,O001844,C00038,P0049,E0020,R001,1,18225.34,0,18225.34,0,18225.34,10181.86,8043.48
ST0000993,8/3/2026,O000238,C00175,P0053,E0037,R004,2,10501.27,0,21002.53,0,21002.53,13200.78,7801.75
ST0000994,9/17/2025,O001821,C00585,P0110,E0023,R004,5,439.15,0.15,2195.74,329.36,1866.38,1707.37,159.01
ST0000995,6/3/2026,O001145,C00195,P0128,E0039,R005,2,5343.27,0.2,10686.54,2137.31,8549.23,6272.45,2276.78
ST0000996,1/12/2025,O000552,C00178,P0043,E0034,R001,1,46976.51,0.05,46976.51,2348.83,44627.68,27826.81,16800.87
ST0000997,7/20/2026,O002712,C00308,P0134,E0030,R003,4,16122.58,0.05,64490.33,3224.52,61265.82,41748.68,19517.14
ST0000999,2/1/2025,O000693,C00146,P0139,E0024,R002,4,49115.53,0,196462.1,0,196462.1,111325.68,85136.43
ST0001000,2/1/2025,O000802,C00384,P0001,E0032,R001,8,31021,0.1,248168.01,24816.8,223351.21,139849.68,83501.53
ST0001001,6/5/2026,O001193,C00445,P0120,E0034,R001,8,3195.81,0.15,25566.44,3834.97,21731.48,20732.63,998.84
ST0001002,3/4/2025,O000044,C00362,P0108,E0020,R001,8,16050.31,0.15,128402.47,19260.37,109142.1,104184.53,4957.57
ST0001003,2/20/2025,O000972,C00311,P0120,E0041,R002,7,3228.67,0.15,22600.69,3390.1,19210.59,18141.06,1069.53
ST0001004,9/9/2025,O001529,C00440,P0001,E0006,R002,8,29653.89,0.1,237231.16,23723.12,213508.04,139849.68,73658.36
ST0001005,1/5/2025,O002823,C00413,P0017,E0001,R002,7,27961.41,0,195729.84,0,195729.84,166067.29,29662.54
ST0001006,8/21/2025,O002044,C00576,P0038,E0022,R003,1,29627.38,0.15,29627.38,4444.11,25183.28,20774.65,4408.63
ST0001007,5/11/2025,O002115,C00011,P0102,E0010,R004,1,30102.68,0,30102.68,0,30102.68,16556.14,13546.54
ST0001008,9/15/2025,O002053,C00199,P0100,E0039,R005,4,43368.07,0.25,173472.28,43368.07,130104.21,113087.11,17017.1
ST0001009,2/22/2025,O002750,C00283,P0042,E0015,R008,7,21888.6,0.2,153220.22,30644.04,122576.18,96058.17,26518.01
ST0001010,7/27/2026,O001346,C00046,P0103,E0038,R002,5,39955.55,0.1,199777.73,19977.77,179799.96,110936.16,68863.8
ST0001011,2/2/2026,O001223,C00148,P0028,E0020,R001,2,23433.24,0.05,46866.48,2343.32,44523.16,39848.98,4674.17
ST0001012,8/24/2026,O002941,C00274,P0060,E0022,R003,1,56606,0.05,56606,2830.3,53775.7,33625.08,20150.62
ST0001013,6/27/2026,O002332,C00184,P0009,E0019,R002,8,3157.06,0,25256.46,0,25256.46,16592.46,8664
ST0001014,2/2/2026,O001223,C00148,P0034,E0020,R001,6,39895.01,0,239370.09,0,239370.09,136637.19,102732.89
ST0001015,5/17/2025,O002889,C00547,P0116,E0029,R006,1,29405.49,0,29405.49,0,29405.49,23117.33,6288.16
ST0001016,7/28/2025,O001531,C00426,P0144,E0012,R004,2,19432.92,0.15,38865.83,5829.87,33035.96,22595.56,10440.4
ST0001017,3/8/2025,O000583,C00205,P0149,E0027,R008,7,36090.93,0,252636.51,0,252636.51,171039.57,81596.94
ST0001018,8/20/2026,O001894,C00216,P0071,E0034,R001,3,34881.75,0.05,104645.26,5232.26,99413,74194.8,25218.2
ST0001019,2/6/2025,O001011,C00265,P0018,E0038,R002,4,36981.62,0.1,147926.48,14792.65,133133.83,121138.32,11995.51
ST0001020,6/28/2026,O002985,C00239,P0036,E0006,R002,6,12553.81,0.1,75322.83,7532.28,67790.55,44300.08,23490.47
ST0001021,7/9/2025,O000015,C00211,P0036,E0039,R005,3,11545.52,0.15,34636.57,5195.49,29441.09,22150.04,7291.05
ST0001022,1/6/2025,O000103,C00363,P0141,E0040,R005,8,18551.22,0.05,148409.8,7420.49,140989.31,130812.07,10177.24
ST0001023,3/10/2025,O002107,C00491,P0003,E0036,R004,3,2432.86,0.15,7298.58,1094.79,6203.79,5120.3,1083.49
ST0001024,3/22/2026,O000950,C00046,P0051,E0015,R008,6,8419.43,0.25,50516.6,12629.15,37887.45,29437.46,8449.99
ST0001025,7/1/2025,O002063,C00456,P0077,E0026,R006,4,495.01,0.15,1980.06,297.01,1683.05,1662.59,20.45
ST0001026,5/20/2026,O002617,C00560,P0022,E0005,R005,1,6694.13,0.1,6694.13,669.41,6024.72,5613.46,411.26
ST0001027,9/19/2025,O000981,C00546,P0084,E0012,R004,2,38024.35,0.05,76048.7,3802.43,72246.26,54450.91,17795.35
ST0001028,8/8/2026,O001040,C00106,P0097,E0021,R001,4,11585.63,0.2,46342.51,9268.5,37074,27420.3,9653.71
ST0001029,5/22/2026,O001414,C00069,P0032,E0014,R005,1,23852.49,0.2,23852.49,4770.5,19081.99,16699.66,2382.33
ST0001030,2/19/2025,O000334,C00054,P0078,E0040,R005,1,20883.42,0.25,20883.42,5220.86,15662.57,15674.46,-11.9
ST0001031,4/10/2026,O000363,C00390,P0039,E0031,R001,4,37960,0.15,151840.02,22776,129064.02,133844.86,-4780.84
ST0001032,2/10/2026,O001354,C00588,P0095,E0010,R004,8,2103.12,0,16824.96,0,16824.96,11934.97,4889.99
ST0001033,1/6/2025,O000904,C00370,P0087,E0035,R002,8,5297.68,0.1,42381.43,4238.14,38143.28,30607.92,7535.36
ST0001034,2/19/2025,O000334,C00054,P0125,E0040,R005,1,13117,0.05,13117,655.85,12461.15,11835.89,625.26
ST0001035,6/22/2026,O001683,C00575,P0129,E0011,R008,8,16957.61,0.15,135660.87,20349.13,115311.74,78859.84,36451.9
ST0001036,5/31/2025,O001243,C00288,P0019,E0017,R002,3,18459.49,0.2,55378.48,11075.7,44302.78,49213.89,-4911.11
ST0001037,12/19/2025,O001565,C00198,P0002,E0035,R002,6,5940.3,0.1,35641.82,3564.18,32077.63,25458.39,6619.25
ST0001038,7/18/2025,O001038,C00454,P0139,E0023,R004,4,48404.83,0.2,193619.32,38723.86,154895.46,111325.68,43569.78
ST0001039,4/4/2025,O002275,C00070,P0083,E0039,R005,4,51814.33,0.1,207257.34,20725.73,186531.6,126521.18,60010.42
ST0001040,4/23/2025,O002289,C00364,P0067,E0013,R004,2,41330.52,0.1,82661.04,8266.1,74394.94,65391.78,9003.16
ST0001041,4/22/2026,O001654,C00283,P0118,E0023,R004,8,21606.51,0.1,172852.04,17285.2,155566.84,122250.78,33316.06
ST0001042,2/25/2025,O000249,C00485,P0003,E0017,R002,7,2295.54,0.05,16068.78,803.44,15265.34,11947.37,3317.97
ST0001043,8/11/2025,O001330,C00236,P0117,E0038,R002,4,22348.56,0.2,89394.25,17878.85,71515.4,69893.27,1622.13
ST0001044,8/19/2026,O001936,C00560,P0061,E0029,R006,1,42166.46,0,42166.46,0,42166.46,26259.95,15906.5
ST0001045,2/4/2026,O001083,C00308,P0149,E0016,R002,7,37119.09,0.2,259833.61,51966.72,207866.89,171039.57,36827.32
ST0001046,6/9/2026,O002971,C00548,P0116,E0029,R006,6,31816.46,0.1,190898.75,19089.88,171808.88,138703.99,33104.89
ST0001047,11/14/2025,O001082,C00103,P0088,E0024,R002,2,26851.96,0.05,53703.91,2685.2,51018.72,40097,10921.72
ST0001048,2/3/2025,O002224,C00035,P0072,E0018,R003,1,47399.75,0.2,47399.75,9479.95,37919.8,32461.52,5458.28
ST0001049,10/19/2025,O001798,C00103,P0056,E0020,R001,2,47298.7,0.05,94597.4,4729.87,89867.53,51255.01,38612.51
ST0001050,7/24/2026,O001586,C00290,P0006,E0018,R003,6,37606.67,0,225640.01,0,225640.01,119783.9,105856.11
ST0001051,12/20/2025,O001982,C00527,P0014,E0005,R005,8,23220.11,0.25,185760.86,46440.21,139320.64,147484.02,-8163.38
ST0001052,7/3/2026,O002391,C00161,P0093,E0029,R006,5,16235.08,0.1,81175.41,8117.54,73057.87,58751.89,14305.98
ST0001053,9/27/2025,O000481,C00256,P0027,E0019,R002,2,18065.99,0.15,36131.98,5419.8,30712.18,22035.86,8676.32
ST0001054,8/4/2026,O001937,C00320,P0101,E0034,R001,5,37881.05,0.05,189405.23,9470.26,179934.97,101637.89,78297.08
ST0001055,5/19/2026,O001188,C00085,P0090,E0033,R008,7,16081.1,0,112567.72,0,112567.72,81371.51,31196.22
ST0001056,12/29/2025,O002097,C00145,P0145,E0031,R001,8,3085.87,0.1,24686.97,2468.7,22218.27,18642.54,3575.74
ST0001057,10/30/2025,O002799,C00084,P0148,E0013,R004,4,16840.46,0.05,67361.82,3368.09,63993.73,54988.02,9005.71
ST0001058,1/19/2026,O001100,C00135,P0007,E0022,R003,4,24878.54,0.15,99514.17,14927.13,84587.04,67325.19,17261.86
ST0001059,1/20/2025,O002079,C00418,P0067,E0033,R008,7,40413.21,0.05,282892.44,14144.62,268747.82,228871.24,39876.58
ST0001060,9/4/2025,O001708,C00409,P0003,E0036,R004,7,2318.81,0.15,16231.68,2434.75,13796.93,11947.37,1849.55
ST0001061,1/18/2025,O002986,C00341,P0047,E0035,R002,7,15017.88,0.15,105125.16,15768.77,89356.39,78513.96,10842.43
ST0001062,1/7/2026,O000542,C00003,P0105,E0015,R008,8,2806,0.25,22447.96,5611.99,16835.97,18570.25,-1734.27
ST0001063,8/11/2025,O001814,C00221,P0113,E0014,R005,8,1781.36,0.05,14250.91,712.55,13538.36,11457.82,2080.54
ST0001064,1/1/2025,O001919,C00417,P0011,E0019,R002,4,40548.28,0.25,162193.13,40548.28,121644.85,117779.93,3864.92
ST0001065,9/8/2025,O001665,C00563,P0037,E0010,R004,7,29484.9,0.1,206394.28,20639.43,185754.85,170319.55,15435.3
ST0001066,3/17/2026,O002414,C00590,P0048,E0018,R003,8,7210.82,0.25,57686.52,14421.63,43264.89,49348.36,-6083.46
ST0001067,12/3/2025,O000350,C00039,P0015,E0017,R002,8,31050.66,0.05,248405.25,12420.26,235984.99,142152.76,93832.23
ST0001068,5/31/2026,O000505,C00010,P0034,E0034,R001,7,37411.97,0.2,261883.8,52376.76,209507.04,159410.06,50096.98
ST0001069,8/6/2026,O000134,C00423,P0105,E0007,R002,3,2880.65,0,8641.95,0,8641.95,6963.84,1678.11
ST0001070,3/22/2026,O000950,C00046,P0050,E0015,R008,4,1050.45,0,4201.8,0,4201.8,2671.55,1530.24
ST0001071,12/5/2025,O000884,C00484,P0059,E0031,R001,5,24074.64,0,120373.21,0,120373.21,82370.72,38002.49
ST0001072,6/8/2025,O001644,C00410,P0008,E0019,R002,7,39217.84,0.05,274524.89,13726.24,260798.65,153977.27,106821.38
ST0001073,4/5/2026,O002899,C00459,P0059,E0001,R002,1,24367.34,0.05,24367.34,1218.37,23148.97,16474.14,6674.83
ST0001074,10/4/2025,O002681,C00126,P0034,E0010,R004,4,38064.23,0.15,152256.9,22838.54,129418.37,91091.46,38326.91
ST0001075,7/22/2025,O001605,C00184,P0083,E0014,R005,3,53728.13,0,161184.38,0,161184.38,94890.89,66293.49
ST0001076,11/13/2025,O000560,C00067,P0130,E0015,R008,6,35080.83,0.2,210484.97,42096.99,168387.97,121990.86,46397.11
ST0001077,7/15/2026,O000199,C00501,P0009,E0001,R002,7,3224.37,0.05,22570.6,1128.53,21442.07,14518.4,6923.67
ST0001078,8/8/2026,O001040,C00106,P0136,E0021,R001,6,46532.21,0.1,279193.25,27919.33,251273.93,162249.63,89024.3
ST0001079,2/9/2026,O001396,C00443,P0063,E0003,R001,2,19856.36,0.15,39712.72,5956.91,33755.82,34056.87,-301.06
ST0001080,7/30/2025,O002588,C00010,P0134,E0009,R002,1,16218.34,0.05,16218.34,810.92,15407.42,10437.17,4970.25
ST0001081,1/24/2026,O001434,C00255,P0080,E0020,R001,3,7969.66,0,23908.99,0,23908.99,13104.12,10804.88
ST0001082,7/30/2025,O001328,C00043,P0064,E0026,R006,8,17167.63,0.05,137341,6867.05,130473.95,79362.41,51111.55
ST0001083,3/31/2025,O000541,C00540,P0094,E0038,R002,6,42119.05,0.1,252714.27,25271.43,227442.84,179307.43,48135.41
ST0001084,9/11/2025,O002283,C00261,P0109,E0034,R001,8,44020.83,0,352166.66,0,352166.66,221695.23,130471.42
ST0001085,3/19/2025,O002781,C00252,P0047,E0004,R008,1,15270.6,0.15,15270.6,2290.59,12980.01,11216.28,1763.73
ST0001086,5/27/2026,O000533,C00357,P0044,E0007,R002,2,723.31,0,1446.62,0,1446.62,806.4,640.22
ST0001087,9/17/2025,O001969,C00571,P0009,E0016,R002,2,3149.67,0.2,6299.34,1259.87,5039.47,4148.11,891.36
ST0001088,7/15/2025,O001336,C00055,P0144,E0025,R004,7,20990.77,0,146935.36,0,146935.36,79084.45,67850.91
ST0001089,9/30/2025,O002425,C00269,P0148,E0023,R004,3,17259.75,0.1,51779.25,5177.92,46601.32,41241.02,5360.31
ST0001090,2/2/2026,O002318,C00137,P0135,E0001,R002,8,8102.13,0.15,64817.06,9722.56,55094.5,46109.46,8985.03
ST0001091,3/6/2026,O002036,C00247,P0052,E0006,R002,2,9298.2,0,18596.41,0,18596.41,12782.67,5813.74
ST0001092,7/11/2025,O001269,C00127,P0146,E0005,R005,6,41377.48,0,248264.86,0,248264.86,149272.24,98992.62
ST0001093,9/29/2025,O002361,C00390,P0029,E0020,R001,8,40948.46,0.15,327587.7,49138.15,278449.54,191956.73,86492.81
ST0001094,1/11/2026,O001607,C00033,P0080,E0009,R002,5,7640.25,0,38201.25,0,38201.25,21840.2,16361.05
ST0001095,5/17/2026,O000961,C00289,P0050,E0003,R001,3,1104.34,0.15,3313.01,496.95,2816.06,2003.66,812.4
ST0001096,5/27/2025,O000028,C00536,P0121,E0006,R002,1,10836.27,0,10836.27,0,10836.27,7052.45,3783.82
ST0001097,3/7/2025,O002874,C00202,P0011,E0006,R002,3,40377.42,0.05,121132.25,6056.61,115075.64,88334.95,26740.69
ST0001098,3/10/2025,O001387,C00571,P0021,E0018,R003,3,13798.25,0,41394.74,0,41394.74,29308.61,12086.13
ST0001099,1/31/2025,O002790,C00307,P0041,E0035,R002,1,45466.78,0.1,45466.78,4546.68,40920.1,28367.2,12552.91
ST0001100,12/17/2025,O001479,C00117,P0077,E0006,R002,6,507.88,0,3047.29,0,3047.29,2493.89,553.39
ST0001101,4/24/2026,O001632,C00042,P0071,E0034,R001,8,36701.11,0.2,293608.91,58721.78,234887.13,197852.8,37034.33
ST0001102,9/24/2025,O002852,C00098,P0018,E0022,R003,1,37823.67,0.05,37823.67,1891.18,35932.49,30284.58,5647.91
ST0001103,1/11/2025,O001663,C00513,P0107,E0028,R006,3,7464.4,0.05,22393.2,1119.66,21273.54,18509.56,2763.98
ST0001104,3/2/2025,O002664,C00049,P0005,E0021,R001,2,12654.27,0.1,25308.53,2530.85,22777.68,22836.93,-59.25
ST0001105,1/31/2025,O002790,C00307,P0147,E0035,R002,8,49467.14,0,395737.14,0,395737.14,224165.18,171571.97
ST0001106,5/19/2026,O000209,C00412,P0059,E0039,R005,7,23521.95,0.15,164653.67,24698.05,139955.62,115319.01,24636.61
ST0001107,2/10/2025,O001400,C00576,P0075,E0006,R002,4,43803.44,0.15,175213.75,26282.06,148931.69,108350.03,40581.66
ST0001108,2/22/2025,O001526,C00017,P0130,E0034,R001,8,34718.29,0,277746.33,0,277746.33,162654.48,115091.85
ST0001109,3/28/2025,O002822,C00205,P0143,E0040,R005,4,37354.73,0.2,149418.91,29883.78,119535.13,91033.84,28501.29
ST0001110,3/16/2026,O002639,C00086,P0003,E0022,R003,7,2241.36,0,15689.5,0,15689.5,11947.37,3742.13
ST0001111,6/10/2026,O001064,C00572,P0086,E0009,R002,8,22183.74,0,177469.94,0,177469.94,138263.67,39206.27
ST0001112,4/15/2026,O000939,C00317,P0035,E0011,R008,7,10940.22,0.05,76581.52,3829.08,72752.45,59090.54,13661.9
ST0001113,8/12/2026,O002719,C00077,P0137,E0004,R008,6,27657.78,0,165946.68,0,165946.68,148032.62,17914.06
ST0001114,7/28/2026,O002544,C00164,P0118,E0041,R002,1,20001.46,0,20001.46,0,20001.46,15281.35,4720.12
ST0001115,5/3/2025,O002959,C00158,P0028,E0014,R005,7,23658.25,0.25,165607.74,41401.94,124205.81,139471.44,-15265.63
ST0001116,1/13/2025,O001980,C00339,P0034,E0016,R002,1,39133.32,0.05,39133.32,1956.67,37176.66,22772.87,14403.79
ST0001117,12/30/2025,O000302,C00313,P0147,E0001,R002,3,48419.04,0.25,145257.12,36314.28,108942.84,84061.94,24880.9
ST0001118,1/29/2025,O002304,C00146,P0040,E0040,R005,6,26771.74,0,160630.46,0,160630.46,104166.09,56464.37
ST0001119,2/6/2026,O002888,C00237,P0039,E0009,R002,8,40515.82,0.25,324126.56,81031.64,243094.92,267689.72,-24594.8
ST0001120,7/6/2025,O001101,C00395,P0148,E0004,R008,4,17627.65,0.15,70510.59,10576.59,59934,54988.02,4945.98
ST0001121,9/26/2025,O001395,C00424,P0130,E0025,R004,3,36344.54,0,109033.61,0,109033.61,60995.43,48038.18
ST0001122,7/10/2026,O001408,C00303,P0138,E0014,R005,6,25943.06,0.25,155658.37,38914.59,116743.78,111831.01,4912.77
ST0001123,7/5/2026,O000512,C00181,P0020,E0018,R003,7,43602.75,0.25,305219.25,76304.81,228914.43,186033.85,42880.58
ST0001124,3/2/2025,O002476,C00246,P0114,E0037,R004,2,13464.9,0,26929.81,0,26929.81,24506.26,2423.54
ST0001125,2/2/2026,O000080,C00548,P0120,E0017,R002,6,3458.36,0.1,20750.16,2075.02,18675.15,15549.48,3125.67
ST0001126,12/13/2025,O001240,C00598,P0029,E0030,R003,5,40944.64,0.05,204723.18,10236.16,194487.02,119972.96,74514.06
ST0001127,6/13/2025,O002300,C00407,P0120,E0029,R006,4,3375.45,0,13501.79,0,13501.79,10366.32,3135.48
ST0001128,4/30/2026,O001579,C00182,P0034,E0029,R006,6,39070.91,0.15,234425.49,35163.82,199261.66,136637.19,62624.47
ST0001129,5/5/2025,O002235,C00264,P0061,E0005,R005,2,41950.46,0.2,83900.92,16780.18,67120.74,52519.91,14600.83
ST0001130,7/21/2026,O002356,C00497,P0121,E0002,R002,8,11082.44,0.2,88659.49,17731.9,70927.6,56419.59,14508.01
ST0001131,12/1/2025,O001779,C00301,P0119,E0031,R001,8,2851.7,0.25,22813.63,5703.41,17110.22,15597.48,1512.74
ST0001132,11/18/2025,O001057,C00023,P0077,E0010,R004,4,492.73,0,1970.9,0,1970.9,1662.59,308.31
ST0001133,2/24/2025,O002580,C00146,P0088,E0007,R002,5,26442.25,0.1,132211.23,13221.12,118990.1,100242.49,18747.61
ST0001134,8/5/2026,O002126,C00402,P0127,E0012,R004,3,9599.52,0.25,28798.57,7199.64,21598.93,16766.31,4832.62
ST0001135,7/23/2025,O001542,C00397,P0093,E0022,R003,8,15143.95,0.1,121151.61,12115.16,109036.45,94003.02,15033.43
ST0001136,7/10/2025,O002913,C00384,P0079,E0031,R001,4,26228.64,0.25,104914.56,26228.64,78685.92,86898.3,-8212.38
ST0001137,6/6/2026,O002771,C00486,P0012,E0014,R005,3,27004.99,0.15,81014.98,12152.25,68862.74,63739.31,5123.43
ST0001138,8/6/2025,O000193,C00469,P0058,E0010,R004,5,30457.45,0.2,152287.24,30457.45,121829.79,94635.99,27193.8
ST0001139,5/29/2025,O000077,C00487,P0076,E0017,R002,3,18906.55,0.15,56719.65,8507.95,48211.71,35666.23,12545.48
ST0001140,10/4/2025,O001716,C00378,P0013,E0016,R002,1,11599.03,0.15,11599.03,1739.86,9859.18,9589.83,269.35
ST0001141,3/13/2025,O001176,C00314,P0003,E0002,R002,2,2328.2,0.05,4656.4,232.82,4423.58,3413.54,1010.04
ST0001142,10/1/2025,O001979,C00333,P0059,E0036,R004,8,24407.64,0.05,195261.15,9763.06,185498.1,131793.15,53704.94
ST0001143,6/22/2026,O000688,C00581,P0104,E0020,R001,7,4114.32,0.2,28800.25,5760.05,23040.2,16455.89,6584.31
ST0001144,8/26/2025,O000567,C00475,P0033,E0006,R002,6,29345.34,0,176072.06,0,176072.06,120988.67,55083.39
ST0001145,2/7/2026,O000136,C00474,P0057,E0013,R004,7,29573.64,0,207015.46,0,207015.46,128622.79,78392.67
ST0001146,3/9/2025,O000218,C00326,P0022,E0031,R001,5,7041.87,0.2,35209.33,7041.87,28167.47,28067.3,100.16
ST0001147,3/14/2026,O000241,C00574,P0026,E0031,R001,6,18094.21,0,108565.28,0,108565.28,89970.75,18594.53
ST0001148,4/11/2025,O000446,C00232,P0030,E0019,R002,8,45859.74,0,366877.9,0,366877.9,241240.31,125637.6
ST0001149,4/17/2026,O001623,C00560,P0080,E0006,R002,2,7754.49,0.25,15508.99,3877.25,11631.74,8736.08,2895.66
ST0001150,8/29/2025,O001345,C00025,P0108,E0019,R002,1,16766.46,0.2,16766.46,3353.29,13413.17,13023.07,390.1
ST0001151,1/31/2025,O000270,C00011,P0134,E0005,R005,5,16002.14,0.15,80010.69,12001.6,68009.08,52185.85,15823.23
ST0001152,3/8/2025,O000913,C00413,P0056,E0028,R006,6,47625.68,0.2,285754.1,57150.82,228603.28,153765.04,74838.24
ST0001153,5/28/2025,O001118,C00061,P0115,E0028,R006,5,36706.6,0.15,183532.99,27529.95,156003.04,108539.81,47463.23
ST0001154,3/14/2025,O002207,C00446,P0063,E0012,R004,6,20888.8,0.2,125332.78,25066.56,100266.22,102170.61,-1904.39
ST0001155,12/16/2025,O001702,C00121,P0124,E0011,R008,8,9078.57,0,72628.52,0,72628.52,50646.08,21982.45
ST0001156,3/10/2025,O001446,C00201,P0064,E0040,R005,1,17824.95,0,17824.95,0,17824.95,9920.3,7904.65
ST0001157,7/14/2026,O001767,C00401,P0042,E0016,R002,5,21084.62,0.25,105423.1,26355.77,79067.32,68612.98,10454.35
ST0001158,2/11/2025,O000968,C00537,P0104,E0038,R002,6,3838.3,0.2,23029.81,4605.96,18423.85,14105.05,4318.8
ST0001159,1/14/2026,O000831,C00007,P0037,E0033,R008,1,30551.83,0.2,30551.83,6110.37,24441.47,24331.36,110.1
ST0001160,6/10/2025,O002606,C00373,P0015,E0003,R001,7,29662.43,0.1,207637.04,20763.7,186873.34,124383.66,62489.67
ST0001161,10/18/2025,O001666,C00484,P0018,E0033,R008,5,35754.04,0.1,178770.22,17877.02,160893.2,151422.9,9470.3
ST0001162,5/26/2025,O002062,C00098,P0126,E0040,R005,4,44873.23,0.2,179492.91,35898.58,143594.33,119302.4,24291.93
ST0001163,7/5/2025,O001331,C00318,P0082,E0001,R002,5,30058.8,0,150293.98,0,150293.98,82037.05,68256.93
ST0001164,11/28/2025,O002927,C00399,P0073,E0004,R008,3,5376.59,0,16129.78,0,16129.78,10548.2,5581.58
ST0001165,7/24/2026,O001641,C00402,P0127,E0018,R003,3,9714.03,0.2,29142.09,5828.42,23313.67,16766.31,6547.36
ST0001166,1/22/2026,O000251,C00088,P0111,E0004,R008,8,43144.88,0.25,345159.05,86289.76,258869.29,194475.22,64394.07
ST0001167,5/27/2025,O001097,C00225,P0147,E0034,R001,4,51339.29,0.05,205357.18,10267.86,195089.32,112082.59,83006.73
ST0001168,8/16/2025,O000947,C00501,P0148,E0039,R005,7,17341.47,0.05,121390.29,6069.51,115320.78,96229.04,19091.74
ST0001169,11/28/2025,O001309,C00564,P0055,E0002,R002,3,24267.92,0.2,72803.75,14560.75,58243,50929.18,7313.83
ST0001170,8/8/2026,O001421,C00247,P0045,E0016,R002,8,57961.17,0,463689.36,0,463689.36,252396.16,211293.2
ST0001171,1/24/2026,O001370,C00252,P0117,E0007,R002,4,21063.67,0.25,84254.69,21063.67,63191.02,69893.27,-6702.25
ST0001172,1/7/2025,O002093,C00455,P0026,E0016,R002,4,18277.93,0.1,73111.74,7311.17,65800.56,59980.5,5820.06
ST0001173,4/22/2026,O000953,C00168,P0071,E0027,R008,6,35355.72,0.25,212134.33,53033.58,159100.75,148389.6,10711.15
ST0001174,6/25/2026,O002783,C00228,P0054,E0009,R002,1,16540.89,0,16540.89,0,16540.89,9511.46,7029.43
ST0001175,7/11/2025,O001734,C00475,P0080,E0033,R008,2,8220.55,0,16441.1,0,16441.1,8736.08,7705.02
ST0001176,2/9/2026,O001201,C00500,P0122,E0018,R003,5,5591.18,0.15,27955.91,4193.39,23762.52,17702.38,6060.14
ST0001177,3/14/2025,O002207,C00446,P0096,E0012,R004,4,36384.47,0.1,145537.89,14553.79,130984.1,96587.32,34396.78
ST0001178,8/11/2026,O000645,C00575,P0015,E0019,R002,4,29449.17,0,117796.69,0,117796.69,71076.38,46720.31
ST0001179,7/30/2025,O001328,C00043,P0019,E0026,R006,7,18070.66,0,126494.62,0,126494.62,114832.42,11662.2
ST0001180,3/31/2025,O000541,C00540,P0084,E0038,R002,2,39315.33,0.1,78630.66,7863.07,70767.59,54450.91,16316.68
ST0001181,11/20/2025,O002903,C00434,P0023,E0033,R008,6,30261.09,0.05,181566.56,9078.33,172488.23,114260.41,58227.82
ST0001182,8/10/2025,O002189,C00135,P0128,E0011,R008,1,5640.98,0.05,5640.98,282.05,5358.93,3136.22,2222.7
ST0001183,10/28/2025,O002598,C00016,P0014,E0012,R004,5,22202.3,0.2,111011.5,22202.3,88809.2,92177.51,-3368.31
ST0001184,2/12/2026,O002815,C00012,P0077,E0026,R006,6,480.96,0,2885.74,0,2885.74,2493.89,391.84
ST0001185,6/1/2026,O000323,C00378,P0041,E0005,R005,6,48934.07,0.25,293604.45,73401.11,220203.34,170203.18,50000.15
ST0001186,3/23/2025,O000359,C00207,P0034,E0019,R002,6,37644.74,0.25,225868.43,56467.11,169401.32,136637.19,32764.13
ST0001187,6/6/2025,O000146,C00023,P0125,E0009,R002,2,13650.41,0.25,27300.81,6825.2,20475.61,23671.78,-3196.17
ST0001188,1/8/2026,O001022,C00537,P0089,E0016,R002,1,39832.08,0.2,39832.08,7966.42,31865.66,22454.89,9410.77
ST0001189,6/27/2025,O000915,C00204,P0080,E0034,R001,5,8289.26,0,41446.3,0,41446.3,21840.2,19606.1
ST0001190,2/15/2025,O002526,C00468,P0121,E0039,R005,2,11193.48,0.1,22386.96,2238.7,20148.26,14104.9,6043.36
ST0001191,8/10/2025,O001287,C00145,P0092,E0017,R002,8,59930.95,0.1,479447.6,47944.76,431502.84,267207.51,164295.33
ST0001192,4/15/2025,O001771,C00228,P0060,E0023,R004,3,59880.26,0.2,179640.79,35928.16,143712.63,100875.23,42837.41
ST0001193,8/13/2025,O002661,C00564,P0034,E0022,R003,5,38329.39,0,191646.97,0,191646.97,113864.33,77782.65
ST0001194,9/15/2025,O001764,C00351,P0031,E0025,R004,7,19609.63,0.25,137267.38,34316.84,102950.53,81492.87,21457.66
ST0001195,1/26/2026,O000305,C00582,P0138,E0040,R005,6,25886.49,0.2,155318.97,31063.79,124255.18,111831.01,12424.17
ST0001196,1/10/2026,O001772,C00574,P0061,E0027,R008,6,41749.36,0.25,250496.13,62624.03,187872.1,157559.72,30312.38
ST0001197,6/15/2026,O000004,C00148,P0118,E0001,R002,7,21760.5,0.05,152323.5,7616.17,144707.32,106969.43,37737.89
ST0001198,8/22/2025,O000171,C00156,P0075,E0035,R002,3,43140.05,0.15,129420.15,19413.02,110007.13,81262.52,28744.61
ST0001199,1/29/2025,O002304,C00146,P0099,E0040,R005,6,16609.78,0.1,99658.67,9965.87,89692.8,71725.59,17967.22
ST0001200,3/13/2025,O002440,C00473,P0115,E0015,R008,8,39417.47,0.05,315339.79,15766.99,299572.8,173663.7,125909.1
ST0001201,11/4/2025,O000778,C00285,P0056,E0039,R005,7,44861.45,0.15,314030.13,47104.52,266925.61,179392.54,87533.07
ST0001202,6/14/2026,O000173,C00454,P0010,E0011,R008,2,1137.11,0.05,2274.22,113.71,2160.51,1545.8,614.71
ST0001203,4/30/2025,O001711,C00399,P0025,E0005,R005,1,2059.81,0.15,2059.81,308.97,1750.84,1131.26,619.58
ST0001204,3/1/2026,O000610,C00425,P0125,E0017,R002,2,13584.86,0,27169.71,0,27169.71,23671.78,3497.93
ST0001205,10/17/2025,O000157,C00166,P0072,E0041,R002,7,47727.74,0.1,334094.15,33409.41,300684.73,227230.65,73454.08
ST0001206,6/20/2025,O000996,C00333,P0143,E0041,R002,2,37391.47,0.15,74782.94,11217.44,63565.5,45516.92,18048.58
ST0001207,11/18/2025,O001938,C00336,P0138,E0023,R004,6,23885.72,0.25,143314.34,35828.58,107485.75,111831.01,-4345.25
ST0001208,6/30/2026,O002806,C00262,P0091,E0034,R001,7,24473.16,0,171312.14,0,171312.14,99459.34,71852.8
ST0001209,1/4/2026,O001436,C00399,P0010,E0038,R002,7,1171.65,0.1,8201.58,820.16,7381.42,5410.29,1971.13
ST0001210,6/9/2025,O002281,C00518,P0138,E0005,R005,3,24612.11,0,73836.33,0,73836.33,55915.5,17920.83
ST0001211,10/5/2025,O002147,C00380,P0009,E0038,R002,1,3105.4,0,3105.4,0,3105.4,2074.06,1031.34
ST0001212,11/28/2025,O002927,C00399,P0125,E0004,R008,3,13972.15,0.2,41916.45,8383.29,33533.16,35507.67,-1974.51
ST0001213,5/6/2025,O002615,C00503,P0142,E0034,R001,2,33728.15,0.25,67456.3,16864.07,50592.22,39358.49,11233.73
ST0001214,7/12/2025,O001190,C00057,P0115,E0035,R002,3,38486.89,0.1,115460.67,11546.07,103914.6,65123.89,38790.71
ST0001215,7/18/2025,O000864,C00098,P0091,E0039,R005,7,22952.25,0.1,160665.73,16066.57,144599.15,99459.34,45139.82
ST0001216,8/5/2025,O002113,C00286,P0058,E0033,R008,1,30548.96,0,30548.96,0,30548.96,18927.2,11621.76
ST0001217,6/19/2025,O000204,C00454,P0103,E0019,R002,8,41288.91,0.15,330311.29,49546.69,280764.59,177497.85,103266.74
ST0001218,2/5/2025,O002452,C00071,P0150,E0028,R006,6,49385.26,0.05,296311.58,14815.58,281496,203632.57,77863.43
ST0001219,10/11/2025,O001420,C00011,P0073,E0009,R002,4,5254.84,0,21019.38,0,21019.38,14064.27,6955.11
ST0001220,7/6/2025,O001066,C00156,P0100,E0023,R004,8,44361.86,0,354894.88,0,354894.88,226174.22,128720.66
ST0001221,9/1/2025,O001781,C00430,P0098,E0032,R001,7,43923.6,0,307465.2,0,307465.2,194395.2,113070
ST0001222,5/24/2026,O002299,C00321,P0087,E0014,R005,8,5735.43,0,45883.42,0,45883.42,30607.92,15275.5
ST0001223,5/5/2026,O001741,C00413,P0078,E0009,R002,6,19927.8,0.05,119566.8,5978.34,113588.46,94046.78,19541.67
ST0001224,8/10/2026,O002740,C00202,P0094,E0034,R001,7,39692.31,0.05,277846.19,13892.31,263953.88,209192,54761.88
ST0001225,8/18/2025,O001020,C00231,P0023,E0021,R001,1,30171,0.2,30171,6034.2,24136.8,19043.4,5093.39
ST0001226,10/19/2025,O001798,C00103,P0054,E0020,R001,3,16259.77,0,48779.3,0,48779.3,28534.37,20244.93
ST0001227,1/12/2025,O000552,C00178,P0090,E0034,R001,6,16223.43,0.25,97340.58,24335.14,73005.43,69747,3258.43
ST0001228,4/18/2025,O000877,C00473,P0062,E0032,R001,8,31838,0.1,254704.02,25470.4,229233.61,162284.49,66949.12
ST0001229,10/23/2025,O000992,C00161,P0005,E0013,R004,4,12325.45,0.1,49301.81,4930.18,44371.63,45673.85,-1302.23
ST0001230,8/26/2026,O002817,C00387,P0143,E0041,R002,8,36261.66,0.25,290093.27,72523.32,217569.95,182067.68,35502.28
ST0001231,5/22/2025,O000659,C00389,P0107,E0019,R002,2,7102.3,0.15,14204.6,2130.69,12073.91,12339.71,-265.8
ST0001232,9/17/2025,O001969,C00571,P0040,E0016,R002,1,28790.22,0,28790.22,0,28790.22,17361.01,11429.21
ST0001233,1/25/2026,O001076,C00027,P0015,E0030,R003,3,31639.77,0.25,94919.32,23729.83,71189.49,53307.28,17882.2
ST0001234,11/10/2025,O001189,C00575,P0087,E0032,R001,6,5255.63,0,31533.8,0,31533.8,22955.94,8577.86
ST0001235,1/31/2026,O001402,C00316,P0076,E0032,R001,1,19320.22,0.2,19320.22,3864.04,15456.18,11888.74,3567.44
ST0001236,3/24/2026,O002949,C00075,P0010,E0013,R004,4,1199.53,0.1,4798.12,479.81,4318.3,3091.6,1226.71
ST0001237,6/24/2025,O001645,C00410,P0118,E0041,R002,4,20886.87,0.1,83547.5,8354.75,75192.75,61125.39,14067.36
ST0001238,10/6/2025,O000554,C00233,P0080,E0029,R006,7,7626.38,0,53384.63,0,53384.63,30576.28,22808.36
ST0001239,11/1/2025,O000055,C00295,P0052,E0018,R003,5,9295.47,0,46477.34,0,46477.34,31956.66,14520.68
ST0001241,6/5/2026,O001193,C00445,P0058,E0034,R001,6,28206.44,0.05,169238.61,8461.93,160776.68,113563.19,47213.49
ST0001242,10/12/2025,O002534,C00209,P0058,E0022,R003,1,29182.92,0.2,29182.92,5836.58,23346.33,18927.2,4419.14
ST0001243,6/14/2025,O001139,C00333,P0028,E0031,R001,8,24830.32,0.15,198642.59,29796.39,168846.2,159395.93,9450.28
ST0001244,5/1/2026,O002638,C00356,P0106,E0002,R002,6,55198.78,0.1,331192.68,33119.27,298073.41,204946.57,93126.84
ST0001245,1/2/2025,O001588,C00568,P0040,E0028,R006,8,28348.23,0.05,226785.87,11339.29,215446.57,138888.12,76558.45
ST0001246,10/18/2025,O000409,C00512,P0134,E0031,R001,7,16053.49,0.05,112374.41,5618.72,106755.69,73060.19,33695.5
ST0001247,10/6/2025,O000636,C00444,P0116,E0030,R003,6,30959.13,0,185754.8,0,185754.8,138703.99,47050.81
ST0001248,6/26/2026,O000018,C00102,P0043,E0039,R005,3,43845.19,0,131535.58,0,131535.58,83480.43,48055.15
ST0001249,5/16/2025,O000920,C00253,P0074,E0021,R001,1,15323.27,0.2,15323.27,3064.65,12258.62,11803.66,454.95
ST0001250,6/13/2025,O001918,C00105,P0116,E0026,R006,2,29592.09,0,59184.19,0,59184.19,46234.66,12949.52
ST0001251,5/20/2026,O002701,C00310,P0095,E0036,R004,1,2157.4,0,2157.4,0,2157.4,1491.87,665.53
ST0001252,8/13/2025,O002116,C00052,P0043,E0019,R002,1,44236.45,0.1,44236.45,4423.64,39812.8,27826.81,11985.99
ST0001253,1/18/2026,O001649,C00400,P0111,E0012,R004,1,42151.03,0.25,42151.03,10537.76,31613.27,24309.4,7303.87
ST0001254,4/22/2025,O000471,C00439,P0047,E0013,R004,4,15820.65,0.1,63282.61,6328.26,56954.35,44865.12,12089.23
ST0001255,5/26/2025,O002160,C00544,P0142,E0024,R002,5,34053.37,0.1,170266.84,17026.68,153240.16,98396.23,54843.93
ST0001256,4/29/2026,O002601,C00467,P0009,E0018,R003,7,3205.13,0.1,22435.92,2243.59,20192.33,14518.4,5673.92
ST0001257,11/28/2025,O000340,C00219,P0084,E0007,R002,3,38000.03,0.15,114000.09,17100.01,96900.08,81676.37,15223.71
ST0001258,7/4/2026,O001323,C00407,P0142,E0015,R008,5,32499.85,0,162499.27,0,162499.27,98396.23,64103.04
ST0001259,6/30/2026,O000061,C00219,P0038,E0031,R001,3,31194.19,0.05,93582.57,4679.13,88903.45,62323.95,26579.49
ST0001260,7/8/2025,O002843,C00042,P0143,E0014,R005,3,36800.57,0.15,110401.72,16560.26,93841.46,68275.38,25566.09
ST0001261,8/5/2025,O001610,C00112,P0049,E0006,R002,2,17433.09,0.1,34866.18,3486.62,31379.57,20363.73,11015.84
ST0001262,9/16/2025,O000962,C00052,P0119,E0040,R005,2,2889.55,0,5779.1,0,5779.1,3899.37,1879.73
ST0001263,6/14/2026,O000928,C00268,P0019,E0003,R001,2,19708.12,0,39416.24,0,39416.24,32809.26,6606.97
ST0001264,3/22/2025,O002849,C00552,P0040,E0039,R005,7,28308.89,0.2,198162.22,39632.44,158529.78,121527.1,37002.67
ST0001265,7/21/2025,O002406,C00179,P0032,E0032,R001,5,23649.97,0.15,118249.86,17737.48,100512.38,83498.31,17014.07
ST0001266,1/15/2025,O001019,C00180,P0147,E0032,R001,7,48217.08,0,337519.53,0,337519.53,196144.53,141375
ST0001267,9/20/2025,O000101,C00218,P0068,E0026,R006,8,25588.95,0.25,204711.56,51177.89,153533.67,123789.22,29744.45
ST0001268,1/19/2026,O000379,C00442,P0129,E0012,R004,2,16832.58,0.25,33665.16,8416.29,25248.87,19714.96,5533.91
ST0001269,10/30/2025,O002377,C00049,P0033,E0016,R002,6,31104.85,0.1,186629.13,18662.91,167966.21,120988.67,46977.55
ST0001270,11/22/2025,O002695,C00340,P0037,E0024,R002,5,31011.66,0.1,155058.31,15505.83,139552.48,121656.82,17895.66
ST0001271,3/30/2026,O002295,C00297,P0142,E0020,R001,4,32455.82,0,129823.3,0,129823.3,78716.99,51106.31
ST0001272,1/11/2025,O000903,C00392,P0068,E0025,R004,2,23994.89,0,47989.78,0,47989.78,30947.31,17042.48
ST0001273,1/22/2026,O000286,C00224,P0133,E0021,R001,2,4843.57,0.25,9687.15,2421.79,7265.36,6036.46,1228.9
ST0001274,1/29/2025,O002304,C00146,P0027,E0040,R005,5,17987.46,0.05,89937.3,4496.86,85440.43,55089.65,30350.78
ST0001275,7/30/2025,O000352,C00340,P0060,E0023,R004,3,56193.54,0,168580.62,0,168580.62,100875.23,67705.39
ST0001276,3/27/2026,O001823,C00192,P0001,E0038,R002,5,29327.35,0,146636.76,0,146636.76,87406.05,59230.71
ST0001277,7/30/2025,O002058,C00373,P0093,E0027,R008,7,14972.26,0.2,104805.83,20961.17,83844.67,82252.64,1592.03
ST0001278,5/14/2026,O001126,C00437,P0013,E0039,R005,7,11295.17,0.05,79066.22,3953.31,75112.91,67128.81,7984.1
ST0001279,3/24/2026,O002706,C00555,P0129,E0012,R004,8,16336.84,0,130694.75,0,130694.75,78859.84,51834.91
ST0001280,1/12/2026,O000090,C00204,P0051,E0006,R002,2,8182.6,0.25,16365.21,4091.3,12273.91,9812.49,2461.42
ST0001281,5/28/2026,O001449,C00176,P0100,E0019,R002,5,44594.8,0,222974,0,222974,141358.89,81615.12
ST0001282,8/4/2025,O000625,C00076,P0118,E0033,R008,6,21180.7,0.1,127084.23,12708.42,114375.8,91688.08,22687.72
ST0001283,9/27/2025,O002457,C00433,P0069,E0010,R004,1,15979.92,0.05,15979.92,799,15180.92,9342.11,5838.81
ST0001284,4/29/2025,O000112,C00168,P0057,E0031,R001,4,29792.12,0.1,119168.5,11916.85,107251.65,73498.74,33752.91
ST0001285,6/16/2025,O001088,C00186,P0067,E0025,R004,8,38298.68,0,306389.41,0,306389.41,261567.14,44822.27
ST0001286,8/15/2025,O001012,C00535,P0028,E0020,R001,4,23414.09,0.15,93656.34,14048.45,79607.89,79697.96,-90.07
ST0001287,1/2/2026,O001184,C00193,P0023,E0027,R008,3,29880.51,0.1,89641.54,8964.15,80677.39,57130.2,23547.18
ST0001288,11/4/2025,O001231,C00112,P0019,E0036,R004,1,19556.82,0,19556.82,0,19556.82,16404.63,3152.19
ST0001289,1/19/2026,O000919,C00174,P0043,E0001,R002,7,46135.38,0.1,322947.64,32294.76,290652.88,194787.68,95865.2
ST0001290,3/11/2026,O001437,C00503,P0060,E0029,R006,2,58414.75,0.15,116829.5,17524.42,99305.07,67250.15,32054.92
ST0001291,1/5/2026,O000187,C00336,P0090,E0035,R002,8,17035.44,0.1,136283.49,13628.35,122655.14,92996.01,29659.13
ST0001292,8/11/2025,O000989,C00564,P0023,E0028,R006,1,27752.67,0.15,27752.67,4162.9,23589.77,19043.4,4546.37
ST0001293,4/26/2025,O002469,C00239,P0104,E0001,R002,6,3953.21,0.25,23719.27,5929.82,17789.45,14105.05,3684.4
ST0001294,12/18/2025,O000388,C00440,P0043,E0023,R004,6,43737.48,0,262424.88,0,262424.88,166960.87,95464.01
ST0001295,5/20/2026,O001592,C00483,P0074,E0017,R002,1,14840.79,0.1,14840.79,1484.08,13356.71,11803.66,1553.05
ST0001296,11/18/2025,O001191,C00585,P0134,E0036,R004,7,16564.04,0.05,115948.28,5797.41,110150.87,73060.19,37090.68
ST0001297,6/13/2025,O002300,C00407,P0097,E0029,R006,5,11289.29,0.15,56446.45,8466.97,47979.49,34275.37,13704.12
ST0001298,4/8/2026,O000285,C00213,P0120,E0016,R002,1,3481.02,0,3481.02,0,3481.02,2591.58,889.44
ST0001299,2/5/2025,O001661,C00232,P0028,E0003,R001,1,24822.37,0.1,24822.37,2482.24,22340.13,19924.49,2415.64
ST0001300,6/30/2026,O001920,C00273,P0002,E0036,R004,2,6157.83,0.25,12315.66,3078.91,9236.74,8486.13,750.62
ST0001301,6/6/2025,O000909,C00040,P0124,E0025,R004,6,8881.84,0.05,53291.07,2664.55,50626.51,37984.56,12641.96
ST0001302,3/13/2025,O002440,C00473,P0051,E0015,R008,4,8646.27,0,34585.07,0,34585.07,19624.97,14960.1
ST0001303,10/24/2025,O001820,C00225,P0136,E0012,R004,2,45692.49,0,91384.98,0,91384.98,54083.21,37301.77
ST0001304,2/6/2026,O001812,C00568,P0028,E0017,R002,7,24452.97,0,171170.82,0,171170.82,139471.44,31699.38
ST0001305,6/14/2025,O001139,C00333,P0007,E0031,R001,3,25722.5,0.05,77167.5,3858.37,73309.12,50493.89,22815.23
ST0001306,1/18/2026,O001174,C00063,P0076,E0037,R004,2,20164.93,0.25,40329.86,10082.47,30247.4,23777.48,6469.91
ST0001307,3/26/2026,O001461,C00146,P0086,E0002,R002,7,21061.44,0,147430.1,0,147430.1,120980.71,26449.39
ST0001308,9/25/2025,O000952,C00397,P0060,E0032,R001,5,58190.14,0.2,290950.69,58190.14,232760.55,168125.38,64635.17
ST0001309,11/15/2025,O001668,C00138,P0088,E0004,R008,6,27271.58,0,163629.49,0,163629.49,120290.99,43338.5
ST0001310,4/3/2025,O002325,C00289,P0028,E0033,R008,8,24320.46,0,194563.66,0,194563.66,159395.93,35167.73
ST0001311,11/6/2025,O000865,C00332,P0060,E0029,R006,6,55786.7,0,334720.19,0,334720.19,201750.45,132969.74
ST0001312,12/17/2025,O000227,C00443,P0080,E0015,R008,3,7854.7,0.1,23564.09,2356.41,21207.68,13104.12,8103.56
ST0001313,4/20/2025,O001426,C00178,P0055,E0016,R002,7,24094.47,0.2,168661.32,33732.26,134929.06,118834.75,16094.31
ST0001314,3/29/2025,O002513,C00503,P0123,E0020,R001,8,23175.68,0.1,185405.45,18540.55,166864.91,164224.14,2640.77
ST0001315,12/5/2025,O000887,C00205,P0146,E0007,R002,5,41241.44,0.2,206207.18,41241.44,164965.75,124393.53,40572.22
ST0001316,10/15/2025,O000634,C00257,P0070,E0013,R004,8,18083.68,0,144669.43,0,144669.43,85053.48,59615.95
ST0001317,8/9/2025,O000804,C00217,P0144,E0022,R003,6,20752.74,0.1,124516.46,12451.65,112064.81,67786.67,44278.15
ST0001318,10/27/2025,O001350,C00382,P0063,E0031,R001,3,21403.56,0.2,64210.68,12842.14,51368.54,51085.31,283.24
ST0001319,4/9/2025,O001590,C00205,P0142,E0027,R008,8,33696.82,0.05,269574.59,13478.73,256095.86,157433.97,98661.89
ST0001320,2/28/2025,O002873,C00286,P0021,E0020,R001,4,12918.57,0,51674.26,0,51674.26,39078.14,12596.12
ST0001321,5/17/2025,O000510,C00333,P0124,E0006,R002,7,8763.88,0,61347.14,0,61347.14,44315.32,17031.82
ST0001322,9/15/2025,O001764,C00351,P0002,E0025,R004,6,6107.87,0.2,36647.23,7329.45,29317.79,25458.39,3859.4
ST0001323,10/17/2025,O000415,C00074,P0123,E0035,R002,4,24578.78,0.1,98315.14,9831.51,88483.63,82112.07,6371.55
ST0001324,5/22/2026,O002489,C00031,P0033,E0004,R008,2,31206.58,0,62413.15,0,62413.15,40329.56,22083.6
ST0001325,5/20/2026,O001592,C00483,P0035,E0017,R002,6,10435.22,0.2,62611.29,12522.26,50089.03,50649.04,-560
ST0001326,11/20/2025,O002407,C00569,P0143,E0029,R006,4,39379.73,0.05,157518.93,7875.95,149642.99,91033.84,58609.15
ST0001327,6/16/2025,O001078,C00096,P0101,E0013,R004,5,36127.8,0.25,180638.99,45159.75,135479.25,101637.89,33841.35
ST0001328,3/25/2025,O002428,C00445,P0137,E0036,R004,8,26317.53,0.05,210540.23,10527.01,200013.22,197376.83,2636.38
ST0001329,2/8/2026,O002715,C00012,P0084,E0001,R002,6,38047.13,0.25,228282.79,57070.7,171212.09,163352.73,7859.36
ST0001330,7/1/2026,O000946,C00290,P0061,E0029,R006,5,44046.7,0.1,220233.5,22023.35,198210.15,131299.77,66910.38
ST0001331,2/7/2025,O002850,C00393,P0026,E0014,R005,7,18561.6,0.2,129931.22,25986.24,103944.97,104965.88,-1020.9
ST0001332,5/11/2025,O002389,C00004,P0039,E0017,R002,6,38480.1,0.15,230880.6,34632.09,196248.51,200767.29,-4518.77
ST0001333,10/14/2025,O002657,C00470,P0015,E0013,R004,6,28824.79,0,172948.77,0,172948.77,106614.57,66334.2
ST0001334,1/15/2026,O001596,C00227,P0014,E0015,R008,1,21963.13,0,21963.13,0,21963.13,18435.5,3527.62
ST0001335,3/28/2025,O000456,C00096,P0015,E0012,R004,2,31228.28,0.1,62456.56,6245.66,56210.9,35538.19,20672.71
ST0001336,7/5/2026,O000303,C00430,P0107,E0029,R006,2,7444,0.1,14887.99,1488.8,13399.2,12339.71,1059.49
ST0001338,5/28/2025,O002554,C00048,P0132,E0021,R001,2,22883.26,0,45766.53,0,45766.53,27747.77,18018.75
ST0001339,8/16/2025,O000947,C00501,P0001,E0039,R005,1,30405.68,0.15,30405.68,4560.85,25844.83,17481.21,8363.62
ST0001340,4/20/2026,O002098,C00080,P0036,E0018,R003,4,12047.28,0.05,48189.12,2409.46,45779.66,29533.39,16246.28
ST0001341,7/30/2025,O002728,C00151,P0097,E0016,R002,1,11577.36,0.2,11577.36,2315.47,9261.89,6855.07,2406.82
ST0001342,8/9/2026,O002904,C00356,P0144,E0035,R002,7,20015.12,0,140105.82,0,140105.82,79084.45,61021.38
ST0001343,7/7/2025,O002761,C00124,P0056,E0037,R004,2,45037.53,0.2,90075.07,18015.01,72060.05,51255.01,20805.04
ST0001344,3/27/2026,O001075,C00364,P0136,E0002,R002,2,47514.09,0.1,95028.18,9502.82,85525.36,54083.21,31442.15
ST0001345,12/12/2025,O002573,C00240,P0063,E0021,R001,7,21383.58,0.05,149685.03,7484.25,142200.78,119199.05,23001.73
ST0001346,7/30/2026,O001299,C00336,P0108,E0024,R002,2,16325.61,0,32651.22,0,32651.22,26046.13,6605.09
ST0001347,7/15/2025,O000295,C00257,P0136,E0021,R001,3,49344.5,0,148033.5,0,148033.5,81124.82,66908.68
ST0001348,6/22/2026,O001683,C00575,P0055,E0011,R008,2,23643.21,0.1,47286.43,4728.64,42557.79,33952.78,8605
ST0001349,3/28/2026,O001178,C00384,P0032,E0038,R002,8,22722.22,0.2,181777.8,36355.56,145422.24,133597.3,11824.94
ST0001350,2/24/2025,O002580,C00146,P0058,E0007,R002,1,28201.04,0.1,28201.04,2820.1,25380.93,18927.2,6453.74
ST0001351,8/24/2025,O001073,C00071,P0030,E0022,R003,7,47863.8,0.1,335046.6,33504.66,301541.94,211085.27,90456.67
ST0001352,6/28/2025,O002076,C00097,P0049,E0016,R002,6,18629.51,0.15,111777.06,16766.56,95010.5,61091.18,33919.32
ST0001353,6/17/2026,O002421,C00503,P0017,E0023,R004,7,29872.76,0.1,209109.35,20910.93,188198.41,166067.29,22131.12
ST0001354,5/1/2025,O001122,C00283,P0004,E0022,R003,4,30468.82,0.25,121875.27,30468.82,91406.45,96751.18,-5344.73
ST0001355,1/3/2026,O002366,C00278,P0018,E0036,R004,4,37058.13,0.05,148232.52,7411.63,140820.89,121138.32,19682.57
ST0001356,4/17/2026,O000574,C00092,P0137,E0005,R005,3,28723.54,0.2,86170.61,17234.12,68936.49,74016.31,-5079.82
ST0001357,2/11/2025,O001648,C00258,P0117,E0006,R002,2,20905.25,0.15,41810.51,6271.58,35538.93,34946.64,592.3
ST0001358,3/2/2026,O000985,C00361,P0119,E0038,R002,5,2979.42,0.15,14897.1,2234.57,12662.54,9748.43,2914.11
ST0001359,8/13/2026,O002326,C00158,P0083,E0028,R006,3,55523.69,0.05,166571.08,8328.55,158242.53,94890.89,63351.64
ST0001360,3/5/2025,O000758,C00143,P0107,E0015,R008,5,7020.97,0.2,35104.84,7020.97,28083.87,30849.27,-2765.4
ST0001361,9/18/2025,O002131,C00311,P0072,E0039,R005,4,48409.09,0.2,193636.34,38727.27,154909.08,129846.09,25062.99
ST0001362,2/24/2025,O002580,C00146,P0110,E0007,R002,7,427.48,0.25,2992.39,748.1,2244.3,2390.31,-146.02
ST0001363,5/29/2026,O000476,C00131,P0020,E0022,R003,5,43353.32,0,216766.58,0,216766.58,132881.32,83885.26
ST0001364,9/17/2025,O000905,C00337,P0012,E0007,R002,7,26054.72,0.15,182383.02,27357.45,155025.56,148725.05,6300.52
ST0001365,4/5/2026,O002899,C00459,P0134,E0001,R002,1,16325.64,0.1,16325.64,1632.56,14693.08,10437.17,4255.91
ST0001366,8/15/2026,O001962,C00201,P0022,E0006,R002,6,6632.66,0.05,39795.94,1989.8,37806.14,33680.77,4125.38
ST0001367,4/21/2026,O002433,C00321,P0015,E0034,R001,7,30866.98,0,216068.83,0,216068.83,124383.66,91685.17
ST0001368,3/28/2025,O001973,C00551,P0136,E0041,R002,8,49583.57,0,396668.57,0,396668.57,216332.84,180335.73
ST0001369,5/30/2026,O000704,C00142,P0092,E0024,R002,2,58432.31,0,116864.62,0,116864.62,66801.88,50062.75
ST0001370,8/13/2026,O002922,C00245,P0069,E0013,R004,7,16780.47,0.1,117463.31,11746.33,105716.98,65394.8,40322.17
ST0001371,5/14/2026,O000690,C00503,P0030,E0024,R002,7,45832.42,0.2,320826.93,64165.39,256661.54,211085.27,45576.28
ST0001372,4/11/2025,O001626,C00085,P0102,E0014,R005,1,28797.4,0,28797.4,0,28797.4,16556.14,12241.26
ST0001373,7/30/2025,O001328,C00043,P0131,E0026,R006,5,37743.41,0.25,188717.06,47179.26,141537.79,171544.1,-30006.3
ST0001374,5/27/2025,O000028,C00536,P0045,E0006,R002,6,56732.35,0.15,340394.12,51059.12,289335,189297.12,100037.88
ST0001375,2/7/2025,O002415,C00054,P0146,E0041,R002,8,40056.27,0,320450.13,0,320450.13,199029.65,121420.48
ST0001376,2/5/2026,O002956,C00589,P0117,E0040,R005,4,21827.56,0.05,87310.26,4365.51,82944.75,69893.27,13051.48
ST0001377,10/10/2025,O002003,C00523,P0149,E0004,R008,6,37174.23,0,223045.37,0,223045.37,146605.34,76440.03
ST0001378,6/10/2025,O002312,C00045,P0038,E0019,R002,5,30953.61,0.05,154768.03,7738.4,147029.63,103873.25,43156.38
ST0001379,9/3/2025,O002795,C00544,P0022,E0010,R004,2,6461.81,0.2,12923.62,2584.72,10338.9,11226.92,-888.02
ST0001380,3/10/2025,O000888,C00480,P0101,E0040,R005,8,34709.07,0.2,277672.59,55534.52,222138.07,162620.63,59517.44
ST0001381,1/7/2026,O002162,C00326,P0109,E0012,R004,3,45848.15,0.1,137544.45,13754.45,123790.01,83135.71,40654.29
ST0001382,6/7/2025,O002675,C00367,P0119,E0005,R005,7,2831.72,0,19822.04,0,19822.04,13647.8,6174.24
ST0001383,8/9/2026,O001495,C00299,P0143,E0025,R004,5,38609.16,0,193045.79,0,193045.79,113792.3,79253.49
ST0001384,5/18/2026,O000841,C00004,P0054,E0029,R006,1,17592.88,0.15,17592.88,2638.93,14953.95,9511.46,5442.49
ST0001385,11/18/2025,O000176,C00430,P0093,E0027,R008,7,16476.96,0,115338.71,0,115338.71,82252.64,33086.07
ST0001386,8/7/2026,O002082,C00129,P0038,E0015,R008,3,30676.37,0.2,92029.12,18405.82,73623.29,62323.95,11299.34
ST0001387,4/23/2025,O002289,C00364,P0036,E0013,R004,8,11677.74,0.25,93421.96,23355.49,70066.47,59066.77,10999.7
ST0001388,2/24/2025,O000702,C00290,P0029,E0039,R005,1,40839.42,0.2,40839.42,8167.88,32671.53,23994.59,8676.94
ST0001389,6/23/2025,O002934,C00036,P0134,E0023,R004,4,15931.24,0.2,63724.95,12744.99,50979.96,41748.68,9231.28
ST0001390,12/25/2025,O001808,C00467,P0059,E0013,R004,7,25801.89,0.25,180613.25,45153.31,135459.94,115319.01,20140.93
ST0001391,11/18/2025,O001191,C00585,P0140,E0036,R004,6,31118.67,0,186711.99,0,186711.99,108444.05,78267.94
ST0001392,6/14/2026,O001934,C00454,P0035,E0019,R002,1,10478.55,0.1,10478.55,1047.86,9430.7,8441.51,989.19
ST0001393,9/24/2025,O000093,C00411,P0141,E0041,R002,5,18120.46,0.1,90602.29,9060.23,81542.06,81757.54,-215.48
ST0001394,7/18/2025,O001038,C00454,P0018,E0023,R004,7,37143.09,0,260001.61,0,260001.61,211992.06,48009.55
ST0001395,3/9/2026,O002008,C00447,P0111,E0029,R006,4,41819.06,0.05,167276.25,8363.81,158912.44,97237.61,61674.83
ST0001396,7/22/2025,O000272,C00045,P0041,E0002,R002,6,46753.66,0,280521.95,0,280521.95,170203.18,110318.76
ST0001397,1/20/2026,O002804,C00136,P0005,E0020,R001,1,13426.56,0,13426.56,0,13426.56,11418.46,2008.09
ST0001398,6/10/2026,O000133,C00565,P0132,E0005,R005,2,24020.69,0.2,48041.38,9608.28,38433.11,27747.77,10685.33
ST0001399,12/4/2025,O002203,C00074,P0066,E0005,R005,3,27940.97,0,83822.9,0,83822.9,51101.87,32721.03
ST0001400,12/14/2025,O000852,C00275,P0013,E0033,R008,1,11018.92,0,11018.92,0,11018.92,9589.83,1429.09
ST0001401,1/18/2025,O001851,C00132,P0035,E0039,R005,3,10672.01,0,32016.03,0,32016.03,25324.52,6691.51
ST0001402,7/3/2026,O000629,C00125,P0136,E0014,R005,4,45179.84,0,180719.36,0,180719.36,108166.42,72552.94
ST0001403,7/22/2025,O002743,C00288,P0070,E0031,R001,3,18365.97,0.2,55097.9,11019.58,44078.32,31895.06,12183.26
ST0001404,9/19/2025,O001125,C00279,P0051,E0003,R001,8,8239.78,0,65918.25,0,65918.25,39249.94,26668.31
ST0001405,8/17/2026,O002353,C00456,P0030,E0021,R001,7,48621.33,0,340349.29,0,340349.29,211085.27,129264.02
ST0001406,3/30/2026,O002295,C00297,P0008,E0020,R001,2,40406.93,0.2,80813.85,16162.77,64651.08,43993.51,20657.58
ST0001407,1/12/2025,O001624,C00346,P0057,E0002,R002,2,28538.57,0.25,57077.14,14269.28,42807.85,36749.37,6058.48
ST0001408,8/8/2026,O001747,C00536,P0099,E0013,R004,8,16706.55,0.05,133652.4,6682.62,126969.78,95634.12,31335.67
ST0001409,1/28/2026,O000038,C00033,P0064,E0029,R006,4,17943.58,0.05,71774.34,3588.72,68185.62,39681.2,28504.42
ST0001410,7/10/2026,O001532,C00100,P0072,E0020,R001,5,44945,0,224724.98,0,224724.98,162307.61,62417.37
ST0001411,1/15/2026,O001596,C00227,P0026,E0015,R008,7,18549.28,0.15,129844.98,19476.75,110368.23,104965.88,5402.36
ST0001412,12/31/2025,O001902,C00165,P0002,E0009,R002,1,6307.22,0.05,6307.22,315.36,5991.86,4243.06,1748.8
ST0001413,11/10/2025,O001189,C00575,P0085,E0032,R001,1,21988.44,0.2,21988.44,4397.69,17590.75,15487.25,2103.5
ST0001414,8/24/2026,O002687,C00459,P0025,E0023,R004,8,1994.3,0,15954.4,0,15954.4,9050.12,6904.28
ST0001415,10/30/2025,O002377,C00049,P0106,E0016,R002,3,52701.27,0.15,158103.8,23715.57,134388.23,102473.29,31914.94
ST0001416,7/2/2025,O000531,C00087,P0076,E0003,R001,2,18570.63,0,37141.26,0,37141.26,23777.48,13363.78
ST0001417,1/12/2025,O001302,C00255,P0005,E0026,R006,7,12987.8,0.2,90914.57,18182.91,72731.65,79929.24,-7197.59
ST0001418,7/12/2026,O001703,C00416,P0026,E0039,R005,4,18045.19,0.25,72180.77,18045.19,54135.58,59980.5,-5844.93
ST0001419,11/16/2025,O000666,C00349,P0085,E0015,R008,6,22125.74,0,132754.45,0,132754.45,92923.5,39830.95
ST0001420,2/12/2026,O002853,C00375,P0042,E0017,R002,3,21498.67,0.15,64496,9674.4,54821.6,41167.79,13653.81
ST0001421,1/29/2025,O000197,C00311,P0084,E0020,R001,4,39944.95,0.2,159779.79,31955.96,127823.83,108901.82,18922.01
ST0001422,3/27/2026,O001823,C00192,P0078,E0038,R002,4,19764.73,0.05,79058.93,3952.95,75105.98,62697.86,12408.12
ST0001423,11/7/2025,O000235,C00367,P0079,E0014,R005,8,26482.82,0,211862.58,0,211862.58,173796.6,38065.98
ST0001424,5/30/2025,O001393,C00177,P0051,E0026,R006,6,8001.6,0,48009.62,0,48009.62,29437.46,18572.16
ST0001425,7/22/2025,O000357,C00479,P0030,E0021,R001,6,48662.87,0.25,291977.24,72994.31,218982.93,180930.23,38052.7
ST0001426,8/11/2025,O001330,C00236,P0082,E0038,R002,7,30580.06,0.1,214060.4,21406.04,192654.36,114851.87,77802.49
ST0001427,12/1/2025,O001825,C00116,P0140,E0015,R008,3,31933.03,0,95799.09,0,95799.09,54222.03,41577.06
ST0001428,11/27/2025,O000338,C00525,P0114,E0007,R002,5,13807.78,0,69038.89,0,69038.89,61265.66,7773.23
ST0001429,5/13/2025,O000975,C00213,P0006,E0002,R002,5,37836.96,0.05,189184.8,9459.24,179725.56,99819.92,79905.64
ST0001430,7/26/2026,O002186,C00103,P0130,E0024,R002,1,36752.54,0.15,36752.54,5512.88,31239.66,20331.81,10907.85
ST0001431,3/16/2026,O001929,C00269,P0031,E0009,R002,7,19473.82,0.25,136316.74,34079.18,102237.55,81492.87,20744.68
ST0001432,9/27/2025,O001268,C00082,P0034,E0013,R004,3,39101.32,0,117303.97,0,117303.97,68318.6,48985.38
ST0001433,1/8/2026,O001508,C00215,P0085,E0032,R001,5,23273.18,0.05,116365.88,5818.29,110547.58,77436.25,33111.33
ST0001434,1/8/2025,O002443,C00362,P0047,E0017,R002,1,15423.33,0.25,15423.33,3855.83,11567.5,11216.28,351.22
ST0001435,6/21/2025,O001445,C00562,P0145,E0032,R001,7,3178.99,0.1,22252.94,2225.29,20027.65,16312.22,3715.43
ST0001436,2/24/2025,O002032,C00351,P0023,E0028,R006,2,29488.89,0.25,58977.79,14744.45,44233.34,38086.8,6146.54
ST0001437,4/28/2025,O001840,C00478,P0141,E0010,R004,4,17895.96,0.05,71583.83,3579.19,68004.64,65406.03,2598.61
ST0001438,2/22/2026,O001358,C00225,P0120,E0038,R002,7,3505.59,0.1,24539.12,2453.91,22085.21,18141.06,3944.15
ST0001439,7/1/2025,O001025,C00251,P0084,E0016,R002,2,36529.84,0.1,73059.68,7305.97,65753.71,54450.91,11302.8
ST0001440,4/9/2025,O000003,C00309,P0141,E0019,R002,6,19681.47,0.15,118088.8,17713.32,100375.48,98109.05,2266.43
ST0001441,7/8/2026,O001904,C00064,P0010,E0002,R002,2,1236.48,0.2,2472.97,494.59,1978.37,1545.8,432.57
ST0001442,6/22/2026,O000688,C00581,P0047,E0020,R001,2,16130.62,0,32261.23,0,32261.23,22432.56,9828.67
ST0001443,9/28/2025,O001553,C00372,P0134,E0009,R002,7,15893.94,0.15,111257.57,16688.63,94568.93,73060.19,21508.74
ST0001444,2/1/2025,O000802,C00384,P0070,E0032,R001,8,17579.21,0.2,140633.7,28126.74,112506.96,85053.48,27453.48
ST0001445,3/13/2026,O000289,C00477,P0034,E0034,R001,4,36772.38,0.1,147089.51,14708.95,132380.56,91091.46,41289.1
ST0001446,8/20/2025,O001151,C00230,P0100,E0016,R002,2,46529.37,0.2,93058.73,18611.75,74446.98,56543.55,17903.43
ST0001447,4/1/2026,O001010,C00267,P0147,E0023,R004,8,51112.79,0.25,408902.34,102225.59,306676.76,224165.18,82511.58
ST0001448,1/11/2025,O002435,C00590,P0033,E0017,R002,8,28874.68,0.05,230997.41,11549.87,219447.54,161318.22,58129.32
ST0001449,12/19/2025,O002851,C00572,P0101,E0024,R002,1,37995.09,0.25,37995.09,9498.77,28496.32,20327.58,8168.74
ST0001450,1/11/2025,O000903,C00392,P0055,E0025,R004,8,24166.48,0.15,193331.84,28999.78,164332.07,135811.14,28520.93
ST0001451,5/18/2026,O002772,C00581,P0091,E0036,R004,3,23493.39,0.2,70480.17,14096.03,56384.13,42625.43,13758.7
ST0001452,5/3/2026,O002633,C00214,P0144,E0037,R004,7,20084.24,0,140589.66,0,140589.66,79084.45,61505.22
ST0001453,2/24/2026,O002237,C00232,P0067,E0038,R002,4,42189.29,0.1,168757.15,16875.72,151881.44,130783.57,21097.87
ST0001454,3/29/2026,O001622,C00092,P0063,E0035,R002,1,21085.59,0.15,21085.59,3162.84,17922.75,17028.44,894.32
ST0001455,4/23/2026,O000036,C00079,P0002,E0035,R002,8,6029.46,0.15,48235.71,7235.36,41000.35,33944.52,7055.83
ST0001456,3/14/2025,O001166,C00367,P0150,E0039,R005,5,52874.97,0.05,264374.87,13218.74,251156.12,169693.81,81462.31
ST0001457,9/28/2025,O001895,C00457,P0065,E0001,R002,5,40538.74,0.25,202693.7,50673.43,152020.28,129475.89,22544.39
ST0001458,12/20/2025,O000178,C00558,P0116,E0041,R002,7,30805.42,0.25,215637.92,53909.48,161728.44,161821.32,-92.88
ST0001459,8/4/2026,O000698,C00126,P0110,E0029,R006,3,422.29,0.25,1266.86,316.71,950.14,1024.42,-74.28
ST0001460,7/12/2025,O001407,C00271,P0073,E0040,R005,4,5194.44,0.1,20777.75,2077.78,18699.98,14064.27,4635.71
ST0001461,5/20/2025,O001453,C00044,P0146,E0005,R005,2,40944.16,0,81888.33,0,81888.33,49757.41,32130.91
ST0001462,6/1/2026,O001062,C00580,P0064,E0029,R006,6,17461.33,0.15,104767.96,15715.19,89052.76,59521.81,29530.96
ST0001463,8/9/2025,O000858,C00383,P0133,E0023,R004,6,5268.89,0.2,31613.36,6322.67,25290.69,18109.39,7181.29
ST0001464,11/27/2025,O002911,C00568,P0146,E0017,R002,1,40030.77,0.15,40030.77,6004.61,34026.15,24878.71,9147.45
ST0001465,1/12/2025,O002884,C00559,P0147,E0039,R005,7,50030.2,0.25,350211.41,87552.85,262658.56,196144.53,66514.03
ST0001466,12/13/2025,O001288,C00014,P0116,E0021,R001,4,31845.56,0.1,127382.24,12738.22,114644.02,92469.33,22174.69
ST0001467,4/23/2026,O001352,C00141,P0107,E0023,R004,2,7107.51,0.15,14215.02,2132.25,12082.76,12339.71,-256.94
ST0001468,9/27/2025,O001268,C00082,P0056,E0013,R004,5,47938.32,0.1,239691.58,23969.16,215722.42,128137.53,87584.89
ST0001469,8/21/2026,O002841,C00047,P0054,E0011,R008,1,17933.92,0.2,17933.92,3586.78,14347.13,9511.46,4835.68
ST0001470,11/17/2025,O002745,C00233,P0026,E0034,R001,8,18689.43,0.1,149515.41,14951.54,134563.87,119961,14602.87
ST0001471,1/10/2025,O000385,C00490,P0050,E0033,R008,6,1117.06,0.2,6702.36,1340.47,5361.89,4007.33,1354.56
ST0001472,8/29/2025,O002566,C00309,P0001,E0011,R008,8,29913.32,0,239306.55,0,239306.55,139849.68,99456.86
ST0001473,3/12/2026,O001589,C00192,P0150,E0007,R002,3,49618.59,0,148855.78,0,148855.78,101816.29,47039.49
ST0001474,3/19/2025,O002931,C00479,P0129,E0015,R008,6,15939.21,0,95635.24,0,95635.24,59144.88,36490.36
ST0001475,11/9/2025,O000775,C00209,P0105,E0010,R004,6,2834.29,0.15,17005.72,2550.86,14454.86,13927.68,527.18
ST0001476,8/27/2026,O001365,C00214,P0012,E0021,R001,3,25965.81,0.25,77897.43,19474.36,58423.07,63739.31,-5316.23
ST0001477,8/26/2025,O000567,C00475,P0101,E0006,R002,6,35379.47,0.1,212276.8,21227.68,191049.12,121965.47,69083.65
ST0001478,5/13/2025,O000975,C00213,P0081,E0002,R002,6,43950.04,0.05,263700.25,13185.01,250515.23,160580.15,89935.08
ST0001479,9/22/2025,O002553,C00446,P0116,E0022,R003,3,29830.52,0.2,89491.57,17898.31,71593.25,69351.99,2241.26
ST0001480,11/8/2025,O000220,C00253,P0049,E0037,R004,3,18728.84,0,56186.51,0,56186.51,30545.59,25640.91
ST0001481,4/18/2025,O001098,C00098,P0124,E0027,R008,8,8441.65,0.1,67533.2,6753.32,60779.88,50646.08,10133.8
ST0001482,6/11/2026,O002509,C00262,P0085,E0032,R001,1,23100.03,0.2,23100.03,4620.01,18480.03,15487.25,2992.78
ST0001483,9/9/2025,O001463,C00134,P0081,E0028,R006,6,41971.07,0.1,251826.4,25182.64,226643.76,160580.15,66063.61
ST0001484,6/13/2026,O000172,C00424,P0039,E0028,R006,1,37378.45,0,37378.45,0,37378.45,33461.21,3917.23
ST0001485,2/15/2026,O001927,C00261,P0065,E0022,R003,2,40196.5,0.05,80392.99,4019.65,76373.34,51790.35,24582.99
ST0001486,6/16/2025,O001088,C00186,P0093,E0025,R004,5,16229.68,0.25,81148.42,20287.1,60861.31,58751.89,2109.43
ST0001487,7/22/2025,O001605,C00184,P0029,E0014,R005,3,37772.12,0.15,113316.35,16997.45,96318.9,71983.78,24335.12
ST0001488,1/8/2026,O001022,C00537,P0024,E0016,R002,3,8192.19,0.2,24576.58,4915.32,19661.26,18282.21,1379.05
ST0001489,9/15/2025,O000059,C00205,P0108,E0028,R006,6,15394.71,0.2,92368.29,18473.66,73894.63,78138.39,-4243.77
ST0001490,5/18/2025,O001660,C00203,P0027,E0033,R008,3,18288.49,0,54865.48,0,54865.48,33053.79,21811.69
ST0001491,5/4/2025,O002217,C00149,P0061,E0003,R001,1,42760.44,0.05,42760.44,2138.02,40622.42,26259.95,14362.47
ST0001492,3/7/2025,O001161,C00356,P0108,E0032,R001,6,15747.96,0,94487.78,0,94487.78,78138.39,16349.38
ST0001493,12/17/2025,O001052,C00061,P0095,E0007,R002,6,2052.47,0.05,12314.83,615.74,11699.09,8951.23,2747.86
ST0001494,1/19/2026,O002379,C00352,P0086,E0029,R006,1,20380.4,0.1,20380.4,2038.04,18342.36,17282.96,1059.4
ST0001495,1/14/2026,O000870,C00407,P0086,E0016,R002,7,20127.5,0.1,140892.47,14089.25,126803.22,120980.71,5822.51
ST0001496,6/21/2025,O001996,C00592,P0138,E0037,R004,5,25964.1,0,129820.51,0,129820.51,93192.51,36628.01
ST0001497,6/4/2025,O000951,C00394,P0036,E0013,R004,8,11902.06,0,95216.49,0,95216.49,59066.77,36149.71
ST0001499,6/1/2025,O000145,C00089,P0008,E0021,R001,3,39717.64,0.25,119152.91,29788.23,89364.69,65990.26,23374.43
ST0001500,5/28/2026,O001001,C00248,P0103,E0013,R004,7,40374.72,0.25,282623.05,70655.76,211967.29,155310.62,56656.67
ST0001501,3/8/2025,O000583,C00205,P0109,E0027,R008,1,42440.39,0.2,42440.39,8488.08,33952.31,27711.9,6240.4
ST0001502,9/15/2025,O000753,C00024,P0039,E0016,R002,1,39428.49,0.05,39428.49,1971.42,37457.07,33461.21,3995.85
ST0001503,7/11/2026,O001382,C00022,P0006,E0035,R002,7,34913.19,0.25,244392.33,61098.08,183294.25,139747.88,43546.37
ST0001504,6/26/2025,O002481,C00015,P0010,E0018,R003,7,1208.5,0.1,8459.49,845.95,7613.54,5410.29,2203.25
ST0001505,1/30/2025,O000098,C00185,P0018,E0028,R006,6,37129.72,0,222778.34,0,222778.34,181707.48,41070.86
ST0001506,11/7/2025,O000159,C00104,P0015,E0028,R006,4,30520.18,0,122080.74,0,122080.74,71076.38,51004.36
ST0001507,6/6/2026,O001036,C00500,P0080,E0001,R002,1,7912.2,0.15,7912.2,1186.83,6725.37,4368.04,2357.33
ST0001508,1/8/2026,O001949,C00319,P0042,E0022,R003,2,20909.89,0.2,41819.78,8363.96,33455.82,27445.19,6010.63
ST0001509,7/5/2026,O000303,C00430,P0142,E0029,R006,4,33770.05,0.25,135080.18,33770.05,101310.14,78716.99,22593.15
ST0001510,8/23/2026,O002811,C00542,P0060,E0028,R006,2,58631.22,0,117262.44,0,117262.44,67250.15,50012.29
ST0001511,5/1/2026,O002368,C00313,P0097,E0036,R004,3,10842.3,0.25,32526.9,8131.72,24395.17,20565.22,3829.95
ST0001512,7/11/2026,O001382,C00022,P0058,E0035,R002,1,29149.81,0,29149.81,0,29149.81,18927.2,10222.61
ST0001513,11/1/2025,O000710,C00309,P0107,E0021,R001,1,7458.25,0.15,7458.25,1118.74,6339.51,6169.85,169.66
ST0001514,6/30/2025,O000516,C00186,P0038,E0031,R001,4,30749.33,0.1,122997.33,12299.73,110697.6,83098.6,27599
ST0001515,2/12/2026,O001146,C00574,P0047,E0036,R004,8,16135.04,0.05,129080.3,6454.01,122626.28,89730.24,32896.04
ST0001516,8/21/2025,O001172,C00267,P0144,E0027,R008,6,20041.04,0.15,120246.25,18036.94,102209.32,67786.67,34422.65
ST0001517,9/8/2025,O002194,C00399,P0114,E0017,R002,3,14302.11,0,42906.33,0,42906.33,36759.4,6146.94
ST0001518,3/15/2026,O000255,C00465,P0103,E0026,R006,4,38122.51,0.2,152490.06,30498.01,121992.05,88748.93,33243.12
ST0001519,5/31/2026,O002705,C00282,P0133,E0004,R008,1,5271.5,0,5271.5,0,5271.5,3018.23,2253.27
ST0001520,7/14/2026,O001727,C00136,P0148,E0031,R001,1,17881.36,0.05,17881.36,894.07,16987.3,13747.01,3240.29
ST0001521,8/10/2026,O001704,C00273,P0108,E0006,R002,6,16159.8,0.05,96958.81,4847.94,92110.87,78138.39,13972.48
ST0001522,10/17/2025,O000563,C00317,P0070,E0001,R002,8,17536.26,0.25,140290.05,35072.51,105217.54,85053.48,20164.05
ST0001523,8/13/2026,O002326,C00158,P0107,E0028,R006,1,7300.56,0.25,7300.56,1825.14,5475.42,6169.85,-694.43
ST0001524,6/26/2025,O001087,C00425,P0113,E0012,R004,3,1827.2,0.05,5481.6,274.08,5207.52,4296.68,910.84
ST0001525,10/23/2025,O001404,C00258,P0046,E0019,R002,6,52633.36,0.1,315800.16,31580.02,284220.14,180961.95,103258.2
ST0001526,6/11/2025,O002254,C00188,P0120,E0014,R005,5,3337.44,0.15,16687.18,2503.08,14184.1,12957.9,1226.2
ST0001527,7/30/2026,O002197,C00573,P0067,E0021,R001,1,40062.99,0.25,40062.99,10015.75,30047.24,32695.89,-2648.65
ST0001529,9/17/2025,O001877,C00458,P0014,E0029,R006,7,22051.69,0.15,154361.81,23154.27,131207.54,129048.52,2159.02
ST0001530,2/21/2025,O002106,C00391,P0129,E0037,R004,8,17032.46,0,136259.7,0,136259.7,78859.84,57399.86
ST0001531,8/16/2026,O002236,C00249,P0079,E0018,R003,3,24978.46,0,74935.39,0,74935.39,65173.73,9761.66
ST0001532,7/3/2026,O002453,C00332,P0035,E0015,R008,3,11387.4,0.2,34162.2,6832.44,27329.76,25324.52,2005.24
ST0001533,9/15/2025,O002948,C00576,P0019,E0023,R004,7,18466.13,0.1,129262.92,12926.29,116336.63,114832.42,1504.21
ST0001534,2/24/2025,O000110,C00504,P0001,E0011,R008,6,28980.8,0.1,173884.79,17388.48,156496.31,104887.26,51609.05
ST0001535,7/12/2025,O000306,C00066,P0133,E0036,R004,7,4804.47,0.1,33631.3,3363.13,30268.17,21127.63,9140.54
ST0001536,6/28/2026,O002985,C00239,P0102,E0006,R002,1,30512.06,0,30512.06,0,30512.06,16556.14,13955.92
ST0001537,5/16/2025,O002827,C00330,P0103,E0011,R008,7,38734.36,0.1,271140.51,27114.05,244026.46,155310.62,88715.84
ST0001538,1/19/2025,O002365,C00567,P0095,E0040,R005,2,2014.97,0.15,4029.94,604.49,3425.45,2983.74,441.71
ST0001539,1/5/2026,O002146,C00275,P0049,E0023,R004,2,18570.57,0.25,37141.15,9285.29,27855.86,20363.73,7492.13
ST0001540,1/25/2026,O001076,C00027,P0035,E0030,R003,6,10669.38,0.05,64016.26,3200.81,60815.44,50649.04,10166.41
ST0001541,3/3/2025,O002754,C00530,P0070,E0040,R005,2,18297.47,0.25,36594.94,9148.74,27446.21,21263.37,6182.84
ST0001542,4/20/2025,O000074,C00434,P0022,E0015,R008,2,7078.45,0.15,14156.9,2123.54,12033.37,11226.92,806.45
ST0001543,1/31/2025,O002790,C00307,P0067,E0035,R002,1,40388.52,0,40388.52,0,40388.52,32695.89,7692.63
ST0001544,5/22/2025,O002878,C00373,P0031,E0016,R002,8,19339.01,0.15,154712.06,23206.81,131505.25,93134.71,38370.54
ST0001545,6/28/2026,O002966,C00346,P0103,E0035,R002,8,40972.59,0,327780.7,0,327780.7,177497.85,150282.84
ST0001546,3/23/2025,O001504,C00153,P0044,E0011,R008,1,740.4,0.2,740.4,148.08,592.32,403.2,189.12
ST0001547,1/12/2026,O000424,C00392,P0015,E0019,R002,8,31255.62,0,250044.96,0,250044.96,142152.76,107892.2
ST0001548,5/3/2025,O001168,C00186,P0058,E0002,R002,4,28987.03,0.15,115948.1,17392.22,98555.89,75708.8,22847.09
ST0001549,2/1/2026,O002372,C00209,P0096,E0002,R002,8,35966.02,0.1,287728.14,28772.81,258955.33,193174.63,65780.69
ST0001550,2/13/2025,O002865,C00518,P0039,E0040,R005,5,38833.2,0.2,194166,38833.2,155332.8,167306.07,-11973.27
ST0001551,11/8/2025,O000220,C00253,P0084,E0037,R004,2,36544.42,0.25,73088.84,18272.21,54816.63,54450.91,365.72
ST0001552,7/1/2025,O002338,C00117,P0001,E0036,R004,1,30416.74,0,30416.74,0,30416.74,17481.21,12935.53
ST0001553,8/14/2026,O000435,C00547,P0128,E0030,R003,6,5216.21,0,31297.25,0,31297.25,18817.35,12479.9
ST0001554,2/8/2025,O000049,C00021,P0096,E0036,R004,1,34368.44,0.2,34368.44,6873.69,27494.75,24146.83,3347.92
ST0001555,1/2/2026,O001184,C00193,P0145,E0027,R008,8,3089.64,0.25,24717.08,6179.27,18537.81,18642.54,-104.73
ST0001556,6/4/2025,O002568,C00561,P0059,E0011,R008,3,23466.25,0,70398.74,0,70398.74,49422.43,20976.3
ST0001557,7/30/2025,O002764,C00048,P0045,E0026,R006,8,56846.3,0.15,454770.43,68215.56,386554.87,252396.16,134158.7
ST0001558,9/28/2025,O002471,C00406,P0122,E0010,R004,5,5959.23,0.2,29796.17,5959.23,23836.94,17702.38,6134.55
ST0001559,1/14/2025,O002838,C00324,P0086,E0027,R008,4,21951.55,0.1,87806.22,8780.62,79025.59,69131.83,9893.76
ST0001560,2/23/2025,O001317,C00246,P0116,E0004,R008,5,29805.84,0.25,149029.21,37257.3,111771.91,115586.66,-3814.75
ST0001561,7/1/2025,O000685,C00439,P0089,E0023,R004,3,39970.71,0.2,119912.14,23982.43,95929.71,67364.68,28565.03
ST0001562,6/13/2025,O002788,C00531,P0067,E0005,R005,3,38510.03,0,115530.08,0,115530.08,98087.68,17442.41
ST0001563,8/16/2025,O001657,C00323,P0073,E0009,R002,2,5221.74,0.2,10443.49,2088.7,8354.79,7032.14,1322.66
ST0001564,8/14/2026,O000866,C00208,P0113,E0007,R002,5,1709.73,0.25,8548.64,2137.16,6411.48,7161.14,-749.66
ST0001565,2/27/2026,O002786,C00488,P0094,E0004,R008,2,42526.89,0,85053.77,0,85053.77,59769.14,25284.63
ST0001566,3/7/2025,O000977,C00019,P0118,E0022,R003,4,21612.19,0.25,86448.77,21612.19,64836.58,61125.39,3711.19
ST0001567,6/16/2026,O001736,C00105,P0102,E0014,R005,8,29280.37,0,234242.96,0,234242.96,132449.13,101793.83
ST0001568,6/16/2025,O002770,C00063,P0097,E0005,R005,1,11660.06,0.05,11660.06,583,11077.06,6855.07,4221.99
ST0001569,7/12/2025,O001407,C00271,P0128,E0040,R005,2,5643.36,0.1,11286.73,1128.67,10158.06,6272.45,3885.61
ST0001570,10/7/2025,O001234,C00212,P0012,E0026,R006,6,26758.22,0.15,160549.3,24082.39,136466.9,127478.61,8988.29
ST0001571,9/18/2025,O002964,C00361,P0101,E0007,R002,2,35669.44,0.15,71338.87,10700.83,60638.04,40655.16,19982.89
ST0001572,10/20/2025,O002508,C00175,P0009,E0029,R006,1,3022.08,0.25,3022.08,755.52,2266.56,2074.06,192.51
ST0001573,3/23/2026,O001383,C00486,P0129,E0003,R001,7,15757.36,0.2,110301.53,22060.31,88241.22,69002.36,19238.86
ST0001574,12/25/2025,O000185,C00596,P0092,E0038,R002,8,55951.18,0.05,447609.42,22380.47,425228.95,267207.51,158021.44
ST0001575,2/24/2025,O000110,C00504,P0145,E0011,R008,7,3104.22,0.05,21729.56,1086.48,20643.08,16312.22,4330.87
ST0001576,7/10/2026,O001532,C00100,P0063,E0020,R001,6,19916.05,0.1,119496.33,11949.63,107546.69,102170.61,5376.08
ST0001577,3/15/2025,O002422,C00053,P0028,E0013,R004,2,24616.78,0,49233.57,0,49233.57,39848.98,9384.59
ST0001578,1/9/2026,O002833,C00005,P0015,E0006,R002,6,31175.93,0.25,187055.59,46763.9,140291.69,106614.57,33677.12
ST0001579,3/29/2026,O000291,C00392,P0137,E0002,R002,5,27409.39,0.1,137046.96,13704.7,123342.26,123360.52,-18.25
ST0001580,3/6/2026,O002096,C00048,P0142,E0016,R002,6,33473.61,0.25,200841.65,50210.41,150631.24,118075.48,32555.76
ST0001581,8/14/2025,O000680,C00402,P0020,E0027,R008,4,41556.53,0.15,166226.11,24933.92,141292.19,106305.06,34987.13
ST0001582,6/4/2026,O001688,C00463,P0031,E0002,R002,4,19443.1,0.2,77772.41,15554.48,62217.92,46567.36,15650.57
ST0001583,10/20/2025,O001860,C00163,P0051,E0001,R002,5,8543.43,0.25,42717.16,10679.29,32037.87,24531.21,7506.66
ST0001584,1/2/2025,O002179,C00535,P0003,E0040,R005,1,2437.53,0,2437.53,0,2437.53,1706.77,730.76
ST0001585,6/5/2026,O002690,C00485,P0108,E0022,R003,5,15596.97,0.15,77984.84,11697.73,66287.12,65115.33,1171.79
ST0001586,6/2/2026,O002029,C00047,P0035,E0022,R003,1,10775.35,0.05,10775.35,538.77,10236.58,8441.51,1795.07
ST0001587,7/15/2026,O001215,C00571,P0140,E0012,R004,3,33289.99,0.15,99869.98,14980.5,84889.48,54222.03,30667.46
ST0001588,7/2/2026,O001984,C00055,P0141,E0036,R004,2,19211.96,0,38423.91,0,38423.91,32703.02,5720.9
ST0001589,12/16/2025,O000264,C00206,P0073,E0014,R005,8,5551.78,0.05,44414.28,2220.71,42193.56,28128.54,14065.02
ST0001590,1/26/2025,O002494,C00146,P0139,E0013,R004,5,46923.97,0.1,234619.85,23461.99,211157.87,139157.09,72000.77
ST0001591,8/8/2025,O000021,C00364,P0076,E0026,R006,3,19468.1,0.1,58404.29,5840.43,52563.86,35666.23,16897.63
ST0001592,5/16/2026,O000425,C00120,P0124,E0006,R002,5,8977.13,0.25,44885.63,11221.41,33664.22,31653.8,2010.42
ST0001593,6/12/2025,O000739,C00070,P0021,E0003,R001,5,13125.16,0.1,65625.82,6562.58,59063.24,48847.68,10215.56
ST0001594,5/11/2025,O000751,C00073,P0128,E0038,R002,6,5493.91,0.25,32963.46,8240.86,24722.59,18817.35,5905.25
ST0001595,6/30/2026,O001112,C00577,P0089,E0035,R002,3,40932.89,0,122798.66,0,122798.66,67364.68,55433.98
ST0001596,6/16/2026,O001736,C00105,P0115,E0014,R005,7,38439.03,0.15,269073.2,40360.98,228712.22,151955.74,76756.48
ST0001597,5/3/2025,O002124,C00042,P0117,E0012,R004,8,22560.21,0.05,180481.7,9024.08,171457.61,139786.54,31671.07
ST0001598,2/9/2026,O001201,C00500,P0072,E0018,R003,6,47052.35,0.1,282314.08,28231.41,254082.67,194769.13,59313.54
ST0001599,3/11/2025,O001208,C00398,P0018,E0013,R004,4,35668.42,0,142673.69,0,142673.69,121138.32,21535.37
ST0001600,4/2/2026,O002501,C00598,P0035,E0019,R002,4,10864.1,0,43456.38,0,43456.38,33766.02,9690.36
ST0001601,1/14/2026,O002832,C00129,P0085,E0038,R002,7,22176.59,0.1,155236.1,15523.61,139712.49,108410.75,31301.74
ST0001602,12/18/2025,O001364,C00413,P0017,E0001,R002,4,28150.86,0,112603.45,0,112603.45,94895.6,17707.86
ST0001603,8/15/2026,O002114,C00068,P0007,E0028,R006,2,23825.2,0.05,47650.4,2382.52,45267.88,33662.59,11605.29
ST0001604,9/23/2025,O002163,C00444,P0074,E0034,R001,5,15488.17,0,77440.83,0,77440.83,59018.32,18422.52
ST0001605,9/28/2025,O001729,C00559,P0090,E0020,R001,7,15717.38,0,110021.68,0,110021.68,81371.51,28650.17
ST0001606,7/15/2026,O001476,C00428,P0105,E0011,R008,7,2836.11,0,19852.8,0,19852.8,16248.96,3603.83
ST0001607,2/28/2025,O002873,C00286,P0062,E0020,R001,1,32657.34,0.25,32657.34,8164.33,24493,20285.56,4207.44
ST0001608,6/8/2026,O001907,C00094,P0008,E0006,R002,7,38318.98,0.05,268232.83,13411.64,254821.19,153977.27,100843.92
ST0001609,5/3/2025,O002124,C00042,P0008,E0012,R004,6,40783.29,0,244699.73,0,244699.73,131980.52,112719.22
ST0001610,4/6/2025,O001552,C00292,P0009,E0022,R003,3,3176.16,0.1,9528.47,952.85,8575.63,6222.17,2353.45
ST0001611,11/2/2025,O002604,C00057,P0077,E0009,R002,4,473.9,0,1895.59,0,1895.59,1662.59,233
ST0001612,7/14/2025,O001803,C00557,P0046,E0007,R002,8,50553.47,0.1,404427.75,40442.77,363984.97,241282.6,122702.37
ST0001613,11/2/2025,O002604,C00057,P0042,E0009,R002,5,20731.86,0.25,103659.29,25914.82,77744.46,68612.98,9131.49
ST0001614,11/16/2025,O001443,C00191,P0108,E0016,R002,4,16738.63,0.25,66954.52,16738.63,50215.89,52092.26,-1876.37
ST0001615,5/12/2025,O000431,C00322,P0034,E0009,R002,2,37556.3,0.2,75112.61,15022.52,60090.09,45545.73,14544.36
ST0001616,9/15/2025,O000059,C00205,P0126,E0028,R006,3,43639.09,0.1,130917.28,13091.73,117825.55,89476.8,28348.75
ST0001617,3/13/2026,O002211,C00221,P0013,E0005,R005,7,11253.14,0.05,78771.99,3938.6,74833.39,67128.81,7704.58
ST0001619,2/22/2026,O001358,C00225,P0132,E0038,R002,7,23446.82,0.05,164127.77,8206.39,155921.39,97117.21,58804.18
ST0001620,9/25/2025,O001774,C00329,P0084,E0033,R008,5,36499.9,0,182499.49,0,182499.49,136127.28,46372.21
ST0001621,2/21/2025,O000677,C00532,P0142,E0029,R006,3,32618.68,0,97856.05,0,97856.05,59037.74,38818.32
ST0001622,2/24/2025,O000702,C00290,P0134,E0039,R005,7,16512.36,0,115586.52,0,115586.52,73060.19,42526.33
ST0001623,1/29/2026,O001295,C00321,P0070,E0034,R001,7,17856.56,0.2,124995.94,24999.19,99996.75,74421.8,25574.96
ST0001624,2/6/2025,O002482,C00111,P0135,E0036,R004,5,8115.66,0.15,40578.28,6086.74,34491.54,28818.41,5673.12
ST0001625,1/16/2026,O000641,C00075,P0137,E0015,R008,5,27516.29,0,137581.43,0,137581.43,123360.52,14220.91
ST0001626,8/29/2025,O001345,C00025,P0040,E0019,R002,1,27094.94,0.2,27094.94,5418.99,21675.95,17361.01,4314.94
ST0001627,1/11/2025,O000903,C00392,P0043,E0025,R004,8,43131.78,0.2,345054.25,69010.85,276043.4,222614.49,53428.91
ST0001628,4/23/2025,O000687,C00501,P0054,E0017,R002,3,17800.45,0,53401.35,0,53401.35,28534.37,24866.98
ST0001629,1/10/2026,O001772,C00574,P0098,E0027,R008,7,46266.57,0,323865.98,0,323865.98,194395.2,129470.79
ST0001630,6/29/2025,O001813,C00451,P0124,E0009,R002,7,8495.74,0.15,59470.16,8920.52,50549.63,44315.32,6234.32
ST0001631,5/22/2025,O002878,C00373,P0087,E0016,R002,3,5502.54,0.15,16507.62,2476.14,14031.48,11477.97,2553.51
ST0001632,4/24/2026,O001896,C00143,P0097,E0002,R002,1,11530.23,0,11530.23,0,11530.23,6855.07,4675.16
ST0001633,3/13/2025,O000026,C00298,P0130,E0029,R006,8,35824.02,0,286592.18,0,286592.18,162654.48,123937.7
ST0001634,7/6/2025,O001101,C00395,P0113,E0004,R008,2,1874.12,0,3748.25,0,3748.25,2864.46,883.79
ST0001635,10/18/2025,O001666,C00484,P0047,E0033,R008,4,16204.85,0.05,64819.39,3240.97,61578.42,44865.12,16713.3
ST0001636,1/4/2025,O002613,C00564,P0089,E0006,R002,6,40362.03,0.05,242172.18,12108.61,230063.57,134729.37,95334.2
ST0001637,6/15/2026,O001742,C00509,P0045,E0017,R002,4,60243.81,0,240975.24,0,240975.24,126198.08,114777.16
ST0001638,5/6/2026,O001856,C00127,P0128,E0025,R004,1,5231.46,0.05,5231.46,261.57,4969.89,3136.22,1833.66
ST0001639,3/2/2025,O000873,C00485,P0087,E0035,R002,6,5631.96,0.1,33791.75,3379.18,30412.58,22955.94,7456.64
ST0001641,6/10/2025,O002606,C00373,P0033,E0003,R001,3,30214.28,0.25,90642.85,22660.71,67982.13,60494.33,7487.8
ST0001642,1/6/2025,O001836,C00059,P0006,E0041,R002,5,37112.5,0.25,185562.49,46390.62,139171.87,99819.92,39351.95
ST0001643,1/15/2026,O001043,C00270,P0011,E0032,R001,3,39588.14,0.05,118764.42,5938.22,112826.2,88334.95,24491.26
ST0001644,7/12/2025,O001190,C00057,P0106,E0035,R002,4,55150.02,0.25,220600.1,55150.02,165450.07,136631.05,28819.03
ST0001645,9/12/2025,O001843,C00352,P0118,E0035,R002,1,20413.17,0,20413.17,0,20413.17,15281.35,5131.83
ST0001646,7/12/2026,O001703,C00416,P0123,E0039,R005,2,23471.65,0.15,46943.3,7041.5,39901.81,41056.04,-1154.23
ST0001647,9/1/2025,O001726,C00116,P0074,E0016,R002,7,16094.95,0.1,112664.62,11266.46,101398.16,82625.64,18772.52
ST0001648,6/14/2025,O000954,C00104,P0136,E0027,R008,7,49166.79,0.25,344167.55,86041.89,258125.66,189291.24,68834.43
ST0001649,7/12/2025,O001407,C00271,P0098,E0040,R005,1,43250.71,0.05,43250.71,2162.54,41088.18,27770.74,13317.43
ST0001650,1/2/2025,O002110,C00173,P0068,E0032,R001,7,24531.06,0,171717.45,0,171717.45,108315.57,63401.88
ST0001651,10/2/2025,O000849,C00241,P0048,E0002,R002,3,7628.13,0,22884.4,0,22884.4,18505.63,4378.77
ST0001652,1/18/2025,O002826,C00223,P0042,E0021,R001,5,21252.6,0.05,106262.99,5313.15,100949.84,68612.98,32336.86
ST0001653,11/16/2025,O001443,C00191,P0137,E0016,R002,8,28813.45,0.1,230507.58,23050.76,207456.82,197376.83,10079.99
ST0001654,4/10/2026,O000119,C00084,P0003,E0031,R001,7,2439.04,0,17073.27,0,17073.27,11947.37,5125.9
ST0001655,6/11/2025,O002775,C00176,P0068,E0027,R008,6,24735.23,0.15,148411.37,22261.71,126149.67,92841.92,33307.75
ST0001656,6/11/2025,O002775,C00176,P0072,E0027,R008,3,46624.83,0,139874.49,0,139874.49,97384.57,42489.93
ST0001657,7/15/2026,O002000,C00396,P0106,E0009,R002,1,53335.09,0.15,53335.09,8000.26,45334.82,34157.76,11177.06
ST0001658,6/8/2026,O001324,C00273,P0053,E0037,R004,1,9877.92,0.2,9877.92,1975.58,7902.33,6600.39,1301.94
ST0001659,5/2/2025,O000194,C00034,P0058,E0012,R004,4,29428.85,0,117715.39,0,117715.39,75708.8,42006.59
ST0001660,7/18/2025,O002842,C00204,P0031,E0035,R002,4,20804.86,0.15,83219.43,12482.91,70736.52,46567.36,24169.16
ST0001661,8/21/2025,O002044,C00576,P0024,E0022,R003,7,7918.1,0,55426.7,0,55426.7,42658.5,12768.2
ST0001662,1/29/2025,O001015,C00394,P0092,E0018,R003,7,57638.7,0,403470.91,0,403470.91,233806.57,169664.34
ST0001663,12/13/2025,O001313,C00095,P0141,E0025,R004,2,17933.32,0.2,35866.63,7173.33,28693.3,32703.02,-4009.71
ST0001664,3/7/2025,O000070,C00086,P0030,E0022,R003,6,48863.26,0,293179.55,0,293179.55,180930.23,112249.32
ST0001665,12/7/2025,O001873,C00056,P0072,E0031,R001,4,46175.26,0.1,184701.04,18470.1,166230.93,129846.09,36384.85
ST0001666,4/24/2025,O000087,C00313,P0034,E0022,R003,8,38644.33,0.15,309154.64,46373.2,262781.44,182182.92,80598.52
ST0001667,2/9/2026,O001888,C00305,P0019,E0040,R005,6,19731.97,0.05,118391.81,5919.59,112472.22,98427.79,14044.43
ST0001668,2/5/2025,O002491,C00473,P0111,E0006,R002,6,41131.45,0.15,246788.7,37018.3,209770.39,145856.42,63913.98
ST0001669,8/2/2026,O002736,C00021,P0076,E0006,R002,6,20195.63,0.05,121173.78,6058.69,115115.09,71332.45,43782.63
ST0001670,3/9/2026,O002328,C00059,P0088,E0016,R002,6,27365.99,0,164195.91,0,164195.91,120290.99,43904.92
ST0001671,10/23/2025,O001404,C00258,P0083,E0019,R002,4,54204.52,0.1,216818.08,21681.81,195136.27,126521.18,68615.09
ST0001672,7/6/2025,O000549,C00583,P0145,E0028,R006,2,3179.04,0.05,6358.08,317.9,6040.18,4660.63,1379.55
ST0001673,2/21/2025,O002106,C00391,P0094,E0037,R004,5,42515.08,0.15,212575.42,31886.31,180689.11,149422.86,31266.25
ST0001674,1/19/2026,O000919,C00174,P0089,E0001,R002,3,41208.63,0,123625.9,0,123625.9,67364.68,56261.22
ST0001675,2/8/2026,O002715,C00012,P0094,E0001,R002,3,42152.95,0,126458.84,0,126458.84,89653.72,36805.12
ST0001676,3/4/2025,O001857,C00285,P0136,E0004,R008,3,48850.31,0,146550.93,0,146550.93,81124.82,65426.11
ST0001677,7/1/2026,O001616,C00130,P0081,E0004,R008,2,44226.32,0.15,88452.65,13267.9,75184.75,53526.72,21658.03
ST0001678,1/31/2025,O002578,C00085,P0048,E0013,R004,2,7383.83,0.05,14767.65,738.38,14029.27,12337.09,1692.18
ST0001679,1/22/2026,O002013,C00302,P0076,E0037,R004,5,18958.02,0,94790.09,0,94790.09,59443.71,35346.37
ST0001680,8/24/2026,O000838,C00009,P0011,E0017,R002,3,40162.03,0.1,120486.1,12048.61,108437.49,88334.95,20102.55
ST0001681,1/12/2025,O002552,C00031,P0068,E0018,R003,8,23802.5,0.15,190420.01,28563,161857.01,123789.22,38067.79
ST0001682,3/16/2026,O002993,C00251,P0141,E0016,R002,3,18425.91,0,55277.72,0,55277.72,49054.52,6223.2
ST0001683,11/23/2025,O000773,C00251,P0093,E0035,R002,4,15241.63,0,60966.51,0,60966.51,47001.51,13965
ST0001684,11/5/2025,O000691,C00470,P0073,E0001,R002,5,5041.69,0.2,25208.46,5041.69,20166.76,17580.34,2586.43
ST0001685,3/3/2026,O000709,C00205,P0150,E0018,R003,4,53990.06,0.1,215960.23,21596.02,194364.21,135755.05,58609.16
ST0001686,5/30/2026,O000957,C00119,P0075,E0040,R005,1,45493.02,0,45493.02,0,45493.02,27087.51,18405.51
ST0001687,1/1/2025,O000722,C00206,P0023,E0009,R002,1,28565.11,0.25,28565.11,7141.28,21423.84,19043.4,2380.43
ST0001688,7/10/2026,O002704,C00170,P0043,E0023,R004,6,44872.24,0.05,269233.45,13461.67,255771.78,166960.87,88810.91
ST0001689,4/15/2025,O002388,C00342,P0146,E0024,R002,1,41016.62,0.05,41016.62,2050.83,38965.79,24878.71,14087.09
ST0001690,3/3/2025,O001960,C00516,P0065,E0018,R003,2,39954.91,0.2,79909.82,15981.96,63927.85,51790.35,12137.5
ST0001691,2/15/2026,O000970,C00346,P0040,E0021,R001,6,27261.66,0,163569.95,0,163569.95,104166.09,59403.86
ST0001692,5/19/2026,O000354,C00453,P0142,E0001,R002,2,34661.7,0.25,69323.4,17330.85,51992.55,39358.49,12634.06
ST0001693,12/30/2025,O000467,C00359,P0053,E0013,R004,5,10553.82,0.2,52769.1,10553.82,42215.28,33001.96,9213.33
ST0001694,11/7/2025,O000956,C00412,P0068,E0029,R006,6,24466.13,0,146796.77,0,146796.77,92841.92,53954.85
ST0001695,6/15/2025,O000878,C00385,P0111,E0010,R004,3,42905.96,0.1,128717.88,12871.79,115846.09,72928.21,42917.88
ST0001696,4/13/2025,O002240,C00224,P0107,E0038,R002,2,6968.81,0,13937.61,0,13937.61,12339.71,1597.9
ST0001697,7/12/2025,O001190,C00057,P0033,E0035,R002,2,30867.38,0,61734.76,0,61734.76,40329.56,21405.2
ST0001698,11/17/2025,O000107,C00146,P0043,E0018,R003,2,46691.99,0.2,93383.98,18676.8,74707.19,55653.62,19053.56
ST0001699,12/1/2025,O000835,C00081,P0129,E0016,R002,2,17098.35,0,34196.7,0,34196.7,19714.96,14481.74
ST0001700,6/22/2026,O000378,C00100,P0075,E0005,R005,5,45423.53,0,227117.64,0,227117.64,135437.54,91680.1
ST0001701,8/11/2026,O002532,C00266,P0135,E0023,R004,1,8434.77,0.2,8434.77,1686.95,6747.82,5763.68,984.13
ST0001702,7/18/2025,O002164,C00050,P0018,E0009,R002,7,37126.85,0.05,259887.94,12994.4,246893.54,211992.06,34901.48
ST0001703,6/17/2025,O001477,C00216,P0041,E0001,R002,4,45631.66,0.15,182526.63,27378.99,155147.63,113468.79,41678.85
ST0001704,3/6/2026,O000442,C00578,P0148,E0034,R001,1,17213.66,0,17213.66,0,17213.66,13747.01,3466.66
ST0001705,11/9/2025,O002748,C00269,P0056,E0029,R006,4,46260.21,0.15,185040.85,27756.13,157284.73,102510.02,54774.7
ST0001706,2/3/2026,O002979,C00113,P0053,E0015,R008,2,10245.95,0,20491.9,0,20491.9,13200.78,7291.12
ST0001707,5/30/2026,O000957,C00119,P0111,E0040,R005,7,41240.35,0.05,288682.42,14434.12,274248.29,170165.82,104082.47
ST0001708,1/27/2025,O002915,C00578,P0018,E0013,R004,8,34965.98,0.25,279727.81,69931.95,209795.86,242276.64,-32480.78
ST0001709,7/22/2025,O002684,C00249,P0056,E0033,R008,2,47661.3,0.15,95322.6,14298.39,81024.21,51255.01,29769.2
ST0001710,4/2/2026,O001963,C00455,P0075,E0001,R002,1,44342.52,0.25,44342.52,11085.63,33256.89,27087.51,6169.38
ST0001711,10/19/2025,O000124,C00167,P0029,E0026,R006,4,40187.59,0.25,160750.36,40187.59,120562.77,95978.37,24584.4
ST0001712,4/27/2026,O000651,C00346,P0006,E0002,R002,4,35524.8,0.25,142099.22,35524.8,106574.41,79855.93,26718.48
ST0001713,5/5/2026,O001080,C00216,P0095,E0006,R002,7,1990.62,0.1,13934.37,1393.44,12540.93,10443.1,2097.83
ST0001714,6/12/2025,O000314,C00318,P0066,E0029,R006,8,29801.39,0.05,238411.1,11920.56,226490.55,136271.66,90218.89
ST0001715,8/3/2026,O000238,C00175,P0127,E0037,R004,8,9355.49,0.2,74843.92,14968.78,59875.13,44710.16,15164.98
ST0001716,7/3/2026,O000629,C00125,P0092,E0014,R005,8,55357.75,0,442862.02,0,442862.02,267207.51,175654.51
ST0001717,7/21/2026,O001546,C00140,P0054,E0032,R001,2,16905.83,0.25,33811.65,8452.91,25358.74,19022.91,6335.83
ST0001718,8/29/2026,O000803,C00046,P0128,E0020,R001,2,5251.65,0.25,10503.31,2625.83,7877.48,6272.45,1605.03
ST0001719,2/2/2026,O002752,C00425,P0015,E0031,R001,6,31084.72,0.2,186508.3,37301.66,149206.64,106614.57,42592.07
ST0001720,6/12/2026,O001801,C00007,P0008,E0010,R004,4,39972.48,0.15,159889.94,23983.49,135906.45,87987.01,47919.44
ST0001721,7/4/2026,O002507,C00589,P0098,E0009,R002,4,42206.23,0.1,168824.92,16882.49,151942.43,111082.97,40859.46
ST0001722,6/2/2025,O001891,C00421,P0006,E0026,R006,1,35789.95,0.15,35789.95,5368.49,30421.46,19963.98,10457.48
ST0001723,8/20/2025,O001151,C00230,P0104,E0016,R002,7,3994.33,0.15,27960.33,4194.05,23766.28,16455.89,7310.39
ST0001724,3/15/2026,O001006,C00410,P0036,E0034,R001,4,11671.77,0.1,46687.1,4668.71,42018.39,29533.39,12485
ST0001725,8/18/2025,O000243,C00508,P0008,E0025,R004,8,37433.82,0.2,299470.53,59894.11,239576.42,175974.02,63602.4
ST0001726,6/1/2025,O001304,C00081,P0134,E0025,R004,1,17091.81,0.15,17091.81,2563.77,14528.04,10437.17,4090.87
ST0001727,1/11/2026,O002030,C00592,P0017,E0011,R008,5,29319.48,0.15,146597.39,21989.61,124607.79,118619.5,5988.29
ST0001728,4/21/2026,O001724,C00479,P0051,E0036,R004,4,8115.49,0.05,32461.97,1623.1,30838.88,19624.97,11213.9
ST0001729,1/16/2026,O000883,C00145,P0008,E0020,R001,7,38328.16,0.15,268297.12,40244.57,228052.55,153977.27,74075.28
ST0001730,4/26/2026,O002011,C00103,P0076,E0027,R008,5,20043.05,0.15,100215.27,15032.29,85182.98,59443.71,25739.27
ST0001731,8/21/2026,O002841,C00047,P0135,E0011,R008,4,8490.96,0.2,33963.86,6792.77,27171.09,23054.73,4116.35
ST0001732,4/10/2026,O000701,C00067,P0063,E0020,R001,8,20307.75,0.2,162461.97,32492.39,129969.58,136227.48,-6257.91
ST0001733,5/7/2025,O000022,C00418,P0148,E0009,R002,8,16652.15,0.15,133217.17,19982.58,113234.59,109976.05,3258.55
ST0001734,4/14/2026,O001332,C00512,P0139,E0026,R006,3,48051.64,0.15,144154.91,21623.24,122531.67,83494.26,39037.41
ST0001735,9/27/2025,O001384,C00069,P0071,E0005,R005,6,35601.66,0.25,213609.98,53402.5,160207.49,148389.6,11817.88
ST0001736,7/7/2026,O000462,C00116,P0055,E0023,R004,2,24510.76,0.1,49021.52,4902.15,44119.37,33952.78,10166.58
ST0001737,9/12/2025,O000099,C00242,P0055,E0041,R002,5,23626.97,0,118134.85,0,118134.85,84881.96,33252.88
ST0001738,11/29/2025,O000964,C00428,P0110,E0002,R002,8,429,0,3431.97,0,3431.97,2731.79,700.18
ST0001739,5/9/2025,O002244,C00345,P0126,E0032,R001,4,42939.57,0.15,171758.26,25763.74,145994.52,119302.4,26692.12
ST0001740,4/29/2026,O002601,C00467,P0050,E0018,R003,3,1149.53,0.15,3448.59,517.29,2931.3,2003.66,927.64
ST0001741,3/7/2025,O000070,C00086,P0009,E0022,R003,5,3172.52,0.1,15862.59,1586.26,14276.33,10370.29,3906.05
ST0001742,4/13/2026,O001046,C00419,P0113,E0024,R002,6,1795.67,0.1,10774.05,1077.4,9696.64,8593.37,1103.28
ST0001743,6/17/2025,O001725,C00169,P0071,E0007,R002,7,37131.03,0.2,259917.23,51983.45,207933.78,173121.2,34812.58
ST0001744,1/18/2026,O001089,C00209,P0026,E0021,R001,7,18249.08,0.25,127743.57,31935.89,95807.68,104965.88,-9158.2
ST0001745,7/21/2026,O000362,C00308,P0034,E0040,R005,1,38293.6,0,38293.6,0,38293.6,22772.87,15520.73
ST0001746,5/19/2026,O001874,C00295,P0086,E0025,R004,6,21998.36,0.15,131990.13,19798.52,112191.61,103697.75,8493.86
ST0001747,2/6/2026,O001812,C00568,P0124,E0017,R002,7,8408.57,0.05,58859.99,2943,55916.99,44315.32,11601.68
ST0001748,1/26/2025,O001468,C00576,P0132,E0019,R002,5,22564.1,0,112820.5,0,112820.5,69369.44,43451.06
ST0001749,3/23/2025,O000455,C00417,P0069,E0022,R003,5,16532.53,0.05,82662.63,4133.13,78529.5,46710.57,31818.92
ST0001750,10/27/2025,O001800,C00434,P0046,E0030,R003,2,53931.63,0.2,107863.26,21572.65,86290.61,60320.65,25969.96
ST0001751,6/15/2025,O000878,C00385,P0098,E0010,R004,2,42260.37,0.15,84520.75,12678.11,71842.64,55541.48,16301.15
ST0001752,5/10/2025,O001562,C00018,P0031,E0032,R001,2,19961.32,0,39922.65,0,39922.65,23283.68,16638.97
ST0001753,2/23/2026,O000813,C00322,P0097,E0009,R002,2,10816.19,0.15,21632.38,3244.86,18387.52,13710.15,4677.37
ST0001754,5/31/2026,O000682,C00004,P0103,E0007,R002,1,40618.93,0.05,40618.93,2030.95,38587.98,22187.23,16400.75
ST0001755,5/6/2026,O001392,C00194,P0070,E0032,R001,7,18532.67,0.05,129728.7,6486.44,123242.27,74421.8,48820.47
ST0001756,8/22/2026,O000719,C00340,P0102,E0004,R008,4,29281.72,0.25,117126.87,29281.72,87845.15,66224.56,21620.59
ST0001757,10/29/2025,O001047,C00208,P0060,E0015,R008,8,56979.14,0.05,455833.12,22791.66,433041.46,269000.61,164040.86
ST0001758,4/29/2025,O000112,C00168,P0051,E0031,R001,5,8697.74,0.2,43488.7,8697.74,34790.96,24531.21,10259.75
ST0001759,8/2/2025,O001117,C00258,P0081,E0037,R004,5,44730.31,0.25,223651.53,55912.88,167738.65,133816.79,33921.85
ST0001760,10/31/2025,O002321,C00446,P0091,E0010,R004,7,24137.58,0,168963.03,0,168963.03,99459.34,69503.69
ST0001761,7/10/2026,O000037,C00510,P0060,E0033,R008,1,59264.41,0,59264.41,0,59264.41,33625.08,25639.34
ST0001762,8/31/2025,O002462,C00328,P0106,E0024,R002,3,50788.39,0.25,152365.17,38091.29,114273.88,102473.29,11800.59
ST0001763,2/17/2026,O000614,C00132,P0057,E0026,R006,7,29625.33,0.1,207377.31,20737.73,186639.57,128622.79,58016.78
ST0001764,1/1/2025,O001094,C00550,P0033,E0030,R003,2,30517.55,0.2,61035.1,12207.02,48828.08,40329.56,8498.53
ST0001765,3/27/2026,O001823,C00192,P0054,E0038,R002,7,17595.21,0,123166.44,0,123166.44,66580.19,56586.25
ST0001766,2/19/2026,O002192,C00189,P0095,E0013,R004,1,2181.68,0.05,2181.68,109.08,2072.6,1491.87,580.73
ST0001767,1/31/2026,O002782,C00425,P0116,E0032,R001,1,32022.5,0.15,32022.5,4803.38,27219.13,23117.33,4101.8
ST0001768,6/28/2025,O000794,C00507,P0067,E0010,R004,1,41430.62,0.15,41430.62,6214.59,35216.02,32695.89,2520.13
ST0001769,8/12/2026,O002350,C00175,P0022,E0041,R002,7,6879.73,0.05,48158.11,2407.91,45750.21,39294.23,6455.98
ST0001770,2/7/2026,O000136,C00474,P0140,E0013,R004,2,30861.6,0.1,61723.19,6172.32,55550.87,36148.02,19402.86
ST0001771,3/6/2026,O002840,C00359,P0067,E0004,R008,1,39253.1,0.25,39253.1,9813.28,29439.83,32695.89,-3256.07
ST0001772,1/7/2026,O002162,C00326,P0065,E0012,R004,5,40172.69,0.2,200863.44,40172.69,160690.75,129475.89,31214.86
ST0001773,3/9/2026,O001941,C00073,P0119,E0032,R001,1,2805.63,0.1,2805.63,280.56,2525.07,1949.69,575.38
ST0001774,11/27/2025,O000708,C00319,P0125,E0013,R004,6,13821.13,0.15,82926.75,12439.01,70487.74,71015.34,-527.6
ST0001775,7/3/2026,O001374,C00475,P0032,E0019,R002,5,23703.57,0.15,118517.84,17777.68,100740.16,83498.31,17241.85
ST0001776,5/31/2026,O001456,C00537,P0066,E0028,R006,5,29346.12,0.1,146730.62,14673.06,132057.56,85169.79,46887.77
ST0001777,4/8/2026,O001753,C00087,P0148,E0020,R001,6,16836.4,0.25,101018.39,25254.6,75763.8,82482.03,-6718.24
ST0001778,11/13/2025,O000347,C00239,P0122,E0002,R002,6,6074.51,0,36447.08,0,36447.08,21242.86,15204.22
ST0001779,5/20/2025,O001945,C00051,P0088,E0002,R002,3,26123.18,0,78369.53,0,78369.53,60145.49,18224.03
ST0001780,5/17/2025,O000460,C00180,P0107,E0005,R005,2,7301.73,0.1,14603.47,1460.35,13143.12,12339.71,803.41
ST0001781,6/5/2025,O000839,C00201,P0070,E0018,R003,5,17629.36,0.2,88146.8,17629.36,70517.44,53158.43,17359.01
ST0001782,3/14/2025,O001166,C00367,P0082,E0039,R005,3,28802.95,0.2,86408.86,17281.77,69127.09,49222.23,19904.86
ST0001783,5/30/2026,O000482,C00204,P0105,E0032,R001,4,2958.17,0.25,11832.68,2958.17,8874.51,9285.12,-410.62
ST0001784,7/12/2025,O000665,C00222,P0109,E0031,R001,5,45620.89,0.15,228104.46,34215.67,193888.8,138559.52,55329.27
ST0001785,4/12/2025,O002483,C00392,P0125,E0035,R002,2,13786.38,0.2,27572.75,5514.55,22058.2,23671.78,-1613.58
ST0001786,8/26/2026,O000190,C00379,P0014,E0035,R002,2,22876.45,0.1,45752.9,4575.29,41177.61,36871.01,4306.61
ST0001787,1/31/2026,O002279,C00188,P0027,E0018,R003,3,19261.15,0.15,57783.44,8667.52,49115.93,33053.79,16062.14
ST0001788,8/9/2025,O001163,C00442,P0087,E0010,R004,8,5466.03,0,43728.23,0,43728.23,30607.92,13120.31
ST0001789,9/19/2025,O000981,C00546,P0011,E0012,R004,5,41774.27,0.25,208871.35,52217.84,156653.51,147224.91,9428.6
ST0001790,2/13/2026,O002320,C00398,P0078,E0027,R008,5,19243.06,0.25,96215.28,24053.82,72161.46,78372.32,-6210.86
ST0001791,4/4/2026,O001182,C00466,P0045,E0037,R004,4,56551.86,0.05,226207.43,11310.37,214897.05,126198.08,88698.97
ST0001792,2/17/2026,O000614,C00132,P0139,E0026,R006,4,47834.68,0.1,191338.72,19133.87,172204.85,111325.68,60879.17
ST0001793,2/1/2025,O000693,C00146,P0137,E0024,R002,8,28246.26,0.25,225970.05,56492.51,169477.54,197376.83,-27899.29
ST0001794,2/5/2025,O001661,C00232,P0126,E0003,R001,2,44081.42,0,88162.84,0,88162.84,59651.2,28511.64
ST0001795,4/4/2026,O000568,C00165,P0107,E0034,R001,6,7107.47,0.2,42644.79,8528.96,34115.83,37019.12,-2903.29
ST0001796,6/1/2025,O001870,C00376,P0121,E0030,R003,2,11756.68,0.05,23513.36,1175.67,22337.69,14104.9,8232.79
ST0001797,12/31/2025,O002121,C00451,P0144,E0031,R001,3,20828.43,0.2,62485.3,12497.06,49988.24,33893.33,16094.91
ST0001798,6/16/2025,O000266,C00307,P0135,E0028,R006,8,8773.41,0.2,70187.27,14037.45,56149.82,46109.46,10040.36
ST0001799,2/22/2026,O002138,C00547,P0072,E0033,R008,2,49024.34,0,98048.67,0,98048.67,64923.04,33125.63
ST0001800,6/19/2026,O001998,C00003,P0148,E0002,R002,2,16530.93,0.1,33061.86,3306.19,29755.68,27494.01,2261.66
ST0001801,2/18/2025,O000489,C00429,P0020,E0017,R002,5,43985.17,0.05,219925.83,10996.29,208929.54,132881.32,76048.21
ST0001802,1/15/2026,O001043,C00270,P0098,E0032,R001,2,46212.15,0.15,92424.31,13863.65,78560.66,55541.48,23019.18
ST0001803,8/26/2026,O002068,C00220,P0062,E0013,R004,1,32008.82,0.1,32008.82,3200.88,28807.93,20285.56,8522.37
ST0001804,4/30/2026,O001488,C00443,P0078,E0011,R008,3,20530.48,0.05,61591.43,3079.57,58511.86,47023.39,11488.47
ST0001805,7/23/2025,O002005,C00101,P0055,E0003,R001,6,24689.75,0,148138.49,0,148138.49,101858.35,46280.14
ST0001806,7/2/2025,O000988,C00217,P0128,E0009,R002,8,5732.14,0.15,45857.1,6878.56,38978.53,25089.8,13888.73
ST0001807,7/30/2025,O002764,C00048,P0127,E0026,R006,8,9030.53,0.1,72244.26,7224.43,65019.84,44710.16,20309.68
ST0001808,6/5/2026,O002296,C00515,P0144,E0035,R002,2,20324.93,0.05,40649.87,2032.49,38617.37,22595.56,16021.82
ST0001809,1/28/2026,O000993,C00476,P0045,E0013,R004,6,60113.47,0,360680.8,0,360680.8,189297.12,171383.68
ST0001810,5/9/2025,O000355,C00054,P0143,E0011,R008,1,37931.04,0,37931.04,0,37931.04,22758.46,15172.58
ST0001811,8/14/2025,O000680,C00402,P0104,E0027,R008,8,4064.77,0.15,32518.18,4877.73,27640.46,18806.73,8833.72
ST0001812,9/14/2025,O000248,C00025,P0105,E0039,R005,7,2917.3,0,20421.08,0,20421.08,16248.96,4172.12
ST0001813,2/27/2026,O000608,C00128,P0139,E0024,R002,7,46516.99,0.2,325618.94,65123.79,260495.15,194819.93,65675.22
ST0001814,4/1/2026,O000833,C00303,P0141,E0009,R002,4,19420.06,0.2,77680.23,15536.05,62144.19,65406.03,-3261.85
ST0001815,12/17/2025,O001479,C00117,P0118,E0006,R002,2,20656.42,0.1,41312.84,4131.28,37181.55,30562.69,6618.86
ST0001816,12/20/2025,O002739,C00173,P0136,E0016,R002,3,49802.37,0.25,149407.1,37351.78,112055.33,81124.82,30930.51
ST0001817,3/17/2026,O002938,C00142,P0001,E0025,R004,1,28959.98,0.2,28959.98,5792,23167.99,17481.21,5686.78
ST0001818,2/8/2026,O001935,C00335,P0003,E0041,R002,1,2334.79,0.25,2334.79,583.7,1751.09,1706.77,44.32
ST0001819,5/10/2026,O001008,C00348,P0125,E0011,R008,1,13571.03,0.15,13571.03,2035.65,11535.37,11835.89,-300.52
ST0001820,9/4/2025,O001708,C00409,P0112,E0036,R004,4,32565.78,0.1,130263.14,13026.31,117236.82,89748.48,27488.34
ST0001821,10/18/2025,O002894,C00357,P0009,E0024,R002,4,3041.23,0.05,12164.92,608.25,11556.67,8296.23,3260.44
ST0001822,4/21/2026,O002433,C00321,P0040,E0034,R001,7,27787.9,0.05,194515.3,9725.77,184789.54,121527.1,63262.43
ST0001823,7/6/2025,O002216,C00193,P0113,E0002,R002,7,1870.05,0,13090.37,0,13090.37,10025.6,3064.77
ST0001824,4/10/2026,O002522,C00255,P0105,E0020,R001,6,2813.5,0.1,16880.99,1688.1,15192.89,13927.68,1265.21
ST0001825,1/18/2026,O001174,C00063,P0069,E0037,R004,6,15883.56,0.1,95301.36,9530.14,85771.23,56052.69,29718.54
ST0001826,1/16/2026,O000546,C00387,P0110,E0002,R002,8,422.7,0.2,3381.56,676.31,2705.25,2731.79,-26.54
ST0001827,6/16/2026,O001132,C00575,P0023,E0040,R005,3,28971.93,0.1,86915.79,8691.58,78224.21,57130.2,21094.01
ST0001828,2/7/2025,O002401,C00267,P0070,E0020,R001,8,17657.1,0.05,141256.77,7062.84,134193.93,85053.48,49140.45
ST0001829,7/9/2025,O000015,C00211,P0011,E0039,R005,4,39492.56,0.25,157970.24,39492.56,118477.68,117779.93,697.75
ST0001830,12/24/2025,O000543,C00137,P0039,E0009,R002,1,37946.31,0,37946.31,0,37946.31,33461.21,4485.1
ST0001831,6/3/2025,O001627,C00059,P0058,E0040,R005,1,28379.69,0.25,28379.69,7094.92,21284.77,18927.2,2357.57
ST0001832,7/29/2025,O001594,C00237,P0066,E0028,R006,6,28065.77,0.05,168394.63,8419.73,159974.89,102203.75,57771.15
ST0001833,3/14/2026,O001816,C00422,P0058,E0012,R004,4,27776.28,0.2,111105.1,22221.02,88884.08,75708.8,13175.29
ST0001834,2/7/2026,O000136,C00474,P0119,E0013,R004,5,3029.7,0,15148.52,0,15148.52,9748.43,5400.1
ST0001835,7/9/2025,O001561,C00084,P0059,E0023,R004,6,23598.61,0.15,141591.64,21238.75,120352.89,98844.86,21508.03
ST0001836,8/3/2026,O001405,C00321,P0038,E0022,R003,3,29596.56,0.1,88789.69,8878.97,79910.72,62323.95,17586.77
ST0001837,5/8/2026,O001961,C00111,P0095,E0032,R001,2,2010.96,0.2,4021.92,804.38,3217.53,2983.74,233.79
ST0001838,12/21/2025,O002286,C00526,P0052,E0003,R001,8,9783.02,0.15,78264.17,11739.63,66524.54,51130.66,15393.88
ST0001839,8/15/2025,O002432,C00434,P0007,E0039,R005,1,25224.45,0.05,25224.45,1261.22,23963.23,16831.3,7131.93
ST0001840,10/17/2025,O000860,C00497,P0103,E0003,R001,7,39899.14,0,279293.98,0,279293.98,155310.62,123983.36
ST0001841,7/21/2026,O000796,C00594,P0035,E0022,R003,8,10884.39,0,87075.16,0,87075.16,67532.05,19543.11
ST0001842,11/18/2025,O001057,C00023,P0034,E0010,R004,3,38805.96,0.05,116417.89,5820.89,110596.99,68318.6,42278.4
ST0001843,7/2/2025,O002856,C00019,P0103,E0017,R002,3,40581.94,0.25,121745.82,30436.46,91309.37,66561.69,24747.67
ST0001844,2/8/2026,O002129,C00042,P0060,E0026,R006,8,55191.32,0.25,441530.54,110382.64,331147.91,269000.61,62147.3
ST0001845,12/30/2025,O000898,C00387,P0128,E0026,R006,3,5302.79,0.25,15908.38,3977.1,11931.29,9408.67,2522.61
ST0001846,6/15/2025,O002375,C00122,P0054,E0035,R002,2,16292.38,0.25,32584.76,8146.19,24438.57,19022.91,5415.66
ST0001847,7/25/2025,O000940,C00472,P0121,E0001,R002,1,10822.07,0.2,10822.07,2164.41,8657.65,7052.45,1605.2
ST0001848,6/24/2025,O002393,C00176,P0080,E0013,R004,3,8069.45,0.05,24208.35,1210.42,22997.93,13104.12,9893.81
ST0001849,6/25/2025,O000140,C00405,P0053,E0009,R002,8,9801.65,0,78413.23,0,78413.23,52803.13,25610.1
ST0001850,3/14/2026,O000783,C00029,P0060,E0023,R004,4,58300.11,0.2,233200.44,46640.09,186560.35,134500.3,52060.05
ST0001851,6/4/2025,O002568,C00561,P0138,E0011,R008,4,24993.7,0.05,99974.78,4998.74,94976.04,74554,20422.04
ST0001852,9/9/2025,O001633,C00051,P0022,E0001,R002,3,6661.56,0.1,19984.68,1998.47,17986.22,16840.38,1145.83
ST0001853,10/21/2025,O002243,C00532,P0004,E0024,R002,5,31471.24,0.1,157356.22,15735.62,141620.6,120938.98,20681.62
ST0001854,12/23/2025,O000414,C00346,P0135,E0029,R006,6,8599.74,0.2,51598.47,10319.69,41278.78,34582.1,6696.68
ST0001855,9/1/2025,O002776,C00549,P0030,E0017,R002,8,49482.98,0.15,395863.82,59379.57,336484.24,241240.31,95243.94
ST0001856,5/29/2026,O002699,C00135,P0099,E0011,R008,1,16978.97,0.2,16978.97,3395.79,13583.18,11954.26,1628.91
ST0001857,9/13/2025,O002572,C00544,P0099,E0011,R008,5,16122.78,0.2,80613.9,16122.78,64491.12,59771.32,4719.8
ST0001858,3/26/2026,O001461,C00146,P0079,E0002,R002,5,25808.7,0.2,129043.51,25808.7,103234.8,108622.88,-5388.07
ST0001859,11/1/2025,O000591,C00095,P0025,E0029,R006,6,2010.86,0.2,12065.14,2413.03,9652.11,6787.59,2864.52
ST0001860,2/20/2026,O002210,C00474,P0057,E0036,R004,8,29110.08,0,232880.63,0,232880.63,146997.48,85883.15
ST0001861,12/29/2025,O001783,C00291,P0075,E0006,R002,1,44352.22,0.2,44352.22,8870.44,35481.78,27087.51,8394.27
ST0001862,4/7/2026,O000596,C00417,P0116,E0018,R003,4,31007.58,0.15,124030.34,18604.55,105425.79,92469.33,12956.46
ST0001863,4/8/2026,O001756,C00553,P0134,E0013,R004,6,16818.16,0.05,100908.95,5045.45,95863.5,62623.02,33240.48
ST0001864,11/2/2025,O002973,C00419,P0034,E0014,R005,4,39203.85,0.15,156815.4,23522.31,133293.09,91091.46,42201.63
ST0001865,3/3/2026,O000156,C00135,P0057,E0020,R001,8,29089.61,0.15,232716.91,34907.54,197809.37,146997.48,50811.89
ST0001866,6/30/2026,O001920,C00273,P0133,E0036,R004,4,5129.25,0,20517,0,20517,12072.93,8444.07
ST0001867,8/21/2026,O002841,C00047,P0096,E0011,R008,1,34686.97,0,34686.97,0,34686.97,24146.83,10540.14
ST0001868,4/21/2026,O002433,C00321,P0131,E0034,R001,6,40444.71,0.25,242668.24,60667.06,182001.18,205852.92,-23851.74
ST0001869,3/25/2025,O002762,C00421,P0108,E0032,R001,6,16635.71,0.25,99814.27,24953.57,74860.7,78138.39,-3277.69
ST0001870,6/7/2025,O000331,C00080,P0008,E0001,R002,3,38304.69,0.1,114914.08,11491.41,103422.67,65990.26,37432.41
ST0001871,6/11/2026,O001786,C00370,P0112,E0010,R004,7,34161.94,0.25,239133.58,59783.39,179350.18,157059.84,22290.34
ST0001872,3/9/2026,O000151,C00238,P0104,E0004,R008,8,3924.09,0.05,31392.68,1569.63,29823.05,18806.73,11016.32
ST0001873,5/22/2025,O002025,C00288,P0107,E0006,R002,8,6902.6,0.05,55220.78,2761.04,52459.74,49358.83,3100.91
ST0001874,3/9/2026,O002328,C00059,P0148,E0016,R002,7,16755.48,0.15,117288.36,17593.25,99695.1,96229.04,3466.06
ST0001875,7/3/2026,O002391,C00161,P0092,E0029,R006,2,59593.62,0,119187.24,0,119187.24,66801.88,52385.36
ST0001876,8/16/2025,O000947,C00501,P0136,E0039,R005,6,46046.93,0,276281.59,0,276281.59,162249.63,114031.96
ST0001877,1/2/2026,O001924,C00220,P0098,E0009,R002,3,42613.6,0.05,127840.81,6392.04,121448.77,83312.23,38136.54
ST0001878,8/10/2026,O001444,C00238,P0145,E0006,R002,7,3114.75,0.2,21803.23,4360.65,17442.58,16312.22,1130.36
ST0001879,8/8/2026,O001810,C00139,P0076,E0026,R006,4,19446.64,0.1,77786.56,7778.66,70007.9,47554.97,22452.93
ST0001880,9/16/2025,O000934,C00409,P0066,E0032,R001,6,30227.97,0.05,181367.84,9068.39,172299.45,102203.75,70095.71
ST0001881,5/6/2025,O000030,C00206,P0052,E0040,R005,6,9363.79,0.2,56182.75,11236.55,44946.2,38348,6598.21
ST0001882,8/21/2025,O001172,C00267,P0107,E0027,R008,6,7148.57,0.2,42891.39,8578.28,34313.11,37019.12,-2706.01
ST0001883,6/7/2025,O002675,C00367,P0095,E0005,R005,4,2000.37,0,8001.5,0,8001.5,5967.49,2034.01
ST0001884,7/18/2026,O002104,C00549,P0126,E0025,R004,4,41355.57,0,165422.27,0,165422.27,119302.4,46119.87
ST0001886,11/19/2025,O000836,C00283,P0098,E0031,R001,7,42917.08,0.2,300419.58,60083.92,240335.66,194395.2,45940.47
ST0001887,6/22/2026,O000688,C00581,P0090,E0020,R001,7,16596.46,0.1,116175.22,11617.52,104557.69,81371.51,23186.19
ST0001888,7/23/2025,O000840,C00509,P0048,E0020,R001,3,7871.87,0,23615.62,0,23615.62,18505.63,5109.98
ST0001889,5/3/2025,O001168,C00186,P0130,E0002,R002,8,35172.51,0,281380.08,0,281380.08,162654.48,118725.6
ST0001890,2/5/2025,O002452,C00071,P0017,E0028,R006,7,29352.87,0,205470.11,0,205470.11,166067.29,39402.82
ST0001891,12/23/2025,O000394,C00497,P0149,E0027,R008,2,34529.29,0,69058.58,0,69058.58,48868.45,20190.13
ST0001892,1/7/2026,O001239,C00219,P0141,E0021,R001,7,18606.67,0.2,130246.72,26049.34,104197.38,114460.56,-10263.18
ST0001893,1/15/2025,O000094,C00377,P0114,E0012,R004,4,14419.8,0.2,57679.18,11535.84,46143.34,49012.53,-2869.19
ST0001894,12/23/2025,O000632,C00494,P0106,E0014,R005,5,51588.29,0.25,257941.46,64485.36,193456.09,170788.81,22667.28
ST0001895,8/8/2026,O001833,C00356,P0143,E0012,R004,4,38360.79,0.15,153443.17,23016.48,130426.69,91033.84,39392.85
ST0001896,12/25/2025,O001464,C00303,P0093,E0025,R004,5,15114.09,0.1,75570.44,7557.04,68013.39,58751.89,9261.51
ST0001897,3/8/2025,O000239,C00067,P0006,E0039,R005,4,36336.25,0.1,145344.99,14534.5,130810.49,79855.93,50954.56
ST0001898,7/29/2025,O001199,C00265,P0094,E0029,R006,2,38904.17,0.05,77808.34,3890.42,73917.93,59769.14,14148.78
ST0001899,4/26/2026,O002011,C00103,P0064,E0027,R008,5,17181.95,0.15,85909.76,12886.46,73023.29,49601.5,23421.79
ST0001900,2/7/2026,O001230,C00384,P0066,E0021,R001,8,29867.63,0.2,238941.05,47788.21,191152.84,136271.66,54881.18
ST0001901,4/25/2025,O000958,C00344,P0139,E0036,R004,8,48439.49,0,387515.92,0,387515.92,222651.35,164864.57
ST0001902,1/27/2025,O002915,C00578,P0084,E0013,R004,3,38104.95,0.15,114314.85,17147.23,97167.63,81676.37,15491.26
ST0001903,4/2/2025,O000123,C00183,P0085,E0017,R002,7,22760.09,0,159320.6,0,159320.6,108410.75,50909.85
ST0001904,2/15/2026,O002266,C00017,P0049,E0010,R004,8,17966.24,0.05,143729.89,7186.49,136543.4,81454.91,55088.49
ST0001905,2/17/2026,O001841,C00119,P0114,E0009,R002,2,13892.97,0.25,27785.93,6946.48,20839.45,24506.26,-3666.82
ST0001906,3/13/2026,O002211,C00221,P0129,E0005,R005,4,17070.21,0.05,68280.85,3414.04,64866.81,39429.92,25436.89
ST0001907,3/15/2026,O001006,C00410,P0068,E0034,R001,6,23412.23,0.25,140473.37,35118.34,105355.02,92841.92,12513.11
ST0001908,10/25/2025,O001652,C00316,P0131,E0028,R006,6,39898.25,0.15,239389.51,35908.43,203481.09,205852.92,-2371.83
ST0001909,4/12/2025,O000167,C00453,P0102,E0034,R001,3,30369.82,0,91109.47,0,91109.47,49668.42,41441.05
ST0001910,2/17/2026,O000614,C00132,P0062,E0026,R006,1,31238.9,0.15,31238.9,4685.83,26553.06,20285.56,6267.5
ST0001911,3/20/2025,O002642,C00261,P0100,E0012,R004,5,44951.84,0.15,224759.18,33713.88,191045.31,141358.89,49686.42
ST0001912,1/14/2026,O002621,C00303,P0043,E0020,R001,5,46905.55,0.05,234527.73,11726.39,222801.34,139134.06,83667.28
ST0001913,9/25/2025,O000952,C00397,P0092,E0032,R001,5,57516.34,0.15,287581.72,43137.26,244444.46,167004.69,77439.77
ST0001914,4/23/2026,O001352,C00141,P0046,E0023,R004,2,51183.62,0,102367.25,0,102367.25,60320.65,42046.6
ST0001915,1/26/2026,O002810,C00237,P0092,E0029,R006,7,54670.48,0,382693.39,0,382693.39,233806.57,148886.82
ST0001916,11/24/2025,O002067,C00428,P0116,E0004,R008,2,29044.09,0.15,58088.17,8713.23,49374.95,46234.66,3140.28
ST0001917,12/25/2025,O000185,C00596,P0054,E0038,R002,6,17714.71,0.1,106288.23,10628.82,95659.41,57068.73,38590.68
ST0001918,1/25/2025,O002548,C00271,P0075,E0029,R006,7,44821.6,0.05,313751.17,15687.56,298063.62,189612.55,108451.06
ST0001920,12/25/2025,O001808,C00467,P0071,E0013,R004,8,36014.93,0.15,288119.4,43217.91,244901.49,197852.8,47048.69
ST0001921,2/12/2026,O000502,C00580,P0021,E0004,R008,7,12664.23,0,88649.62,0,88649.62,68386.75,20262.87
ST0001922,3/8/2026,O000475,C00491,P0087,E0019,R002,1,5786.09,0,5786.09,0,5786.09,3825.99,1960.1
ST0001923,6/6/2025,O002978,C00139,P0148,E0019,R002,7,17532.76,0.05,122729.29,6136.46,116592.83,96229.04,20363.79
ST0001924,5/25/2025,O002258,C00034,P0105,E0037,R004,2,2983.97,0.2,5967.95,1193.59,4774.36,4642.56,131.79
ST0001925,6/2/2026,O000182,C00248,P0011,E0021,R001,5,38748.77,0.15,193743.85,29061.58,164682.27,147224.91,17457.36
ST0001926,8/28/2025,O002467,C00368,P0057,E0034,R001,4,27947.92,0,111791.67,0,111791.67,73498.74,38292.93
ST0001927,8/17/2025,O002228,C00141,P0107,E0038,R002,7,6836.15,0.25,47853.06,11963.27,35889.8,43188.98,-7299.18
ST0001928,5/1/2025,O000916,C00281,P0132,E0037,R004,6,23301.88,0,139811.29,0,139811.29,83243.32,56567.97
ST0001929,11/17/2025,O000107,C00146,P0043,E0018,R003,6,46253.77,0.1,277522.62,27752.26,249770.36,166960.87,82809.49
ST0001930,5/7/2026,O000791,C00478,P0133,E0003,R001,1,4841.09,0,4841.09,0,4841.09,3018.23,1822.85
ST0001931,8/3/2025,O000281,C00287,P0048,E0010,R004,5,7769.07,0.25,38845.37,9711.34,29134.03,30842.72,-1708.69
ST0001932,7/28/2026,O001908,C00170,P0025,E0040,R005,2,2095.75,0.15,4191.51,628.73,3562.78,2262.53,1300.25
ST0001933,2/16/2025,O000225,C00600,P0099,E0034,R001,2,16495.58,0.15,32991.16,4948.67,28042.48,23908.53,4133.96
ST0001934,3/9/2026,O002328,C00059,P0149,E0016,R002,2,35095.43,0.1,70190.85,7019.09,63171.77,48868.45,14303.32
ST0001935,2/23/2026,O002562,C00079,P0096,E0041,R002,1,36963.33,0.05,36963.33,1848.17,35115.16,24146.83,10968.33
ST0001936,4/19/2025,O000495,C00599,P0148,E0026,R006,2,17486.5,0.2,34972.99,6994.6,27978.39,27494.01,484.38
ST0001937,4/18/2025,O002430,C00024,P0057,E0041,R002,7,28855.62,0,201989.31,0,201989.31,128622.79,73366.51
ST0001938,7/8/2026,O002055,C00306,P0111,E0027,R008,8,39538.34,0,316306.69,0,316306.69,194475.22,121831.46
ST0001939,7/30/2026,O002197,C00573,P0003,E0021,R001,5,2373.12,0,11865.59,0,11865.59,8533.84,3331.75
ST0001940,4/28/2026,O002448,C00138,P0053,E0034,R001,3,10564.33,0.25,31692.99,7923.25,23769.75,19801.17,3968.57
ST0001941,12/27/2025,O002288,C00037,P0094,E0016,R002,1,40850.17,0.2,40850.17,8170.03,32680.14,29884.57,2795.56
ST0001942,8/18/2026,O000416,C00100,P0109,E0010,R004,2,42308.72,0.15,84617.43,12692.61,71924.82,55423.81,16501.01
ST0001943,8/7/2025,O000902,C00478,P0054,E0024,R002,3,16358.81,0,49076.44,0,49076.44,28534.37,20542.07
ST0001944,6/3/2026,O001145,C00195,P0148,E0039,R005,6,16612.07,0,99672.43,0,99672.43,82482.03,17190.4
ST0001945,6/14/2026,O000173,C00454,P0145,E0011,R008,5,3050.59,0,15252.95,0,15252.95,11651.59,3601.36
ST0001946,6/4/2025,O000874,C00422,P0123,E0021,R001,2,24842.74,0.1,49685.47,4968.55,44716.92,41056.04,3660.89
ST0001947,2/24/2025,O002032,C00351,P0093,E0028,R006,6,15577.36,0.2,93464.15,18692.83,74771.32,70502.26,4269.06
ST0001948,5/1/2025,O001839,C00119,P0066,E0015,R008,1,28694.97,0,28694.97,0,28694.97,17033.96,11661.01
ST0001949,12/2/2025,O000280,C00549,P0047,E0020,R001,7,16150.09,0.2,113050.62,22610.12,90440.5,78513.96,11926.53
ST0001950,5/22/2025,O000538,C00424,P0009,E0040,R005,4,3241.6,0.1,12966.4,1296.64,11669.76,8296.23,3373.53
ST0001951,9/30/2025,O002425,C00269,P0095,E0023,R004,2,2074.51,0.1,4149.02,414.9,3734.12,2983.74,750.38
ST0001952,1/23/2025,O002760,C00495,P0024,E0030,R003,3,7890.5,0.15,23671.5,3550.73,20120.78,18282.21,1838.56
ST0001953,9/24/2025,O001768,C00349,P0013,E0027,R008,2,11395.95,0,22791.91,0,22791.91,19179.66,3612.25
ST0001954,8/2/2025,O002733,C00431,P0034,E0003,R001,4,40128.83,0.15,160515.33,24077.3,136438.03,91091.46,45346.57
ST0001955,1/26/2025,O002494,C00146,P0057,E0013,R004,4,27495.23,0.05,109980.91,5499.05,104481.86,73498.74,30983.12
ST0001956,9/9/2025,O001463,C00134,P0150,E0028,R006,8,51841.19,0,414729.53,0,414729.53,271510.1,143219.43
ST0001957,11/20/2025,O000244,C00431,P0110,E0036,R004,3,415.26,0.25,1245.79,311.45,934.34,1024.42,-90.08
ST0001958,3/14/2025,O001166,C00367,P0088,E0039,R005,7,26265.49,0.2,183858.45,36771.69,147086.76,140339.49,6747.27
ST0001959,10/17/2025,O002069,C00348,P0027,E0003,R001,1,19636.39,0.2,19636.39,3927.28,15709.11,11017.93,4691.18
ST0001960,8/4/2026,O001585,C00414,P0028,E0002,R002,7,24519.31,0,171635.19,0,171635.19,139471.44,32163.76
ST0001961,6/8/2025,O001181,C00103,P0092,E0033,R008,1,56457.54,0,56457.54,0,56457.54,33400.94,23056.6
ST0001962,1/4/2025,O000267,C00044,P0037,E0033,R008,1,31364.25,0.25,31364.25,7841.06,23523.19,24331.36,-808.18
ST0001963,2/18/2025,O001730,C00173,P0002,E0039,R005,2,6133.33,0.05,12266.66,613.33,11653.32,8486.13,3167.2
ST0001964,1/20/2026,O000423,C00501,P0143,E0021,R001,1,36808.54,0.2,36808.54,7361.71,29446.83,22758.46,6688.37
ST0001965,11/15/2025,O001668,C00138,P0011,E0004,R008,2,41040.72,0.1,82081.44,8208.14,73873.3,58889.96,14983.33
ST0001966,1/21/2026,O000419,C00590,P0066,E0007,R002,1,29901.49,0.15,29901.49,4485.22,25416.26,17033.96,8382.31
ST0001967,2/11/2025,O000968,C00537,P0070,E0038,R002,7,17811.59,0.05,124681.15,6234.06,118447.1,74421.8,44025.3
ST0001968,11/28/2025,O001149,C00107,P0145,E0020,R001,6,3046.91,0.1,18281.45,1828.15,16453.31,13981.9,2471.41
ST0001969,4/28/2025,O000048,C00087,P0086,E0005,R005,1,20989.95,0,20989.95,0,20989.95,17282.96,3706.99
ST0001970,5/18/2026,O002836,C00318,P0117,E0017,R002,5,21263.24,0.1,106316.22,10631.62,95684.6,87366.59,8318.01
ST0001971,1/21/2025,O002434,C00200,P0143,E0010,R004,4,38435.45,0.2,153741.82,30748.36,122993.46,91033.84,31959.62
ST0001972,5/30/2025,O002238,C00539,P0090,E0037,R004,1,16319.17,0,16319.17,0,16319.17,11624.5,4694.66
ST0001973,7/29/2025,O002492,C00165,P0071,E0006,R002,2,35560.62,0.2,71121.25,14224.25,56897,49463.2,7433.8
ST0001974,1/20/2026,O002535,C00031,P0005,E0030,R003,5,12994.25,0.1,64971.23,6497.12,58474.11,57092.32,1381.79
ST0001975,12/6/2025,O002665,C00430,P0114,E0030,R003,7,13322.74,0.25,93259.21,23314.8,69944.41,85771.93,-15827.52
ST0001976,11/9/2025,O000781,C00189,P0137,E0029,R006,5,27530.48,0.25,137652.39,34413.1,103239.29,123360.52,-20121.23
ST0001977,5/17/2026,O001600,C00555,P0022,E0012,R004,6,6550.22,0,39301.34,0,39301.34,33680.77,5620.57
ST0001978,5/31/2026,O001601,C00339,P0074,E0007,R002,8,14961.16,0.2,119689.28,23937.86,95751.42,94429.31,1322.12
ST0001979,7/15/2026,O001642,C00268,P0032,E0018,R003,8,24112.59,0.2,192900.69,38580.14,154320.55,133597.3,20723.25
ST0001980,7/10/2025,O002918,C00297,P0097,E0018,R003,6,11372.4,0,68234.42,0,68234.42,41130.44,27103.97
ST0001981,1/12/2025,O000552,C00178,P0100,E0034,R001,3,45930.86,0.1,137792.57,13779.26,124013.32,84815.33,39197.98
ST0001982,4/9/2025,O001590,C00205,P0022,E0027,R008,2,6930.8,0.1,13861.6,1386.16,12475.44,11226.92,1248.51
ST0001983,2/19/2025,O000562,C00578,P0139,E0032,R001,7,46869.86,0.25,328089.02,82022.26,246066.77,194819.93,51246.84
ST0001984,5/26/2026,O000777,C00465,P0079,E0009,R002,3,24653.41,0.1,73960.23,7396.02,66564.21,65173.73,1390.48
ST0001985,5/25/2025,O002247,C00581,P0106,E0004,R008,8,53410.26,0,427282.09,0,427282.09,273262.1,154019.99
ST0001986,3/29/2026,O001622,C00092,P0095,E0035,R002,7,2017.7,0.1,14123.88,1412.39,12711.5,10443.1,2268.39
ST0001987,3/17/2026,O002012,C00377,P0076,E0037,R004,1,18646.16,0.05,18646.16,932.31,17713.85,11888.74,5825.11
ST0001988,5/9/2026,O002037,C00556,P0034,E0025,R004,4,37080.67,0,148322.67,0,148322.67,91091.46,57231.21
ST0001989,8/2/2025,O001321,C00042,P0038,E0014,R005,5,29316.55,0,146582.74,0,146582.74,103873.25,42709.48
ST0001990,8/3/2026,O001394,C00070,P0039,E0032,R001,6,40461.08,0.1,242766.46,24276.65,218489.81,200767.29,17722.52
ST0001991,7/2/2026,O000139,C00266,P0001,E0007,R002,6,30622.5,0.15,183734.97,27560.25,156174.73,104887.26,51287.47
ST0001992,3/1/2025,O002537,C00152,P0080,E0004,R008,7,8247.12,0.1,57729.84,5772.98,51956.86,30576.28,21380.58
ST0001993,7/4/2025,O000737,C00496,P0028,E0026,R006,6,24745.6,0,148473.58,0,148473.58,119546.95,28926.64
ST0001994,9/7/2025,O001391,C00311,P0039,E0010,R004,1,39670.23,0.2,39670.23,7934.05,31736.18,33461.21,-1725.03
ST0001995,8/31/2026,O000933,C00023,P0085,E0030,R003,4,23517.78,0,94071.12,0,94071.12,61949,32122.12
ST0001996,5/11/2025,O002945,C00447,P0031,E0020,R001,5,20092.71,0.1,100463.57,10046.36,90417.21,58209.2,32208.01
ST0001997,5/13/2026,O000069,C00564,P0085,E0013,R004,4,22419.75,0,89678.98,0,89678.98,61949,27729.98
ST0001998,1/28/2026,O000993,C00476,P0039,E0013,R004,3,40060.68,0.2,120182.04,24036.41,96145.63,100383.64,-4238.01
ST0001999,7/1/2026,O000507,C00176,P0002,E0016,R002,2,6429.47,0.15,12858.93,1928.84,10930.09,8486.13,2443.96
ST0002000,6/8/2026,O001110,C00517,P0067,E0013,R004,4,41207.54,0.25,164830.18,41207.54,123622.63,130783.57,-7160.93
ST0002001,1/25/2025,O001136,C00222,P0020,E0038,R002,5,43686.23,0.25,218431.16,54607.79,163823.37,132881.32,30942.05
ST0002002,1/2/2026,O002205,C00329,P0125,E0030,R003,4,13215.79,0.25,52863.15,13215.79,39647.36,47343.56,-7696.2
ST0002003,8/13/2026,O000807,C00325,P0120,E0019,R002,8,3378.43,0.15,27027.47,4054.12,22973.35,20732.63,2240.72
ST0002004,1/23/2026,O000620,C00305,P0078,E0014,R005,1,20580.38,0,20580.38,0,20580.38,15674.46,4905.92
ST0002005,4/22/2025,O000471,C00439,P0110,E0013,R004,3,415.56,0,1246.67,0,1246.67,1024.42,222.25
ST0002006,1/15/2026,O002016,C00075,P0145,E0025,R004,2,3197.95,0.2,6395.9,1279.18,5116.72,4660.63,456.09
ST0002007,10/1/2025,O000064,C00066,P0011,E0015,R008,7,38861.44,0.05,272030.1,13601.5,258428.59,206114.87,52313.72
ST0002008,8/13/2025,O000667,C00517,P0105,E0007,R002,6,3088.43,0.15,18530.57,2779.59,15750.99,13927.68,1823.3
ST0002009,2/15/2025,O002526,C00468,P0112,E0039,R005,4,34301.4,0.05,137205.6,6860.28,130345.32,89748.48,40596.84
ST0002010,3/26/2025,O002065,C00086,P0122,E0013,R004,8,6149.48,0.25,49195.83,12298.96,36896.87,28323.82,8573.05
ST0002011,8/8/2026,O001421,C00247,P0033,E0016,R002,7,29199.57,0.2,204396.97,40879.39,163517.58,141153.44,22364.13
ST0002012,11/4/2025,O001231,C00112,P0129,E0036,R004,3,15797.29,0.25,47391.87,11847.97,35543.9,29572.44,5971.46
ST0002013,3/18/2025,O002024,C00395,P0039,E0040,R005,6,38435.68,0.2,230614.1,46122.82,184491.28,200767.29,-16276.01
ST0002014,6/4/2026,O000761,C00107,P0033,E0003,R001,6,29167.68,0,175006.07,0,175006.07,120988.67,54017.4
ST0002015,3/8/2025,O000277,C00540,P0120,E0041,R002,3,3365.64,0.05,10096.93,504.85,9592.09,7774.74,1817.35
ST0002016,8/8/2025,O000189,C00436,P0064,E0010,R004,5,17039.8,0,85199.01,0,85199.01,49601.5,35597.5
ST0002017,12/22/2025,O002270,C00438,P0135,E0011,R008,3,8396.8,0.1,25190.39,2519.04,22671.35,17291.05,5380.31
ST0002018,4/27/2026,O000651,C00346,P0002,E0002,R002,5,6155.89,0.1,30779.44,3077.94,27701.5,21215.32,6486.17
ST0002019,12/29/2025,O001783,C00291,P0098,E0006,R002,7,45067.67,0.15,315473.68,47321.05,268152.62,194395.2,73757.43
ST0002020,1/25/2025,O000527,C00146,P0139,E0001,R002,8,46227.54,0.2,369820.31,73964.06,295856.25,222651.35,73204.9
ST0002021,2/12/2026,O002853,C00375,P0129,E0017,R002,8,15607.65,0.2,124861.18,24972.24,99888.95,78859.84,21029.1
ST0002022,12/8/2025,O000530,C00289,P0015,E0024,R002,8,29701.15,0,237609.2,0,237609.2,142152.76,95456.45
ST0002023,7/19/2026,O002802,C00255,P0056,E0001,R002,7,47364.85,0.15,331553.96,49733.09,281820.86,179392.54,102428.32
ST0002024,5/26/2026,O000777,C00465,P0027,E0009,R002,6,19439.04,0.2,116634.22,23326.84,93307.38,66107.58,27199.8
ST0002025,10/16/2025,O000559,C00344,P0102,E0002,R002,3,28438.54,0.2,85315.61,17063.12,68252.48,49668.42,18584.06
ST0002026,5/9/2025,O000142,C00405,P0124,E0021,R001,5,9003.29,0,45016.46,0,45016.46,31653.8,13362.66
ST0002027,4/29/2026,O001053,C00449,P0068,E0020,R001,4,23315.07,0.25,93260.28,23315.07,69945.21,61894.61,8050.6
ST0002028,1/10/2026,O000499,C00564,P0004,E0018,R003,7,30261.25,0.05,211828.74,10591.44,201237.31,169314.57,31922.74
ST0002029,1/12/2026,O001457,C00038,P0037,E0015,R008,7,31633.61,0.05,221435.3,11071.77,210363.54,170319.55,40043.98
ST0002030,7/21/2025,O002900,C00416,P0119,E0002,R002,5,2881,0,14405.01,0,14405.01,9748.43,4656.59
ST0002031,1/6/2025,O000875,C00579,P0018,E0040,R005,8,35008.32,0,280066.59,0,280066.59,242276.64,37789.95
ST0002032,2/22/2026,O002800,C00167,P0093,E0025,R004,4,15327.95,0,61311.79,0,61311.79,47001.51,14310.29
ST0002033,2/8/2026,O001134,C00245,P0149,E0025,R004,8,35004.64,0.1,280037.14,28003.71,252033.42,195473.79,56559.63
ST0002034,1/19/2025,O002521,C00003,P0120,E0004,R008,1,3211.21,0.25,3211.21,802.8,2408.41,2591.58,-183.17
ST0002035,3/25/2025,O000188,C00151,P0053,E0029,R006,5,10023.37,0.05,50116.86,2505.84,47611.01,33001.96,14609.06
ST0002036,9/27/2025,O002457,C00433,P0128,E0010,R004,6,5605.35,0.15,33632.09,5044.81,28587.28,18817.35,9769.93
ST0002037,5/4/2026,O002872,C00482,P0092,E0001,R002,7,58081.33,0.2,406569.3,81313.86,325255.44,233806.57,91448.87
ST0002038,7/23/2025,O002174,C00507,P0135,E0012,R004,2,8671.15,0.1,17342.3,1734.23,15608.07,11527.37,4080.7
ST0002039,12/29/2025,O002097,C00145,P0104,E0031,R001,1,4216.63,0.25,4216.63,1054.16,3162.47,2350.84,811.63
ST0002040,11/27/2025,O000536,C00286,P0030,E0011,R008,6,47698.71,0,286192.24,0,286192.24,180930.23,105262.01
ST0002041,2/27/2026,O002045,C00424,P0066,E0039,R005,4,28891.38,0,115565.5,0,115565.5,68135.83,47429.67
ST0002042,1/2/2025,O002110,C00173,P0033,E0032,R001,8,31273.27,0.15,250186.16,37527.92,212658.24,161318.22,51340.02
ST0002043,12/25/2025,O000185,C00596,P0054,E0038,R002,4,16432.79,0,65731.18,0,65731.18,38045.82,27685.36
ST0002044,1/19/2025,O000763,C00027,P0059,E0014,R005,6,24035.54,0,144213.24,0,144213.24,98844.86,45368.38
ST0002045,5/28/2025,O001799,C00396,P0004,E0039,R005,5,31426.17,0.2,157130.86,31426.17,125704.69,120938.98,4765.71
ST0002046,5/30/2026,O000482,C00204,P0080,E0032,R001,4,8182.74,0.15,32730.97,4909.65,27821.33,17472.16,10349.17
ST0002047,4/8/2025,O001898,C00163,P0080,E0002,R002,8,7923.73,0.25,63389.83,15847.46,47542.37,34944.32,12598.05
ST0002048,10/14/2025,O002034,C00574,P0066,E0041,R002,1,28899.2,0,28899.2,0,28899.2,17033.96,11865.25
ST0002049,1/13/2026,O001650,C00192,P0099,E0027,R008,7,16923.4,0.25,118463.81,29615.95,88847.86,83679.85,5168.01
ST0002050,4/19/2026,O001447,C00184,P0103,E0036,R004,1,37541.86,0.1,37541.86,3754.19,33787.67,22187.23,11600.44
ST0002051,11/21/2025,O001547,C00123,P0036,E0041,R002,3,12436.35,0.15,37309.06,5596.36,31712.7,22150.04,9562.66
ST0002052,10/15/2025,O000634,C00257,P0031,E0013,R004,3,20939.41,0.2,62818.22,12563.64,50254.57,34925.52,15329.06
ST0002053,3/14/2025,O002207,C00446,P0033,E0012,R004,2,30305.3,0,60610.6,0,60610.6,40329.56,20281.05
ST0002054,7/1/2025,O002063,C00456,P0107,E0026,R006,3,7181.15,0.25,21543.44,5385.86,16157.58,18509.56,-2351.99
ST0002055,5/11/2025,O001072,C00027,P0113,E0036,R004,3,1779.15,0.2,5337.44,1067.49,4269.95,4296.68,-26.73
ST0002056,1/16/2026,O000883,C00145,P0053,E0020,R001,4,10666.64,0.05,42666.55,2133.33,40533.22,26401.57,14131.66
ST0002057,10/3/2025,O002957,C00528,P0093,E0029,R006,7,15868.19,0.2,111077.36,22215.47,88861.89,82252.64,6609.25
ST0002058,3/9/2026,O000151,C00238,P0103,E0004,R008,7,40134.79,0.1,280943.5,28094.35,252849.15,155310.62,97538.53
ST0002059,6/10/2026,O000133,C00565,P0070,E0005,R005,6,18563.09,0,111378.57,0,111378.57,63790.11,47588.46
ST0002060,7/26/2025,O000745,C00449,P0052,E0020,R001,5,9681.35,0.05,48406.77,2420.34,45986.43,31956.66,14029.77
ST0002061,5/11/2026,O000843,C00598,P0088,E0017,R002,5,26326.37,0.15,131631.87,19744.78,111887.09,100242.49,11644.6
ST0002062,5/27/2025,O000376,C00092,P0029,E0007,R002,5,41206.89,0.25,206034.44,51508.61,154525.83,119972.96,34552.87
ST0002063,9/25/2025,O001774,C00329,P0090,E0033,R008,2,15774.89,0.05,31549.77,1577.49,29972.28,23249,6723.28
ST0002064,4/21/2025,O000743,C00031,P0031,E0013,R004,1,21113.38,0.2,21113.38,4222.68,16890.71,11641.84,5248.87
ST0002065,7/3/2025,O000963,C00304,P0120,E0002,R002,2,3338.96,0.2,6677.93,1335.59,5342.34,5183.16,159.18
ST0002067,8/1/2025,O002564,C00164,P0136,E0039,R005,2,45561.82,0.1,91123.64,9112.36,82011.28,54083.21,27928.07
ST0002068,5/12/2026,O002977,C00068,P0087,E0040,R005,6,5753.36,0.2,34520.18,6904.04,27616.14,22955.94,4660.2
ST0002069,3/9/2026,O002263,C00573,P0096,E0041,R002,5,34433.7,0.15,172168.51,25825.28,146343.23,120734.15,25609.08
ST0002070,2/6/2025,O001011,C00265,P0128,E0038,R002,4,5705.26,0,22821.04,0,22821.04,12544.9,10276.15
ST0002071,6/29/2025,O001680,C00329,P0050,E0015,R008,7,1081.74,0.1,7572.21,757.22,6814.99,4675.22,2139.77
ST0002072,6/24/2025,O000727,C00190,P0126,E0011,R008,7,43220.89,0.15,302546.21,45381.93,257164.28,208779.2,48385.08
ST0002073,3/21/2025,O002017,C00185,P0122,E0025,R004,8,5793.46,0,46347.65,0,46347.65,28323.82,18023.83
ST0002074,12/17/2025,O001479,C00117,P0144,E0006,R002,7,19200.38,0.25,134402.66,33600.66,100801.99,79084.45,21717.55
ST0002075,3/23/2025,O001265,C00239,P0023,E0015,R008,8,28261.38,0.15,226091.06,33913.66,192177.4,152347.21,39830.19
ST0002076,4/18/2026,O000299,C00529,P0150,E0039,R005,6,49986.01,0.25,299916.06,74979.02,224937.05,203632.57,21304.47
ST0002077,4/4/2025,O002275,C00070,P0007,E0039,R005,5,23889.29,0.25,119446.43,29861.61,89584.82,84156.48,5428.34
ST0002078,1/22/2026,O002013,C00302,P0034,E0037,R004,4,37520.63,0.15,150082.52,22512.38,127570.15,91091.46,36478.68
ST0002079,5/24/2026,O000054,C00373,P0126,E0029,R006,7,41718.6,0.25,292030.23,73007.56,219022.67,208779.2,10243.47
ST0002080,4/14/2026,O000113,C00453,P0009,E0024,R002,2,2979.63,0,5959.25,0,5959.25,4148.11,1811.14
ST0002081,7/8/2025,O002498,C00309,P0028,E0020,R001,6,23212.36,0,139274.15,0,139274.15,119546.95,19727.2
ST0002082,3/19/2025,O001261,C00586,P0073,E0017,R002,3,5433.9,0.1,16301.69,1630.17,14671.52,10548.2,4123.32
ST0002083,5/5/2026,O001029,C00327,P0128,E0005,R005,3,5615.89,0.05,16847.66,842.38,16005.27,9408.67,6596.6
ST0002084,11/11/2025,O002397,C00265,P0004,E0030,R003,2,30011.48,0.2,60022.96,12004.59,48018.37,48375.59,-357.22
ST0002085,12/18/2025,O002149,C00130,P0101,E0006,R002,2,37585.89,0.1,75171.79,7517.18,67654.61,40655.16,26999.45
ST0002086,7/1/2025,O001025,C00251,P0118,E0016,R002,1,20452.14,0.2,20452.14,4090.43,16361.71,15281.35,1080.37
ST0002087,5/10/2025,O002698,C00144,P0147,E0018,R003,2,49922.43,0.1,99844.87,9984.49,89860.38,56041.29,33819.09
ST0002088,1/19/2026,O000919,C00174,P0136,E0001,R002,1,46979.84,0.15,46979.84,7046.98,39932.86,27041.61,12891.26
ST0002089,9/30/2025,O002345,C00007,P0098,E0036,R004,8,44881,0.1,359047.96,35904.8,323143.16,222165.94,100977.23
ST0002090,10/10/2025,O001852,C00465,P0047,E0009,R002,1,15828.37,0.1,15828.37,1582.84,14245.54,11216.28,3029.26
ST0002091,4/4/2025,O000485,C00019,P0012,E0041,R002,3,27400.97,0.1,82202.9,8220.29,73982.61,63739.31,10243.31
ST0002092,4/21/2025,O000743,C00031,P0111,E0013,R004,5,40144.9,0,200724.48,0,200724.48,121547.02,79177.46
ST0002093,11/7/2025,O000235,C00367,P0094,E0014,R005,7,41165.91,0.1,288161.37,28816.14,259345.23,209192,50153.23
ST0002094,1/19/2025,O000649,C00591,P0069,E0002,R002,6,16245.51,0.1,97473.05,9747.31,87725.75,56052.69,31673.06
ST0002095,5/16/2026,O000425,C00120,P0094,E0006,R002,6,42586.37,0.1,255518.25,25551.82,229966.42,179307.43,50658.99
ST0002096,8/11/2026,O002532,C00266,P0051,E0023,R004,3,8606.33,0.1,25818.98,2581.9,23237.09,14718.73,8518.36
ST0002097,4/20/2025,O001913,C00342,P0002,E0026,R006,2,5954.18,0.05,11908.36,595.42,11312.94,8486.13,2826.81
ST0002098,2/27/2025,O001263,C00339,P0025,E0007,R002,8,2048.39,0,16387.12,0,16387.12,9050.12,7337
ST0002099,2/23/2026,O002562,C00079,P0047,E0041,R002,7,14918.87,0.15,104432.1,15664.82,88767.29,78513.96,10253.32
ST0002100,5/19/2026,O001737,C00587,P0131,E0036,R004,6,39059.72,0.15,234358.3,35153.75,199204.56,205852.92,-6648.36
ST0002101,2/14/2026,O002818,C00221,P0138,E0022,R003,7,25544.09,0,178808.65,0,178808.65,130469.51,48339.14
ST0002102,1/5/2026,O002146,C00275,P0088,E0023,R004,8,25339.46,0.05,202715.67,10135.78,192579.89,160387.99,32191.9
ST0002103,2/9/2025,O002052,C00416,P0097,E0019,R002,8,11687.71,0.25,93501.68,23375.42,70126.26,54840.59,15285.67
ST0002104,3/15/2025,O002422,C00053,P0076,E0013,R004,4,20172.81,0,80691.22,0,80691.22,47554.97,33136.26
ST0002105,6/22/2026,O001683,C00575,P0071,E0011,R008,5,37659.28,0,188296.42,0,188296.42,123658,64638.42
ST0002106,5/14/2026,O000690,C00503,P0098,E0024,R002,4,42603.35,0.1,170413.39,17041.34,153372.05,111082.97,42289.08
ST0002107,4/11/2026,O002019,C00136,P0109,E0029,R006,6,44240.72,0.25,265444.3,66361.07,199083.22,166271.42,32811.8
ST0002108,1/25/2026,O001081,C00468,P0086,E0002,R002,8,21502,0.1,172016,17201.6,154814.4,138263.67,16550.73
ST0002109,5/25/2025,O001578,C00424,P0067,E0009,R002,5,42202.56,0.2,211012.78,42202.56,168810.23,163479.46,5330.77
ST0002110,10/8/2025,O000321,C00045,P0090,E0017,R002,6,16898.99,0.25,101393.97,25348.49,76045.48,69747,6298.47
ST0002111,12/3/2025,O000978,C00472,P0071,E0039,R005,8,37744.21,0.25,301953.68,75488.42,226465.26,197852.8,28612.46
ST0002112,10/17/2025,O001310,C00335,P0010,E0041,R002,3,1162.02,0.25,3486.05,871.51,2614.54,2318.7,295.84
ST0002113,7/1/2025,O001494,C00053,P0062,E0001,R002,8,31187.88,0.15,249503.08,37425.46,212077.62,162284.49,49793.13
ST0002114,2/12/2026,O002652,C00098,P0002,E0019,R002,5,6303.17,0.2,31515.83,6303.17,25212.67,21215.32,3997.34
ST0002115,3/18/2026,O002148,C00515,P0102,E0026,R006,6,30759.83,0.2,184558.95,36911.79,147647.16,99336.85,48310.32
ST0002116,1/26/2025,O002555,C00225,P0067,E0021,R001,6,41820.05,0,250920.3,0,250920.3,196175.35,54744.95
ST0002117,4/28/2026,O001807,C00354,P0090,E0002,R002,5,16428.41,0,82142.03,0,82142.03,58122.5,24019.53
ST0002118,7/23/2026,O001975,C00174,P0135,E0002,R002,1,8282.57,0.15,8282.57,1242.39,7040.18,5763.68,1276.5
ST0002119,11/22/2025,O000885,C00537,P0051,E0032,R001,6,8737.66,0.15,52425.96,7863.89,44562.06,29437.46,15124.61
ST0002120,11/23/2025,O000773,C00251,P0048,E0035,R002,2,7344.87,0.15,14689.75,2203.46,12486.29,12337.09,149.2
ST0002121,7/20/2026,O001556,C00563,P0078,E0038,R002,1,20460.59,0.05,20460.59,1023.03,19437.56,15674.46,3763.1
ST0002122,11/29/2025,O000120,C00338,P0122,E0003,R001,4,5847.77,0,23391.07,0,23391.07,14161.91,9229.16
ST0002123,5/14/2026,O001126,C00437,P0023,E0039,R005,6,27521.22,0.1,165127.32,16512.73,148614.59,114260.41,34354.18
ST0002124,1/1/2025,O000895,C00147,P0046,E0012,R004,5,54627.51,0.05,273137.54,13656.88,259480.67,150801.62,108679.04
ST0002125,1/12/2026,O000424,C00392,P0012,E0019,R002,3,26455.54,0.15,79366.61,11904.99,67461.62,63739.31,3722.31
ST0002126,4/20/2026,O000944,C00218,P0137,E0032,R001,8,28021.4,0.1,224171.17,22417.12,201754.06,197376.83,4377.23
ST0002127,5/12/2026,O000844,C00308,P0052,E0016,R002,5,9939.84,0.1,49699.21,4969.92,44729.29,31956.66,12772.63
ST0002128,9/7/2025,O001152,C00149,P0110,E0001,R002,5,435.36,0.25,2176.8,544.2,1632.6,1707.37,-74.76
ST0002129,4/4/2025,O001615,C00303,P0111,E0026,R006,1,40243.65,0.25,40243.65,10060.91,30182.73,24309.4,5873.33
ST0002130,11/13/2025,O000560,C00067,P0125,E0015,R008,4,13969.6,0.15,55878.39,8381.76,47496.64,47343.56,153.08
ST0002131,3/1/2025,O002537,C00152,P0122,E0004,R008,5,5643.93,0.15,28219.63,4232.94,23986.68,17702.38,6284.3
ST0002132,7/10/2026,O000601,C00421,P0014,E0024,R002,5,23734.94,0,118674.7,0,118674.7,92177.51,26497.19
ST0002133,10/3/2025,O000219,C00418,P0023,E0016,R002,1,28036.03,0.1,28036.03,2803.6,25232.43,19043.4,6189.03
ST0002134,12/5/2025,O001787,C00412,P0012,E0012,R004,8,27514.5,0,220116.01,0,220116.01,169971.48,50144.53
ST0002135,5/16/2025,O002794,C00484,P0084,E0027,R008,2,37688.01,0.15,75376.01,11306.4,64069.61,54450.91,9618.7
ST0002136,3/27/2026,O001075,C00364,P0119,E0002,R002,8,2967.85,0.1,23742.82,2374.28,21368.54,15597.48,5771.06
ST0002137,4/9/2025,O000829,C00238,P0133,E0019,R002,4,5289.58,0.25,21158.3,5289.58,15868.73,12072.93,3795.8
ST0002138,8/31/2026,O000089,C00137,P0110,E0018,R003,2,417.07,0,834.15,0,834.15,682.95,151.2
ST0002139,2/23/2025,O001317,C00246,P0115,E0004,R008,6,37109.26,0.1,222655.57,22265.56,200390.01,130247.77,70142.24
ST0002140,7/18/2025,O002164,C00050,P0054,E0009,R002,6,16271.16,0.25,97626.97,24406.74,73220.23,57068.73,16151.49
ST0002141,5/1/2025,O001409,C00210,P0047,E0031,R001,7,14961.41,0.25,104729.89,26182.47,78547.42,78513.96,33.45
ST0002142,9/29/2025,O001915,C00393,P0008,E0036,R004,7,40366.09,0.1,282562.6,28256.26,254306.34,153977.27,100329.07
ST0002143,7/11/2026,O001369,C00089,P0111,E0032,R001,8,39470.87,0,315766.99,0,315766.99,194475.22,121291.77
ST0002144,8/14/2025,O002608,C00555,P0139,E0020,R001,2,49257.15,0.15,98514.3,14777.15,83737.16,55662.84,28074.32
ST0002145,1/6/2025,O000747,C00209,P0062,E0003,R001,7,32521.14,0.25,227648.01,56912,170736.01,141998.93,28737.08
ST0002146,1/1/2025,O000895,C00147,P0146,E0012,R004,2,38685.89,0.1,77371.79,7737.18,69634.61,49757.41,19877.2
ST0002147,5/7/2026,O001892,C00294,P0065,E0004,R008,6,41870.19,0.15,251221.14,37683.17,213537.96,155371.06,58166.9
ST0002148,7/14/2025,O002134,C00386,P0077,E0012,R004,2,495.86,0,991.72,0,991.72,831.3,160.43
ST0002149,5/12/2026,O001018,C00536,P0128,E0025,R004,7,5712.8,0.1,39989.63,3998.96,35990.67,21953.57,14037.09
ST0002150,7/10/2026,O000037,C00510,P0086,E0033,R008,1,21149.39,0,21149.39,0,21149.39,17282.96,3866.43
ST0002151,4/10/2026,O000184,C00460,P0104,E0021,R001,6,3882.09,0,23292.56,0,23292.56,14105.05,9187.51
ST0002152,6/4/2026,O001751,C00556,P0069,E0029,R006,1,16045.67,0.1,16045.67,1604.57,14441.1,9342.11,5098.99
ST0002153,1/7/2026,O002162,C00326,P0053,E0012,R004,5,10245.02,0.2,51225.11,10245.02,40980.09,33001.96,7978.13
ST0002154,2/11/2026,O001102,C00035,P0132,E0017,R002,4,24464.83,0,97859.31,0,97859.31,55495.55,42363.76
ST0002155,3/3/2026,O001042,C00334,P0133,E0035,R002,6,5020.76,0.1,30124.54,3012.45,27112.09,18109.39,9002.69
ST0002156,7/27/2026,O001346,C00046,P0073,E0038,R002,1,5496.77,0.05,5496.77,274.84,5221.93,3516.07,1705.87
ST0002157,5/20/2025,O002541,C00509,P0034,E0018,R003,8,37459.59,0,299676.72,0,299676.72,182182.92,117493.8
ST0002158,5/1/2025,O002517,C00460,P0003,E0003,R001,4,2257.48,0.1,9029.94,902.99,8126.94,6827.07,1299.87
ST0002159,12/22/2025,O002270,C00438,P0130,E0011,R008,4,37059.2,0.25,148236.78,37059.2,111177.59,81327.24,29850.35
ST0002160,8/31/2025,O001598,C00215,P0066,E0006,R002,4,29712.62,0,118850.49,0,118850.49,68135.83,50714.66
ST0002161,1/1/2026,O001754,C00037,P0127,E0030,R003,6,9734.93,0.15,58409.55,8761.43,49648.12,33532.62,16115.5
ST0002162,1/1/2025,O001094,C00550,P0067,E0030,R003,5,41865.3,0.15,209326.49,31398.97,177927.52,163479.46,14448.06
ST0002163,6/13/2025,O002302,C00486,P0147,E0022,R003,6,53239,0.15,319433.99,47915.1,271518.89,168123.88,103395.01
ST0002164,12/5/2025,O000884,C00484,P0007,E0031,R001,4,25904.98,0.2,103619.91,20723.98,82895.93,67325.19,15570.74
ST0002165,8/5/2025,O000138,C00272,P0119,E0023,R004,6,2929.5,0.25,17577.02,4394.25,13182.76,11698.11,1484.65
ST0002166,8/13/2026,O002922,C00245,P0088,E0013,R004,3,25921.61,0.15,77764.83,11664.72,66100.1,60145.49,5954.61
ST0002167,7/23/2026,O000222,C00252,P0032,E0036,R004,6,22203.95,0.25,133223.73,33305.93,99917.8,100197.98,-280.18
ST0002168,7/7/2026,O002659,C00444,P0010,E0017,R002,3,1204.18,0.15,3612.53,541.88,3070.65,2318.7,751.96
ST0002169,5/12/2026,O002697,C00244,P0103,E0004,R008,7,38300.7,0,268104.9,0,268104.9,155310.62,112794.28
ST0002170,1/4/2025,O002460,C00508,P0043,E0027,R008,4,44332.69,0.1,177330.77,17733.08,159597.7,111307.25,48290.45
ST0002171,6/21/2025,O001445,C00562,P0068,E0032,R001,1,25706.19,0,25706.19,0,25706.19,15473.65,10232.54
ST0002172,7/14/2025,O001803,C00557,P0031,E0007,R002,6,19896.72,0.25,119380.35,29845.09,89535.26,69851.03,19684.23
ST0002173,1/29/2025,O000247,C00319,P0047,E0005,R005,8,15238.89,0,121911.11,0,121911.11,89730.24,32180.86
ST0002174,4/2/2025,O000106,C00348,P0031,E0031,R001,3,21100.08,0.2,63300.24,12660.05,50640.19,34925.52,15714.67
ST0002175,1/7/2025,O002496,C00561,P0092,E0005,R005,4,55021.63,0.05,220086.51,11004.33,209082.18,133603.75,75478.43
ST0002176,6/26/2026,O000018,C00102,P0006,E0039,R005,5,34999.85,0,174999.26,0,174999.26,99819.92,75179.34
ST0002177,8/30/2026,O002721,C00475,P0137,E0006,R002,3,28209.86,0.25,84629.59,21157.4,63472.19,74016.31,-10544.12
ST0002178,1/14/2025,O002838,C00324,P0099,E0027,R008,3,16838.65,0,50515.95,0,50515.95,35862.79,14653.16
ST0002179,7/4/2025,O001233,C00394,P0136,E0035,R002,2,48883.21,0,97766.42,0,97766.42,54083.21,43683.21
ST0002180,10/31/2025,O002321,C00446,P0061,E0010,R004,1,45122.27,0.05,45122.27,2256.11,42866.16,26259.95,16606.21
ST0002181,1/4/2025,O001218,C00240,P0136,E0001,R002,5,48536.4,0,242682,0,242682,135208.03,107473.98
ST0002182,5/11/2025,O002115,C00011,P0092,E0010,R004,8,58824.56,0.1,470596.5,47059.65,423536.85,267207.51,156329.34
ST0002183,8/30/2026,O002458,C00465,P0115,E0009,R002,4,38314.59,0.15,153258.35,22988.75,130269.6,86831.85,43437.75
ST0002184,7/21/2026,O000616,C00591,P0070,E0027,R008,6,17942.85,0.05,107657.09,5382.85,102274.23,63790.11,38484.12
ST0002185,2/15/2026,O000970,C00346,P0135,E0021,R001,2,8282.69,0,16565.39,0,16565.39,11527.37,5038.02
ST0002186,2/11/2026,O002195,C00545,P0041,E0004,R008,8,45766.04,0.2,366128.35,73225.67,292902.68,226937.58,65965.1
ST0002187,2/12/2026,O000770,C00251,P0132,E0020,R001,3,23588.98,0.05,70766.94,3538.35,67228.6,41621.66,25606.94
ST0002188,7/6/2026,O000539,C00429,P0091,E0037,R004,2,23472.46,0,46944.92,0,46944.92,28416.95,18527.97
ST0002189,2/27/2026,O001485,C00101,P0094,E0036,R004,8,41648.19,0.25,333185.52,83296.38,249889.14,239076.57,10812.57
ST0002190,9/23/2025,O002163,C00444,P0135,E0034,R001,2,8250.65,0.05,16501.3,825.06,15676.23,11527.37,4148.87
ST0002191,1/15/2025,O002424,C00463,P0011,E0006,R002,4,38470.98,0.15,153883.9,23082.59,130801.32,117779.93,13021.39
ST0002192,5/17/2025,O000508,C00041,P0148,E0011,R008,7,17582.92,0.25,123080.42,30770.1,92310.31,96229.04,-3918.73
ST0002193,11/16/2025,O002542,C00368,P0085,E0014,R005,5,22359.38,0.15,111796.92,16769.54,95027.38,77436.25,17591.13
ST0002194,2/27/2026,O001858,C00442,P0100,E0029,R006,2,46232.82,0.05,92465.63,4623.28,87842.35,56543.55,31298.8
ST0002195,1/9/2026,O000062,C00580,P0076,E0004,R008,5,19470.66,0,97353.31,0,97353.31,59443.71,37909.6
ST0002196,5/25/2025,O002921,C00164,P0084,E0016,R002,1,38140.19,0,38140.19,0,38140.19,27225.46,10914.73
ST0002197,10/4/2025,O002681,C00126,P0066,E0010,R004,5,28748.83,0.05,143744.15,7187.21,136556.95,85169.79,51387.16
ST0002198,12/16/2025,O000169,C00007,P0061,E0017,R002,6,41295.68,0.25,247774.08,61943.52,185830.56,157559.72,28270.84
ST0002199,5/29/2025,O001692,C00092,P0093,E0035,R002,6,16205.31,0.15,97231.87,14584.78,82647.09,70502.26,12144.83
ST0002200,7/1/2026,O002859,C00286,P0054,E0002,R002,6,17703.02,0.15,106218.13,15932.72,90285.41,57068.73,33216.67
ST0002201,1/7/2025,O002093,C00455,P0020,E0016,R002,1,42192.39,0.2,42192.39,8438.48,33753.91,26576.26,7177.65
ST0002202,2/26/2026,O000550,C00541,P0040,E0021,R001,8,27640.31,0.05,221122.49,11056.12,210066.37,138888.12,71178.25
ST0002203,4/20/2026,O001229,C00583,P0115,E0014,R005,8,38469.08,0.1,307752.65,30775.27,276977.39,173663.7,103313.69
ST0002204,6/12/2025,O001113,C00544,P0096,E0012,R004,3,35156.85,0.2,105470.56,21094.11,84376.44,72440.49,11935.96
ST0002205,5/30/2026,O000482,C00204,P0033,E0032,R001,4,30104.75,0,120418.99,0,120418.99,80659.11,39759.88
ST0002206,4/4/2026,O001182,C00466,P0064,E0037,R004,8,17489.73,0.15,139917.84,20987.68,118930.16,79362.41,39567.75
ST0002207,6/10/2025,O000158,C00133,P0005,E0013,R004,8,12277.56,0.05,98220.5,4911.03,93309.48,91347.71,1961.77
ST0002208,8/21/2025,O001356,C00261,P0094,E0037,R004,5,41083.34,0.05,205416.68,10270.83,195145.84,149422.86,45722.98
ST0002209,6/27/2026,O002332,C00184,P0107,E0019,R002,8,7480.19,0.2,59841.51,11968.3,47873.2,49358.83,-1485.63
ST0002210,7/12/2026,O000433,C00519,P0112,E0021,R001,7,32459.13,0.2,227213.93,45442.79,181771.15,157059.84,24711.3
ST0002211,1/22/2026,O002309,C00185,P0088,E0003,R001,7,26537.21,0.1,185760.48,18576.05,167184.43,140339.49,26844.94
ST0002212,9/27/2025,O000481,C00256,P0040,E0019,R002,6,27432.77,0,164596.62,0,164596.62,104166.09,60430.53
ST0002213,7/10/2026,O001408,C00303,P0008,E0014,R005,3,40038.06,0.1,120114.18,12011.42,108102.76,65990.26,42112.5
ST0002214,3/4/2025,O001830,C00243,P0068,E0036,R004,1,24227.21,0,24227.21,0,24227.21,15473.65,8753.56
ST0002215,6/19/2025,O000635,C00598,P0040,E0039,R005,8,26830.7,0.1,214645.56,21464.56,193181.01,138888.12,54292.89
ST0002216,10/27/2025,O001628,C00389,P0093,E0009,R002,4,16239.06,0.05,64956.23,3247.81,61708.42,47001.51,14706.91
ST0002217,7/20/2026,O001507,C00446,P0029,E0028,R006,4,38434.68,0.1,153738.74,15373.87,138364.86,95978.37,42386.5
ST0002218,4/14/2025,O002610,C00235,P0013,E0003,R001,1,11165.52,0.05,11165.52,558.28,10607.24,9589.83,1017.41
ST0002219,1/21/2026,O001378,C00006,P0143,E0026,R006,4,38835.68,0.05,155342.73,7767.14,147575.6,91033.84,56541.76
ST0002220,1/12/2026,O001457,C00038,P0087,E0015,R008,6,5752.21,0.25,34513.28,8628.32,25884.96,22955.94,2929.02
ST0002221,3/20/2025,O000768,C00016,P0032,E0017,R002,7,24119.19,0.2,168834.36,33766.87,135067.49,116897.64,18169.85
ST0002222,5/24/2025,O000880,C00508,P0053,E0012,R004,6,10608.77,0.2,63652.6,12730.52,50922.08,39602.35,11319.73
ST0002223,12/20/2025,O001982,C00527,P0107,E0005,R005,7,7201.44,0.15,50410.11,7561.52,42848.6,43188.98,-340.38
ST0002224,3/2/2025,O002510,C00220,P0092,E0031,R001,1,56215.18,0.25,56215.18,14053.79,42161.38,33400.94,8760.45
ST0002225,2/7/2026,O002378,C00135,P0024,E0040,R005,1,8212.83,0.25,8212.83,2053.21,6159.62,6094.07,65.55
ST0002226,3/14/2025,O002940,C00414,P0014,E0018,R003,5,22315.1,0.1,111575.51,11157.55,100417.96,92177.51,8240.44
ST0002227,3/15/2025,O000364,C00576,P0095,E0040,R005,6,2126.99,0.15,12761.91,1914.29,10847.63,8951.23,1896.4
ST0002228,4/29/2025,O001316,C00213,P0041,E0030,R003,2,48045.52,0.15,96091.05,14413.66,81677.39,56734.39,24943
ST0002229,4/9/2026,O001872,C00521,P0150,E0003,R001,4,50001.48,0.15,200005.93,30000.89,170005.04,135755.05,34249.99
ST0002230,4/3/2026,O001572,C00110,P0012,E0023,R004,4,27691.13,0.2,110764.51,22152.9,88611.61,84985.74,3625.87
ST0002231,2/27/2026,O002786,C00488,P0108,E0004,R008,1,16192.5,0.15,16192.5,2428.88,13763.63,13023.07,740.56
ST0002232,2/2/2025,O002074,C00285,P0140,E0024,R002,6,32721.09,0,196326.55,0,196326.55,108444.05,87882.5
ST0002233,1/26/2026,O000361,C00160,P0009,E0032,R001,6,3071.99,0.25,18431.93,4607.98,13823.95,12444.34,1379.61
ST0002234,11/23/2025,O002261,C00039,P0051,E0021,R001,2,8040.25,0.05,16080.5,804.03,15276.48,9812.49,5463.99
ST0002235,6/5/2025,O000839,C00201,P0045,E0018,R003,1,55678.14,0.05,55678.14,2783.91,52894.23,31549.52,21344.71
ST0002236,7/15/2026,O000199,C00501,P0009,E0001,R002,4,3169.75,0.2,12679.01,2535.8,10143.21,8296.23,1846.98
ST0002237,7/10/2025,O000973,C00221,P0056,E0029,R006,7,45893.09,0.15,321251.62,48187.74,273063.88,179392.54,93671.34
ST0002238,8/12/2026,O000175,C00403,P0048,E0003,R001,1,7659.85,0,7659.85,0,7659.85,6168.54,1491.3
ST0002239,10/6/2025,O002226,C00039,P0144,E0039,R005,8,20096.74,0.2,160773.88,32154.78,128619.11,90382.22,38236.88
ST0002240,12/30/2025,O000258,C00587,P0144,E0010,R004,4,20115.7,0.05,80462.79,4023.14,76439.65,45191.11,31248.54
ST0002241,9/12/2025,O001843,C00352,P0134,E0035,R002,2,17044.16,0.1,34088.33,3408.83,30679.49,20874.34,9805.15
ST0002242,5/9/2026,O001855,C00160,P0111,E0002,R002,7,40247.06,0.05,281729.39,14086.47,267642.92,170165.82,97477.1
ST0002243,10/6/2025,O000554,C00233,P0003,E0029,R006,4,2300.04,0.2,9200.15,1840.03,7360.12,6827.07,533.05
ST0002244,5/30/2026,O000380,C00203,P0048,E0033,R008,5,7298.67,0.25,36493.33,9123.33,27369.99,30842.72,-3472.73
ST0002245,6/23/2026,O001658,C00093,P0112,E0007,R002,5,33632.35,0,168161.74,0,168161.74,112185.6,55976.13
ST0002246,8/17/2025,O002982,C00587,P0106,E0022,R003,5,51433.63,0,257168.15,0,257168.15,170788.81,86379.34
ST0002247,7/25/2026,O001056,C00587,P0119,E0036,R004,4,3027.03,0.25,12108.13,3027.03,9081.1,7798.74,1282.36
ST0002248,5/31/2026,O000682,C00004,P0127,E0007,R002,7,9412.22,0.1,65885.56,6588.56,59297.01,39121.39,20175.62
ST0002249,4/21/2026,O002433,C00321,P0084,E0034,R001,2,38798.1,0.15,77596.2,11639.43,65956.77,54450.91,11505.86
ST0002250,1/24/2026,O001944,C00336,P0114,E0025,R004,5,13451.42,0.15,67257.1,10088.57,57168.54,61265.66,-4097.13
ST0002251,6/1/2025,O000692,C00116,P0080,E0019,R002,7,7967.33,0.2,55771.34,11154.27,44617.07,30576.28,14040.79
ST0002252,7/21/2026,O000362,C00308,P0079,E0040,R005,5,24940.96,0.15,124704.79,18705.72,105999.07,108622.88,-2623.81
ST0002253,2/17/2026,O000890,C00599,P0146,E0021,R001,6,39175.91,0.25,235055.46,58763.86,176291.59,149272.24,27019.36
ST0002254,8/17/2026,O001340,C00089,P0085,E0017,R002,7,22683.66,0.2,158785.6,31757.12,127028.48,108410.75,18617.73
ST0002255,11/1/2025,O000591,C00095,P0051,E0029,R006,5,7971.02,0,39855.11,0,39855.11,24531.21,15323.9
ST0002256,11/11/2025,O002567,C00215,P0097,E0021,R001,1,11670.68,0.15,11670.68,1750.6,9920.07,6855.07,3065
ST0002257,1/19/2025,O001537,C00398,P0069,E0014,R005,7,15876.35,0.2,111134.42,22226.88,88907.54,65394.8,23512.73
ST0002258,3/4/2026,O002128,C00376,P0017,E0027,R008,2,29334.85,0.15,58669.7,8800.45,49869.24,47447.8,2421.44
ST0002259,8/20/2026,O000746,C00542,P0036,E0014,R005,3,11701.55,0.25,35104.65,8776.16,26328.49,22150.04,4178.45
ST0002260,2/1/2026,O002663,C00164,P0035,E0038,R002,5,10828.77,0.1,54143.87,5414.39,48729.48,42207.53,6521.95
ST0002261,10/17/2025,O000563,C00317,P0048,E0001,R002,1,7328.96,0,7328.96,0,7328.96,6168.54,1160.42
ST0002262,4/20/2026,O000944,C00218,P0125,E0032,R001,5,12928.87,0.1,64644.35,6464.43,58179.91,59179.45,-999.54
ST0002263,5/1/2025,O002767,C00585,P0017,E0010,R004,4,28911.61,0.1,115646.42,11564.64,104081.78,94895.6,9186.18
ST0002264,7/4/2025,O001233,C00394,P0134,E0035,R002,6,16617.06,0,99702.36,0,99702.36,62623.02,37079.34
ST0002265,4/28/2025,O000211,C00392,P0068,E0018,R003,6,24110.08,0.1,144660.48,14466.05,130194.44,92841.92,37352.52
ST0002266,8/4/2026,O002812,C00382,P0084,E0039,R005,8,38719.97,0.2,309759.72,61951.94,247807.78,217803.64,30004.13
ST0002267,10/17/2025,O002729,C00118,P0096,E0001,R002,8,35628.74,0.15,285029.93,42754.49,242275.44,193174.63,49100.81
ST0002268,8/27/2025,O002773,C00429,P0001,E0022,R003,1,31045.64,0.05,31045.64,1552.28,29493.36,17481.21,12012.15
ST0002269,4/24/2025,O000275,C00022,P0034,E0010,R004,7,39209.82,0.1,274468.71,27446.87,247021.84,159410.06,87611.78
ST0002270,8/2/2026,O002670,C00559,P0109,E0001,R002,5,44436.27,0.15,222181.34,33327.2,188854.14,138559.52,50294.62
ST0002271,11/14/2025,O001082,C00103,P0055,E0024,R002,7,24561.04,0,171927.3,0,171927.3,118834.75,53092.55
ST0002272,4/20/2025,O001913,C00342,P0010,E0026,R006,6,1180.83,0.05,7084.98,354.25,6730.73,4637.39,2093.34
ST0002273,1/10/2026,O001780,C00110,P0091,E0015,R008,4,24360.19,0.25,97440.74,24360.19,73080.56,56833.91,16246.65
ST0002274,7/18/2025,O001038,C00454,P0046,E0023,R004,1,50522.01,0,50522.01,0,50522.01,30160.32,20361.68
ST0002275,3/28/2026,O000360,C00387,P0131,E0012,R004,7,39204.72,0.1,274433.05,27443.31,246989.75,240161.74,6828.01
ST0002276,3/19/2025,O002931,C00479,P0026,E0015,R008,6,18073.55,0,108441.27,0,108441.27,89970.75,18470.52
ST0002277,8/5/2026,O001335,C00311,P0022,E0030,R003,2,6804.52,0.15,13609.04,2041.36,11567.69,11226.92,340.77
ST0002278,5/13/2026,O001424,C00165,P0006,E0006,R002,6,36020.71,0.2,216124.25,43224.85,172899.4,119783.9,53115.5
ST0002279,10/17/2025,O000415,C00074,P0061,E0035,R002,4,42552.04,0.25,170208.15,42552.04,127656.11,105039.81,22616.29
ST0002280,5/6/2026,O002242,C00118,P0082,E0032,R001,1,29717.82,0.2,29717.82,5943.56,23774.26,16407.41,7366.85
ST0002281,6/16/2025,O001078,C00096,P0049,E0013,R004,3,18486.2,0.2,55458.6,11091.72,44366.88,30545.59,13821.28
ST0002282,4/30/2025,O002305,C00155,P0129,E0039,R005,8,16943.74,0.1,135549.92,13554.99,121994.92,78859.84,43135.08
ST0002283,12/5/2025,O002910,C00595,P0053,E0015,R008,3,10670.47,0.2,32011.42,6402.28,25609.13,19801.17,5807.96
ST0002284,6/17/2026,O002421,C00503,P0013,E0023,R004,5,10927.06,0,54635.31,0,54635.31,47949.15,6686.16
ST0002285,10/12/2025,O002245,C00011,P0025,E0003,R001,1,1993.29,0.2,1993.29,398.66,1594.63,1131.26,463.37
ST0002286,1/29/2025,O002071,C00363,P0020,E0039,R005,8,40233.78,0.05,321870.23,16093.51,305776.72,212610.12,93166.61
ST0002287,7/11/2025,O000619,C00134,P0033,E0031,R001,2,30148.13,0.05,60296.26,3014.81,57281.44,40329.56,16951.89
ST0002288,5/2/2026,O001881,C00538,P0076,E0017,R002,7,19039.45,0.15,133276.16,19991.42,113284.73,83221.2,30063.54
ST0002289,1/4/2025,O000086,C00189,P0086,E0030,R003,3,21115.1,0.2,63345.3,12669.06,50676.24,51848.88,-1172.64
ST0002290,6/12/2025,O000739,C00070,P0090,E0003,R001,7,15679.56,0,109756.93,0,109756.93,81371.51,28385.43
ST0002291,5/19/2026,O001188,C00085,P0056,E0033,R008,6,49004.63,0.15,294027.76,44104.16,249923.6,153765.04,96158.56
ST0002292,6/28/2025,O000794,C00507,P0012,E0010,R004,5,27882.95,0,139414.73,0,139414.73,106232.18,33182.55
ST0002293,5/20/2026,O002571,C00091,P0124,E0009,R002,8,9020.66,0.2,72165.29,14433.06,57732.23,50646.08,7086.16
ST0002294,9/15/2025,O002948,C00576,P0094,E0023,R004,2,39747.91,0.1,79495.82,7949.58,71546.24,59769.14,11777.1
ST0002295,10/10/2025,O000315,C00208,P0003,E0034,R001,3,2440.44,0,7321.31,0,7321.31,5120.3,2201.01
ST0002296,4/11/2025,O000446,C00232,P0103,E0019,R002,8,38662.81,0.25,309302.44,77325.61,231976.83,177497.85,54478.98
ST0002297,10/20/2025,O000824,C00578,P0118,E0035,R002,2,20390.96,0.1,40781.93,4078.19,36703.73,30562.69,6141.04
ST0002298,4/19/2026,O000980,C00355,P0040,E0030,R003,1,27208.63,0,27208.63,0,27208.63,17361.01,9847.61
ST0002299,2/25/2025,O002497,C00314,P0033,E0017,R002,8,29406.38,0.25,235251.06,58812.76,176438.29,161318.22,15120.07
ST0002300,7/22/2025,O000357,C00479,P0046,E0021,R001,7,52442.89,0.05,367100.24,18355.01,348745.22,211122.27,137622.95
ST0002301,11/18/2025,O001631,C00514,P0012,E0041,R002,3,25959.02,0.1,77877.05,7787.7,70089.34,63739.31,6350.04
ST0002302,5/9/2025,O000355,C00054,P0106,E0011,R008,6,51775.33,0,310651.97,0,310651.97,204946.57,105705.4
ST0002303,2/26/2026,O001715,C00535,P0038,E0014,R005,5,30147.58,0.05,150737.89,7536.89,143201,103873.25,39327.74
ST0002304,7/21/2025,O001386,C00166,P0039,E0006,R002,7,39008,0,273056.02,0,273056.02,234228.5,38827.52
ST0002305,7/23/2026,O000222,C00252,P0062,E0036,R004,7,31605.7,0.1,221239.89,22123.99,199115.9,141998.93,57116.97
ST0002306,10/15/2025,O000236,C00506,P0037,E0025,R004,8,31004.81,0,248038.52,0,248038.52,194650.92,53387.6
ST0002307,5/31/2025,O000032,C00415,P0002,E0033,R008,6,6441.99,0.25,38651.95,9662.99,28988.96,25458.39,3530.58
ST0002308,2/14/2026,O002807,C00286,P0112,E0002,R002,8,32152.82,0.15,257222.53,38583.38,218639.15,179496.96,39142.19
ST0002309,2/13/2025,O000012,C00020,P0082,E0032,R001,8,30941.37,0.25,247530.95,61882.74,185648.21,131259.28,54388.93
ST0002310,3/29/2026,O000291,C00392,P0046,E0002,R002,2,53884.55,0,107769.11,0,107769.11,60320.65,47448.46
ST0002311,8/12/2025,O001570,C00074,P0117,E0027,R008,4,22278.2,0,89112.78,0,89112.78,69893.27,19219.51
ST0002312,8/9/2026,O001495,C00299,P0049,E0025,R004,4,18356.11,0,73424.43,0,73424.43,40727.46,32696.97
ST0002313,5/13/2026,O000069,C00564,P0095,E0013,R004,5,2095.49,0.2,10477.43,2095.49,8381.95,7459.36,922.59
ST0002314,3/25/2025,O002387,C00321,P0082,E0001,R002,2,30686.72,0.1,61373.45,6137.34,55236.1,32814.82,22421.28
ST0002315,8/21/2025,O001356,C00261,P0122,E0037,R004,1,6104.84,0.15,6104.84,915.73,5189.11,3540.48,1648.64
ST0002316,6/15/2026,O001216,C00115,P0049,E0005,R005,3,18535.81,0.2,55607.43,11121.49,44485.94,30545.59,13940.35
ST0002317,9/23/2025,O002163,C00444,P0059,E0034,R001,1,23749.66,0,23749.66,0,23749.66,16474.14,7275.52
ST0002318,3/29/2026,O001622,C00092,P0068,E0035,R002,7,25145.39,0.25,176017.74,44004.44,132013.31,108315.57,23697.74
ST0002319,1/24/2026,O001370,C00252,P0085,E0007,R002,2,23073.41,0,46146.82,0,46146.82,30974.5,15172.32
ST0002320,3/1/2025,O002953,C00539,P0009,E0036,R004,5,2977.7,0.25,14888.52,3722.13,11166.39,10370.29,796.11
ST0002321,6/10/2025,O002673,C00599,P0017,E0016,R002,6,29475.75,0.15,176854.5,26528.17,150326.32,142343.39,7982.93
ST0002322,11/24/2025,O002067,C00428,P0009,E0004,R008,6,2986.95,0.15,17921.68,2688.25,15233.43,12444.34,2789.09
ST0002323,8/9/2026,O000907,C00260,P0049,E0019,R002,5,17696.14,0.05,88480.72,4424.04,84056.68,50909.32,33147.36
ST0002324,9/18/2025,O002964,C00361,P0064,E0007,R002,4,18155.61,0,72622.44,0,72622.44,39681.2,32941.23
ST0002325,4/10/2025,O000976,C00474,P0002,E0040,R005,6,6181.04,0.25,37086.22,9271.56,27814.67,25458.39,2356.28
ST0002326,2/20/2025,O001509,C00197,P0078,E0024,R002,4,19996.74,0.25,79986.95,19996.74,59990.21,62697.86,-2707.65
ST0002327,4/28/2025,O000217,C00505,P0001,E0034,R001,5,28752.57,0.25,143762.84,35940.71,107822.13,87406.05,20416.08
ST0002328,5/5/2026,O001080,C00216,P0060,E0006,R002,8,59710.13,0,477681.02,0,477681.02,269000.61,208680.41
ST0002329,1/14/2026,O002621,C00303,P0038,E0020,R001,2,31154.95,0,62309.91,0,62309.91,41549.3,20760.61
ST0002330,12/12/2025,O001105,C00121,P0113,E0019,R002,1,1722.63,0,1722.63,0,1722.63,1432.23,290.4
ST0002331,8/19/2025,O001397,C00383,P0044,E0027,R008,4,768.83,0.2,3075.3,615.06,2460.24,1612.8,847.44
ST0002332,8/20/2026,O002316,C00306,P0121,E0001,R002,2,11325.41,0.25,22650.82,5662.71,16988.12,14104.9,2883.22
ST0002333,3/17/2026,O002209,C00207,P0096,E0038,R002,7,35724.1,0.1,250068.69,25006.87,225061.82,169027.8,56034.01
ST0002334,2/21/2026,O001551,C00511,P0114,E0021,R001,6,13126.83,0.15,78761,11814.15,66946.85,73518.79,-6571.94
ST0002335,5/13/2026,O000387,C00385,P0127,E0040,R005,4,9945.62,0.25,39782.49,9945.62,29836.86,22355.08,7481.79
ST0002336,6/5/2025,O002306,C00421,P0062,E0015,R008,1,32025.12,0,32025.12,0,32025.12,20285.56,11739.56
ST0002337,11/7/2025,O000235,C00367,P0089,E0014,R005,6,42028.79,0.15,252172.76,37825.91,214346.84,134729.37,79617.48
ST0002338,2/2/2026,O000344,C00258,P0097,E0007,R002,4,10994.43,0.2,43977.71,8795.54,35182.17,27420.3,7761.87
ST0002339,12/30/2025,O000302,C00313,P0125,E0001,R002,4,14203.44,0.1,56813.77,5681.38,51132.4,47343.56,3788.84
ST0002340,3/28/2026,O001178,C00384,P0128,E0038,R002,1,5485.04,0.2,5485.04,1097.01,4388.03,3136.22,1251.81
ST0002341,7/25/2026,O001056,C00587,P0077,E0036,R004,1,480.59,0.2,480.59,96.12,384.47,415.65,-31.18
ST0002342,7/15/2025,O002939,C00041,P0076,E0017,R002,6,19939.48,0.2,119636.85,23927.37,95709.48,71332.45,24377.03
ST0002343,7/11/2026,O001369,C00089,P0147,E0032,R001,4,52908.71,0.05,211634.83,10581.74,201053.09,112082.59,88970.5
ST0002344,3/8/2026,O001914,C00187,P0006,E0020,R001,8,37633.45,0.1,301067.57,30106.76,270960.81,159711.87,111248.94
ST0002345,3/9/2026,O001511,C00461,P0002,E0010,R004,5,6125.28,0.25,30626.42,7656.61,22969.82,21215.32,1754.49
ST0002346,8/8/2026,O000051,C00023,P0121,E0022,R003,6,11298.43,0.2,67790.58,13558.12,54232.46,42314.69,11917.77
ST0002347,2/15/2026,O002955,C00262,P0047,E0038,R002,8,15085.34,0.2,120682.75,24136.55,96546.2,89730.24,6815.96
ST0002348,6/24/2025,O000656,C00331,P0106,E0029,R006,1,53987.07,0.25,53987.07,13496.77,40490.3,34157.76,6332.54
ST0002349,6/21/2026,O002587,C00596,P0099,E0020,R001,2,15717.24,0.1,31434.49,3143.45,28291.04,23908.53,4382.51
ST0002350,7/5/2025,O002100,C00232,P0006,E0037,R004,2,34630.39,0.15,69260.79,10389.12,58871.67,39927.97,18943.7
ST0002351,1/11/2025,O000903,C00392,P0112,E0025,R004,1,33992.57,0,33992.57,0,33992.57,22437.12,11555.45
ST0002352,2/7/2025,O002415,C00054,P0072,E0041,R002,1,48470.87,0,48470.87,0,48470.87,32461.52,16009.35
ST0002353,9/9/2025,O002678,C00214,P0120,E0041,R002,1,3196.74,0,3196.74,0,3196.74,2591.58,605.16
ST0002354,2/25/2025,O000557,C00415,P0128,E0026,R006,7,5565.87,0.15,38961.06,5844.16,33116.9,21953.57,11163.33
ST0002355,9/12/2025,O000099,C00242,P0089,E0041,R002,8,40299.75,0.1,322398.01,32239.8,290158.21,179639.15,110519.06
ST0002356,3/6/2025,O002031,C00589,P0013,E0002,R002,2,11095.78,0.15,22191.56,3328.73,18862.83,19179.66,-316.83
ST0002357,12/31/2025,O001902,C00165,P0035,E0009,R002,7,10963.33,0,76743.3,0,76743.3,59090.54,17652.75
ST0002358,5/12/2025,O000431,C00322,P0145,E0009,R002,6,3173.83,0.2,19042.97,3808.59,15234.37,13981.9,1252.47
ST0002359,8/30/2026,O002458,C00465,P0103,E0009,R002,5,39241.57,0.1,196207.83,19620.78,176587.05,110936.16,65650.89
ST0002360,2/2/2025,O001842,C00186,P0052,E0003,R001,6,9975.34,0.05,59852.05,2992.6,56859.45,38348,18511.45
ST0002361,2/15/2025,O001599,C00096,P0145,E0018,R003,2,3354.05,0.25,6708.1,1677.03,5031.08,4660.63,370.44
ST0002362,5/1/2026,O000686,C00175,P0039,E0001,R002,1,38605.26,0.25,38605.26,9651.31,28953.94,33461.21,-4507.27
ST0002363,12/6/2025,O000493,C00014,P0053,E0037,R004,6,10203.7,0.25,61222.18,15305.55,45916.64,39602.35,6314.29
ST0002364,6/30/2026,O002988,C00471,P0146,E0032,R001,8,41376.98,0.2,331015.86,66203.17,264812.68,199029.65,65783.04
ST0002365,7/23/2025,O002174,C00507,P0045,E0012,R004,6,55004.59,0.1,330027.54,33002.75,297024.78,189297.12,107727.66
ST0002366,1/16/2026,O001462,C00409,P0028,E0031,R001,7,23588.73,0.05,165121.08,8256.05,156865.03,139471.44,17393.59
ST0002367,3/27/2025,O002960,C00588,P0135,E0011,R008,7,8504.31,0,59530.17,0,59530.17,40345.78,19184.39
ST0002368,4/30/2026,O001488,C00443,P0139,E0011,R008,2,47415.25,0.2,94830.5,18966.1,75864.4,55662.84,20201.56
ST0002369,9/29/2025,O000463,C00307,P0126,E0032,R001,8,42357.11,0.1,338856.91,33885.69,304971.22,238604.8,66366.42
ST0002370,9/10/2025,O001156,C00079,P0128,E0010,R004,8,5533.26,0.05,44266.08,2213.3,42052.77,25089.8,16962.97
ST0002371,6/7/2026,O002516,C00286,P0086,E0036,R004,5,20571.14,0,102855.71,0,102855.71,86414.79,16440.92
ST0002372,7/13/2026,O001528,C00575,P0099,E0023,R004,8,16747.13,0,133977.07,0,133977.07,95634.12,38342.95
ST0002373,3/11/2026,O001437,C00503,P0038,E0029,R006,1,31324.76,0.15,31324.76,4698.71,26626.04,20774.65,5851.39
ST0002375,1/6/2026,O002624,C00513,P0148,E0031,R001,2,16587.16,0.25,33174.33,8293.58,24880.74,27494.01,-2613.27
ST0002376,4/26/2026,O002011,C00103,P0029,E0027,R008,2,39583.81,0.15,79167.61,11875.14,67292.47,47989.18,19303.29
ST0002377,7/27/2026,O002357,C00315,P0049,E0033,R008,4,17657.16,0.2,70628.64,14125.73,56502.91,40727.46,15775.46
ST0002378,4/26/2026,O000154,C00166,P0055,E0020,R001,2,22980.69,0.15,45961.38,6894.21,39067.17,33952.78,5114.39
ST0002379,3/3/2025,O001960,C00516,P0143,E0018,R003,4,36002.54,0.2,144010.14,28802.03,115208.11,91033.84,24174.28
ST0002380,4/9/2026,O001612,C00533,P0136,E0037,R004,3,47617.78,0.2,142853.33,28570.67,114282.67,81124.82,33157.85
ST0002381,2/23/2025,O002965,C00282,P0123,E0001,R002,6,23168.03,0.05,139008.17,6950.41,132057.76,123168.11,8889.65
ST0002382,2/22/2026,O001358,C00225,P0046,E0038,R002,7,53840.81,0,376885.68,0,376885.68,211122.27,165763.4
ST0002383,2/25/2025,O000557,C00415,P0071,E0026,R006,8,35373.96,0.15,282991.69,42448.75,240542.94,197852.8,42690.13
ST0002384,5/17/2025,O000508,C00041,P0030,E0011,R008,3,47631.67,0.1,142895,14289.5,128605.5,90465.11,38140.39
ST0002385,6/17/2026,O002421,C00503,P0051,E0023,R004,5,8587.71,0,42938.55,0,42938.55,24531.21,18407.34
ST0002386,10/10/2025,O001852,C00465,P0060,E0009,R002,3,58974.81,0,176924.42,0,176924.42,100875.23,76049.19
ST0002387,2/1/2026,O002372,C00209,P0057,E0002,R002,2,28591.69,0.1,57183.38,5718.34,51465.05,36749.37,14715.68
ST0002388,4/1/2025,O002092,C00015,P0111,E0011,R008,6,42960.34,0,257762.03,0,257762.03,145856.42,111905.61
ST0002389,5/28/2026,O001001,C00248,P0146,E0013,R004,5,40929.26,0.25,204646.29,51161.57,153484.72,124393.53,29091.19
ST0002390,10/27/2025,O001800,C00434,P0096,E0030,R003,1,34965.67,0.1,34965.67,3496.57,31469.11,24146.83,7322.28
ST0002391,1/14/2025,O002838,C00324,P0127,E0027,R008,8,9768.05,0.15,78144.39,11721.66,66422.73,44710.16,21712.57
ST0002392,8/1/2025,O000324,C00462,P0118,E0012,R004,5,20226.97,0,101134.84,0,101134.84,76406.73,24728.11
ST0002393,3/5/2026,O002742,C00231,P0078,E0026,R006,4,19668.35,0.05,78673.4,3933.67,74739.73,62697.86,12041.87
ST0002394,4/3/2026,O000846,C00116,P0090,E0020,R001,4,16344.97,0.2,65379.88,13075.98,52303.91,46498,5805.9
ST0002395,6/12/2025,O000314,C00318,P0018,E0029,R006,6,36461.19,0,218767.16,0,218767.16,181707.48,37059.68
ST0002396,11/20/2025,O002407,C00569,P0037,E0029,R006,8,29288.08,0.15,234304.68,35145.7,199158.97,194650.92,4508.06
ST0002397,6/12/2025,O001113,C00544,P0132,E0012,R004,1,24292.82,0,24292.82,0,24292.82,13873.89,10418.93
ST0002398,4/26/2026,O001559,C00110,P0096,E0032,R001,8,36131.83,0.1,289054.62,28905.46,260149.16,193174.63,66974.52
ST0002399,5/9/2025,O000764,C00054,P0066,E0026,R006,4,28145.97,0,112583.87,0,112583.87,68135.83,44448.04
ST0002400,2/6/2026,O001667,C00426,P0138,E0001,R002,7,25881.85,0.25,181172.94,45293.24,135879.71,130469.51,5410.2
ST0002401,9/19/2025,O001887,C00325,P0002,E0013,R004,6,6083.52,0.1,36501.13,3650.11,32851.02,25458.39,7392.63
ST0002402,2/24/2026,O002346,C00131,P0070,E0031,R001,4,18183.42,0.15,72733.66,10910.05,61823.62,42526.74,19296.87
ST0002403,2/21/2026,O002635,C00517,P0070,E0032,R001,5,18232.71,0,91163.57,0,91163.57,53158.43,38005.15
ST0002404,3/15/2026,O002937,C00485,P0018,E0025,R004,1,35749.43,0.25,35749.43,8937.36,26812.07,30284.58,-3472.51
ST0002405,1/31/2025,O001994,C00116,P0122,E0037,R004,5,5943.86,0.05,29719.28,1485.96,28233.32,17702.38,10530.93
ST0002406,11/21/2025,O001141,C00361,P0150,E0041,R002,3,49444.36,0,148333.08,0,148333.08,101816.29,46516.8
ST0002407,10/12/2025,O000438,C00566,P0135,E0015,R008,2,8391.89,0.2,16783.77,3356.75,13427.02,11527.37,1899.65
ST0002408,7/24/2025,O002519,C00173,P0107,E0005,R005,2,6989.3,0,13978.61,0,13978.61,12339.71,1638.9
ST0002409,5/20/2026,O002571,C00091,P0063,E0009,R002,6,20541.58,0.05,123249.46,6162.47,117086.99,102170.61,14916.38
ST0002410,10/6/2025,O000861,C00236,P0136,E0017,R002,5,48953.63,0.2,244768.17,48953.63,195814.54,135208.03,60606.51
ST0002411,12/22/2025,O000318,C00094,P0026,E0020,R001,2,18425.48,0.1,36850.97,3685.1,33165.87,29990.25,3175.62
ST0002412,4/26/2026,O000154,C00166,P0049,E0020,R001,5,17815.48,0.1,89077.41,8907.74,80169.67,50909.32,29260.35
ST0002413,3/9/2025,O000218,C00326,P0024,E0031,R001,7,8035.11,0.2,56245.77,11249.15,44996.62,42658.5,2338.12
ST0002414,8/15/2026,O000661,C00458,P0099,E0009,R002,3,16012.28,0.05,48036.84,2401.84,45635,35862.79,9772.21
ST0002415,12/9/2025,O001325,C00207,P0073,E0040,R005,7,5561.01,0,38927.07,0,38927.07,24612.47,14314.6
ST0002416,1/31/2026,O000729,C00377,P0032,E0019,R002,4,22624.01,0.05,90496.05,4524.8,85971.24,66798.65,19172.59
ST0002417,7/16/2026,O001595,C00548,P0044,E0005,R005,3,754.06,0.15,2262.18,339.33,1922.86,1209.6,713.26
ST0002418,3/14/2025,O001166,C00367,P0002,E0039,R005,8,6400.57,0,51204.6,0,51204.6,33944.52,17260.08
ST0002419,8/20/2026,O001822,C00120,P0064,E0013,R004,5,16853.86,0.1,84269.31,8426.93,75842.38,49601.5,26240.88
ST0002421,2/8/2026,O001935,C00335,P0013,E0041,R002,1,11254.19,0.25,11254.19,2813.55,8440.64,9589.83,-1149.19
ST0002422,9/8/2025,O001024,C00058,P0147,E0030,R003,2,48445.67,0.15,96891.35,14533.7,82357.65,56041.29,26316.35
ST0002423,12/30/2025,O001465,C00444,P0028,E0005,R005,7,22932.94,0,160530.58,0,160530.58,139471.44,21059.15
ST0002424,7/12/2025,O000306,C00066,P0067,E0036,R004,2,41266.68,0,82533.37,0,82533.37,65391.78,17141.58
ST0002425,5/31/2025,O000699,C00113,P0043,E0001,R002,5,45568.89,0.1,227844.44,22784.44,205060,139134.06,65925.94
ST0002426,5/21/2025,O001385,C00411,P0103,E0034,R001,2,39039.93,0,78079.86,0,78079.86,44374.46,33705.4
ST0002427,5/3/2026,O002488,C00011,P0087,E0023,R004,7,5382.18,0.25,37675.26,9418.82,28256.45,26781.93,1474.52
ST0002428,7/30/2025,O000352,C00340,P0136,E0023,R004,6,46449.22,0,278695.31,0,278695.31,162249.63,116445.67
ST0002429,1/1/2025,O000895,C00147,P0051,E0012,R004,7,8291.05,0.2,58037.37,11607.47,46429.9,34343.7,12086.2
ST0002430,8/8/2026,O000051,C00023,P0036,E0022,R003,6,12587.34,0.15,75524.05,11328.61,64195.44,44300.08,19895.36
ST0002431,1/14/2026,O000276,C00313,P0085,E0031,R001,7,23355.38,0.05,163487.69,8174.38,155313.31,108410.75,46902.56
ST0002432,11/23/2025,O002261,C00039,P0030,E0021,R001,8,48049.65,0,384397.19,0,384397.19,241240.31,143156.88
ST0002433,6/20/2026,O002732,C00476,P0096,E0032,R001,8,35793.98,0.15,286351.83,42952.77,243399.05,193174.63,50224.42
ST0002434,11/20/2025,O000244,C00431,P0085,E0036,R004,3,23449.48,0.05,70348.45,3517.42,66831.03,46461.75,20369.28
ST0002435,3/25/2025,O002428,C00445,P0046,E0036,R004,3,50649.84,0.15,151949.52,22792.43,129157.09,90480.97,38676.12
ST0002436,5/29/2026,O000476,C00131,P0027,E0022,R003,5,18271.8,0.15,91358.98,13703.85,77655.14,55089.65,22565.49
ST0002437,5/22/2026,O002489,C00031,P0070,E0004,R008,2,17327.13,0.05,34654.27,1732.71,32921.55,21263.37,11658.18
ST0002438,1/8/2026,O000029,C00105,P0022,E0012,R004,4,6969.32,0.05,27877.26,1393.86,26483.4,22453.84,4029.56
ST0002439,8/21/2026,O002841,C00047,P0102,E0011,R008,4,29876.59,0.05,119506.36,5975.32,113531.04,66224.56,47306.48
ST0002440,5/14/2026,O000690,C00503,P0106,E0024,R002,6,50797.06,0,304782.38,0,304782.38,204946.57,99835.81
ST0002441,7/12/2025,O000665,C00222,P0008,E0031,R001,2,38766.78,0,77533.55,0,77533.55,43993.51,33540.05
ST0002442,5/18/2026,O000624,C00213,P0014,E0027,R008,5,23467.37,0.1,117336.83,11733.68,105603.15,92177.51,13425.63
ST0002443,1/13/2025,O002533,C00019,P0129,E0014,R005,7,16135.91,0.15,112951.37,16942.7,96008.66,69002.36,27006.3
ST0002444,1/4/2025,O001218,C00240,P0140,E0001,R002,2,32865.58,0,65731.15,0,65731.15,36148.02,29583.13
ST0002445,4/8/2025,O001898,C00163,P0048,E0002,R002,2,7344.59,0.1,14689.17,1468.92,13220.26,12337.09,883.17
ST0002446,12/7/2025,O001873,C00056,P0084,E0031,R001,2,39674.57,0.05,79349.13,3967.46,75381.68,54450.91,20930.77
ST0002447,3/6/2026,O001119,C00249,P0148,E0027,R008,2,18044,0.05,36088.01,1804.4,34283.61,27494.01,6789.6
ST0002448,7/2/2026,O000784,C00567,P0039,E0026,R006,2,39410.91,0,78821.82,0,78821.82,66922.43,11899.39
ST0002449,2/16/2026,O000390,C00103,P0026,E0001,R002,4,17931.67,0.05,71726.68,3586.33,68140.35,59980.5,8159.85
ST0002450,10/17/2025,O000563,C00317,P0056,E0001,R002,2,46440.95,0.25,92881.91,23220.48,69661.43,51255.01,18406.42
ST0002451,7/26/2026,O002186,C00103,P0044,E0024,R002,4,726.33,0.15,2905.32,435.8,2469.52,1612.8,856.72
ST0002452,8/1/2025,O001027,C00536,P0004,E0021,R001,3,30469.48,0.2,91408.44,18281.69,73126.75,72563.39,563.37
ST0002453,1/1/2025,O001032,C00454,P0102,E0014,R005,3,30950.03,0.1,92850.08,9285.01,83565.07,49668.42,33896.65
ST0002454,7/24/2025,O000335,C00256,P0063,E0025,R004,3,19636.62,0,58909.87,0,58909.87,51085.31,7824.56
ST0002455,1/23/2025,O001283,C00278,P0064,E0023,R004,5,16732.34,0.15,83661.72,12549.26,71112.46,49601.5,21510.96
ST0002456,5/19/2026,O001737,C00587,P0113,E0036,R004,1,1848.49,0.1,1848.49,184.85,1663.64,1432.23,231.41
ST0002457,6/21/2026,O001577,C00063,P0008,E0004,R008,5,40023.39,0.15,200116.95,30017.54,170099.41,109983.77,60115.64
ST0002458,10/29/2025,O002998,C00554,P0051,E0034,R001,8,8498.68,0.1,67989.48,6798.95,61190.53,39249.94,21940.59
ST0002459,3/28/2026,O002902,C00204,P0102,E0001,R002,8,29052.35,0.15,232418.76,34862.81,197555.95,132449.13,65106.82
ST0002460,1/19/2025,O002871,C00466,P0128,E0012,R004,8,5673.43,0,45387.47,0,45387.47,25089.8,20297.67
ST0002461,12/30/2025,O000163,C00499,P0115,E0018,R003,6,36763.17,0.05,220579.03,11028.95,209550.08,130247.77,79302.31
ST0002462,1/17/2026,O002819,C00508,P0014,E0030,R003,1,22407.53,0,22407.53,0,22407.53,18435.5,3972.02
ST0002463,11/4/2025,O002863,C00057,P0010,E0014,R005,6,1233.66,0,7401.94,0,7401.94,4637.39,2764.55
ST0002464,2/14/2026,O002818,C00221,P0127,E0022,R003,3,9295.54,0.1,27886.63,2788.66,25097.96,16766.31,8331.66
ST0002465,5/13/2025,O000564,C00323,P0089,E0027,R008,5,39158.93,0.05,195794.64,9789.73,186004.9,112274.47,73730.43
ST0002466,11/25/2025,O001186,C00560,P0017,E0014,R005,7,29576.35,0.2,207034.44,41406.89,165627.55,166067.29,-439.74
ST0002467,1/2/2025,O002179,C00535,P0054,E0040,R005,3,17061.35,0.25,51184.05,12796.01,38388.04,28534.37,9853.67
ST0002468,1/10/2026,O001780,C00110,P0060,E0015,R008,6,58394.67,0,350368.02,0,350368.02,201750.45,148617.57
ST0002469,2/23/2025,O002276,C00168,P0027,E0010,R004,3,19472.9,0.15,58418.69,8762.8,49655.88,33053.79,16602.09
ST0002470,6/12/2026,O002362,C00011,P0049,E0040,R005,7,18155.49,0.2,127088.43,25417.69,101670.74,71273.05,30397.69
ST0002471,11/11/2025,O002567,C00215,P0043,E0021,R001,8,45191.91,0.1,361535.32,36153.53,325381.79,222614.49,102767.3
ST0002472,8/15/2026,O002114,C00068,P0006,E0028,R006,8,37750.31,0.2,302002.46,60400.49,241601.97,159711.87,81890.1
ST0002473,12/30/2025,O000163,C00499,P0071,E0018,R003,3,36814.27,0,110442.8,0,110442.8,74194.8,36248
ST0002474,11/16/2025,O001443,C00191,P0117,E0016,R002,4,20698.4,0.15,82793.59,12419.04,70374.55,69893.27,481.28
ST0002475,8/28/2025,O002467,C00368,P0095,E0034,R001,4,1999.6,0,7998.4,0,7998.4,5967.49,2030.91
ST0002476,4/9/2026,O002972,C00482,P0110,E0003,R001,3,434.63,0.2,1303.88,260.78,1043.1,1024.42,18.68
ST0002477,7/2/2026,O000784,C00567,P0082,E0026,R006,4,29034.42,0.1,116137.69,11613.77,104523.92,65629.64,38894.28
ST0002478,3/24/2026,O002949,C00075,P0015,E0013,R004,6,28773.29,0.1,172639.75,17263.97,155375.77,106614.57,48761.2
ST0002479,10/12/2025,O002685,C00471,P0001,E0021,R001,8,29828.51,0,238628.05,0,238628.05,139849.68,98778.37
ST0002480,12/2/2025,O002963,C00536,P0143,E0027,R008,5,37990.44,0.2,189952.22,37990.44,151961.78,113792.3,38169.48
ST0002481,2/12/2025,O002367,C00227,P0103,E0001,R002,4,40617.13,0.1,162468.51,16246.85,146221.66,88748.93,57472.74
ST0002482,2/9/2025,O001548,C00550,P0130,E0029,R006,7,36744.08,0.1,257208.58,25720.86,231487.72,142322.67,89165.05
ST0002483,6/9/2025,O000514,C00276,P0019,E0015,R008,4,19014.37,0,76057.46,0,76057.46,65618.53,10438.94
ST0002484,9/12/2025,O001333,C00504,P0149,E0032,R001,6,34672.63,0.25,208035.75,52008.94,156026.81,146605.34,9421.47
ST0002485,6/4/2025,O001054,C00333,P0142,E0028,R006,5,33949.01,0.05,169745.07,8487.25,161257.81,98396.23,62861.58
ST0002486,2/24/2025,O000702,C00290,P0042,E0039,R005,6,21333.71,0.05,128002.27,6400.11,121602.16,82335.57,39266.59
ST0002487,1/23/2025,O000413,C00402,P0051,E0021,R001,4,8555.84,0.2,34223.36,6844.67,27378.68,19624.97,7753.71
ST0002488,1/31/2025,O001342,C00067,P0018,E0027,R008,6,35728.65,0.15,214371.91,32155.79,182216.12,181707.48,508.65
ST0002489,8/7/2026,O001694,C00302,P0054,E0002,R002,6,16419.48,0.2,98516.9,19703.38,78813.52,57068.73,21744.78
ST0002490,1/12/2025,O002884,C00559,P0026,E0039,R005,1,18935.02,0.1,18935.02,1893.5,17041.52,14995.13,2046.4
ST0002491,3/23/2025,O001265,C00239,P0088,E0015,R008,2,26572.56,0.25,53145.13,13286.28,39858.84,40097,-238.15
ST0002492,4/18/2026,O001757,C00080,P0059,E0041,R002,7,25247.33,0.2,176731.34,35346.27,141385.07,115319.01,26066.06
ST0002493,5/28/2025,O002480,C00081,P0003,E0033,R008,6,2402.14,0.05,14412.85,720.64,13692.21,10240.61,3451.6
ST0002494,6/16/2025,O000266,C00307,P0126,E0028,R006,4,43374.53,0,173498.14,0,173498.14,119302.4,54195.74
ST0002495,1/18/2026,O000577,C00452,P0061,E0025,R004,5,41761.86,0.25,208809.3,52202.33,156606.98,131299.77,25307.21
ST0002496,2/22/2026,O002876,C00432,P0125,E0033,R008,8,14032.04,0,112256.33,0,112256.33,94687.12,17569.21
ST0002497,11/11/2025,O002906,C00252,P0051,E0039,R005,3,8143.88,0.25,24431.65,6107.91,18323.74,14718.73,3605.01
ST0002498,2/28/2026,O002233,C00403,P0029,E0024,R002,3,39376.85,0.1,118130.54,11813.05,106317.48,71983.78,34333.71
ST0002499,5/21/2025,O000259,C00456,P0135,E0013,R004,4,8264.71,0.25,33058.83,8264.71,24794.12,23054.73,1739.39
ST0002500,1/24/2025,O001259,C00327,P0114,E0034,R001,6,14283.75,0.25,85702.51,21425.63,64276.89,73518.79,-9241.91
ST0002501,11/8/2025,O000492,C00504,P0019,E0025,R004,3,18814.51,0.05,56443.54,2822.18,53621.36,49213.89,4407.47
ST0002502,7/5/2025,O002382,C00436,P0109,E0013,R004,4,44954.61,0.1,179818.46,17981.85,161836.61,110847.62,50988.99
ST0002503,4/16/2025,O000891,C00080,P0019,E0039,R005,2,18558.22,0.25,37116.43,9279.11,27837.32,32809.26,-4971.94
ST0002504,5/12/2026,O000844,C00308,P0062,E0016,R002,2,32443.84,0.15,64887.68,9733.15,55154.53,40571.12,14583.4
ST0002505,8/28/2025,O002064,C00416,P0104,E0041,R002,3,4227.11,0,12681.33,0,12681.33,7052.52,5628.8
ST0002506,2/18/2026,O001770,C00399,P0086,E0012,R004,5,21539.07,0,107695.36,0,107695.36,86414.79,21280.56
ST0002507,2/24/2025,O000110,C00504,P0061,E0011,R008,2,43387.91,0,86775.82,0,86775.82,52519.91,34255.91
ST0002508,9/3/2025,O000998,C00166,P0107,E0031,R001,5,7228.91,0.05,36144.53,1807.23,34337.3,30849.27,3488.03
ST0002509,5/20/2026,O002930,C00443,P0024,E0011,R008,1,8553.53,0,8553.53,0,8553.53,6094.07,2459.46
ST0002510,6/30/2026,O000278,C00134,P0129,E0014,R005,3,15975.1,0.2,47925.31,9585.06,38340.24,29572.44,8767.8
ST0002511,6/6/2026,O001036,C00500,P0007,E0001,R002,2,24552.18,0,49104.36,0,49104.36,33662.59,15441.77
ST0002512,12/31/2025,O002121,C00451,P0068,E0031,R001,7,23459.54,0.2,164216.77,32843.35,131373.42,108315.57,23057.85
ST0002513,6/11/2025,O002254,C00188,P0121,E0014,R005,8,11544.48,0.2,92355.86,18471.17,73884.69,56419.59,17465.1
ST0002514,6/16/2025,O000785,C00587,P0048,E0038,R002,2,7370.4,0.15,14740.8,2211.12,12529.68,12337.09,192.59
ST0002515,11/12/2025,O002351,C00332,P0123,E0030,R003,1,23114.42,0,23114.42,0,23114.42,20528.02,2586.4
ST0002516,4/10/2026,O000085,C00431,P0072,E0040,R005,4,47670.33,0.2,190681.31,38136.26,152545.05,129846.09,22698.96
ST0002517,1/11/2026,O002030,C00592,P0066,E0011,R008,4,29668.75,0.05,118674.99,5933.75,112741.24,68135.83,44605.41
ST0002518,4/5/2026,O001252,C00245,P0034,E0021,R001,2,36913,0.05,73825.99,3691.3,70134.69,45545.73,24588.96
ST0002519,7/22/2025,O000272,C00045,P0012,E0002,R002,1,26152.78,0.1,26152.78,2615.28,23537.5,21246.44,2291.07
ST0002520,1/7/2026,O000008,C00492,P0017,E0024,R002,1,29241.65,0,29241.65,0,29241.65,23723.9,5517.75
ST0002521,3/9/2026,O000817,C00075,P0032,E0010,R004,4,22611.47,0.05,90445.89,4522.29,85923.6,66798.65,19124.95
ST0002522,1/3/2025,O001865,C00258,P0147,E0031,R001,5,48859.99,0.2,244299.97,48859.99,195439.98,140103.23,55336.74
ST0002523,2/8/2026,O001935,C00335,P0038,E0041,R002,3,30830.04,0.15,92490.13,13873.52,78616.61,62323.95,16292.66
ST0002524,12/25/2025,O001464,C00303,P0109,E0025,R004,8,42206.95,0,337655.56,0,337655.56,221695.23,115960.33
ST0002525,2/23/2026,O002004,C00200,P0097,E0022,R003,2,11517.14,0.25,23034.29,5758.57,17275.71,13710.15,3565.57
ST0002526,8/30/2026,O002458,C00465,P0144,E0009,R002,8,20491.01,0.25,163928.04,40982.01,122946.03,90382.22,32563.81
ST0002527,10/20/2025,O001860,C00163,P0126,E0001,R002,7,43285.56,0.1,302998.91,30299.89,272699.02,208779.2,63919.82
ST0002528,5/1/2026,O001520,C00418,P0017,E0039,R005,4,28869.51,0.1,115478.05,11547.81,103930.25,94895.6,9034.65
ST0002529,5/12/2025,O002689,C00382,P0020,E0016,R002,3,43381.48,0.15,130144.44,19521.67,110622.77,79728.79,30893.98
ST0002530,11/18/2025,O002200,C00375,P0022,E0026,R006,4,6833.62,0.2,27334.5,5466.9,21867.6,22453.84,-586.25
ST0002531,1/10/2025,O002605,C00075,P0042,E0001,R002,1,20688.45,0.1,20688.45,2068.84,18619.6,13722.6,4897.01
ST0002532,10/13/2025,O000921,C00389,P0010,E0020,R001,5,1174.89,0.15,5874.46,881.17,4993.29,3864.49,1128.8
ST0002533,6/6/2026,O001036,C00500,P0082,E0001,R002,6,30297.3,0.1,181783.81,18178.38,163605.43,98444.46,65160.97
ST0002534,12/5/2025,O002089,C00225,P0022,E0016,R002,8,6977.92,0,55823.34,0,55823.34,44907.69,10915.66
ST0002535,10/8/2025,O001150,C00042,P0030,E0017,R002,1,47348.02,0.15,47348.02,7102.2,40245.81,30155.04,10090.78
ST0002536,5/21/2025,O002693,C00546,P0104,E0019,R002,5,4127.8,0,20638.99,0,20638.99,11754.21,8884.78
ST0002537,9/23/2025,O001016,C00152,P0028,E0039,R005,6,24557.64,0.25,147345.85,36836.46,110509.39,119546.95,-9037.56
ST0002538,5/7/2025,O001307,C00132,P0131,E0022,R003,6,39901.59,0.15,239409.55,35911.43,203498.11,205852.92,-2354.8
ST0002539,8/14/2026,O000435,C00547,P0139,E0030,R003,6,45940.71,0.1,275644.24,27564.42,248079.82,166988.51,81091.3
ST0002540,4/18/2026,O002951,C00166,P0036,E0023,R004,1,11844.12,0.05,11844.12,592.21,11251.91,7383.35,3868.56
ST0002541,3/24/2025,O001253,C00042,P0049,E0019,R002,4,18039.96,0.1,72159.85,7215.98,64943.86,40727.46,24216.4
ST0002542,2/4/2026,O000333,C00049,P0145,E0035,R002,6,3117.83,0.1,18706.99,1870.7,16836.29,13981.9,2854.39
ST0002543,9/16/2025,O000934,C00409,P0133,E0032,R001,6,5214.78,0.1,31288.71,3128.87,28159.84,18109.39,10050.44
ST0002544,6/6/2025,O000035,C00184,P0036,E0026,R006,1,12297.12,0.2,12297.12,2459.42,9837.7,7383.35,2454.35
ST0002545,7/12/2025,O000306,C00066,P0091,E0036,R004,4,23364.99,0.2,93459.95,18691.99,74767.96,56833.91,17934.05
ST0002546,11/27/2025,O001144,C00371,P0048,E0012,R004,1,7675.74,0.05,7675.74,383.79,7291.96,6168.54,1123.41
ST0002547,3/25/2026,O001471,C00530,P0090,E0039,R005,6,16758.15,0.2,100548.87,20109.77,80439.1,69747,10692.1
ST0002548,10/17/2025,O001310,C00335,P0069,E0041,R002,5,16753.59,0.25,83767.96,20941.99,62825.97,46710.57,16115.39
ST0002549,2/22/2025,O000148,C00302,P0116,E0038,R002,7,30421.94,0.2,212953.59,42590.72,170362.87,161821.32,8541.55
ST0002550,5/26/2025,O002062,C00098,P0135,E0040,R005,3,8508.82,0.2,25526.47,5105.29,20421.18,17291.05,3130.13
ST0002551,2/27/2025,O000555,C00129,P0028,E0015,R008,1,24235.52,0.1,24235.52,2423.55,21811.97,19924.49,1887.48
ST0002552,8/14/2026,O000573,C00166,P0003,E0005,R005,5,2234.95,0.25,11174.73,2793.68,8381.05,8533.84,-152.79
ST0002553,10/12/2025,O002534,C00209,P0080,E0022,R003,8,8152.75,0,65222.03,0,65222.03,34944.32,30277.71
ST0002554,7/5/2026,O000512,C00181,P0045,E0018,R003,5,57065.62,0.2,285328.11,57065.62,228262.49,157747.6,70514.89
ST0002555,8/31/2025,O001817,C00311,P0094,E0017,R002,8,41042.43,0,328339.42,0,328339.42,239076.57,89262.85
ST0002556,6/3/2026,O001145,C00195,P0025,E0039,R005,1,2104.08,0.05,2104.08,105.2,1998.87,1131.26,867.61
ST0002557,11/23/2025,O002261,C00039,P0110,E0021,R001,7,426.47,0.15,2985.27,447.79,2537.48,2390.31,147.17
ST0002558,4/10/2026,O001714,C00075,P0066,E0022,R003,5,27999.33,0.1,139996.66,13999.67,125997,85169.79,40827.21
ST0002559,11/14/2025,O000517,C00185,P0075,E0020,R001,5,46612.08,0.1,233060.39,23306.04,209754.35,135437.54,74316.81
ST0002560,8/18/2025,O000243,C00508,P0067,E0025,R004,7,40177.84,0,281244.87,0,281244.87,228871.24,52373.63
ST0002561,2/20/2026,O000065,C00263,P0031,E0040,R005,8,20285.54,0,162284.31,0,162284.31,93134.71,69149.6
ST0002562,7/1/2026,O000946,C00290,P0063,E0029,R006,3,20289.67,0.25,60869.01,15217.25,45651.76,51085.31,-5433.55
ST0002563,8/6/2025,O000193,C00469,P0074,E0010,R004,5,15093.32,0.25,75466.59,18866.65,56599.94,59018.32,-2418.37
ST0002564,11/29/2025,O000120,C00338,P0119,E0003,R001,4,2840.72,0.25,11362.89,2840.72,8522.17,7798.74,723.42
ST0002565,8/21/2025,O001541,C00496,P0109,E0039,R005,8,44515.69,0.05,356125.48,17806.27,338319.21,221695.23,116623.98
ST0002567,9/23/2025,O001069,C00331,P0059,E0029,R006,2,25361.77,0.1,50723.55,5072.35,45651.19,32948.29,12702.91
ST0002568,5/18/2026,O002558,C00572,P0129,E0028,R006,3,15904.34,0.25,47713.02,11928.25,35784.76,29572.44,6212.32
ST0002569,8/12/2026,O002350,C00175,P0042,E0041,R002,5,21089.15,0.05,105445.77,5272.29,100173.48,68612.98,31560.5
ST0002570,4/5/2025,O002161,C00378,P0032,E0037,R004,2,23974.34,0.2,47948.69,9589.74,38358.95,33399.33,4959.62
ST0002572,4/4/2026,O001182,C00466,P0063,E0037,R004,3,20126.88,0.25,60380.64,15095.16,45285.48,51085.31,-5799.82
ST0002573,2/4/2026,O001083,C00308,P0092,E0016,R002,7,59163.54,0,414144.79,0,414144.79,233806.57,180338.22
ST0002574,3/8/2026,O002090,C00016,P0032,E0003,R001,3,22904.54,0.15,68713.63,10307.04,58406.58,50098.99,8307.59
ST0002575,6/7/2025,O000331,C00080,P0122,E0001,R002,1,5591.14,0.05,5591.14,279.56,5311.59,3540.48,1771.11
ST0002576,10/23/2025,O000992,C00161,P0118,E0013,R004,5,20214.4,0.25,101072,25268,75804,76406.73,-602.73
ST0002577,10/15/2025,O000634,C00257,P0091,E0013,R004,7,24180.13,0.1,169260.88,16926.09,152334.79,99459.34,52875.46
ST0002578,7/8/2025,O001213,C00518,P0008,E0005,R005,6,37830.79,0,226984.72,0,226984.72,131980.52,95004.2
ST0002579,5/3/2026,O001292,C00335,P0024,E0016,R002,3,7968.78,0,23906.34,0,23906.34,18282.21,5624.12
ST0002580,8/21/2026,O001379,C00188,P0067,E0016,R002,2,40850.7,0,81701.4,0,81701.4,65391.78,16309.62
ST0002581,9/30/2025,O002425,C00269,P0007,E0023,R004,3,23515.64,0,70546.93,0,70546.93,50493.89,20053.04
ST0002582,10/10/2025,O002003,C00523,P0027,E0004,R008,4,19363.13,0.2,77452.53,15490.51,61962.02,44071.72,17890.3
ST0002583,5/11/2025,O002389,C00004,P0053,E0017,R002,1,10598.18,0.05,10598.18,529.91,10068.27,6600.39,3467.88
ST0002584,1/25/2025,O000527,C00146,P0046,E0001,R002,2,55363.77,0.05,110727.54,5536.38,105191.16,60320.65,44870.51
ST0002585,6/16/2026,O001085,C00579,P0042,E0001,R002,7,21760.01,0.1,152320.08,15232.01,137088.07,96058.17,41029.9
ST0002586,6/17/2025,O002679,C00302,P0063,E0017,R002,6,21301.44,0.15,127808.66,19171.3,108637.36,102170.61,6466.75
ST0002587,6/16/2025,O001088,C00186,P0035,E0025,R004,6,11257.43,0,67544.58,0,67544.58,50649.04,16895.54
ST0002588,7/1/2026,O000507,C00176,P0105,E0016,R002,2,3079.58,0.05,6159.16,307.96,5851.21,4642.56,1208.64
ST0002589,6/22/2025,O002737,C00307,P0147,E0013,R004,5,49554.75,0,247773.74,0,247773.74,140103.23,107670.51
ST0002590,5/31/2025,O001693,C00594,P0022,E0026,R006,5,6993.27,0.05,34966.34,1748.32,33218.02,28067.3,5150.71
ST0002591,6/27/2026,O001289,C00125,P0054,E0040,R005,8,17536,0.05,140287.96,7014.4,133273.57,76091.65,57181.92
ST0002592,8/5/2025,O002193,C00188,P0040,E0041,R002,7,27894.3,0.2,195260.13,39052.03,156208.11,121527.1,34681
ST0002593,3/16/2025,O002627,C00191,P0095,E0030,R003,1,2096.35,0.05,2096.35,104.82,1991.53,1491.87,499.66
ST0002594,7/4/2026,O002507,C00589,P0149,E0009,R002,5,37912.55,0,189562.73,0,189562.73,122171.12,67391.61
ST0002595,6/16/2025,O000785,C00587,P0035,E0038,R002,4,10788.92,0.05,43155.7,2157.78,40997.91,33766.02,7231.89
ST0002596,4/18/2025,O002430,C00024,P0059,E0041,R002,6,24643.9,0.2,147863.42,29572.68,118290.74,98844.86,19445.87
ST0002597,10/30/2025,O000845,C00366,P0086,E0036,R004,3,21188.99,0,63566.98,0,63566.98,51848.88,11718.1
ST0002598,5/9/2026,O001377,C00159,P0008,E0005,R005,8,38244.42,0.25,305955.37,76488.84,229466.53,175974.02,53492.51
ST0002599,5/9/2026,O002037,C00556,P0131,E0025,R004,2,39767.9,0.2,79535.8,15907.16,63628.64,68617.64,-4989
ST0002600,5/18/2025,O001848,C00346,P0055,E0001,R002,6,23013.54,0.25,138081.25,34520.31,103560.94,101858.35,1702.58
ST0002601,3/11/2025,O001208,C00398,P0034,E0013,R004,6,37444.63,0.2,224667.76,44933.55,179734.21,136637.19,43097.02
ST0002602,2/28/2025,O002873,C00286,P0122,E0020,R001,8,5865.42,0.05,46923.35,2346.17,44577.18,28323.82,16253.36
ST0002603,2/22/2026,O001169,C00097,P0071,E0027,R008,7,35413.72,0.15,247896.03,37184.4,210711.62,173121.2,37590.42
ST0002604,2/12/2026,O001005,C00493,P0009,E0004,R008,5,3089.21,0.25,15446.04,3861.51,11584.53,10370.29,1214.24
ST0002605,4/28/2025,O000217,C00505,P0013,E0034,R001,7,10790.72,0.15,75535.01,11330.25,64204.75,67128.81,-2924.05
ST0002606,8/19/2025,O002180,C00486,P0131,E0016,R002,3,38996.13,0.15,116988.4,17548.26,99440.14,102926.46,-3486.32
ST0002607,1/10/2026,O001780,C00110,P0033,E0015,R008,8,29653.34,0.05,237226.73,11861.34,225365.39,161318.22,64047.17
ST0002608,12/14/2025,O000852,C00275,P0128,E0033,R008,8,5525.86,0.25,44206.86,11051.72,33155.15,25089.8,8065.35
ST0002609,1/29/2025,O002304,C00146,P0091,E0040,R005,5,23821.53,0.1,119107.65,11910.77,107196.89,71042.38,36154.5
ST0002610,4/10/2026,O000085,C00431,P0150,E0040,R005,2,49572.83,0,99145.66,0,99145.66,67877.52,31268.13
ST0002611,3/3/2026,O001042,C00334,P0007,E0035,R002,8,23835,0.05,190679.98,9534,181145.98,134650.37,46495.61
ST0002612,7/18/2025,O001038,C00454,P0091,E0023,R004,4,23703.82,0,94815.26,0,94815.26,56833.91,37981.36
ST0002613,5/30/2026,O000380,C00203,P0112,E0033,R008,1,33944.96,0.15,33944.96,5091.74,28853.21,22437.12,6416.09
ST0002614,8/24/2026,O000912,C00341,P0037,E0022,R003,5,30230.64,0.1,151153.2,15115.32,136037.88,121656.82,14381.06
ST0002615,1/22/2026,O002309,C00185,P0037,E0003,R001,7,31696.77,0.05,221877.38,11093.87,210783.51,170319.55,40463.96
ST0002616,10/1/2025,O002738,C00456,P0027,E0021,R001,8,18530.2,0,148241.63,0,148241.63,88143.44,60098.2
ST0002617,6/5/2025,O002809,C00284,P0101,E0027,R008,1,35459.89,0.05,35459.89,1772.99,33686.89,20327.58,13359.32
ST0002618,3/14/2026,O000241,C00574,P0060,E0031,R001,5,55802.28,0.2,279011.42,55802.28,223209.14,168125.38,55083.76
ST0002619,4/28/2026,O002448,C00138,P0131,E0034,R001,5,41194.55,0,205972.74,0,205972.74,171544.1,34428.64
ST0002620,4/24/2026,O001884,C00458,P0143,E0039,R005,6,36439.15,0,218634.87,0,218634.87,136550.76,82084.11
ST0002621,6/4/2026,O001751,C00556,P0024,E0029,R006,8,8285.73,0.05,66285.82,3314.29,62971.53,48752.57,14218.96
ST0002622,4/14/2026,O002335,C00547,P0107,E0029,R006,5,7077.08,0.25,35385.39,8846.35,26539.04,30849.27,-4310.23
ST0002623,1/25/2026,O001255,C00390,P0091,E0014,R005,6,24266.13,0.2,145596.8,29119.36,116477.44,85250.86,31226.58
ST0002624,8/4/2026,O002077,C00355,P0030,E0017,R002,3,47111.22,0,141333.65,0,141333.65,90465.11,50868.54
ST0002625,11/2/2025,O002973,C00419,P0028,E0014,R005,8,24163.01,0.05,193304.12,9665.21,183638.91,159395.93,24242.98
ST0002626,1/31/2025,O002790,C00307,P0037,E0035,R002,8,31020.96,0.15,248167.69,37225.15,210942.53,194650.92,16291.62
ST0002627,11/4/2025,O000937,C00168,P0034,E0034,R001,3,40349.2,0.05,121047.61,6052.38,114995.23,68318.6,46676.63
ST0002628,10/17/2025,O000097,C00212,P0042,E0040,R005,4,21369.69,0,85478.75,0,85478.75,54890.38,30588.37
ST0002629,4/4/2025,O001615,C00303,P0034,E0026,R006,8,38243.85,0.1,305950.79,30595.08,275355.71,182182.92,93172.79
ST0002630,5/14/2025,O001674,C00262,P0070,E0003,R001,1,18170.03,0.05,18170.03,908.5,17261.53,10631.69,6629.84
ST0002631,1/6/2026,O000166,C00172,P0072,E0009,R002,7,46223.56,0.05,323564.94,16178.25,307386.7,227230.65,80156.04
ST0002632,4/20/2025,O000407,C00374,P0021,E0010,R004,3,13287.28,0,39861.85,0,39861.85,29308.61,10553.24
ST0002633,8/26/2026,O002068,C00220,P0021,E0013,R004,2,13832.38,0.05,27664.77,1383.24,26281.53,19539.07,6742.46
ST0002634,4/18/2025,O000027,C00184,P0035,E0001,R002,3,10991.13,0.15,32973.39,4946.01,28027.38,25324.52,2702.87
ST0002635,3/3/2025,O000664,C00080,P0010,E0005,R005,8,1224.18,0.05,9793.45,489.67,9303.78,6183.19,3120.59
ST0002636,1/31/2026,O002782,C00425,P0087,E0032,R001,6,5336.16,0.15,32016.99,4802.55,27214.44,22955.94,4258.5
ST0002637,8/12/2026,O002942,C00536,P0035,E0015,R008,8,11262.79,0.1,90102.29,9010.23,81092.06,67532.05,13560.01
ST0002638,1/15/2026,O002009,C00076,P0124,E0001,R002,5,8536.62,0.15,42683.12,6402.47,36280.65,31653.8,4626.86
ST0002639,10/6/2025,O000861,C00236,P0082,E0017,R002,5,28752.03,0.25,143760.13,35940.03,107820.1,82037.05,25783.04
ST0002640,4/15/2026,O000939,C00317,P0117,E0011,R008,4,22107.96,0,88431.84,0,88431.84,69893.27,18538.57
ST0002641,3/19/2025,O002931,C00479,P0113,E0015,R008,4,1811.63,0.25,7246.53,1811.63,5434.89,5728.91,-294.02
ST0002642,2/18/2025,O002370,C00458,P0048,E0025,R004,2,7779.79,0.05,15559.59,777.98,14781.61,12337.09,2444.52
ST0002643,3/18/2026,O000491,C00287,P0011,E0040,R005,1,38810.5,0,38810.5,0,38810.5,29444.98,9365.52
ST0002644,1/14/2026,O002006,C00414,P0113,E0013,R004,3,1714.81,0,5144.44,0,5144.44,4296.68,847.75
ST0002645,12/12/2025,O002573,C00240,P0065,E0021,R001,7,43355.36,0.15,303487.5,45523.12,257964.37,181266.24,76698.13
ST0002646,4/12/2025,O002730,C00307,P0098,E0010,R004,6,42895.58,0.1,257373.47,25737.35,231636.12,166624.45,65011.67
ST0002647,12/2/2025,O000280,C00549,P0093,E0020,R001,6,15720.83,0,94324.97,0,94324.97,70502.26,23822.71
ST0002648,3/17/2026,O000108,C00512,P0092,E0019,R002,3,54510.51,0.15,163531.54,24529.73,139001.81,100202.82,38798.99
ST0002649,5/28/2025,O002292,C00370,P0050,E0020,R001,2,1105.9,0,2211.8,0,2211.8,1335.78,876.02
ST0002650,11/14/2025,O000125,C00306,P0146,E0033,R008,6,38381.96,0.15,230291.77,34543.77,195748.01,149272.24,46475.77
ST0002651,6/24/2026,O000859,C00014,P0060,E0003,R001,8,56963.2,0.25,455705.56,113926.39,341779.17,269000.61,72778.57
ST0002652,8/31/2026,O000933,C00023,P0027,E0030,R003,3,19127.26,0,57381.77,0,57381.77,33053.79,24327.98
ST0002653,4/18/2025,O001128,C00443,P0022,E0028,R006,5,6767.73,0,33838.66,0,33838.66,28067.3,5771.35
ST0002654,1/11/2025,O000655,C00030,P0117,E0016,R002,6,21838.14,0.25,131028.82,32757.21,98271.62,104839.91,-6568.29
ST0002655,10/19/2025,O002854,C00485,P0007,E0001,R002,3,24463.91,0.2,73391.73,14678.35,58713.38,50493.89,8219.49
ST0002656,4/26/2025,O000076,C00503,P0001,E0036,R004,1,29806.34,0,29806.34,0,29806.34,17481.21,12325.13
ST0002657,4/14/2026,O000113,C00453,P0144,E0024,R002,8,19227.44,0,153819.49,0,153819.49,90382.22,63437.27
ST0002658,11/5/2025,O000497,C00077,P0134,E0036,R004,5,16370.02,0,81850.11,0,81850.11,52185.85,29664.26
ST0002659,1/8/2025,O002443,C00362,P0083,E0017,R002,7,54651.94,0,382563.55,0,382563.55,221412.07,161151.48
ST0002660,5/17/2026,O000961,C00289,P0054,E0003,R001,2,17620.86,0.25,35241.73,8810.43,26431.3,19022.91,7408.39
ST0002661,1/9/2025,O002543,C00353,P0133,E0031,R001,8,5264.49,0,42115.95,0,42115.95,24145.86,17970.09
ST0002662,11/19/2025,O001886,C00577,P0093,E0019,R002,8,16214.3,0,129714.42,0,129714.42,94003.02,35711.4
ST0002663,1/6/2026,O000810,C00361,P0043,E0037,R004,4,42783.67,0.15,171134.66,25670.2,145464.46,111307.25,34157.22
ST0002664,8/26/2026,O002154,C00140,P0138,E0017,R002,1,25643.84,0.25,25643.84,6410.96,19232.88,18638.5,594.38
ST0002665,4/26/2026,O000013,C00034,P0073,E0034,R001,2,5283.05,0,10566.1,0,10566.1,7032.14,3533.97
ST0002666,7/18/2025,O000694,C00369,P0072,E0015,R008,2,49092.27,0,98184.55,0,98184.55,64923.04,33261.5
ST0002667,8/6/2025,O000193,C00469,P0114,E0010,R004,7,13755.61,0.05,96289.28,4814.46,91474.82,85771.93,5702.89
ST0002668,8/5/2025,O002113,C00286,P0125,E0033,R008,6,13317.88,0.15,79907.27,11986.09,67921.18,71015.34,-3094.16
ST0002669,5/21/2025,O001385,C00411,P0002,E0034,R001,6,6238.65,0,37431.92,0,37431.92,25458.39,11973.53
ST0002670,4/30/2026,O001244,C00041,P0086,E0010,R004,1,20741.61,0.25,20741.61,5185.4,15556.21,17282.96,-1726.75
ST0002671,1/27/2025,O001793,C00085,P0046,E0029,R006,4,52262.4,0.15,209049.6,31357.44,177692.16,120641.3,57050.86
ST0002672,7/10/2025,O001194,C00220,P0101,E0007,R002,3,36290.8,0.15,108872.39,16330.86,92541.53,60982.74,31558.8
ST0002673,6/13/2026,O001759,C00158,P0087,E0010,R004,2,5540.61,0,11081.21,0,11081.21,7651.98,3429.23
ST0002674,7/4/2025,O001180,C00299,P0035,E0007,R002,1,10746.33,0,10746.33,0,10746.33,8441.51,2304.83
ST0002675,11/5/2025,O002668,C00518,P0142,E0036,R004,5,34033.84,0.05,170169.19,8508.46,161660.73,98396.23,63264.5
ST0002676,8/8/2025,O000189,C00436,P0067,E0010,R004,7,38873.04,0.1,272111.27,27211.13,244900.15,228871.24,16028.9
ST0002677,1/18/2025,O001582,C00226,P0067,E0030,R003,4,42027.74,0.15,168110.96,25216.64,142894.32,130783.57,12110.75
ST0002678,2/12/2025,O000825,C00327,P0147,E0013,R004,5,48725.39,0.25,243626.94,60906.73,182720.2,140103.23,42616.97
ST0002679,8/7/2025,O002929,C00403,P0097,E0020,R001,8,11004.65,0,88037.19,0,88037.19,54840.59,33196.6
ST0002680,7/30/2026,O001809,C00329,P0143,E0018,R003,7,37980.24,0.2,265861.71,53172.34,212689.37,159309.22,53380.15
ST0002681,2/12/2026,O002853,C00375,P0093,E0017,R002,6,15673.74,0.15,94042.43,14106.36,79936.06,70502.26,9433.8
ST0002682,3/13/2025,O000309,C00028,P0023,E0013,R004,1,28662.42,0.25,28662.42,7165.61,21496.82,19043.4,2453.41
ST0002683,10/14/2025,O001789,C00461,P0118,E0036,R004,3,21841.35,0.05,65524.06,3276.2,62247.86,45844.04,16403.82
ST0002684,5/27/2025,O000376,C00092,P0130,E0007,R002,8,36457.69,0.2,291661.52,58332.3,233329.22,162654.48,70674.74
ST0002685,2/1/2026,O002372,C00209,P0116,E0002,R002,6,29690.41,0.1,178142.43,17814.24,160328.19,138703.99,21624.2
ST0002686,11/28/2025,O000215,C00328,P0019,E0011,R008,3,18506.98,0,55520.93,0,55520.93,49213.89,6307.04
ST0002687,11/22/2025,O000449,C00102,P0111,E0004,R008,5,40692.56,0.2,203462.8,40692.56,162770.24,121547.02,41223.23
ST0002688,4/28/2026,O002448,C00138,P0134,E0034,R001,3,17332.78,0.05,51998.33,2599.92,49398.41,31311.51,18086.9
ST0002689,8/15/2025,O001012,C00535,P0113,E0020,R001,1,1751.14,0,1751.14,0,1751.14,1432.23,318.91
ST0002690,1/22/2026,O001200,C00011,P0011,E0028,R006,8,40784.91,0,326279.3,0,326279.3,235559.85,90719.45
ST0002691,7/29/2025,O001594,C00237,P0089,E0028,R006,2,41662.07,0.25,83324.14,20831.04,62493.11,44909.79,17583.32
ST0002692,4/23/2025,O001832,C00587,P0096,E0038,R002,7,36640.18,0,256481.29,0,256481.29,169027.8,87453.49
ST0002693,2/18/2026,O001770,C00399,P0036,E0012,R004,1,12410.98,0.25,12410.98,3102.74,9308.23,7383.35,1924.89
ST0002694,1/6/2025,O000904,C00370,P0041,E0035,R002,8,49597.49,0.05,396779.92,19839,376940.93,226937.58,150003.35
ST0002695,4/27/2026,O002033,C00217,P0031,E0010,R004,3,20077.93,0.1,60233.8,6023.38,54210.42,34925.52,19284.9
ST0002696,7/25/2025,O000757,C00347,P0019,E0028,R006,3,19593.12,0,58779.35,0,58779.35,49213.89,9565.45
ST0002697,2/6/2025,O000111,C00056,P0142,E0016,R002,6,33014.03,0.15,198084.19,29712.63,168371.56,118075.48,50296.08
ST0002698,2/13/2026,O002360,C00532,P0090,E0023,R004,2,16123.57,0,32247.14,0,32247.14,23249,8998.14
ST0002699,7/25/2026,O002891,C00045,P0079,E0022,R003,3,24830.93,0.1,74492.79,7449.28,67043.51,65173.73,1869.79
ST0002700,6/12/2025,O001560,C00555,P0006,E0007,R002,1,36644.1,0.25,36644.1,9161.02,27483.07,19963.98,7519.09
ST0002701,6/28/2026,O002966,C00346,P0001,E0035,R002,6,31135.85,0.25,186815.09,46703.77,140111.32,104887.26,35224.06
ST0002702,12/4/2025,O002203,C00074,P0055,E0005,R005,7,23942.92,0,167600.43,0,167600.43,118834.75,48765.68
ST0002703,7/1/2026,O002859,C00286,P0053,E0002,R002,1,9998.53,0.05,9998.53,499.93,9498.61,6600.39,2898.21
ST0002704,3/4/2026,O000300,C00321,P0063,E0014,R005,7,20314.61,0,142202.27,0,142202.27,119199.05,23003.22
ST0002705,3/29/2026,O000513,C00392,P0132,E0018,R003,6,23582.08,0.15,141492.47,21223.87,120268.6,83243.32,37025.28
ST0002706,1/1/2025,O001094,C00550,P0114,E0030,R003,8,14199.85,0,113598.77,0,113598.77,98025.06,15573.71
ST0002707,3/14/2025,O002042,C00045,P0012,E0003,R001,7,25484.55,0.1,178391.86,17839.19,160552.67,148725.05,11827.62
ST0002708,11/4/2025,O001116,C00480,P0097,E0022,R003,2,11653.39,0.25,23306.78,5826.69,17480.08,13710.15,3769.94
ST0002709,7/29/2026,O000982,C00586,P0064,E0006,R002,8,16511.41,0,132091.24,0,132091.24,79362.41,52728.83
ST0002710,10/11/2025,O001138,C00353,P0021,E0024,R002,8,13868.08,0.05,110944.67,5547.23,105397.44,78156.29,27241.15
ST0002711,8/13/2026,O000807,C00325,P0100,E0019,R002,8,43539.51,0.2,348316.1,69663.22,278652.88,226174.22,52478.66
ST0002712,3/18/2025,O002609,C00309,P0098,E0007,R002,4,44163.29,0.2,176653.15,35330.63,141322.52,111082.97,30239.55
ST0002713,12/8/2025,O001878,C00210,P0112,E0009,R002,3,34960.87,0.05,104882.6,5244.13,99638.47,67311.36,32327.11
ST0002714,2/4/2026,O001958,C00324,P0126,E0041,R002,5,44831.64,0.2,224158.18,44831.64,179326.55,149128,30198.55
ST0002715,4/14/2026,O001332,C00512,P0066,E0026,R006,6,29985.34,0.1,179912.06,17991.21,161920.85,102203.75,59717.11
ST0002716,8/12/2026,O001758,C00394,P0032,E0036,R004,3,22506.28,0.15,67518.85,10127.83,57391.02,50098.99,7292.04
ST0002717,6/7/2025,O002968,C00262,P0128,E0022,R003,5,5237.55,0,26187.77,0,26187.77,15681.12,10506.65
ST0002718,2/23/2026,O002004,C00200,P0130,E0022,R003,6,37385.13,0.2,224310.81,44862.16,179448.65,121990.86,57457.79
ST0002719,5/31/2025,O000261,C00598,P0065,E0036,R004,2,42399.14,0.15,84798.27,12719.74,72078.53,51790.35,20288.18
ST0002720,4/13/2025,O002061,C00240,P0129,E0007,R002,8,15760.95,0,126087.64,0,126087.64,78859.84,47227.8
ST0002721,8/9/2026,O002904,C00356,P0067,E0035,R002,3,38614.81,0,115844.43,0,115844.43,98087.68,17756.75
ST0002722,10/16/2025,O000559,C00344,P0053,E0002,R002,4,10384.02,0.15,41536.06,6230.41,35305.65,26401.57,8904.09
ST0002723,10/5/2025,O002147,C00380,P0041,E0038,R002,2,46566.52,0.25,93133.05,23283.26,69849.78,56734.39,13115.39
ST0002724,1/30/2025,O000098,C00185,P0004,E0028,R006,8,32210.08,0,257680.61,0,257680.61,193502.36,64178.25
ST0002725,8/16/2025,O000867,C00299,P0036,E0029,R006,1,11757.37,0.05,11757.37,587.87,11169.5,7383.35,3786.15
ST0002726,11/16/2025,O002095,C00090,P0067,E0012,R004,6,39975.9,0.25,239855.43,59963.86,179891.57,196175.35,-16283.78
ST0002727,10/1/2025,O001979,C00333,P0019,E0036,R004,6,19550.37,0.2,117302.21,23460.44,93841.77,98427.79,-4586.02
ST0002728,1/30/2025,O001090,C00030,P0029,E0002,R002,8,39903.45,0.1,319227.63,31922.76,287304.87,191956.73,95348.13
ST0002729,5/17/2026,O001600,C00555,P0002,E0012,R004,5,6078.03,0.15,30390.17,4558.53,25831.65,21215.32,4616.32
ST0002730,8/3/2025,O002413,C00067,P0060,E0021,R001,2,59497.53,0.1,118995.06,11899.51,107095.55,67250.15,39845.4
ST0002731,6/5/2025,O002809,C00284,P0080,E0027,R008,6,7898.76,0.1,47392.53,4739.25,42653.28,26208.24,16445.04
ST0002732,1/16/2025,O002014,C00164,P0116,E0026,R006,7,31876.97,0.25,223138.81,55784.7,167354.11,161821.32,5532.79
ST0002733,3/9/2026,O001941,C00073,P0111,E0032,R001,7,40876.27,0.05,286133.87,14306.69,271827.18,170165.82,101661.35
ST0002734,9/17/2025,O001969,C00571,P0101,E0016,R002,1,36717.1,0,36717.1,0,36717.1,20327.58,16389.52
ST0002735,6/6/2025,O000035,C00184,P0129,E0026,R006,6,16863.62,0,101181.7,0,101181.7,59144.88,42036.82
ST0002736,2/7/2025,O002401,C00267,P0112,E0020,R001,5,33122.84,0.05,165614.18,8280.71,157333.47,112185.6,45147.87
ST0002737,3/5/2025,O000758,C00143,P0019,E0015,R008,8,18667.88,0.05,149343.03,7467.15,141875.88,131237.05,10638.82
ST0002738,5/25/2026,O002348,C00555,P0138,E0021,R001,8,24983.34,0.15,199866.75,29980.01,169886.74,149108.01,20778.73
ST0002739,2/20/2025,O002287,C00052,P0129,E0005,R005,8,17101.83,0.1,136814.63,13681.46,123133.16,78859.84,44273.32
ST0002740,6/17/2025,O001477,C00216,P0077,E0001,R002,5,468.73,0,2343.64,0,2343.64,2078.24,265.4
ST0002741,5/17/2025,O001766,C00302,P0020,E0013,R004,6,42970.46,0.1,257822.74,25782.27,232040.47,159457.59,72582.88
ST0002742,5/3/2026,O002488,C00011,P0044,E0023,R004,8,762.97,0,6103.73,0,6103.73,3225.6,2878.13
ST0002743,4/12/2026,O002644,C00216,P0135,E0027,R008,7,8626.91,0.05,60388.34,3019.42,57368.92,40345.78,17023.14
ST0002745,11/23/2025,O001251,C00533,P0107,E0002,R002,7,6980.7,0,48864.89,0,48864.89,43188.98,5675.91
ST0002746,6/23/2025,O001007,C00150,P0042,E0018,R003,2,20644.45,0,41288.91,0,41288.91,27445.19,13843.72
ST0002747,7/8/2025,O000795,C00239,P0023,E0009,R002,4,30413.49,0.25,121653.98,30413.49,91240.48,76173.61,15066.88
ST0002748,4/19/2026,O000980,C00355,P0062,E0030,R003,1,32441.26,0,32441.26,0,32441.26,20285.56,12155.69
ST0002749,4/5/2026,O000459,C00251,P0131,E0035,R002,5,40093.88,0.1,200469.39,20046.94,180422.45,171544.1,8878.35
ST0002750,5/28/2026,O001449,C00176,P0065,E0019,R002,6,40812.54,0.1,244875.23,24487.52,220387.71,155371.06,65016.64
ST0002751,10/17/2025,O001310,C00335,P0096,E0041,R002,3,36320.18,0.05,108960.53,5448.03,103512.51,72440.49,31072.02
ST0002752,7/3/2026,O000629,C00125,P0146,E0014,R005,7,38593.34,0,270153.35,0,270153.35,174150.94,96002.41
ST0002753,8/13/2026,O001133,C00111,P0050,E0039,R005,7,1111.67,0.05,7781.72,389.09,7392.63,4675.22,2717.42
ST0002754,10/11/2025,O001420,C00011,P0117,E0009,R002,4,21213.33,0.1,84853.32,8485.33,76367.99,69893.27,6474.72
ST0002755,5/9/2026,O002343,C00334,P0140,E0002,R002,4,32733.79,0.1,130935.15,13093.52,117841.64,72296.03,45545.6
ST0002756,2/9/2026,O002919,C00330,P0023,E0017,R002,4,28468.02,0.1,113872.09,11387.21,102484.89,76173.61,26311.28
ST0002757,7/7/2026,O001738,C00240,P0111,E0029,R006,4,41933.92,0,167735.67,0,167735.67,97237.61,70498.06
ST0002758,1/30/2026,O002223,C00092,P0148,E0028,R006,6,17553.11,0.2,105318.65,21063.73,84254.92,82482.03,1772.88
ST0002759,9/15/2025,O002201,C00047,P0112,E0025,R004,5,32242.53,0.2,161212.64,32242.53,128970.11,112185.6,16784.51
ST0002760,9/26/2025,O002187,C00092,P0037,E0033,R008,6,31673.57,0.1,190041.45,19004.14,171037.3,145988.19,25049.12
ST0002761,8/8/2025,O000189,C00436,P0032,E0010,R004,2,23619.92,0.2,47239.84,9447.97,37791.87,33399.33,4392.55
ST0002762,4/15/2025,O001771,C00228,P0034,E0023,R004,5,40074.33,0.15,200371.67,30055.75,170315.92,113864.33,56451.59
ST0002763,1/11/2026,O001256,C00277,P0121,E0026,R006,7,11615.23,0,81306.62,0,81306.62,49367.14,31939.48
ST0002764,9/30/2025,O002425,C00269,P0051,E0023,R004,7,8634.4,0.2,60440.77,12088.15,48352.61,34343.7,14008.91
ST0002765,2/13/2026,O002199,C00059,P0073,E0034,R001,3,5265.43,0.25,15796.28,3949.07,11847.21,10548.2,1299.01
ST0002766,9/21/2025,O001483,C00415,P0030,E0004,R008,8,49561.7,0.1,396493.59,39649.36,356844.24,241240.31,115603.93
ST0002767,7/2/2026,O000784,C00567,P0112,E0026,R006,8,33914.91,0.25,271319.32,67829.83,203489.49,179496.96,23992.52
ST0002768,6/2/2025,O002484,C00052,P0013,E0032,R001,2,11703.05,0,23406.1,0,23406.1,19179.66,4226.44
ST0002769,5/22/2025,O000538,C00424,P0127,E0040,R005,2,9602.48,0,19204.97,0,19204.97,11177.54,8027.43
ST0002770,8/18/2026,O002784,C00106,P0081,E0026,R006,3,44068.66,0,132205.97,0,132205.97,80290.08,51915.89
ST0002771,5/16/2025,O002212,C00237,P0117,E0006,R002,3,20745.47,0,62236.42,0,62236.42,52419.95,9816.46
ST0002772,1/2/2025,O000509,C00255,P0094,E0015,R008,2,41184.38,0.2,82368.76,16473.75,65895.01,59769.14,6125.87
ST0002773,8/26/2025,O001123,C00537,P0091,E0007,R002,7,22691.36,0.05,158839.51,7941.98,150897.53,99459.34,51438.19
ST0002774,10/12/2025,O002962,C00327,P0070,E0030,R003,7,18032.3,0,126226.11,0,126226.11,74421.8,51804.31
ST0002775,8/23/2026,O000147,C00483,P0025,E0002,R002,7,1980.08,0.1,13860.57,1386.06,12474.51,7918.85,4555.66
ST0002776,2/17/2026,O000890,C00599,P0061,E0021,R001,4,45451.14,0.05,181804.56,9090.23,172714.33,105039.81,67674.51
ST0002777,5/13/2026,O000150,C00038,P0134,E0033,R008,3,16271.57,0.2,48814.72,9762.94,39051.77,31311.51,7740.26
ST0002778,7/6/2026,O000539,C00429,P0099,E0037,R004,3,16046.82,0.2,48140.47,9628.09,38512.38,35862.79,2649.58
ST0002779,1/19/2025,O002206,C00489,P0024,E0001,R002,5,7811.95,0,39059.74,0,39059.74,30470.36,8589.38
ST0002780,2/21/2026,O002635,C00517,P0127,E0032,R001,6,9323.77,0.25,55942.63,13985.66,41956.97,33532.62,8424.36
ST0002781,5/19/2025,O002439,C00291,P0135,E0022,R003,5,8023.34,0.05,40116.71,2005.84,38110.88,28818.41,9292.46
ST0002783,8/18/2025,O001219,C00397,P0049,E0038,R002,6,17084.14,0.05,102504.87,5125.24,97379.62,61091.18,36288.44
ST0002784,3/2/2026,O001512,C00008,P0004,E0012,R004,4,32332.69,0,129330.78,0,129330.78,96751.18,32579.6
ST0002785,2/13/2026,O000755,C00531,P0132,E0041,R002,1,24582.19,0.2,24582.19,4916.44,19665.75,13873.89,5791.87
ST0002786,7/3/2026,O002315,C00446,P0120,E0036,R004,1,3227.11,0.05,3227.11,161.36,3065.75,2591.58,474.17
ST0002787,6/2/2026,O000017,C00165,P0078,E0034,R001,4,19235.38,0.15,76941.54,11541.23,65400.31,62697.86,2702.45
ST0002788,10/1/2025,O000050,C00582,P0120,E0034,R001,8,3212.54,0.15,25700.3,3855.05,21845.26,20732.63,1112.62
ST0002789,3/7/2026,O000713,C00363,P0061,E0029,R006,6,44225.26,0,265351.53,0,265351.53,157559.72,107791.81
ST0002790,12/8/2025,O000530,C00289,P0126,E0024,R002,8,43951.49,0,351611.92,0,351611.92,238604.8,113007.12
ST0002791,1/14/2026,O002006,C00414,P0112,E0013,R004,6,33168.72,0.1,199012.3,19901.23,179111.07,134622.72,44488.34
ST0002792,6/4/2025,O001630,C00295,P0017,E0033,R008,8,27793.19,0.05,222345.52,11117.28,211228.25,189791.19,21437.05
ST0002793,1/8/2026,O001949,C00319,P0058,E0022,R003,6,28682.81,0.15,172096.86,25814.53,146282.33,113563.19,32719.14
ST0002794,10/12/2025,O000438,C00566,P0074,E0015,R008,8,16200.75,0,129605.98,0,129605.98,94429.31,35176.67
ST0002795,1/15/2026,O001596,C00227,P0105,E0015,R008,7,2827.18,0.2,19790.27,3958.05,15832.22,16248.96,-416.75
ST0002796,8/15/2025,O001012,C00535,P0149,E0020,R001,4,37300.98,0.15,149203.93,22380.59,126823.34,97736.9,29086.44
ST0002797,5/7/2026,O000523,C00088,P0069,E0014,R005,3,15992.24,0,47976.72,0,47976.72,28026.34,19950.37
ST0002798,2/10/2025,O000569,C00298,P0018,E0025,R004,6,34870.37,0.2,209222.24,41844.45,167377.79,181707.48,-14329.68
ST0002799,10/25/2025,O000403,C00229,P0054,E0018,R003,5,17651.02,0,88255.08,0,88255.08,47557.28,40697.81
ST0002800,8/14/2025,O002608,C00555,P0064,E0020,R001,1,17213.47,0.1,17213.47,1721.35,15492.13,9920.3,5571.83
ST0002801,1/20/2026,O002535,C00031,P0139,E0030,R003,6,47194.71,0.05,283168.24,14158.41,269009.83,166988.51,102021.31
ST0002802,6/11/2026,O001829,C00358,P0122,E0015,R008,4,5704.85,0.25,22819.41,5704.85,17114.56,14161.91,2952.65
ST0002803,7/3/2026,O002315,C00446,P0018,E0036,R004,3,36855.42,0.15,110566.26,16584.94,93981.32,90853.74,3127.58
ST0002804,12/20/2025,O000178,C00558,P0057,E0041,R002,8,29967.89,0.2,239743.09,47948.62,191794.47,146997.48,44796.99
ST0002805,1/4/2025,O002460,C00508,P0029,E0027,R008,3,41226.35,0.05,123679.05,6183.95,117495.09,71983.78,45511.32
ST0002806,5/14/2026,O002456,C00009,P0063,E0018,R003,6,20266.46,0.2,121598.75,24319.75,97279,102170.61,-4891.61
ST0002807,3/23/2025,O000359,C00207,P0074,E0019,R002,3,14876.24,0.2,44628.73,8925.75,35702.99,35410.99,292
ST0002808,11/12/2025,O000367,C00383,P0108,E0026,R006,3,16934.82,0,50804.47,0,50804.47,39069.2,11735.27
ST0002809,7/16/2026,O002893,C00571,P0101,E0002,R002,6,36848.1,0,221088.62,0,221088.62,121965.47,99123.15
ST0002810,8/17/2026,O000016,C00093,P0071,E0011,R008,5,35141.88,0.05,175709.4,8785.47,166923.93,123658,43265.93
ST0002811,12/5/2025,O000884,C00484,P0101,E0031,R001,5,35724.42,0,178622.12,0,178622.12,101637.89,76984.23
ST0002812,2/23/2025,O000657,C00378,P0145,E0036,R004,7,3225.44,0.05,22578.1,1128.91,21449.2,16312.22,5136.98
ST0002813,4/12/2025,O000604,C00292,P0041,E0029,R006,1,48073.01,0.1,48073.01,4807.3,43265.71,28367.2,14898.51
ST0002814,1/31/2025,O002578,C00085,P0039,E0013,R004,3,40821.68,0.1,122465.03,12246.5,110218.53,100383.64,9834.89
ST0002815,11/18/2025,O001631,C00514,P0129,E0041,R002,4,15998.87,0.1,63995.49,6399.55,57595.94,39429.92,18166.02
ST0002816,6/10/2025,O002084,C00503,P0013,E0031,R001,8,11826.85,0.05,94614.76,4730.74,89884.03,76718.64,13165.39
ST0002817,12/20/2025,O002739,C00173,P0124,E0016,R002,2,8425.38,0,16850.75,0,16850.75,12661.52,4189.23
ST0002818,11/6/2025,O000772,C00366,P0139,E0016,R002,6,45844.57,0,275067.43,0,275067.43,166988.51,108078.91
ST0002819,7/5/2026,O000179,C00309,P0012,E0006,R002,1,27144.43,0,27144.43,0,27144.43,21246.44,5897.99
ST0002820,10/28/2025,O002598,C00016,P0036,E0012,R004,6,12027.61,0.25,72165.67,18041.42,54124.25,44300.08,9824.17
ST0002821,7/7/2026,O001738,C00240,P0122,E0029,R006,8,6097.98,0.05,48783.87,2439.19,46344.67,28323.82,18020.86
ST0002822,1/18/2026,O001649,C00400,P0095,E0012,R004,7,2010.01,0,14070.06,0,14070.06,10443.1,3626.95
ST0002823,8/28/2025,O002265,C00137,P0080,E0035,R002,8,8068.85,0,64550.77,0,64550.77,34944.32,29606.46
ST0002824,11/25/2025,O001185,C00102,P0071,E0035,R002,7,36767.15,0,257370.06,0,257370.06,173121.2,84248.86
ST0002825,9/15/2025,O000753,C00024,P0074,E0016,R002,7,15294.44,0.25,107061.1,26765.27,80295.82,82625.64,-2329.82
ST0002826,11/17/2025,O002745,C00233,P0106,E0034,R001,5,54924.66,0.25,274623.31,68655.83,205967.48,170788.81,35178.67
ST0002827,1/4/2025,O000267,C00044,P0086,E0033,R008,5,21698.35,0.2,108491.77,21698.35,86793.41,86414.79,378.62
ST0002828,5/21/2026,O000823,C00100,P0086,E0016,R002,2,21099.13,0.1,42198.26,4219.83,37978.43,34565.92,3412.52
ST0002829,11/19/2025,O000836,C00283,P0081,E0031,R001,2,43987.4,0.15,87974.81,13196.22,74778.59,53526.72,21251.87
ST0002830,12/13/2025,O001501,C00291,P0028,E0003,R001,8,23420.47,0.2,187363.78,37472.76,149891.02,159395.93,-9504.9
ST0002831,10/6/2025,O001584,C00535,P0092,E0018,R003,6,59722.9,0.1,358337.41,35833.74,322503.67,200405.63,122098.04
ST0002832,3/6/2025,O001341,C00277,P0106,E0002,R002,1,50207.41,0.2,50207.41,10041.48,40165.93,34157.76,6008.17
ST0002833,11/4/2025,O000937,C00168,P0057,E0034,R001,8,29464.53,0,235716.21,0,235716.21,146997.48,88718.73
ST0002834,1/6/2025,O000747,C00209,P0146,E0003,R001,7,41134.61,0.15,287942.26,43191.34,244750.92,174150.94,70599.98
ST0002835,5/7/2026,O001050,C00249,P0036,E0012,R004,2,11420.17,0,22840.33,0,22840.33,14766.69,8073.64
ST0002836,3/18/2025,O000754,C00070,P0033,E0012,R004,6,28836.95,0.05,173021.67,8651.08,164370.59,120988.67,43381.92
ST0002837,3/10/2025,O001387,C00571,P0091,E0018,R003,8,24442.3,0.2,195538.4,39107.68,156430.72,113667.81,42762.9
ST0002838,2/20/2025,O001509,C00197,P0051,E0024,R002,8,8499.84,0,67998.75,0,67998.75,39249.94,28748.8
ST0002839,5/7/2025,O001986,C00016,P0102,E0022,R003,7,28289.73,0,198028.1,0,198028.1,115892.99,82135.11
ST0002840,7/19/2025,O001167,C00543,P0037,E0028,R006,7,29739.82,0,208178.77,0,208178.77,170319.55,37859.22
ST0002841,3/5/2025,O000758,C00143,P0121,E0015,R008,1,11434.74,0,11434.74,0,11434.74,7052.45,4382.29
ST0002842,1/31/2025,O001994,C00116,P0040,E0037,R004,3,28062.2,0,84186.6,0,84186.6,52083.04,32103.55
ST0002843,3/6/2026,O000500,C00447,P0005,E0005,R005,4,12662.22,0.25,50648.87,12662.22,37986.65,45673.85,-7687.2
ST0002844,10/2/2025,O000609,C00384,P0080,E0016,R002,4,8030.62,0,32122.46,0,32122.46,17472.16,14650.3
ST0002845,5/3/2026,O002488,C00011,P0095,E0023,R004,1,2002.98,0.2,2002.98,400.6,1602.38,1491.87,110.51
ST0002846,8/2/2025,O002733,C00431,P0079,E0003,R001,7,26237.33,0.15,183661.3,27549.19,156112.1,152072.03,4040.08
ST0002847,1/22/2025,O001067,C00465,P0007,E0035,R002,8,25434.59,0.2,203476.69,40695.34,162781.35,134650.37,28130.98
ST0002848,4/27/2025,O002648,C00302,P0085,E0012,R004,4,23141.94,0.15,92567.78,13885.17,78682.61,61949,16733.61
ST0002849,6/6/2025,O001917,C00067,P0138,E0030,R003,4,25307.21,0.2,101228.83,20245.77,80983.07,74554,6429.06
ST0002850,5/3/2025,O001205,C00584,P0128,E0018,R003,7,5451.52,0.15,38160.65,5724.1,32436.55,21953.57,10482.98
ST0002851,9/12/2025,O000099,C00242,P0013,E0041,R002,8,11354.8,0.05,90838.42,4541.92,86296.5,76718.64,9577.86
ST0002852,5/31/2025,O001243,C00288,P0103,E0017,R002,7,41400.47,0.1,289803.31,28980.33,260822.98,155310.62,105512.36
ST0002853,5/22/2026,O002489,C00031,P0080,E0004,R008,4,7891.81,0.2,31567.24,6313.45,25253.79,17472.16,7781.63
ST0002854,3/27/2026,O000020,C00376,P0145,E0039,R005,5,3104.63,0.1,15523.13,1552.31,13970.82,11651.59,2319.24
ST0002855,1/29/2025,O002071,C00363,P0041,E0039,R005,6,49372.55,0,296235.29,0,296235.29,170203.18,126032.1
ST0002856,1/26/2025,O002169,C00450,P0084,E0036,R004,6,38402.55,0.05,230415.28,11520.76,218894.52,163352.73,55541.78
ST0002857,5/4/2025,O002594,C00258,P0110,E0032,R001,3,430.2,0.25,1290.6,322.65,967.95,1024.42,-56.47
ST0002858,9/27/2025,O000756,C00560,P0097,E0009,R002,7,11353.36,0.25,79473.5,19868.38,59605.13,47985.52,11619.61
ST0002859,5/27/2026,O000600,C00310,P0054,E0021,R001,3,16791.38,0.2,50374.15,10074.83,40299.32,28534.37,11764.96
ST0002860,4/27/2026,O000651,C00346,P0125,E0002,R002,4,13712.15,0.05,54848.61,2742.43,52106.18,47343.56,4762.62
ST0002861,8/24/2026,O002941,C00274,P0106,E0022,R003,3,52479.49,0,157438.47,0,157438.47,102473.29,54965.19
ST0002862,5/19/2026,O002981,C00210,P0070,E0024,R002,8,17126.51,0.25,137012.07,34253.02,102759.05,85053.48,17705.57
ST0002863,11/1/2025,O002753,C00567,P0062,E0005,R005,5,31633.71,0.1,158168.54,15816.85,142351.69,101427.81,40923.88
ST0002864,1/16/2025,O001705,C00417,P0102,E0005,R005,2,28292.39,0,56584.79,0,56584.79,33112.28,23472.5
ST0002865,7/4/2026,O001222,C00491,P0099,E0011,R008,2,16412.44,0.1,32824.89,3282.49,29542.4,23908.53,5633.87
ST0002866,5/31/2026,O002103,C00445,P0102,E0007,R002,3,29644.42,0.15,88933.27,13339.99,75593.28,49668.42,25924.86
ST0002867,1/18/2025,O001582,C00226,P0134,E0030,R003,8,17359.95,0.15,138879.58,20831.94,118047.64,83497.36,34550.28
ST0002868,7/18/2025,O000694,C00369,P0070,E0015,R008,5,17882.65,0.05,89413.24,4470.66,84942.58,53158.43,31784.15
ST0002870,6/27/2025,O002547,C00033,P0083,E0004,R008,7,54798.65,0,383590.54,0,383590.54,221412.07,162178.47
ST0002871,8/2/2025,O002733,C00431,P0077,E0003,R001,5,464.12,0.15,2320.62,348.09,1972.53,2078.24,-105.71
ST0002872,8/14/2026,O002213,C00029,P0059,E0031,R001,4,25524.31,0.15,102097.24,15314.59,86782.66,65896.58,20886.08
ST0002873,1/29/2025,O001015,C00394,P0140,E0018,R003,1,31028.24,0.15,31028.24,4654.24,26374,18074.01,8299.99
ST0002874,11/9/2025,O000781,C00189,P0069,E0029,R006,8,15925.07,0,127400.58,0,127400.58,74736.92,52663.66
ST0002875,10/6/2025,O000554,C00233,P0053,E0029,R006,8,10785.22,0.15,86281.77,12942.27,73339.5,52803.13,20536.37
ST0002876,1/29/2025,O001015,C00394,P0142,E0018,R003,1,31798.03,0.2,31798.03,6359.61,25438.42,19679.25,5759.18
ST0002877,3/8/2026,O000647,C00511,P0041,E0003,R001,1,45440.73,0,45440.73,0,45440.73,28367.2,17073.53
ST0002878,11/30/2025,O000393,C00018,P0129,E0025,R004,6,15772.78,0,94636.7,0,94636.7,59144.88,35491.82
ST0002879,6/17/2025,O002569,C00444,P0040,E0018,R003,4,28033.28,0.05,112133.13,5606.66,106526.47,69444.06,37082.42
ST0002880,3/21/2025,O000623,C00269,P0056,E0013,R004,2,49120.57,0,98241.14,0,98241.14,51255.01,46986.13
ST0002881,9/4/2025,O001618,C00552,P0056,E0016,R002,2,46119.63,0,92239.27,0,92239.27,51255.01,40984.26
ST0002882,8/15/2025,O002432,C00434,P0142,E0039,R005,3,31759.87,0.1,95279.61,9527.96,85751.65,59037.74,26713.91
ST0002883,1/5/2026,O000187,C00336,P0047,E0035,R002,4,15103.45,0.15,60413.79,9062.07,51351.72,44865.12,6486.6
ST0002884,8/8/2026,O001747,C00536,P0124,E0013,R004,3,8406.5,0,25219.49,0,25219.49,18992.28,6227.21
ST0002885,3/26/2026,O000750,C00573,P0090,E0010,R004,1,16989.86,0,16989.86,0,16989.86,11624.5,5365.36
ST0002886,8/13/2026,O000401,C00093,P0117,E0023,R004,8,21900.94,0.1,175207.56,17520.76,157686.8,139786.54,17900.26
ST0002887,7/27/2026,O002357,C00315,P0004,E0033,R008,1,32211.59,0.2,32211.59,6442.32,25769.27,24187.8,1581.48
ST0002888,5/12/2025,O000431,C00322,P0149,E0009,R002,2,37853.62,0.1,75707.24,7570.72,68136.51,48868.45,19268.06
ST0002889,10/23/2025,O001404,C00258,P0055,E0019,R002,3,24616.51,0.25,73849.54,18462.38,55387.15,50929.18,4457.97
ST0002890,7/22/2025,O001266,C00543,P0136,E0014,R005,4,46389.15,0,185556.61,0,185556.61,108166.42,77390.18
ST0002891,6/7/2026,O002091,C00251,P0124,E0001,R002,2,8704.28,0,17408.55,0,17408.55,12661.52,4747.03
ST0002892,6/4/2025,O001281,C00015,P0073,E0029,R006,8,5198,0.15,41584.04,6237.61,35346.43,28128.54,7217.89
ST0002893,10/19/2025,O000473,C00204,P0030,E0009,R002,8,49610.32,0,396882.55,0,396882.55,241240.31,155642.24
ST0002894,3/19/2025,O002931,C00479,P0142,E0015,R008,8,31531.92,0.1,252255.38,25225.54,227029.85,157433.97,69595.88
ST0002895,1/18/2026,O000577,C00452,P0137,E0025,R004,3,28780.52,0.25,86341.55,21585.39,64756.17,74016.31,-9260.15
ST0002896,1/15/2026,O001043,C00270,P0014,E0032,R001,1,23286.57,0.2,23286.57,4657.31,18629.26,18435.5,193.75
ST0002897,5/11/2025,O002945,C00447,P0134,E0020,R001,1,17224.3,0.15,17224.3,2583.64,14640.65,10437.17,4203.48
ST0002898,2/3/2026,O002979,C00113,P0052,E0015,R008,5,9656.25,0.15,48281.23,7242.18,41039.04,31956.66,9082.38
ST0002899,2/21/2025,O002628,C00471,P0030,E0013,R004,3,48952.12,0,146856.37,0,146856.37,90465.11,56391.26
ST0002900,11/9/2025,O000464,C00583,P0098,E0027,R008,1,42049.86,0.25,42049.86,10512.47,31537.4,27770.74,3766.65
ST0002901,8/12/2026,O002459,C00023,P0055,E0038,R002,3,23027.81,0,69083.44,0,69083.44,50929.18,18154.26
ST0002902,5/30/2025,O002238,C00539,P0060,E0037,R004,3,58302.64,0.25,174907.91,43726.98,131180.93,100875.23,30305.7
ST0002903,3/8/2025,O001435,C00025,P0048,E0038,R002,8,7447.88,0.05,59583.06,2979.15,56603.91,49348.36,7255.55
ST0002904,4/17/2025,O000605,C00092,P0011,E0002,R002,3,38610.39,0,115831.16,0,115831.16,88334.95,27496.21
ST0002905,8/14/2026,O000405,C00131,P0112,E0022,R003,8,33912.93,0.2,271303.41,54260.68,217042.73,179496.96,37545.77
ST0002906,11/10/2025,O001189,C00575,P0043,E0032,R001,4,43474.88,0.1,173899.52,17389.95,156509.57,111307.25,45202.32
ST0002907,3/18/2025,O002024,C00395,P0007,E0040,R005,2,25296.47,0,50592.94,0,50592.94,33662.59,16930.34
ST0002908,1/23/2026,O001643,C00255,P0115,E0035,R002,2,36514.23,0.1,73028.46,7302.85,65725.61,43415.92,22309.69
ST0002909,1/1/2025,O001919,C00417,P0138,E0019,R002,7,25500.57,0.15,178504.02,26775.6,151728.42,130469.51,21258.91
ST0002910,1/8/2026,O000029,C00105,P0046,E0012,R004,6,50703.77,0,304222.61,0,304222.61,180961.95,123260.67
ST0002911,3/14/2025,O002078,C00047,P0102,E0025,R004,5,30390.88,0.1,151954.42,15195.44,136758.98,82780.7,53978.27
ST0002912,6/29/2025,O001813,C00451,P0060,E0009,R002,1,55367.77,0,55367.77,0,55367.77,33625.08,21742.69
ST0002913,7/24/2025,O002519,C00173,P0147,E0005,R005,5,48608.98,0.2,243044.92,48608.98,194435.94,140103.23,54332.7
ST0002914,5/21/2025,O001385,C00411,P0054,E0034,R001,1,16715.38,0.2,16715.38,3343.08,13372.31,9511.46,3860.85
ST0002915,2/8/2025,O000049,C00021,P0093,E0036,R004,4,15092.4,0.15,60369.6,9055.44,51314.16,47001.51,4312.65
ST0002916,9/7/2025,O001152,C00149,P0020,E0001,R002,1,42854.1,0,42854.1,0,42854.1,26576.26,16277.84
ST0002917,8/8/2026,O001833,C00356,P0083,E0012,R004,6,50556.42,0.05,303338.51,15166.93,288171.59,189781.77,98389.81
ST0002918,3/31/2026,O002056,C00343,P0082,E0004,R008,3,29730.62,0.1,89191.86,8919.19,80272.68,49222.23,31050.44
ST0002919,7/23/2025,O002005,C00101,P0115,E0003,R001,1,36969.07,0.1,36969.07,3696.91,33272.17,21707.96,11564.2
ST0002920,3/2/2025,O002066,C00449,P0065,E0022,R003,7,41264.26,0.1,288849.82,28884.98,259964.84,181266.24,78698.6
ST0002921,12/14/2025,O000203,C00397,P0002,E0016,R002,4,6499.44,0.2,25997.74,5199.55,20798.2,16972.26,3825.94
ST0002922,2/2/2025,O001842,C00186,P0101,E0003,R001,5,37073.76,0.25,185368.79,46342.2,139026.59,101637.89,37388.7
ST0002923,1/6/2026,O000166,C00172,P0087,E0009,R002,4,5420.17,0.2,21680.67,4336.13,17344.54,15303.96,2040.58
ST0002924,5/31/2025,O000032,C00415,P0022,E0033,R008,8,7028.23,0.1,56225.85,5622.58,50603.26,44907.69,5695.58
ST0002925,7/1/2025,O000685,C00439,P0117,E0023,R004,8,21051.26,0.2,168410.06,33682.01,134728.05,139786.54,-5058.49
ST0002926,5/13/2025,O000564,C00323,P0141,E0027,R008,3,18923.25,0,56769.75,0,56769.75,49054.52,7715.23
ST0002927,10/19/2025,O002825,C00313,P0141,E0016,R002,4,18106.75,0.05,72427,3621.35,68805.65,65406.03,3399.62
ST0002928,9/11/2025,O000443,C00445,P0024,E0026,R006,3,7851.95,0,23555.84,0,23555.84,18282.21,5273.63
ST0002929,11/30/2025,O001048,C00330,P0008,E0029,R006,7,40501.18,0.25,283508.24,70877.06,212631.18,153977.27,58653.91
ST0002930,4/24/2025,O001571,C00589,P0137,E0001,R002,1,26476.34,0.15,26476.34,3971.45,22504.89,24672.1,-2167.22
ST0002931,10/26/2025,O002444,C00441,P0011,E0006,R002,6,38373.66,0.05,230241.94,11512.1,218729.84,176669.89,42059.95
ST0002932,3/1/2026,O000170,C00088,P0103,E0019,R002,6,37780.78,0.2,226684.69,45336.94,181347.75,133123.39,48224.36
ST0002933,8/13/2026,O001922,C00155,P0070,E0035,R002,8,18232.9,0.2,145863.23,29172.65,116690.58,85053.48,31637.1
ST0002934,3/15/2025,O000364,C00576,P0118,E0040,R005,1,21195.09,0.05,21195.09,1059.75,20135.33,15281.35,4853.99
ST0002935,1/27/2026,O002215,C00208,P0091,E0009,R002,8,23618.62,0.15,188948.97,28342.35,160606.62,113667.81,46938.81
ST0002936,9/24/2025,O002278,C00488,P0104,E0033,R008,4,4088.59,0,16354.34,0,16354.34,9403.37,6950.98
ST0002937,4/23/2025,O000670,C00151,P0066,E0031,R001,1,28866.67,0.2,28866.67,5773.33,23093.34,17033.96,6059.38
ST0002938,6/13/2025,O002475,C00103,P0007,E0038,R002,5,25013.67,0.15,125068.35,18760.25,106308.1,84156.48,22151.62
ST0002939,12/30/2025,O002805,C00316,P0021,E0003,R001,4,13274.04,0.2,53096.14,10619.23,42476.92,39078.14,3398.77
ST0002940,5/1/2025,O002135,C00395,P0031,E0010,R004,1,21196.83,0,21196.83,0,21196.83,11641.84,9554.99
ST0002941,6/7/2025,O001124,C00128,P0086,E0036,R004,7,21171.77,0.2,148202.38,29640.48,118561.9,120980.71,-2418.81
ST0002942,2/11/2025,O001648,C00258,P0119,E0006,R002,8,2923.72,0,23389.74,0,23389.74,15597.48,7792.26
ST0002943,4/29/2025,O002394,C00321,P0087,E0007,R002,3,5390.39,0.1,16171.18,1617.12,14554.06,11477.97,3076.09
ST0002944,4/10/2026,O000119,C00084,P0025,E0031,R001,8,1920.18,0,15361.44,0,15361.44,9050.12,6311.33
ST0002945,12/18/2025,O000388,C00440,P0116,E0023,R004,7,29964.79,0,209753.55,0,209753.55,161821.32,47932.23
ST0002946,1/13/2025,O001980,C00339,P0120,E0016,R002,1,3223.5,0,3223.5,0,3223.5,2591.58,631.92
ST0002947,8/22/2025,O002726,C00011,P0053,E0001,R002,1,10049.44,0.05,10049.44,502.47,9546.97,6600.39,2946.58
ST0002948,4/13/2025,O000943,C00489,P0079,E0012,R004,8,25245.73,0,201965.82,0,201965.82,173796.6,28169.22
ST0002949,1/8/2025,O001804,C00205,P0118,E0040,R005,3,20474.51,0,61423.52,0,61423.52,45844.04,15579.48
ST0002950,6/28/2026,O002985,C00239,P0039,E0006,R002,1,39636.27,0.05,39636.27,1981.81,37654.45,33461.21,4193.24
ST0002951,6/10/2025,O002606,C00373,P0047,E0003,R001,5,15734.35,0.15,78671.77,11800.77,66871,56081.4,10789.6
ST0002952,4/13/2025,O001943,C00255,P0061,E0028,R006,6,44251.91,0.1,265511.46,26551.15,238960.32,157559.72,81400.6
ST0002953,2/17/2026,O000716,C00055,P0118,E0027,R008,3,21093.17,0,63279.52,0,63279.52,45844.04,17435.48
ST0002954,5/1/2025,O000881,C00409,P0087,E0001,R002,8,5734.62,0.2,45876.95,9175.39,36701.56,30607.92,6093.64
ST0002955,9/9/2025,O000066,C00154,P0042,E0014,R005,5,20164.3,0.25,100821.49,25205.37,75616.12,68612.98,7003.14
ST0002956,6/11/2026,O002509,C00262,P0063,E0032,R001,7,20991.05,0,146937.35,0,146937.35,119199.05,27738.3
ST0002957,1/10/2025,O002925,C00507,P0136,E0005,R005,5,48807.28,0.05,244036.38,12201.82,231834.57,135208.03,96626.54
ST0002958,9/26/2025,O002187,C00092,P0074,E0033,R008,5,14955.47,0.1,74777.33,7477.73,67299.59,59018.32,8281.28
ST0002959,5/12/2026,O001018,C00536,P0150,E0025,R004,4,50495.31,0.25,201981.24,50495.31,151485.93,135755.05,15730.88
ST0002960,8/5/2025,O001610,C00112,P0089,E0006,R002,3,41291.27,0.15,123873.81,18581.07,105292.74,67364.68,37928.06
ST0002961,12/22/2025,O000318,C00094,P0142,E0020,R001,7,33689.3,0.1,235825.13,23582.51,212242.62,137754.72,74487.89
ST0002962,12/22/2025,O000681,C00211,P0040,E0012,R004,8,27112.71,0.25,216901.66,54225.41,162676.24,138888.12,23788.13
ST0002963,6/9/2025,O000925,C00175,P0061,E0003,R001,5,45059.03,0.1,225295.17,22529.52,202765.66,131299.77,71465.89
ST0002964,4/12/2025,O002584,C00247,P0041,E0007,R002,1,49119.54,0.1,49119.54,4911.95,44207.59,28367.2,15840.39
ST0002965,7/7/2026,O001738,C00240,P0050,E0029,R006,4,1074.45,0,4297.82,0,4297.82,2671.55,1626.27
ST0002966,2/23/2025,O000478,C00513,P0068,E0001,R002,3,23531.14,0.1,70593.41,7059.34,63534.07,46420.96,17113.11
ST0002967,1/18/2025,O002826,C00223,P0051,E0021,R001,5,8701.89,0.05,43509.46,2175.47,41333.99,24531.21,16802.77
ST0002968,3/19/2026,O000726,C00450,P0107,E0041,R002,4,7123.87,0.25,28495.46,7123.87,21371.6,24679.42,-3307.82
ST0002969,7/18/2025,O002164,C00050,P0143,E0009,R002,7,36539.73,0,255778.14,0,255778.14,159309.22,96468.93
ST0002970,8/31/2025,O000799,C00116,P0094,E0034,R001,8,38976.45,0.05,311811.57,15590.58,296221,239076.57,57144.42
ST0002971,7/7/2026,O001091,C00148,P0094,E0028,R006,6,42112.9,0,252677.43,0,252677.43,179307.43,73370
ST0002972,6/10/2025,O002673,C00599,P0079,E0016,R002,4,24655.5,0.05,98621.99,4931.1,93690.89,86898.3,6792.59
ST0002973,4/12/2025,O000604,C00292,P0022,E0029,R006,2,6489.42,0.05,12978.84,648.94,12329.9,11226.92,1102.97
ST0002974,6/26/2025,O001087,C00425,P0148,E0012,R004,5,16835.27,0.15,84176.36,12626.45,71549.9,68735.03,2814.88
ST0002975,8/1/2025,O001362,C00032,P0123,E0020,R001,5,23012.24,0.25,115061.19,28765.3,86295.89,102640.09,-16344.2
ST0002976,6/30/2026,O000332,C00183,P0142,E0015,R008,5,32091.68,0.2,160458.41,32091.68,128366.73,98396.23,29970.5
ST0002977,2/7/2026,O001230,C00384,P0097,E0021,R001,4,11285.8,0.05,45143.18,2257.16,42886.03,27420.3,15465.73
ST0002978,7/12/2025,O000306,C00066,P0042,E0036,R004,2,20361.08,0.1,40722.16,4072.22,36649.95,27445.19,9204.76
ST0002979,3/6/2026,O001119,C00249,P0126,E0027,R008,3,45133.74,0.2,135401.22,27080.24,108320.97,89476.8,18844.18
ST0002980,6/2/2025,O001587,C00509,P0074,E0035,R002,3,15655.98,0.15,46967.95,7045.19,39922.76,35410.99,4511.77
ST0002981,2/6/2026,O001812,C00568,P0045,E0017,R002,5,57286.88,0,286434.4,0,286434.4,157747.6,128686.8
ST0002982,6/8/2026,O001324,C00273,P0055,E0037,R004,8,23285.69,0.2,186285.55,37257.11,149028.44,135811.14,13217.3
ST0002983,4/14/2026,O002335,C00547,P0031,E0029,R006,6,19824.85,0,118949.08,0,118949.08,69851.03,49098.05
ST0002984,1/22/2026,O000251,C00088,P0119,E0004,R008,6,3039.72,0.05,18238.31,911.92,17326.39,11698.11,5628.28
ST0002985,4/20/2026,O001510,C00399,P0020,E0013,R004,4,43663.1,0.1,174652.39,17465.24,157187.15,106305.06,50882.09
ST0002986,7/18/2025,O002330,C00166,P0046,E0036,R004,4,50454.72,0.1,201818.87,20181.89,181636.98,120641.3,60995.68
ST0002987,5/3/2025,O002285,C00087,P0044,E0006,R002,5,728.89,0,3644.43,0,3644.43,2016,1628.43
ST0002988,7/31/2025,O000313,C00490,P0007,E0005,R005,2,23793.42,0.1,47586.84,4758.68,42828.16,33662.59,9165.56
ST0002989,4/20/2026,O001229,C00583,P0062,E0014,R005,8,31312.44,0.2,250499.52,50099.9,200399.61,162284.49,38115.13
ST0002990,2/25/2026,O001573,C00127,P0044,E0025,R004,5,720.08,0,3600.4,0,3600.4,2016,1584.4
ST0002991,11/2/2025,O002604,C00057,P0019,E0009,R002,5,19175.37,0,95876.84,0,95876.84,82023.16,13853.68
ST0002992,12/24/2025,O001744,C00176,P0108,E0013,R004,7,15531.33,0,108719.31,0,108719.31,91161.46,17557.85
ST0002993,11/21/2025,O001547,C00123,P0106,E0041,R002,4,53933.73,0.05,215734.94,10786.75,204948.19,136631.05,68317.14
ST0002994,2/24/2026,O002487,C00585,P0027,E0025,R004,3,19480.36,0.25,58441.07,14610.27,43830.8,33053.79,10777.01
ST0002995,1/9/2025,O000262,C00352,P0133,E0020,R001,8,5088.93,0.2,40711.47,8142.29,32569.18,24145.86,8423.32
ST0002996,4/14/2025,O002576,C00019,P0010,E0024,R002,7,1172.14,0.1,8205,820.5,7384.5,5410.29,1974.21
ST0002997,12/22/2025,O000318,C00094,P0069,E0020,R001,8,15383.63,0.15,123069.02,18460.35,104608.67,74736.92,29871.75
ST0002998,7/10/2026,O000037,C00510,P0027,E0033,R008,2,19672.17,0.05,39344.35,1967.22,37377.13,22035.86,15341.27
ST0002999,8/21/2025,O000010,C00228,P0036,E0010,R004,4,11507.47,0,46029.88,0,46029.88,29533.39,16496.49
ST0003000,4/30/2025,O000007,C00428,P0066,E0031,R001,1,28110.5,0.1,28110.5,2811.05,25299.45,17033.96,8265.5
ST0003001,2/21/2025,O000677,C00532,P0143,E0029,R006,7,38831.52,0.25,271820.64,67955.16,203865.48,159309.22,44556.26
ST0003002,11/16/2025,O002095,C00090,P0059,E0012,R004,3,23663.29,0,70989.88,0,70989.88,49422.43,21567.45
ST0003003,1/29/2025,O000247,C00319,P0142,E0005,R005,7,34442.06,0.05,241094.45,12054.72,229039.73,137754.72,91285
ST0003004,2/22/2026,O002876,C00432,P0141,E0033,R008,5,18126.63,0,90633.16,0,90633.16,81757.54,8875.62
ST0003005,11/27/2025,O001893,C00255,P0102,E0016,R002,7,29987.43,0.25,209912.03,52478.01,157434.02,115892.99,41541.04
ST0003006,8/14/2025,O002608,C00555,P0116,E0020,R001,5,29529.37,0,147646.87,0,147646.87,115586.66,32060.22
ST0003007,2/12/2026,O002652,C00098,P0018,E0019,R002,5,34964.89,0.25,174824.43,43706.11,131118.32,151422.9,-20304.58
ST0003008,12/12/2025,O001105,C00121,P0035,E0019,R002,5,10838.14,0.2,54190.69,10838.14,43352.55,42207.53,1145.02
ST0003009,1/8/2026,O001949,C00319,P0058,E0022,R003,8,28242.04,0.2,225936.35,45187.27,180749.08,151417.59,29331.49
ST0003010,5/8/2025,O002185,C00102,P0109,E0001,R002,2,44783.62,0.05,89567.23,4478.36,85088.87,55423.81,29665.06
ST0003011,2/17/2026,O002371,C00048,P0095,E0024,R002,3,2093.21,0.25,6279.62,1569.91,4709.72,4475.61,234.1
ST0003012,1/25/2025,O001320,C00523,P0070,E0020,R001,8,18539.64,0.2,148317.14,29663.43,118653.71,85053.48,33600.23
ST0003013,11/6/2025,O001928,C00170,P0112,E0025,R004,4,35029.63,0.1,140118.5,14011.85,126106.65,89748.48,36358.17
ST0003014,8/14/2026,O002877,C00185,P0129,E0017,R002,3,16445.14,0,49335.42,0,49335.42,29572.44,19762.98
ST0003015,5/30/2025,O001393,C00177,P0081,E0026,R006,8,42538.87,0.1,340310.99,34031.1,306279.89,214106.87,92173.02
ST0003016,7/10/2026,O002704,C00170,P0137,E0023,R004,4,27352.96,0.1,109411.82,10941.18,98470.64,98688.42,-217.78
ST0003017,2/20/2026,O000065,C00263,P0121,E0040,R005,5,11633.68,0,58168.42,0,58168.42,35262.24,22906.18
ST0003018,1/6/2026,O000166,C00172,P0095,E0009,R002,4,2111.26,0.2,8445.06,1689.01,6756.05,5967.49,788.56
ST0003019,7/30/2026,O002756,C00343,P0138,E0003,R001,2,24453.34,0.25,48906.69,12226.67,36680.02,37277,-596.98
ST0003020,10/8/2025,O001150,C00042,P0059,E0017,R002,1,25786.26,0.05,25786.26,1289.31,24496.95,16474.14,8022.81
ST0003021,10/3/2025,O001777,C00535,P0007,E0023,R004,3,24757.03,0.25,74271.1,18567.78,55703.33,50493.89,5209.44
ST0003022,4/22/2026,O002260,C00449,P0105,E0020,R001,7,2921.3,0,20449.1,0,20449.1,16248.96,4200.14
ST0003023,8/13/2025,O002529,C00024,P0108,E0040,R005,4,15923.88,0.2,63695.5,12739.1,50956.4,52092.26,-1135.86
ST0003024,6/6/2025,O001917,C00067,P0101,E0030,R003,1,37974.61,0.05,37974.61,1898.73,36075.88,20327.58,15748.3
ST0003025,12/12/2025,O000336,C00432,P0044,E0002,R002,2,709.05,0.15,1418.1,212.72,1205.39,806.4,398.99
ST0003026,7/12/2025,O001192,C00049,P0034,E0021,R001,7,37384.13,0,261688.94,0,261688.94,159410.06,102278.89
ST0003027,7/20/2026,O001556,C00563,P0080,E0038,R002,5,8275.97,0.15,41379.85,6206.98,35172.87,21840.2,13332.67
ST0003028,1/27/2026,O000096,C00273,P0034,E0020,R001,5,38080.51,0.05,190402.53,9520.13,180882.4,113864.33,67018.07
ST0003029,4/8/2025,O000250,C00075,P0129,E0040,R005,6,17079.99,0.15,102479.96,15371.99,87107.97,59144.88,27963.09
ST0003030,5/4/2025,O002594,C00258,P0060,E0032,R001,6,56711.21,0,340267.25,0,340267.25,201750.45,138516.8
ST0003031,1/21/2026,O001378,C00006,P0041,E0026,R006,5,48117.47,0.1,240587.34,24058.73,216528.61,141835.99,74692.62
ST0003032,3/4/2025,O001857,C00285,P0085,E0004,R008,1,23644.71,0.2,23644.71,4728.94,18915.77,15487.25,3428.52
ST0003033,6/11/2026,O001710,C00230,P0093,E0001,R002,6,15693.01,0,94158.05,0,94158.05,70502.26,23655.78
ST0003034,9/16/2025,O001991,C00092,P0065,E0040,R005,6,42405.89,0.2,254435.31,50887.06,203548.25,155371.06,48177.19
ST0003035,10/15/2025,O000634,C00257,P0085,E0013,R004,2,22150.17,0.05,44300.35,2215.02,42085.33,30974.5,11110.83
ST0003036,6/1/2026,O002257,C00238,P0075,E0030,R003,7,44960.65,0.15,314724.57,47208.69,267515.89,189612.55,77903.34
ST0003037,4/17/2026,O002623,C00453,P0014,E0007,R002,2,23370.36,0.25,46740.73,11685.18,35055.55,36871.01,-1815.46
ST0003038,8/11/2025,O001330,C00236,P0044,E0038,R002,3,768.03,0.15,2304.1,345.61,1958.48,1209.6,748.88
ST0003039,1/27/2026,O002600,C00600,P0045,E0003,R001,5,57988.09,0.25,289940.47,72485.12,217455.35,157747.6,59707.75
ST0003040,1/1/2026,O001754,C00037,P0084,E0030,R003,3,36991.85,0.15,110975.56,16646.33,94329.23,81676.37,12652.86
ST0003041,10/27/2025,O001628,C00389,P0128,E0009,R002,5,5572.36,0.15,27861.82,4179.27,23682.55,15681.12,8001.43
ST0003042,7/19/2026,O002310,C00266,P0014,E0041,R002,3,21991.44,0,65974.33,0,65974.33,55306.51,10667.82
ST0003043,11/25/2025,O002723,C00473,P0133,E0033,R008,6,4923.37,0.1,29540.23,2954.02,26586.21,18109.39,8476.82
ST0003045,2/22/2026,O002337,C00209,P0022,E0015,R008,3,6609.42,0.1,19828.26,1982.83,17845.43,16840.38,1005.05
ST0003046,6/10/2025,O002312,C00045,P0082,E0019,R002,8,30740.19,0,245921.53,0,245921.53,131259.28,114662.24
ST0003047,3/9/2025,O002846,C00132,P0140,E0016,R002,6,30860.17,0,185161.01,0,185161.01,108444.05,76716.96
ST0003048,3/21/2025,O002768,C00269,P0124,E0037,R004,7,8997.61,0.05,62983.3,3149.17,59834.14,44315.32,15518.82
ST0003049,6/1/2025,O000660,C00123,P0073,E0010,R004,7,5073.88,0,35517.17,0,35517.17,24612.47,10904.69
ST0003050,10/12/2025,O002962,C00327,P0112,E0030,R003,3,32085.75,0,96257.24,0,96257.24,67311.36,28945.88
ST0003051,11/28/2025,O002094,C00468,P0091,E0023,R004,3,22341.54,0.25,67024.62,16756.15,50268.46,42625.43,7643.03
ST0003052,5/10/2026,O001008,C00348,P0053,E0011,R008,5,10702.35,0,53511.76,0,53511.76,33001.96,20509.81
ST0003053,11/26/2025,O000283,C00532,P0135,E0031,R001,8,8409.21,0,67273.64,0,67273.64,46109.46,21164.18
ST0003054,5/1/2025,O001839,C00119,P0037,E0015,R008,3,30782.48,0.05,92347.44,4617.37,87730.07,72994.09,14735.97
ST0003055,9/28/2025,O002471,C00406,P0049,E0010,R004,4,18233.2,0,72932.82,0,72932.82,40727.46,32205.36
ST0003056,1/5/2025,O001175,C00002,P0027,E0035,R002,2,18878.83,0.25,37757.66,9439.42,28318.25,22035.86,6282.39
ST0003057,3/20/2026,O001576,C00051,P0013,E0018,R003,4,11010.44,0.25,44041.77,11010.44,33031.33,38359.32,-5327.99
ST0003058,6/11/2025,O002775,C00176,P0060,E0027,R008,1,57279.87,0.05,57279.87,2863.99,54415.88,33625.08,20790.8
ST0003059,4/30/2025,O001196,C00047,P0073,E0026,R006,2,5317.13,0.05,10634.26,531.71,10102.55,7032.14,3070.41
ST0003060,9/8/2025,O001024,C00058,P0108,E0030,R003,7,15434.39,0,108040.7,0,108040.7,91161.46,16879.24
ST0003061,8/27/2025,O002773,C00429,P0005,E0022,R003,4,12309.71,0.1,49238.84,4923.88,44314.96,45673.85,-1358.9
ST0003062,8/24/2025,O002267,C00221,P0139,E0015,R008,1,48265.17,0.2,48265.17,9653.03,38612.14,27831.42,10780.72
ST0003063,6/30/2025,O000274,C00183,P0009,E0014,R005,4,3245.63,0.1,12982.52,1298.25,11684.27,8296.23,3388.04
ST0003064,7/26/2025,O002970,C00304,P0106,E0001,R002,8,54931.33,0.25,439450.68,109862.67,329588.01,273262.1,56325.91
ST0003065,6/5/2026,O001900,C00456,P0117,E0002,R002,4,22371.37,0.05,89485.46,4474.27,85011.19,69893.27,15117.92
ST0003066,7/12/2026,O001869,C00434,P0097,E0035,R002,5,11118.2,0.05,55591,2779.55,52811.45,34275.37,18536.08
ST0003067,8/21/2025,O001356,C00261,P0015,E0037,R004,4,29509.83,0.15,118039.34,17705.9,100333.44,71076.38,29257.06
ST0003068,11/9/2025,O000454,C00283,P0085,E0029,R006,5,22222.5,0.25,111112.52,27778.13,83334.39,77436.25,5898.14
ST0003069,10/3/2025,O002957,C00528,P0029,E0029,R006,2,40893.54,0,81787.07,0,81787.07,47989.18,33797.89
ST0003070,3/17/2026,O001564,C00561,P0053,E0017,R002,6,10172.98,0,61037.9,0,61037.9,39602.35,21435.55
ST0003071,11/30/2025,O000202,C00461,P0138,E0030,R003,3,24143.66,0,72430.98,0,72430.98,55915.5,16515.48
ST0003072,11/23/2025,O000773,C00251,P0022,E0035,R002,4,6665.06,0.2,26660.23,5332.05,21328.19,22453.84,-1125.66
ST0003073,5/18/2025,O000287,C00384,P0080,E0018,R003,6,7816.26,0.25,46897.59,11724.4,35173.19,26208.24,8964.95
ST0003074,1/27/2025,O000117,C00511,P0119,E0007,R002,1,2843.27,0.05,2843.27,142.16,2701.11,1949.69,751.42
ST0003075,5/24/2026,O000072,C00535,P0111,E0039,R005,3,42525.25,0.1,127575.76,12757.58,114818.18,72928.21,41889.97
ST0003076,9/15/2025,O000059,C00205,P0099,E0028,R006,8,15978.88,0,127831.04,0,127831.04,95634.12,32196.92
ST0003077,5/24/2026,O001311,C00524,P0032,E0004,R008,5,22541.32,0.15,112706.58,16905.99,95800.6,83498.31,12302.28
ST0003078,10/29/2025,O001956,C00122,P0112,E0013,R004,3,32374.18,0.1,97122.55,9712.26,87410.3,67311.36,20098.94
ST0003079,5/27/2026,O001171,C00182,P0144,E0029,R006,4,20530.01,0.05,82120.05,4106,78014.05,45191.11,32822.94
ST0003080,1/7/2026,O002708,C00494,P0035,E0010,R004,8,11172.31,0.25,89378.48,22344.62,67033.86,67532.05,-498.19
ST0003081,2/1/2026,O002372,C00209,P0117,E0002,R002,4,20645.37,0.15,82581.47,12387.22,70194.25,69893.27,300.98
ST0003082,11/24/2025,O001155,C00380,P0014,E0025,R004,7,23156.7,0.25,162096.88,40524.22,121572.66,129048.52,-7475.86
ST0003083,2/4/2026,O001958,C00324,P0044,E0041,R002,6,717.27,0,4303.62,0,4303.62,2419.2,1884.43
ST0003084,7/21/2025,O000646,C00326,P0059,E0022,R003,6,24634.23,0,147805.39,0,147805.39,98844.86,48960.53
ST0003085,10/20/2025,O001860,C00163,P0119,E0001,R002,2,2848.45,0.15,5696.9,854.53,4842.36,3899.37,942.99
ST0003086,3/7/2026,O000741,C00108,P0138,E0013,R004,5,24987.09,0.25,124935.43,31233.86,93701.57,93192.51,509.07
ST0003087,5/28/2025,O002292,C00370,P0022,E0020,R001,5,6979.17,0.05,34895.85,1744.79,33151.05,28067.3,5083.75
ST0003088,3/15/2026,O000339,C00213,P0099,E0036,R004,6,16540.02,0,99240.11,0,99240.11,71725.59,27514.52
ST0003089,5/22/2026,O002896,C00153,P0150,E0009,R002,5,50466.88,0.25,252334.42,63083.6,189250.81,169693.81,19557
ST0003090,4/1/2026,O001613,C00460,P0076,E0029,R006,5,19175.96,0.25,95879.82,23969.95,71909.86,59443.71,12466.15
ST0003091,2/23/2025,O001317,C00246,P0037,E0004,R008,4,31310.02,0,125240.08,0,125240.08,97325.46,27914.62
ST0003092,10/19/2025,O000124,C00167,P0067,E0026,R006,2,42186.79,0,84373.58,0,84373.58,65391.78,18981.8
ST0003093,6/12/2025,O001242,C00122,P0040,E0036,R004,7,27798.49,0.05,194589.42,9729.47,184859.95,121527.1,63332.84
ST0003094,12/16/2025,O001353,C00044,P0066,E0023,R004,8,30151.44,0.25,241211.52,60302.88,180908.64,136271.66,44636.98
ST0003095,8/19/2026,O000284,C00507,P0129,E0032,R001,8,16720.6,0.15,133764.79,20064.72,113700.07,78859.84,34840.23
ST0003096,7/1/2025,O002816,C00583,P0089,E0039,R005,1,38924.72,0.2,38924.72,7784.94,31139.78,22454.89,8684.88
ST0003097,10/7/2025,O001234,C00212,P0097,E0026,R006,8,11774.44,0.2,94195.53,18839.11,75356.42,54840.59,20515.83
ST0003098,8/17/2026,O002524,C00416,P0059,E0001,R002,7,24592,0.25,172144.02,43036.01,129108.02,115319.01,13789.01
ST0003099,6/25/2026,O002629,C00341,P0088,E0018,R003,1,26756.41,0.15,26756.41,4013.46,22742.95,20048.5,2694.45
ST0003100,7/12/2026,O002858,C00245,P0008,E0034,R001,1,40119.62,0.05,40119.62,2005.98,38113.64,21996.75,16116.88
ST0003101,10/17/2025,O002729,C00118,P0020,E0001,R002,8,42090.23,0.2,336721.86,67344.37,269377.49,212610.12,56767.38
ST0003102,6/10/2026,O000133,C00565,P0127,E0005,R005,4,9282.42,0.25,37129.69,9282.42,27847.27,22355.08,5492.19
ST0003103,8/27/2026,O001735,C00166,P0011,E0006,R002,4,38681.21,0,154724.84,0,154724.84,117779.93,36944.91
ST0003104,4/30/2026,O000908,C00466,P0077,E0033,R008,1,498.13,0.15,498.13,74.72,423.41,415.65,7.76
ST0003105,8/11/2026,O002532,C00266,P0033,E0023,R004,2,29717.03,0.05,59434.06,2971.7,56462.36,40329.56,16132.81
ST0003106,1/24/2026,O001434,C00255,P0124,E0020,R001,6,9118.93,0.1,54713.57,5471.36,49242.21,37984.56,11257.66
ST0003107,7/23/2025,O001415,C00524,P0074,E0038,R002,3,15859.19,0.2,47577.58,9515.52,38062.07,35410.99,2651.08
ST0003108,7/21/2025,O002731,C00283,P0052,E0020,R001,3,9783.23,0.25,29349.7,7337.43,22012.28,19174,2838.28
ST0003109,8/14/2026,O001637,C00375,P0126,E0021,R001,6,45213.36,0.05,271280.17,13564.01,257716.16,178953.6,78762.56
ST0003110,2/27/2026,O002786,C00488,P0014,E0004,R008,7,23939.92,0.1,167579.41,16757.94,150821.47,129048.52,21772.95
ST0003111,5/1/2025,O002135,C00395,P0131,E0010,R004,2,38827.97,0.2,77655.95,15531.19,62124.76,68617.64,-6492.88
ST0003112,6/13/2025,O001918,C00105,P0029,E0026,R006,6,38782.62,0.1,232695.7,23269.57,209426.13,143967.55,65458.58
ST0003113,6/11/2025,O002775,C00176,P0107,E0027,R008,2,7453.72,0.1,14907.44,1490.74,13416.7,12339.71,1076.99
ST0003114,9/24/2025,O002293,C00181,P0150,E0026,R006,5,53895.87,0.15,269479.37,40421.91,229057.46,169693.81,59363.65
ST0003115,7/29/2026,O000982,C00586,P0108,E0006,R002,4,15973.61,0.1,63894.42,6389.44,57504.98,52092.26,5412.72
ST0003116,6/8/2025,O002619,C00350,P0004,E0025,R004,6,31799.49,0.05,190796.97,9539.85,181257.12,145126.77,36130.35
ST0003117,6/13/2025,O001285,C00512,P0031,E0029,R006,7,19573.88,0,137017.17,0,137017.17,81492.87,55524.3
ST0003118,12/30/2025,O000898,C00387,P0054,E0026,R006,6,16941.63,0,101649.76,0,101649.76,57068.73,44581.03
ST0003119,3/20/2025,O000768,C00016,P0034,E0017,R002,5,40250.66,0,201253.32,0,201253.32,113864.33,87388.99
ST0003120,1/7/2025,O002093,C00455,P0039,E0016,R002,6,38765.2,0.1,232591.2,23259.12,209332.08,200767.29,8564.79
ST0003121,1/14/2026,O000276,C00313,P0033,E0031,R001,2,31410.87,0.2,62821.74,12564.35,50257.4,40329.56,9927.84
ST0003122,11/6/2025,O002905,C00133,P0110,E0013,R004,8,441.94,0.05,3535.51,176.78,3358.74,2731.79,626.95
ST0003123,12/21/2025,O002286,C00526,P0100,E0003,R001,8,45679.57,0.15,365436.59,54815.49,310621.1,226174.22,84446.88
ST0003124,10/28/2025,O001974,C00408,P0147,E0015,R008,7,51935.53,0,363548.71,0,363548.71,196144.53,167404.19
ST0003125,3/6/2025,O002342,C00358,P0109,E0013,R004,4,41891.3,0,167565.2,0,167565.2,110847.62,56717.58
ST0003126,1/11/2026,O002027,C00461,P0014,E0004,R008,5,23482.96,0.1,117414.82,11741.48,105673.33,92177.51,13495.82
ST0003127,7/1/2025,O002338,C00117,P0047,E0036,R004,3,16107.59,0.25,48322.77,12080.69,36242.08,33648.84,2593.24
ST0003128,6/26/2025,O002308,C00475,P0021,E0011,R008,7,12888.11,0,90216.78,0,90216.78,68386.75,21830.03
ST0003129,6/26/2026,O000018,C00102,P0031,E0039,R005,3,20319.07,0.1,60957.22,6095.72,54861.5,34925.52,19935.98
ST0003130,8/16/2025,O002402,C00501,P0003,E0034,R001,2,2344.37,0,4688.75,0,4688.75,3413.54,1275.21
ST0003131,9/11/2025,O000443,C00445,P0024,E0026,R006,7,8000.15,0.2,56001.07,11200.21,44800.86,42658.5,2142.36
ST0003132,1/23/2025,O002669,C00508,P0005,E0025,R004,6,13054.67,0,78328.01,0,78328.01,68510.78,9817.23
ST0003133,2/16/2025,O001591,C00201,P0002,E0017,R002,7,6370.59,0,44594.16,0,44594.16,29701.45,14892.7
ST0003134,1/18/2025,O000790,C00184,P0004,E0030,R003,7,30599,0.1,214193.03,21419.3,192773.73,169314.57,23459.17
ST0003135,2/15/2026,O001927,C00261,P0053,E0022,R003,6,10295.48,0.05,61772.89,3088.64,58684.25,39602.35,19081.9
ST0003136,6/10/2025,O001604,C00282,P0075,E0014,R005,3,46353.03,0.15,139059.09,20858.86,118200.23,81262.52,36937.7
ST0003137,9/27/2025,O001268,C00082,P0017,E0013,R004,1,29733.16,0,29733.16,0,29733.16,23723.9,6009.26
ST0003138,11/23/2025,O002908,C00328,P0010,E0031,R001,4,1233.74,0,4934.95,0,4934.95,3091.6,1843.35
ST0003139,9/22/2025,O001921,C00043,P0053,E0029,R006,1,10014.83,0,10014.83,0,10014.83,6600.39,3414.44
ST0003140,4/4/2025,O001264,C00084,P0135,E0013,R004,3,8563.43,0.05,25690.3,1284.51,24405.78,17291.05,7114.73
ST0003141,3/9/2025,O002846,C00132,P0098,E0016,R002,4,45242.31,0.05,180969.22,9048.46,171920.76,111082.97,60837.79
ST0003142,1/10/2025,O000522,C00275,P0059,E0011,R008,6,25451.02,0,152706.11,0,152706.11,98844.86,53861.24
ST0003143,3/8/2026,O000475,C00491,P0143,E0019,R002,3,35901.62,0,107704.87,0,107704.87,68275.38,39429.49
ST0003144,8/14/2026,O002213,C00029,P0001,E0031,R001,7,30956.73,0.2,216697.12,43339.42,173357.7,122368.47,50989.23
ST0003145,3/21/2026,O002882,C00406,P0150,E0027,R008,6,51454.3,0.1,308725.79,30872.58,277853.22,203632.57,74220.64
ST0003146,2/10/2025,O000569,C00298,P0018,E0025,R004,6,35384.74,0.2,212308.45,42461.69,169846.76,181707.48,-11860.72
ST0003147,11/25/2025,O002723,C00473,P0017,E0033,R008,2,27696.81,0,55393.61,0,55393.61,47447.8,7945.81
ST0003148,7/8/2026,O002059,C00010,P0021,E0040,R005,8,13197.4,0.15,105579.16,15836.87,89742.29,78156.29,11586
ST0003149,4/2/2025,O000123,C00183,P0054,E0017,R002,7,16956.27,0.1,118693.92,11869.39,106824.53,66580.19,40244.34
ST0003150,11/4/2025,O000937,C00168,P0101,E0034,R001,5,36417.96,0.15,182089.8,27313.47,154776.33,101637.89,53138.44
ST0003151,12/30/2025,O000302,C00313,P0064,E0001,R002,3,17174.47,0.25,51523.4,12880.85,38642.55,29760.9,8881.65
ST0003152,1/23/2025,O001337,C00078,P0149,E0019,R002,5,35626.38,0,178131.91,0,178131.91,122171.12,55960.79
ST0003153,10/20/2025,O000824,C00578,P0126,E0035,R002,1,44331.26,0.2,44331.26,8866.25,35465.01,29825.6,5639.41
ST0003154,5/18/2025,O002720,C00380,P0072,E0014,R005,1,48555.55,0.1,48555.55,4855.56,43700,32461.52,11238.48
ST0003155,12/1/2025,O001480,C00481,P0056,E0018,R003,6,47729.89,0,286379.33,0,286379.33,153765.04,132614.29
ST0003156,4/12/2025,O002730,C00307,P0028,E0010,R004,4,22851.09,0.05,91404.35,4570.22,86834.13,79697.96,7136.17
ST0003157,8/3/2026,O001405,C00321,P0033,E0022,R003,8,31423.07,0.05,251384.59,12569.23,238815.36,161318.22,77497.14
ST0003158,7/30/2026,O001699,C00179,P0116,E0015,R008,2,30807,0.05,61613.99,3080.7,58533.29,46234.66,12298.63
ST0003159,8/9/2026,O000195,C00113,P0064,E0009,R002,1,17096.53,0.15,17096.53,2564.48,14532.05,9920.3,4611.75
ST0003160,1/16/2026,O001863,C00380,P0143,E0030,R003,1,37574.32,0,37574.32,0,37574.32,22758.46,14815.86
ST0003161,6/30/2025,O000516,C00186,P0102,E0031,R001,6,28605.93,0.25,171635.6,42908.9,128726.7,99336.85,29389.86
ST0003162,12/26/2025,O002551,C00582,P0075,E0029,R006,2,45152.69,0,90305.38,0,90305.38,54175.01,36130.36
ST0003163,12/2/2025,O002963,C00536,P0130,E0027,R008,4,36035.9,0,144143.62,0,144143.62,81327.24,62816.38
ST0003164,6/2/2026,O000017,C00165,P0019,E0034,R001,6,18208.07,0.15,109248.43,16387.27,92861.17,98427.79,-5566.62
ST0003165,4/20/2025,O001913,C00342,P0114,E0026,R006,8,13645.54,0.15,109164.31,16374.65,92789.67,98025.06,-5235.39
ST0003166,2/19/2026,O000366,C00513,P0063,E0025,R004,7,21114.74,0.1,147803.2,14780.32,133022.88,119199.05,13823.83
ST0003167,5/26/2025,O001442,C00464,P0113,E0011,R008,7,1853.08,0,12971.53,0,12971.53,10025.6,2945.93
ST0003168,8/7/2026,O002082,C00129,P0043,E0015,R008,3,45883.82,0.25,137651.45,34412.86,103238.59,83480.43,19758.15
ST0003169,8/4/2026,O001585,C00414,P0028,E0002,R002,6,24037.39,0.2,144224.32,28844.86,115379.46,119546.95,-4167.49
ST0003170,1/22/2026,O002309,C00185,P0007,E0003,R001,3,24835.97,0.15,74507.92,11176.19,63331.73,50493.89,12837.85
ST0003171,5/5/2026,O001080,C00216,P0149,E0006,R002,5,35095.5,0.25,175477.48,43869.37,131608.11,122171.12,9436.99
ST0003172,10/8/2025,O001049,C00221,P0082,E0041,R002,8,29530.92,0.25,236247.36,59061.84,177185.52,131259.28,45926.24
ST0003173,1/19/2025,O001677,C00120,P0102,E0010,R004,2,30295.5,0,60591,0,60591,33112.28,27478.72
ST0003174,8/31/2026,O002222,C00411,P0138,E0021,R001,7,24520.11,0.05,171640.78,8582.04,163058.74,130469.51,32589.23
ST0003175,1/30/2025,O000068,C00164,P0009,E0019,R002,2,3173.32,0.15,6346.64,952,5394.65,4148.11,1246.53
ST0003176,10/11/2025,O001420,C00011,P0103,E0009,R002,8,39563.72,0,316509.79,0,316509.79,177497.85,139011.93
ST0003177,5/13/2025,O000854,C00113,P0145,E0041,R002,6,3344.07,0.25,20064.43,5016.11,15048.32,13981.9,1066.42
ST0003178,3/15/2025,O002422,C00053,P0049,E0013,R004,7,18439.88,0,129079.17,0,129079.17,71273.05,57806.12
ST0003179,3/25/2026,O002373,C00572,P0073,E0018,R003,2,5118.37,0.1,10236.74,1023.67,9213.06,7032.14,2180.93
ST0003180,6/9/2026,O000126,C00368,P0107,E0007,R002,7,6911.56,0.25,48380.92,12095.23,36285.69,43188.98,-6903.29
ST0003181,3/6/2025,O001341,C00277,P0059,E0002,R002,7,23470.1,0.15,164290.7,24643.6,139647.09,115319.01,24328.08
ST0003182,4/11/2026,O002019,C00136,P0137,E0029,R006,1,29027.03,0.1,29027.03,2902.7,26124.33,24672.1,1452.23
ST0003183,2/25/2025,O000557,C00415,P0001,E0026,R006,3,28482.21,0.25,85446.64,21361.66,64084.98,52443.63,11641.35
ST0003184,5/1/2025,O000916,C00281,P0055,E0037,R004,2,24627.1,0,49254.21,0,49254.21,33952.78,15301.42
ST0003185,9/11/2025,O000047,C00360,P0148,E0004,R008,7,17012.32,0.1,119086.26,11908.63,107177.63,96229.04,10948.59
ST0003186,4/8/2026,O001756,C00553,P0057,E0013,R004,8,27796.1,0,222368.79,0,222368.79,146997.48,75371.31
ST0003187,3/9/2026,O000817,C00075,P0114,E0010,R004,4,13482.54,0.05,53930.18,2696.51,51233.67,49012.53,2221.14
ST0003188,5/26/2025,O002062,C00098,P0058,E0040,R005,7,28802.87,0.1,201620.09,20162.01,181458.08,132490.39,48967.69
ST0003189,6/15/2026,O000004,C00148,P0118,E0001,R002,2,21009.6,0.2,42019.2,8403.84,33615.36,30562.69,3052.67
ST0003190,3/12/2026,O000011,C00215,P0089,E0010,R004,7,41085.99,0.05,287601.93,14380.1,273221.83,157184.26,116037.57
ST0003191,1/15/2026,O002009,C00076,P0074,E0001,R002,4,15659.58,0.1,62638.32,6263.83,56374.49,47214.65,9159.84
ST0003192,3/3/2025,O001960,C00516,P0009,E0018,R003,6,3037.4,0.25,18224.37,4556.09,13668.28,12444.34,1223.93
ST0003193,10/16/2025,O001846,C00534,P0052,E0007,R002,4,9130.67,0.05,36522.68,1826.13,34696.54,25565.33,9131.21
ST0003194,11/2/2025,O002973,C00419,P0002,E0014,R005,6,6050.1,0.1,36300.63,3630.06,32670.56,25458.39,7212.18
ST0003195,2/2/2026,O002252,C00266,P0137,E0022,R003,8,28338.42,0,226707.33,0,226707.33,197376.83,29330.5
ST0003196,8/1/2025,O002944,C00322,P0013,E0001,R002,6,11368.09,0.15,68208.51,10231.28,57977.24,57538.98,438.26
ST0003197,4/18/2026,O001757,C00080,P0137,E0041,R002,2,26435.23,0,52870.46,0,52870.46,49344.21,3526.26
ST0003198,2/10/2026,O001354,C00588,P0055,E0010,R004,2,22724.32,0.15,45448.64,6817.3,38631.35,33952.78,4678.56
ST0003199,1/1/2025,O000722,C00206,P0109,E0009,R002,7,42195.13,0.05,295365.88,14768.29,280597.59,193983.33,86614.26
ST0003200,6/2/2026,O002029,C00047,P0131,E0022,R003,1,40164.21,0.15,40164.21,6024.63,34139.58,34308.82,-169.24
ST0003201,6/29/2025,O001343,C00443,P0133,E0031,R001,1,4941.84,0.25,4941.84,1235.46,3706.38,3018.23,688.15
ST0003202,9/11/2025,O000372,C00467,P0076,E0011,R008,7,18576.68,0.05,130036.78,6501.84,123534.94,83221.2,40313.75
ST0003203,7/29/2025,O002492,C00165,P0120,E0006,R002,1,3194.02,0,3194.02,0,3194.02,2591.58,602.44
ST0003204,3/14/2026,O002376,C00032,P0015,E0009,R002,1,30116.82,0.15,30116.82,4517.52,25599.3,17769.09,7830.2
ST0003205,3/7/2025,O002075,C00047,P0082,E0034,R001,5,29271.22,0.25,146356.08,36589.02,109767.06,82037.05,27730.01
ST0003206,11/6/2025,O002905,C00133,P0060,E0013,R004,5,58561.55,0.05,292807.77,14640.39,278167.38,168125.38,110042
ST0003207,4/16/2026,O001000,C00212,P0103,E0038,R002,4,40767.41,0.2,163069.63,32613.93,130455.7,88748.93,41706.78
ST0003208,6/10/2026,O000133,C00565,P0142,E0005,R005,5,31843.04,0,159215.19,0,159215.19,98396.23,60818.96
ST0003209,8/17/2026,O002353,C00456,P0136,E0021,R001,6,49665.56,0.1,297993.34,29799.33,268194,162249.63,105944.37
ST0003210,3/24/2025,O002040,C00323,P0018,E0013,R004,4,35178.93,0,140715.71,0,140715.71,121138.32,19577.39
ST0003211,11/1/2025,O000055,C00295,P0090,E0018,R003,5,15728.86,0.2,78644.3,15728.86,62915.44,58122.5,4792.94
ST0003212,10/18/2025,O002219,C00290,P0065,E0038,R002,3,40876.07,0,122628.22,0,122628.22,77685.53,44942.69
ST0003213,5/16/2026,O000425,C00120,P0023,E0006,R002,1,28086.08,0.05,28086.08,1404.3,26681.78,19043.4,7638.38
ST0003214,4/10/2026,O002463,C00140,P0077,E0033,R008,1,489.93,0,489.93,0,489.93,415.65,74.28
ST0003215,12/28/2025,O002711,C00109,P0148,E0036,R004,5,16439.92,0,82199.6,0,82199.6,68735.03,13464.58
ST0003216,6/13/2025,O001285,C00512,P0145,E0029,R006,8,3236.06,0.2,25888.48,5177.7,20710.79,18642.54,2068.25
ST0003217,5/7/2026,O002416,C00546,P0010,E0040,R005,4,1222.44,0,4889.76,0,4889.76,3091.6,1798.17
ST0003218,8/15/2025,O001012,C00535,P0143,E0020,R001,8,38417.05,0.1,307336.43,30733.64,276602.79,182067.68,94535.11
ST0003219,7/16/2026,O001595,C00548,P0111,E0005,R005,1,43323.98,0.1,43323.98,4332.4,38991.58,24309.4,14682.18
ST0003220,2/6/2025,O000678,C00225,P0135,E0009,R002,6,8720.14,0.25,52320.81,13080.2,39240.61,34582.1,4658.51
ST0003221,3/29/2026,O000291,C00392,P0052,E0002,R002,5,9074.22,0,45371.11,0,45371.11,31956.66,13414.45
ST0003222,8/17/2025,O002311,C00200,P0121,E0015,R008,4,11421.8,0.05,45687.19,2284.36,43402.83,28209.79,15193.03
ST0003223,11/10/2025,O001189,C00575,P0050,E0032,R001,1,1102.81,0.15,1102.81,165.42,937.39,667.89,269.5
ST0003224,4/29/2026,O000806,C00552,P0105,E0009,R002,4,2843.47,0.25,11373.86,2843.47,8530.4,9285.12,-754.73
ST0003225,1/6/2025,O002329,C00173,P0053,E0001,R002,8,10517.37,0,84138.96,0,84138.96,52803.13,31335.83
ST0003226,6/21/2026,O001577,C00063,P0098,E0004,R008,4,44190.07,0,176760.26,0,176760.26,111082.97,65677.29
ST0003227,4/10/2025,O001933,C00411,P0032,E0031,R001,6,23984.26,0.15,143905.56,21585.83,122319.72,100197.98,22121.75
ST0003228,3/25/2026,O000328,C00070,P0142,E0006,R002,6,31884.76,0,191308.57,0,191308.57,118075.48,73233.1
ST0003229,2/5/2025,O000432,C00166,P0020,E0006,R002,8,42198.99,0,337591.94,0,337591.94,212610.12,124981.82
ST0003230,9/5/2025,O001398,C00522,P0113,E0028,R006,8,1775.44,0.1,14203.53,1420.35,12783.18,11457.82,1325.36
ST0003231,3/16/2025,O002021,C00586,P0019,E0025,R004,3,19848.43,0.25,59545.29,14886.32,44658.97,49213.89,-4554.93
ST0003232,2/26/2025,O002724,C00410,P0144,E0009,R002,3,20587.14,0.25,61761.42,15440.35,46321.06,33893.33,12427.73
ST0003234,10/17/2025,O001310,C00335,P0113,E0041,R002,5,1708.68,0.15,8543.4,1281.51,7261.89,7161.14,100.75
ST0003235,9/23/2025,O002557,C00317,P0048,E0033,R008,4,7670.31,0,30681.25,0,30681.25,24674.18,6007.07
ST0003236,8/23/2025,O000857,C00161,P0107,E0036,R004,1,7107.26,0.1,7107.26,710.73,6396.53,6169.85,226.68
ST0003237,11/13/2025,O002171,C00183,P0124,E0010,R004,2,8899.93,0.2,17799.86,3559.97,14239.89,12661.52,1578.37
ST0003238,8/27/2026,O000696,C00358,P0069,E0023,R004,8,16312.83,0,130502.65,0,130502.65,74736.92,55765.73
ST0003239,1/24/2026,O001549,C00308,P0083,E0010,R004,6,54536.08,0.1,327216.47,32721.65,294494.83,189781.77,104713.05
ST0003240,3/9/2026,O000263,C00059,P0049,E0017,R002,7,17500.16,0.25,122501.11,30625.28,91875.83,71273.05,20602.79
ST0003241,7/26/2026,O001697,C00418,P0123,E0041,R002,5,24277.06,0,121385.32,0,121385.32,102640.09,18745.23
ST0003242,1/27/2025,O002845,C00278,P0080,E0033,R008,6,7730.86,0.05,46385.14,2319.26,44065.88,26208.24,17857.64
ST0003243,10/24/2025,O000728,C00488,P0091,E0032,R001,8,23976.27,0.25,191810.13,47952.53,143857.6,113667.81,30189.78
ST0003244,1/4/2025,O001218,C00240,P0133,E0001,R002,3,5283.15,0.05,15849.46,792.47,15056.98,9054.7,6002.29
ST0003245,11/18/2025,O000572,C00511,P0108,E0007,R002,1,16489.24,0.25,16489.24,4122.31,12366.93,13023.07,-656.14
ST0003246,12/19/2025,O002133,C00231,P0094,E0038,R002,2,41960.33,0,83920.65,0,83920.65,59769.14,24151.51
ST0003247,5/17/2025,O000460,C00180,P0081,E0005,R005,7,42532.32,0,297726.24,0,297726.24,187343.51,110382.73
ST0003248,9/25/2025,O000952,C00397,P0140,E0032,R001,6,30877.51,0.1,185265.06,18526.51,166738.55,108444.05,58294.5
ST0003249,4/8/2026,O001753,C00087,P0074,E0020,R001,7,15512.89,0,108590.23,0,108590.23,82625.64,25964.59
ST0003250,7/7/2026,O002659,C00444,P0095,E0017,R002,1,2122.92,0.25,2122.92,530.73,1592.19,1491.87,100.32
ST0003251,8/19/2025,O002180,C00486,P0003,E0016,R002,4,2348.16,0,9392.65,0,9392.65,6827.07,2565.58
ST0003252,6/30/2026,O000278,C00134,P0150,E0014,R005,4,50187.18,0.05,200748.71,10037.44,190711.27,135755.05,54956.23
ST0003254,11/17/2025,O002086,C00506,P0110,E0015,R008,1,416.44,0.2,416.44,83.29,333.15,341.47,-8.33
ST0003255,3/4/2026,O001226,C00214,P0089,E0027,R008,7,39239.42,0,274675.94,0,274675.94,157184.26,117491.68
ST0003256,4/21/2026,O000847,C00436,P0139,E0009,R002,3,45967.99,0.15,137903.98,20685.6,117218.38,83494.26,33724.12
ST0003257,5/26/2025,O001473,C00451,P0036,E0019,R002,5,12333.67,0.1,61668.33,6166.83,55501.49,36916.73,18584.76
ST0003258,11/8/2025,O000220,C00253,P0087,E0037,R004,2,5417.33,0.25,10834.66,2708.67,8126,7651.98,474.02
ST0003259,7/11/2026,O001382,C00022,P0121,E0035,R002,3,11272.3,0.15,33816.91,5072.54,28744.38,21157.35,7587.03
ST0003260,8/17/2025,O002228,C00141,P0002,E0038,R002,4,6380.49,0.05,25521.96,1276.1,24245.86,16972.26,7273.6
ST0003261,11/12/2025,O002774,C00469,P0038,E0001,R002,8,29042.02,0,232336.19,0,232336.19,166197.2,66138.99
ST0003262,8/12/2025,O002725,C00133,P0135,E0027,R008,7,8616.65,0.2,60316.57,12063.31,48253.25,40345.78,7907.47
ST0003263,1/17/2026,O002819,C00508,P0131,E0030,R003,7,39744.62,0.1,278212.34,27821.23,250391.11,240161.74,10229.37
ST0003264,4/21/2026,O001028,C00600,P0124,E0039,R005,7,9013.4,0,63093.81,0,63093.81,44315.32,18778.5
ST0003265,12/5/2025,O000884,C00484,P0121,E0031,R001,1,11052.25,0.15,11052.25,1657.84,9394.41,7052.45,2341.97
ST0003266,9/18/2025,O001412,C00551,P0072,E0023,R004,8,47275.77,0.1,378206.19,37820.62,340385.57,259692.17,80693.4
ST0003267,3/15/2025,O002847,C00424,P0048,E0022,R003,7,7555.05,0.15,52885.37,7932.8,44952.56,43179.81,1772.75
ST0003268,2/6/2025,O000776,C00126,P0032,E0025,R004,3,22249.7,0.15,66749.1,10012.36,56736.73,50098.99,6637.75
ST0003269,10/8/2025,O001150,C00042,P0024,E0017,R002,3,8566.22,0.2,25698.67,5139.73,20558.94,18282.21,2276.73
ST0003270,3/31/2026,O000914,C00274,P0036,E0006,R002,1,12451.05,0.25,12451.05,3112.76,9338.28,7383.35,1954.94
ST0003271,7/22/2025,O001605,C00184,P0048,E0014,R005,6,7339.58,0.15,44037.5,6605.63,37431.88,37011.27,420.61
ST0003272,8/1/2025,O001027,C00536,P0025,E0021,R001,6,1967.6,0.05,11805.59,590.28,11215.31,6787.59,4427.73
ST0003273,5/27/2026,O001140,C00411,P0017,E0024,R002,3,28344.66,0.15,85033.98,12755.1,72278.89,71171.7,1107.19
ST0003274,4/19/2026,O000980,C00355,P0022,E0030,R003,5,6935.71,0,34678.54,0,34678.54,28067.3,6611.23
ST0003275,9/25/2025,O000952,C00397,P0089,E0032,R001,7,39328.02,0,275296.12,0,275296.12,157184.26,118111.86
ST0003276,2/17/2026,O000650,C00473,P0130,E0020,R001,3,35760.13,0,107280.4,0,107280.4,60995.43,46284.97
ST0003277,1/23/2025,O001337,C00078,P0078,E0019,R002,1,19681.48,0.1,19681.48,1968.15,17713.33,15674.46,2038.87
ST0003278,5/30/2026,O002374,C00443,P0140,E0030,R003,7,31798.95,0,222592.64,0,222592.64,126518.06,96074.58
ST0003279,2/10/2025,O001748,C00582,P0129,E0027,R008,7,16544.88,0,115814.13,0,115814.13,69002.36,46811.77
ST0003280,3/21/2025,O000798,C00241,P0038,E0024,R002,6,28954.22,0.1,173725.3,17372.53,156352.77,124647.9,31704.87
ST0003281,11/27/2025,O000708,C00319,P0139,E0013,R004,7,49095.74,0.05,343670.15,17183.51,326486.64,194819.93,131666.71
ST0003282,10/4/2025,O001581,C00283,P0075,E0032,R001,4,44238.66,0.1,176954.63,17695.46,159259.17,108350.03,50909.14
ST0003283,3/28/2025,O000208,C00252,P0135,E0039,R005,3,8145.26,0.15,24435.79,3665.37,20770.42,17291.05,3479.37
ST0003284,8/17/2026,O000697,C00317,P0093,E0014,R005,8,15249.18,0.15,121993.42,18299.01,103694.4,94003.02,9691.39
ST0003285,1/24/2025,O002667,C00272,P0075,E0041,R002,7,45000.68,0.2,315004.77,63000.95,252003.82,189612.55,62391.27
ST0003286,1/6/2025,O000875,C00579,P0101,E0040,R005,4,34950.58,0,139802.33,0,139802.33,81310.31,58492.02
ST0003287,4/16/2026,O001000,C00212,P0005,E0038,R002,5,12695.27,0,63476.34,0,63476.34,57092.32,6384.02
ST0003288,8/13/2026,O001922,C00155,P0041,E0035,R002,7,49666.85,0,347667.96,0,347667.96,198570.38,149097.58
ST0003289,2/21/2025,O002106,C00391,P0004,E0037,R004,4,32987.03,0.2,131948.1,26389.62,105558.48,96751.18,8807.3
ST0003290,5/18/2025,O001660,C00203,P0080,E0033,R008,1,7958.67,0.25,7958.67,1989.67,5969,4368.04,1600.96
ST0003291,8/27/2025,O001164,C00552,P0128,E0021,R001,5,5513.41,0.2,27567.07,5513.41,22053.66,15681.12,6372.53
ST0003292,3/11/2026,O000370,C00378,P0111,E0004,R008,4,40270.43,0.2,161081.71,32216.34,128865.37,97237.61,31627.76
ST0003293,7/9/2026,O002898,C00431,P0057,E0010,R004,1,27982.62,0,27982.62,0,27982.62,18374.68,9607.93
ST0003294,1/22/2026,O000251,C00088,P0026,E0004,R008,7,18588.83,0.25,130121.78,32530.44,97591.33,104965.88,-7374.54
ST0003295,12/17/2025,O001538,C00065,P0111,E0012,R004,3,43286.77,0,129860.31,0,129860.31,72928.21,56932.11
ST0003296,10/5/2025,O002147,C00380,P0071,E0038,R002,6,37490.2,0.05,224941.18,11247.06,213694.12,148389.6,65304.52
ST0003297,4/29/2026,O000297,C00414,P0075,E0027,R008,1,45301.34,0.05,45301.34,2265.07,43036.28,27087.51,15948.77
ST0003298,12/17/2025,O001859,C00130,P0097,E0020,R001,3,10899.11,0.15,32697.33,4904.6,27792.73,20565.22,7227.51
ST0003299,5/26/2025,O001442,C00464,P0020,E0011,R008,2,42723.88,0.15,85447.76,12817.16,72630.59,53152.53,19478.06
ST0003300,1/30/2026,O001279,C00464,P0135,E0011,R008,7,8035.3,0.1,56247.08,5624.71,50622.38,40345.78,10276.6
ST0003301,4/12/2025,O002995,C00493,P0107,E0020,R001,1,7367.5,0.25,7367.5,1841.88,5525.63,6169.85,-644.23
ST0003302,1/29/2025,O000247,C00319,P0047,E0005,R005,7,16310.22,0.05,114171.54,5708.58,108462.96,78513.96,29949
ST0003303,10/4/2025,O001716,C00378,P0005,E0016,R002,2,12765.57,0.15,25531.14,3829.67,21701.47,22836.93,-1135.46
ST0003304,7/10/2026,O002704,C00170,P0086,E0023,R004,4,21195.62,0.2,84782.47,16956.49,67825.98,69131.83,-1305.86
ST0003305,9/23/2025,O002557,C00317,P0028,E0033,R008,7,24592.75,0,172149.26,0,172149.26,139471.44,32677.83
ST0003306,6/2/2025,O001280,C00143,P0072,E0022,R003,2,49174.92,0.1,98349.84,9834.98,88514.85,64923.04,23591.81
ST0003307,4/16/2025,O001593,C00576,P0126,E0002,R002,5,42605.77,0.1,213028.87,21302.89,191725.98,149128,42597.98
ST0003308,9/17/2025,O000905,C00337,P0038,E0007,R002,2,30077.57,0,60155.13,0,60155.13,41549.3,18605.83
ST0003309,10/24/2025,O000728,C00488,P0071,E0032,R001,3,37707.16,0.25,113121.49,28280.37,84841.12,74194.8,10646.32
ST0003310,8/10/2026,O002150,C00023,P0147,E0036,R004,4,49942.31,0.2,199769.23,39953.85,159815.38,112082.59,47732.8
ST0003311,3/3/2026,O001042,C00334,P0004,E0035,R002,8,30244.34,0,241954.7,0,241954.7,193502.36,48452.33
ST0003312,1/11/2025,O002631,C00439,P0004,E0018,R003,8,32390.96,0.15,259127.67,38869.15,220258.52,193502.36,26756.16
ST0003313,8/5/2025,O002113,C00286,P0096,E0033,R008,1,34440.86,0.2,34440.86,6888.17,27552.69,24146.83,3405.86
ST0003314,5/29/2026,O002699,C00135,P0007,E0011,R008,6,25023.48,0.2,150140.88,30028.18,120112.7,100987.78,19124.92
ST0003315,11/14/2025,O000125,C00306,P0109,E0033,R008,7,43583.23,0.05,305082.58,15254.13,289828.45,193983.33,95845.12
ST0003316,7/6/2025,O002216,C00193,P0087,E0002,R002,4,5755.78,0.2,23023.11,4604.62,18418.49,15303.96,3114.53
ST0003317,3/18/2026,O000816,C00104,P0032,E0010,R004,8,23594.74,0.05,188757.91,9437.9,179320.02,133597.3,45722.72
ST0003318,1/3/2025,O001865,C00258,P0148,E0031,R001,6,16944.96,0.2,101669.74,20333.95,81335.8,82482.03,-1146.24
ST0003319,7/19/2025,O000271,C00146,P0044,E0020,R001,3,726.54,0.25,2179.63,544.91,1634.72,1209.6,425.12
ST0003320,2/1/2026,O002372,C00209,P0046,E0002,R002,3,50227.88,0.25,150683.63,37670.91,113012.72,90480.97,22531.75
ST0003321,7/4/2025,O000737,C00496,P0130,E0026,R006,2,35491.67,0.2,70983.35,14196.67,56786.68,40663.62,16123.06
ST0003322,3/16/2025,O000742,C00257,P0013,E0009,R002,6,10938.22,0.25,65629.33,16407.33,49222,57538.98,-8316.98
ST0003323,4/3/2025,O001805,C00061,P0101,E0026,R006,1,35104.44,0.25,35104.44,8776.11,26328.33,20327.58,6000.75
ST0003324,3/8/2026,O000647,C00511,P0107,E0003,R001,7,6954.85,0,48683.96,0,48683.96,43188.98,5494.98
ST0003325,1/31/2025,O001342,C00067,P0015,E0027,R008,8,30982.2,0.2,247857.57,49571.51,198286.06,142152.76,56133.3
ST0003326,2/25/2025,O000557,C00415,P0072,E0026,R006,2,45731.68,0.15,91463.36,13719.5,77743.86,64923.04,12820.81
ST0003327,11/22/2025,O001210,C00516,P0062,E0014,R005,1,30413.77,0.2,30413.77,6082.75,24331.02,20285.56,4045.45
ST0003328,6/1/2025,O000692,C00116,P0094,E0019,R002,1,41878.43,0,41878.43,0,41878.43,29884.57,11993.86
ST0003329,8/5/2026,O001993,C00534,P0065,E0017,R002,7,42765.22,0.25,299356.52,74839.13,224517.39,181266.24,43251.15
ST0003330,7/29/2026,O000982,C00586,P0144,E0006,R002,4,20070.8,0.05,80283.18,4014.16,76269.02,45191.11,31077.91
ST0003331,1/25/2026,O001212,C00206,P0013,E0004,R008,4,11327.63,0.1,45310.5,4531.05,40779.45,38359.32,2420.13
ST0003332,2/9/2026,O001454,C00472,P0066,E0035,R002,4,29296.99,0.15,117187.95,17578.19,99609.76,68135.83,31473.93
ST0003333,1/30/2025,O001090,C00030,P0040,E0002,R002,6,28471.13,0,170826.78,0,170826.78,104166.09,66660.7
ST0003334,3/14/2026,O000783,C00029,P0058,E0023,R004,1,29273.51,0.2,29273.51,5854.7,23418.81,18927.2,4491.61
ST0003335,4/6/2026,O001044,C00342,P0025,E0024,R002,5,2024.38,0.2,10121.88,2024.38,8097.5,5656.32,2441.18
ST0003336,6/23/2025,O001007,C00150,P0033,E0018,R003,1,30107.84,0.25,30107.84,7526.96,22580.88,20164.78,2416.1
ST0003337,6/3/2026,O000084,C00103,P0086,E0012,R004,1,21709.75,0.05,21709.75,1085.49,20624.27,17282.96,3341.31
ST0003338,4/12/2026,O002749,C00097,P0131,E0020,R001,8,40063.15,0.05,320505.2,16025.26,304479.94,274470.55,30009.39
ST0003339,4/5/2026,O002395,C00501,P0008,E0025,R004,6,37472.09,0,224832.53,0,224832.53,131980.52,92852.02
ST0003340,8/14/2026,O000866,C00208,P0120,E0007,R002,8,3237.38,0,25899.03,0,25899.03,20732.63,5166.4
ST0003341,5/1/2025,O002517,C00460,P0014,E0003,R001,8,22435.2,0.05,179481.63,8974.08,170507.55,147484.02,23023.53
ST0003342,11/6/2025,O001928,C00170,P0147,E0025,R004,4,51065.54,0.2,204262.17,40852.43,163409.73,112082.59,51327.14
ST0003343,12/8/2025,O000294,C00040,P0121,E0036,R004,2,11365.64,0.05,22731.29,1136.56,21594.72,14104.9,7489.83
ST0003344,10/3/2025,O002926,C00329,P0003,E0006,R002,1,2276.9,0.05,2276.9,113.85,2163.06,1706.77,456.29
ST0003345,3/26/2026,O001461,C00146,P0101,E0002,R002,5,38006,0.15,190030.02,28504.5,161525.51,101637.89,59887.62
ST0003346,4/17/2026,O001623,C00560,P0085,E0006,R002,8,23487.48,0.1,187899.81,18789.98,169109.83,123898,45211.83
ST0003347,7/4/2026,O001204,C00263,P0072,E0027,R008,7,46545.49,0,325818.4,0,325818.4,227230.65,98587.75
ST0003348,6/29/2025,O001813,C00451,P0035,E0009,R002,4,10839.78,0.2,43359.13,8671.83,34687.31,33766.02,921.28
ST0003349,8/3/2026,O000238,C00175,P0075,E0037,R004,8,44081.81,0,352654.45,0,352654.45,216700.06,135954.39
ST0003350,5/27/2025,O000028,C00536,P0143,E0006,R002,2,37903.22,0,75806.44,0,75806.44,45516.92,30289.53
ST0003351,8/21/2026,O001788,C00427,P0133,E0004,R008,4,5040.23,0,20160.9,0,20160.9,12072.93,8087.97
ST0003352,1/12/2026,O001457,C00038,P0034,E0015,R008,5,36763.54,0,183817.69,0,183817.69,113864.33,69953.36
ST0003353,5/10/2025,O002380,C00040,P0064,E0026,R006,6,16659.66,0,99957.94,0,99957.94,59521.81,40436.14
ST0003354,3/29/2025,O000561,C00034,P0102,E0017,R002,6,29588.1,0.1,177528.62,17752.86,159775.76,99336.85,60438.92
ST0003355,6/23/2025,O001530,C00102,P0034,E0010,R004,7,38364.81,0.05,268553.67,13427.68,255125.98,159410.06,95715.93
ST0003356,5/20/2026,O002290,C00177,P0014,E0013,R004,4,23385.93,0,93543.73,0,93543.73,73742.01,19801.72
ST0003357,6/4/2026,O001751,C00556,P0051,E0029,R006,7,8356.27,0,58493.91,0,58493.91,34343.7,24150.21
ST0003358,4/24/2026,O001884,C00458,P0081,E0039,R005,3,41616.99,0.2,124850.97,24970.19,99880.78,80290.08,19590.7
ST0003359,4/25/2026,O002268,C00203,P0018,E0018,R003,4,35889.74,0.1,143558.95,14355.9,129203.06,121138.32,8064.74
ST0003360,4/30/2026,O001579,C00182,P0069,E0029,R006,3,16228.44,0.15,48685.31,7302.8,41382.51,28026.34,13356.17
ST0003361,4/13/2025,O000943,C00489,P0057,E0012,R004,1,27926.4,0.15,27926.4,4188.96,23737.44,18374.68,5362.75
ST0003362,12/27/2025,O001466,C00042,P0062,E0032,R001,6,30066.12,0.2,180396.71,36079.34,144317.37,121713.37,22604
ST0003363,6/3/2025,O001627,C00059,P0011,E0040,R005,6,39012.86,0.15,234077.16,35111.57,198965.59,176669.89,22295.7
ST0003364,5/20/2026,O002290,C00177,P0120,E0013,R004,4,3277.51,0.25,13110.05,3277.51,9832.54,10366.32,-533.78
ST0003365,10/19/2025,O000124,C00167,P0024,E0026,R006,2,8008.56,0.25,16017.12,4004.28,12012.84,12188.14,-175.3
ST0003366,1/15/2025,O002468,C00291,P0126,E0032,R001,5,43195.21,0.05,215976.03,10798.8,205177.23,149128,56049.23
ST0003367,11/4/2025,O001116,C00480,P0126,E0022,R003,4,44135.3,0.2,176541.19,35308.24,141232.95,119302.4,21930.55
ST0003368,2/2/2025,O001842,C00186,P0119,E0003,R001,1,2882.25,0.15,2882.25,432.34,2449.91,1949.69,500.23
ST0003369,5/5/2025,O002523,C00005,P0011,E0001,R002,7,40102.58,0,280718.09,0,280718.09,206114.87,74603.22
ST0003370,9/28/2025,O002471,C00406,P0080,E0010,R004,6,8202.87,0.1,49217.2,4921.72,44295.48,26208.24,18087.25
ST0003371,1/21/2026,O001378,C00006,P0148,E0026,R006,8,17957.47,0,143659.77,0,143659.77,109976.05,33683.72
ST0003372,2/25/2025,O002497,C00314,P0099,E0017,R002,2,16792.99,0,33585.97,0,33585.97,23908.53,9677.44
ST0003373,3/17/2026,O002717,C00351,P0052,E0004,R008,5,9078.55,0.1,45392.76,4539.28,40853.49,31956.66,8896.82
ST0003374,5/11/2026,O000843,C00598,P0103,E0017,R002,2,41171.25,0.15,82342.49,12351.37,69991.12,44374.46,25616.65
ST0003375,2/27/2026,O000083,C00083,P0076,E0033,R008,2,19703.41,0.1,39406.83,3940.68,35466.14,23777.48,11688.66
ST0003376,11/28/2025,O001286,C00362,P0110,E0007,R002,5,443.85,0,2219.25,0,2219.25,1707.37,511.89
ST0003377,3/9/2026,O001941,C00073,P0042,E0032,R001,2,22000.52,0.15,44001.03,6600.15,37400.88,27445.19,9955.69
ST0003378,5/31/2026,O002705,C00282,P0130,E0004,R008,8,36590.71,0.25,292725.68,73181.42,219544.26,162654.48,56889.78
ST0003379,12/2/2025,O000280,C00549,P0109,E0020,R001,2,43332.1,0.15,86664.19,12999.63,73664.56,55423.81,18240.75
ST0003380,9/28/2025,O001895,C00457,P0047,E0001,R002,4,15555.49,0.05,62221.94,3111.1,59110.85,44865.12,14245.72
ST0003381,8/24/2025,O000288,C00456,P0031,E0035,R002,1,19873.34,0.25,19873.34,4968.34,14905.01,11641.84,3263.17
ST0003382,11/10/2025,O001360,C00508,P0113,E0011,R008,7,1783.2,0,12482.37,0,12482.37,10025.6,2456.77
ST0003383,4/7/2026,O000596,C00417,P0099,E0018,R003,6,16841.05,0.2,101046.3,20209.26,80837.04,71725.59,9111.45
ST0003384,1/11/2025,O000655,C00030,P0141,E0016,R002,2,18901.67,0,37803.33,0,37803.33,32703.02,5100.31
ST0003385,3/14/2026,O002404,C00246,P0031,E0035,R002,3,21065.71,0.25,63197.13,15799.28,47397.85,34925.52,12472.33
ST0003386,2/13/2026,O002303,C00018,P0137,E0028,R006,6,28796.23,0,172777.41,0,172777.41,148032.62,24744.78
ST0003387,4/25/2026,O001058,C00220,P0148,E0013,R004,2,17405.14,0.1,34810.29,3481.03,31329.26,27494.01,3835.25
ST0003388,4/2/2025,O000106,C00348,P0136,E0031,R001,5,45641.49,0.2,228207.45,45641.49,182565.96,135208.03,47357.93
ST0003389,9/5/2025,O001425,C00253,P0144,E0028,R006,6,20812.66,0,124875.96,0,124875.96,67786.67,57089.29
ST0003390,11/3/2025,O001906,C00390,P0059,E0038,R002,1,25123.88,0.05,25123.88,1256.19,23867.68,16474.14,7393.54
ST0003391,4/27/2025,O000879,C00171,P0117,E0014,R005,7,20966.61,0.15,146766.29,22014.94,124751.35,122313.22,2438.13
ST0003392,6/8/2025,O001315,C00538,P0095,E0028,R006,7,2187.67,0,15313.68,0,15313.68,10443.1,4870.58
ST0003393,3/22/2025,O002020,C00390,P0032,E0001,R002,7,23565.81,0.25,164960.69,41240.17,123720.52,116897.64,6822.88
ST0003394,10/29/2025,O001047,C00208,P0066,E0015,R008,2,28353.49,0.05,56706.99,2835.35,53871.64,34067.92,19803.72
ST0003395,8/21/2025,O000010,C00228,P0002,E0010,R004,1,6344.73,0.05,6344.73,317.24,6027.49,4243.06,1784.43
ST0003396,5/23/2026,O000149,C00106,P0114,E0029,R006,6,13640.92,0,81845.5,0,81845.5,73518.79,8326.7
ST0003397,3/7/2025,O000977,C00019,P0032,E0022,R003,1,23508.82,0.05,23508.82,1175.44,22333.38,16699.66,5633.72
ST0003398,1/6/2026,O000166,C00172,P0114,E0009,R002,8,13294.89,0.1,106359.14,10635.91,95723.23,98025.06,-2301.83
ST0003399,10/5/2025,O002147,C00380,P0042,E0038,R002,3,21651.68,0.15,64955.04,9743.26,55211.78,41167.79,14044
ST0003400,12/28/2025,O002711,C00109,P0085,E0036,R004,5,22112.16,0,110560.81,0,110560.81,77436.25,33124.56
ST0003401,8/8/2026,O001096,C00099,P0067,E0032,R001,8,40603.81,0.2,324830.5,64966.1,259864.4,261567.14,-1702.73
ST0003402,5/19/2025,O002455,C00574,P0039,E0036,R004,6,37668.17,0.25,226009.04,56502.26,169506.78,200767.29,-31260.51
ST0003403,2/16/2025,O002630,C00462,P0123,E0013,R004,4,24549.48,0.1,98197.93,9819.79,88378.14,82112.07,6266.07
ST0003404,4/18/2025,O002585,C00569,P0083,E0028,R006,5,52911.84,0.05,264559.19,13227.96,251331.23,158151.48,93179.75
ST0003405,6/10/2025,O002084,C00503,P0119,E0031,R001,4,3082.54,0.1,12330.15,1233.02,11097.14,7798.74,3298.4
ST0003407,12/19/2025,O002851,C00572,P0037,E0024,R002,6,30772.93,0.15,184637.61,27695.64,156941.97,145988.19,10953.78
ST0003408,5/6/2025,O000226,C00308,P0111,E0006,R002,8,41118.7,0.15,328949.56,49342.43,279607.13,194475.22,85131.9
ST0003409,7/29/2025,O001327,C00457,P0050,E0040,R005,7,1044.97,0.2,7314.76,1462.95,5851.81,4675.22,1176.59
ST0003410,10/12/2025,O000438,C00566,P0122,E0015,R008,5,6123.63,0.2,30618.16,6123.63,24494.52,17702.38,6792.14
ST0003411,2/27/2026,O000083,C00083,P0066,E0033,R008,1,30361.63,0,30361.63,0,30361.63,17033.96,13327.67
ST0003412,3/8/2025,O001435,C00025,P0097,E0038,R002,1,10768.16,0,10768.16,0,10768.16,6855.07,3913.08
ST0003413,10/20/2025,O000824,C00578,P0026,E0035,R002,7,19095.23,0.25,133666.61,33416.65,100249.96,104965.88,-4715.92
ST0003414,5/22/2025,O002025,C00288,P0120,E0006,R002,6,3229.77,0.25,19378.61,4844.65,14533.95,15549.48,-1015.52
ST0003415,4/9/2025,O000003,C00309,P0113,E0019,R002,2,1880.22,0.1,3760.44,376.04,3384.4,2864.46,519.94
ST0003416,6/6/2026,O002358,C00416,P0120,E0019,R002,2,3327.33,0,6654.65,0,6654.65,5183.16,1471.49
ST0003417,8/5/2026,O001335,C00311,P0003,E0030,R003,7,2434.86,0.25,17043.99,4261,12782.99,11947.37,835.62
ST0003418,6/29/2025,O001211,C00157,P0046,E0023,R004,8,51028.38,0.2,408227.03,81645.41,326581.63,241282.6,85299.03
ST0003419,5/22/2026,O002489,C00031,P0007,E0004,R008,5,23967.04,0.15,119835.2,17975.28,101859.92,84156.48,17703.44
ST0003420,11/15/2025,O002577,C00094,P0026,E0012,R004,8,19519.76,0.1,156158.08,15615.81,140542.27,119961,20581.27
ST0003421,5/7/2026,O001892,C00294,P0102,E0004,R008,3,30921.14,0,92763.41,0,92763.41,49668.42,43094.99
ST0003422,1/6/2025,O001796,C00325,P0009,E0005,R005,3,3186.02,0.05,9558.06,477.9,9080.16,6222.17,2857.98
ST0003423,4/1/2026,O001010,C00267,P0019,E0023,R004,7,19191.35,0,134339.45,0,134339.45,114832.42,19507.03
ST0003424,5/27/2025,O002354,C00456,P0018,E0019,R002,6,36517.08,0.1,219102.51,21910.25,197192.26,181707.48,15484.78
ST0003425,5/28/2025,O001118,C00061,P0124,E0028,R006,3,8671.43,0,26014.29,0,26014.29,18992.28,7022.02
ST0003426,5/25/2026,O001159,C00472,P0099,E0041,R002,8,17134.46,0.15,137075.71,20561.36,116514.35,95634.12,20880.23
ST0003427,7/21/2025,O000646,C00326,P0012,E0022,R003,4,26530.91,0,106123.62,0,106123.62,84985.74,21137.88
ST0003428,5/31/2026,O001601,C00339,P0028,E0007,R002,6,24163.96,0.2,144983.75,28996.75,115987,119546.95,-3559.95
ST0003429,10/3/2025,O001438,C00262,P0009,E0024,R002,3,3078.54,0,9235.63,0,9235.63,6222.17,3013.46
ST0003430,10/7/2025,O000974,C00409,P0066,E0013,R004,1,29602.98,0.25,29602.98,7400.74,22202.23,17033.96,5168.27
ST0003431,5/11/2026,O001931,C00412,P0058,E0005,R005,2,30273.57,0,60547.13,0,60547.13,37854.4,22692.73
ST0003432,11/1/2025,O002753,C00567,P0015,E0005,R005,7,29914.44,0.1,209401.08,20940.11,188460.97,124383.66,64077.31
ST0003433,1/11/2025,O001663,C00513,P0083,E0028,R006,5,54032.44,0.05,270162.18,13508.11,256654.07,158151.48,98502.6
ST0003434,3/22/2026,O000960,C00265,P0046,E0014,R005,5,51025.67,0.2,255128.37,51025.67,204102.7,150801.62,53301.07
ST0003435,12/30/2025,O000467,C00359,P0106,E0013,R004,5,51151.81,0,255759.05,0,255759.05,170788.81,84970.24
ST0003436,2/28/2025,O002873,C00286,P0043,E0020,R001,7,46829.76,0.1,327808.35,32780.84,295027.52,194787.68,100239.84
ST0003437,6/11/2025,O002254,C00188,P0004,E0014,R005,6,31753.21,0,190519.29,0,190519.29,145126.77,45392.52
ST0003438,11/8/2025,O000983,C00213,P0133,E0035,R002,1,5268.27,0.1,5268.27,526.83,4741.44,3018.23,1723.21
ST0003439,1/19/2026,O000919,C00174,P0048,E0001,R002,2,7326.72,0.25,14653.44,3663.36,10990.08,12337.09,-1347.01
ST0003440,8/31/2025,O001817,C00311,P0143,E0017,R002,7,36972.48,0.05,258807.37,12940.37,245867,159309.22,86557.79
ST0003441,7/3/2026,O001525,C00049,P0035,E0005,R005,7,10529.13,0,73703.89,0,73703.89,59090.54,14613.35
ST0003442,10/19/2025,O000124,C00167,P0113,E0026,R006,1,1880.63,0.05,1880.63,94.03,1786.6,1432.23,354.37
ST0003443,4/3/2025,O002727,C00205,P0094,E0019,R002,8,38879.31,0,311034.49,0,311034.49,239076.57,71957.91
ST0003444,1/12/2025,O002552,C00031,P0096,E0018,R003,1,35841.44,0.15,35841.44,5376.22,30465.23,24146.83,6318.4
ST0003445,4/11/2026,O002019,C00136,P0069,E0029,R006,5,15398.21,0.25,76991.06,19247.76,57743.29,46710.57,11032.72
ST0003446,3/14/2026,O000783,C00029,P0088,E0023,R004,7,26528.88,0.05,185702.14,9285.11,176417.03,140339.49,36077.54
ST0003447,6/13/2025,O002300,C00407,P0102,E0029,R006,3,30747.26,0,92241.79,0,92241.79,49668.42,42573.36
ST0003448,6/13/2025,O001285,C00512,P0111,E0029,R006,1,39365.72,0.2,39365.72,7873.14,31492.57,24309.4,7183.17
ST0003449,8/21/2025,O000767,C00238,P0086,E0006,R002,6,20246.68,0,121480.06,0,121480.06,103697.75,17782.31
ST0003450,9/10/2025,O001977,C00069,P0115,E0040,R005,6,36372.23,0.15,218233.37,32735.01,185498.37,130247.77,55250.59
ST0003451,5/21/2026,O000823,C00100,P0122,E0016,R002,5,5923.73,0,29618.65,0,29618.65,17702.38,11916.27
ST0003452,4/24/2025,O000275,C00022,P0045,E0010,R004,8,59371.19,0.05,474969.53,23748.48,451221.06,252396.16,198824.9
ST0003453,5/5/2026,O001029,C00327,P0086,E0005,R005,1,21529.98,0.15,21529.98,3229.5,18300.48,17282.96,1017.52
ST0003454,5/10/2025,O002018,C00387,P0109,E0002,R002,3,42125.96,0.05,126377.88,6318.89,120058.99,83135.71,36923.28
ST0003455,9/4/2025,O001708,C00409,P0023,E0036,R004,7,28320.45,0.1,198243.17,19824.32,178418.85,133303.81,45115.04
ST0003456,2/13/2026,O000316,C00147,P0082,E0030,R003,3,30886.85,0.25,92660.56,23165.14,69495.42,49222.23,20273.19
ST0003457,9/24/2025,O001768,C00349,P0086,E0027,R008,4,20433.54,0,81734.16,0,81734.16,69131.83,12602.33
ST0003458,5/7/2026,O000523,C00088,P0067,E0014,R005,8,38441.4,0.2,307531.19,61506.24,246024.95,261567.14,-15542.18
ST0003459,3/8/2026,O002090,C00016,P0025,E0003,R001,1,1933.91,0.15,1933.91,290.09,1643.82,1131.26,512.56
ST0003460,9/25/2025,O002831,C00437,P0028,E0029,R006,3,23862.99,0.1,71588.96,7158.9,64430.06,59773.47,4656.59
ST0003461,4/29/2026,O000297,C00414,P0143,E0027,R008,5,36017.46,0.25,180087.3,45021.83,135065.48,113792.3,21273.18
ST0003462,2/23/2025,O002276,C00168,P0065,E0010,R004,4,41244.99,0.25,164979.97,41244.99,123734.98,103580.71,20154.27
ST0003463,1/1/2026,O001238,C00340,P0142,E0006,R002,2,34179.93,0.1,68359.86,6835.99,61523.87,39358.49,22165.38
ST0003464,7/4/2026,O002111,C00565,P0029,E0015,R008,8,40313,0.15,322503.99,48375.6,274128.39,191956.73,82171.66
ST0003465,10/5/2025,O001023,C00102,P0003,E0023,R004,1,2352.2,0,2352.2,0,2352.2,1706.77,645.43
ST0003466,10/20/2025,O001326,C00267,P0132,E0027,R008,1,23335.23,0.2,23335.23,4667.05,18668.18,13873.89,4794.3
ST0003467,9/5/2025,O002081,C00489,P0011,E0018,R003,2,39333.25,0,78666.51,0,78666.51,58889.96,19776.55
ST0003468,3/10/2025,O000888,C00480,P0073,E0040,R005,1,5216.81,0,5216.81,0,5216.81,3516.07,1700.74
ST0003469,8/28/2025,O002265,C00137,P0029,E0035,R002,1,38681.57,0.2,38681.57,7736.31,30945.26,23994.59,6950.66
ST0003470,8/9/2026,O000907,C00260,P0088,E0019,R002,7,26932.61,0.15,188528.29,28279.24,160249.05,140339.49,19909.56
ST0003471,6/19/2026,O002418,C00554,P0010,E0040,R005,3,1246.4,0.25,3739.2,934.8,2804.4,2318.7,485.7
ST0003472,4/15/2026,O000967,C00442,P0018,E0019,R002,2,36154.69,0.1,72309.37,7230.94,65078.43,60569.16,4509.27
ST0003473,1/6/2025,O002329,C00173,P0078,E0001,R002,7,19106.96,0,133748.75,0,133748.75,109721.25,24027.5
ST0003474,8/15/2026,O002607,C00116,P0020,E0041,R002,3,43899.01,0.05,131697.04,6584.85,125112.19,79728.79,45383.4
ST0003475,12/6/2025,O001762,C00370,P0115,E0026,R006,7,39031.99,0,273223.93,0,273223.93,151955.74,121268.19
ST0003476,10/22/2025,O002072,C00050,P0030,E0001,R002,3,48328.36,0.2,144985.07,28997.01,115988.06,90465.11,25522.94
ST0003477,2/3/2026,O002979,C00113,P0089,E0015,R008,4,40023.13,0,160092.52,0,160092.52,89819.58,70272.95
ST0003478,9/19/2025,O000212,C00293,P0118,E0011,R008,5,21098.37,0.25,105491.86,26372.97,79118.9,76406.73,2712.16
ST0003479,7/7/2026,O002294,C00197,P0068,E0014,R005,6,24774.81,0.25,148648.87,37162.22,111486.65,92841.92,18644.73
ST0003480,4/30/2026,O000706,C00298,P0100,E0016,R002,1,47081.45,0,47081.45,0,47081.45,28271.78,18809.67
ST0003481,7/11/2026,O000002,C00097,P0063,E0040,R005,4,19779.11,0.25,79116.44,19779.11,59337.33,68113.74,-8776.41
ST0003482,6/10/2026,O001064,C00572,P0111,E0009,R002,6,40943.9,0.2,245663.41,49132.68,196530.73,145856.42,50674.31
ST0003483,2/19/2025,O001450,C00404,P0127,E0010,R004,2,9747.18,0.1,19494.36,1949.44,17544.93,11177.54,6367.39
ST0003484,4/23/2025,O001452,C00252,P0126,E0031,R001,2,42135.58,0.05,84271.15,4213.56,80057.59,59651.2,20406.39
ST0003485,5/27/2025,O002354,C00456,P0089,E0019,R002,1,39645.68,0.15,39645.68,5946.85,33698.83,22454.89,11243.93
ST0003486,3/3/2025,O002334,C00579,P0102,E0041,R002,5,30080.37,0.1,150401.87,15040.19,135361.68,82780.7,52580.98
ST0003487,4/9/2026,O001109,C00130,P0091,E0024,R002,1,23528.58,0,23528.58,0,23528.58,14208.48,9320.1
ST0003488,6/28/2026,O002966,C00346,P0145,E0035,R002,6,3098.13,0,18588.76,0,18588.76,13981.9,4606.86
ST0003489,5/16/2025,O000521,C00113,P0058,E0001,R002,1,29124.63,0,29124.63,0,29124.63,18927.2,10197.44
ST0003490,12/29/2025,O001111,C00228,P0142,E0002,R002,8,32774.37,0,262194.99,0,262194.99,157433.97,104761.02
ST0003491,5/9/2025,O000764,C00054,P0106,E0026,R006,2,54684.33,0.2,109368.66,21873.73,87494.93,68315.52,19179.41
ST0003492,1/6/2025,O002329,C00173,P0094,E0001,R002,6,40848.58,0.05,245091.49,12254.57,232836.92,179307.43,53529.49
ST0003493,1/9/2025,O002229,C00051,P0102,E0025,R004,2,29649.85,0,59299.7,0,59299.7,33112.28,26187.42
ST0003494,2/14/2026,O002818,C00221,P0083,E0022,R003,4,53610.14,0.05,214440.55,10722.03,203718.53,126521.18,77197.35
ST0003495,5/23/2026,O000149,C00106,P0133,E0029,R006,4,4973.66,0.2,19894.65,3978.93,15915.72,12072.93,3842.79
ST0003496,11/27/2025,O001144,C00371,P0037,E0012,R004,8,30370.82,0.05,242966.52,12148.33,230818.2,194650.92,36167.28
ST0003497,6/27/2025,O002313,C00182,P0140,E0011,R008,2,32538.18,0,65076.35,0,65076.35,36148.02,28928.34
ST0003498,6/18/2025,O001776,C00116,P0099,E0032,R001,6,16141.34,0,96848.04,0,96848.04,71725.59,25122.45
ST0003499,1/31/2026,O000729,C00377,P0095,E0019,R002,7,2154.09,0.1,15078.65,1507.86,13570.78,10443.1,3127.68
ST0003500,5/5/2026,O001785,C00575,P0042,E0004,R008,3,20608.59,0.15,61825.77,9273.86,52551.9,41167.79,11384.12
ST0003501,4/15/2026,O000967,C00442,P0022,E0019,R002,3,6735.85,0,20207.56,0,20207.56,16840.38,3367.18
ST0003502,3/3/2026,O001042,C00334,P0032,E0035,R002,4,23247.76,0.15,92991.06,13948.66,79042.4,66798.65,12243.75
ST0003503,3/16/2026,O002883,C00046,P0089,E0010,R004,6,40986.62,0.1,245919.7,24591.97,221327.73,134729.37,86598.37
ST0003504,6/4/2026,O002298,C00384,P0009,E0041,R002,3,3237.94,0.25,9713.82,2428.45,7285.36,6222.17,1063.19
ST0003505,2/26/2026,O000550,C00541,P0132,E0021,R001,1,22761.28,0.1,22761.28,2276.13,20485.15,13873.89,6611.26
ST0003506,5/9/2026,O002037,C00556,P0021,E0025,R004,1,13112.89,0.15,13112.89,1966.93,11145.96,9769.54,1376.42
ST0003507,3/13/2025,O001214,C00450,P0093,E0002,R002,1,15180.51,0.1,15180.51,1518.05,13662.46,11750.38,1912.08
ST0003508,3/24/2026,O002706,C00555,P0147,E0012,R004,5,49541.16,0,247705.82,0,247705.82,140103.23,107602.59
ST0003509,8/9/2026,O001495,C00299,P0055,E0025,R004,5,22627.36,0.25,113136.82,28284.21,84852.62,84881.96,-29.35
ST0003510,3/11/2025,O002632,C00212,P0073,E0011,R008,4,5365.98,0,21463.93,0,21463.93,14064.27,7399.66
ST0003511,10/9/2025,O000889,C00354,P0048,E0001,R002,4,7712.8,0,30851.18,0,30851.18,24674.18,6177
ST0003512,8/15/2026,O002166,C00474,P0111,E0030,R003,7,43210.8,0.25,302475.63,75618.91,226856.72,170165.82,56690.9
ST0003513,5/25/2026,O002348,C00555,P0013,E0021,R001,7,11259.76,0.1,78818.32,7881.83,70936.49,67128.81,3807.68
ST0003514,4/29/2026,O001053,C00449,P0121,E0020,R001,8,11549.46,0,92395.66,0,92395.66,56419.59,35976.07
ST0003515,9/19/2025,O000212,C00293,P0025,E0011,R008,2,2045.56,0,4091.12,0,4091.12,2262.53,1828.59
ST0003516,11/22/2025,O001210,C00516,P0001,E0014,R005,4,29917.61,0,119670.44,0,119670.44,69924.84,49745.6
ST0003517,1/1/2025,O001919,C00417,P0143,E0019,R002,3,37341.08,0.25,112023.25,28005.81,84017.43,68275.38,15742.06
ST0003518,3/3/2025,O000348,C00250,P0140,E0041,R002,8,32148.81,0.1,257190.48,25719.05,231471.43,144592.07,86879.37
ST0003519,7/28/2026,O002544,C00164,P0089,E0041,R002,4,39181.34,0.2,156725.37,31345.07,125380.29,89819.58,35560.72
ST0003520,4/22/2026,O001158,C00234,P0037,E0024,R002,3,29793.25,0.15,89379.75,13406.96,75972.79,72994.09,2978.69
ST0003521,8/1/2025,O000926,C00445,P0034,E0024,R002,3,37765.06,0.05,113295.18,5664.76,107630.42,68318.6,39311.82
ST0003522,5/10/2025,O002018,C00387,P0123,E0002,R002,8,24448.34,0.1,195586.75,19558.68,176028.08,164224.14,11803.94
ST0003523,7/12/2026,O001869,C00434,P0065,E0035,R002,6,41238.62,0.05,247431.75,12371.59,235060.16,155371.06,79689.1
ST0003524,1/29/2025,O000197,C00311,P0043,E0020,R001,2,45682.49,0.15,91364.98,13704.75,77660.23,55653.62,22006.61
ST0003525,1/14/2025,O002153,C00187,P0089,E0009,R002,3,38796.52,0.05,116389.56,5819.48,110570.08,67364.68,43205.4
ST0003526,9/11/2025,O002156,C00558,P0080,E0039,R005,7,8339.86,0,58379.03,0,58379.03,30576.28,27802.75
ST0003527,7/10/2025,O002913,C00384,P0097,E0031,R001,4,11314.65,0.15,45258.58,6788.79,38469.8,27420.3,11049.5
ST0003528,4/17/2026,O001623,C00560,P0137,E0006,R002,8,27773.53,0.15,222188.26,33328.24,188860.02,197376.83,-8516.81
ST0003529,10/17/2025,O001220,C00021,P0046,E0032,R001,1,54203.15,0.25,54203.15,13550.79,40652.36,30160.32,10492.04
ST0003530,8/2/2025,O002733,C00431,P0074,E0003,R001,8,15259.55,0.2,122076.38,24415.28,97661.11,94429.31,3231.8
ST0003531,8/1/2025,O002564,C00164,P0144,E0039,R005,4,19795.34,0.15,79181.36,11877.2,67304.15,45191.11,22113.04
ST0003532,1/21/2025,O002434,C00200,P0080,E0010,R004,8,8147.19,0,65177.54,0,65177.54,34944.32,30233.22
ST0003533,4/24/2025,O001571,C00589,P0148,E0001,R002,4,17504.76,0,70019.06,0,70019.06,54988.02,15031.03
ST0003534,9/11/2025,O002156,C00558,P0088,E0039,R005,4,25157.48,0.2,100629.93,20125.99,80503.94,80193.99,309.95
ST0003535,1/25/2026,O000224,C00494,P0039,E0019,R002,6,38434.39,0,230606.34,0,230606.34,200767.29,29839.06
ST0003536,9/27/2025,O001720,C00049,P0122,E0012,R004,5,5820.12,0.1,29100.58,2910.06,26190.53,17702.38,8488.14
ST0003537,3/20/2025,O002642,C00261,P0116,E0012,R004,2,30616.84,0.25,61233.69,15308.42,45925.27,46234.66,-309.4
ST0003538,3/4/2026,O002333,C00364,P0133,E0037,R004,7,4896.18,0.1,34273.26,3427.33,30845.94,21127.63,9718.31
ST0003539,2/26/2026,O000322,C00069,P0058,E0015,R008,6,29552.92,0.05,177317.51,8865.88,168451.63,113563.19,54888.44
ST0003540,7/18/2026,O002611,C00387,P0084,E0032,R001,3,38878.73,0,116636.2,0,116636.2,81676.37,34959.83
ST0003541,4/22/2025,O000471,C00439,P0144,E0013,R004,6,20557.22,0,123343.3,0,123343.3,67786.67,55556.63
ST0003542,8/30/2025,O000941,C00315,P0086,E0006,R002,1,20298.5,0.05,20298.5,1014.92,19283.57,17282.96,2000.61
ST0003543,9/19/2025,O001887,C00325,P0055,E0013,R004,8,23551.59,0.1,188412.74,18841.27,169571.47,135811.14,33760.33
ST0003544,5/13/2025,O000564,C00323,P0103,E0027,R008,4,39522.69,0.25,158090.77,39522.69,118568.08,88748.93,29819.15
ST0003545,5/27/2025,O002390,C00070,P0098,E0032,R001,6,43228.81,0.15,259372.88,38905.93,220466.95,166624.45,53842.5
ST0003546,6/19/2026,O002549,C00131,P0127,E0037,R004,8,9567.78,0.2,76542.26,15308.45,61233.8,44710.16,16523.65
ST0003547,5/8/2026,O001961,C00111,P0142,E0032,R001,3,34181.9,0.25,102545.69,25636.42,76909.26,59037.74,17871.52
ST0003548,10/6/2025,O000554,C00233,P0006,E0029,R006,1,36534.34,0.2,36534.34,7306.87,29227.47,19963.98,9263.49
ST0003549,10/2/2025,O000506,C00311,P0006,E0016,R002,1,34888.59,0.05,34888.59,1744.43,33144.16,19963.98,13180.18
ST0003550,1/31/2026,O000729,C00377,P0130,E0019,R002,7,36612.49,0.15,256287.44,38443.12,217844.33,142322.67,75521.66
ST0003551,4/24/2025,O000237,C00008,P0102,E0014,R005,3,29103.78,0.05,87311.33,4365.57,82945.76,49668.42,33277.34
ST0003552,4/6/2025,O002001,C00194,P0083,E0025,R004,6,51115.32,0.25,306691.91,76672.98,230018.93,189781.77,40237.16
ST0003553,3/25/2025,O002387,C00321,P0011,E0001,R002,7,40048.16,0.2,280337.1,56067.42,224269.68,206114.87,18154.81
ST0003554,2/8/2026,O002857,C00215,P0004,E0039,R005,1,30008.42,0.05,30008.42,1500.42,28508,24187.8,4320.2
ST0003555,6/4/2026,O002586,C00364,P0091,E0041,R002,8,24401.01,0.05,195208.09,9760.4,185447.68,113667.81,71779.87
ST0003556,1/12/2025,O000642,C00126,P0045,E0001,R002,8,59689.25,0.2,477514.02,95502.8,382011.22,252396.16,129615.06
ST0003557,2/9/2026,O001201,C00500,P0101,E0018,R003,7,35941.43,0.2,251590.02,50318,201272.01,142293.05,58978.97
ST0003558,1/25/2025,O000527,C00146,P0077,E0001,R002,4,503.33,0.05,2013.32,100.67,1912.65,1662.59,250.06
ST0003559,4/22/2025,O000471,C00439,P0117,E0013,R004,2,21794.46,0,43588.92,0,43588.92,34946.64,8642.29
ST0003560,11/10/2025,O001360,C00508,P0017,E0011,R008,3,29309.58,0.25,87928.73,21982.18,65946.55,71171.7,-5225.15
ST0003561,10/8/2025,O001049,C00221,P0053,E0041,R002,4,10127.72,0.1,40510.9,4051.09,36459.81,26401.57,10058.24
ST0003562,4/8/2025,O001898,C00163,P0096,E0002,R002,8,36260.75,0.1,290085.99,29008.6,261077.39,193174.63,67902.76
ST0003563,10/24/2025,O001820,C00225,P0055,E0012,R004,5,24532.07,0.25,122660.33,30665.08,91995.25,84881.96,7113.29
ST0003564,5/27/2026,O000533,C00357,P0100,E0007,R002,6,45582.28,0.1,273493.66,27349.37,246144.3,169630.66,76513.63
ST0003565,8/19/2026,O001322,C00008,P0013,E0024,R002,4,11536.19,0,46144.76,0,46144.76,38359.32,7785.44
ST0003566,1/8/2026,O001227,C00455,P0113,E0026,R006,2,1748.69,0.1,3497.39,349.74,3147.65,2864.46,283.2
ST0003567,10/29/2025,O001956,C00122,P0020,E0013,R004,3,43708.71,0,131126.13,0,131126.13,79728.79,51397.34
ST0003568,5/29/2025,O001692,C00092,P0022,E0035,R002,1,6743.53,0.05,6743.53,337.18,6406.35,5613.46,792.89
ST0003569,7/1/2026,O001616,C00130,P0101,E0004,R008,7,36870.76,0.1,258095.29,25809.53,232285.76,142293.05,89992.71
ST0003570,12/20/2025,O002739,C00173,P0070,E0016,R002,8,17081.78,0.25,136654.21,34163.55,102490.66,85053.48,17437.17
ST0003571,3/11/2026,O000370,C00378,P0118,E0004,R008,2,21366.86,0,42733.71,0,42733.71,30562.69,12171.02
ST0003572,5/19/2026,O001188,C00085,P0059,E0033,R008,6,24345.73,0.15,146074.38,21911.16,124163.23,98844.86,25318.36
ST0003573,5/12/2025,O002689,C00382,P0063,E0016,R002,1,20066.1,0.05,20066.1,1003.3,19062.79,17028.44,2034.36
ST0003574,8/25/2025,O000808,C00337,P0100,E0017,R002,6,46414.21,0.05,278485.24,13924.26,264560.97,169630.66,94930.31
ST0003575,8/5/2026,O001335,C00311,P0137,E0030,R003,8,28286.93,0.1,226295.41,22629.54,203665.87,197376.83,6289.04
ST0003576,1/14/2026,O002006,C00414,P0053,E0013,R004,6,10541.74,0.1,63250.46,6325.05,56925.42,39602.35,17323.07
ST0003577,3/30/2026,O002295,C00297,P0024,E0020,R001,1,8342.92,0,8342.92,0,8342.92,6094.07,2248.85
ST0003578,1/9/2026,O002141,C00192,P0058,E0025,R004,5,30117.47,0.25,150587.34,37646.83,112940.5,94635.99,18304.51
ST0003579,1/18/2025,O001582,C00226,P0069,E0030,R003,7,16452.12,0,115164.86,0,115164.86,65394.8,49770.06
ST0003580,8/25/2025,O000752,C00104,P0097,E0009,R002,2,11009.05,0.2,22018.09,4403.62,17614.47,13710.15,3904.33
ST0003581,7/31/2026,O002618,C00138,P0053,E0016,R002,7,10480.82,0,73365.76,0,73365.76,46202.74,27163.02
ST0003582,9/18/2025,O000440,C00410,P0147,E0031,R001,7,49077.57,0.1,343542.98,34354.3,309188.69,196144.53,113044.16
ST0003583,1/25/2026,O001368,C00360,P0101,E0033,R008,5,35598.77,0.15,177993.85,26699.08,151294.78,101637.89,49656.88
ST0003584,10/17/2025,O000157,C00166,P0150,E0041,R002,6,49181.58,0.15,295089.49,44263.42,250826.06,203632.57,47193.49
ST0003585,6/18/2025,O001380,C00456,P0101,E0009,R002,7,35460.27,0,248221.91,0,248221.91,142293.05,105928.86
ST0003586,7/27/2026,O000253,C00068,P0101,E0007,R002,4,36089.21,0.2,144356.83,28871.37,115485.46,81310.31,34175.15
ST0003587,7/16/2025,O000484,C00411,P0014,E0003,R001,6,23414.42,0.1,140486.5,14048.65,126437.85,110613.02,15824.84
ST0003588,6/9/2026,O001061,C00050,P0015,E0035,R002,8,30297.42,0.25,242379.39,60594.85,181784.54,142152.76,39631.79
ST0003589,7/10/2025,O002918,C00297,P0015,E0018,R003,5,31292.74,0.15,156463.71,23469.56,132994.16,88845.47,44148.68
ST0003590,9/11/2025,O000443,C00445,P0024,E0026,R006,4,8408.37,0.05,33633.46,1681.67,31951.79,24376.28,7575.5
ST0003591,1/4/2026,O000801,C00147,P0122,E0002,R002,4,5933.36,0.05,23733.42,1186.67,22546.75,14161.91,8384.84
ST0003592,6/24/2025,O000656,C00331,P0124,E0029,R006,3,9050.5,0.15,27151.51,4072.73,23078.78,18992.28,4086.51
ST0003593,7/30/2026,O001299,C00336,P0149,E0024,R002,7,36004.44,0.1,252031.06,25203.11,226827.95,171039.57,55788.39
ST0003595,3/25/2025,O002428,C00445,P0150,E0036,R004,1,51292.96,0,51292.96,0,51292.96,33938.76,17354.2
ST0003596,8/21/2026,O002841,C00047,P0099,E0011,R008,2,16051.11,0.2,32102.22,6420.44,25681.78,23908.53,1773.25
ST0003597,3/22/2025,O002250,C00483,P0047,E0001,R002,8,14926.51,0.2,119412.04,23882.41,95529.64,89730.24,5799.39
ST0003598,1/10/2025,O000522,C00275,P0147,E0011,R008,4,49284.69,0.2,197138.77,39427.75,157711.02,112082.59,45628.43
ST0003599,7/4/2025,O000430,C00213,P0055,E0009,R002,3,23324.46,0.15,69973.37,10496.01,59477.36,50929.18,8548.19
ST0003600,8/31/2025,O000799,C00116,P0121,E0034,R001,5,11293.1,0,56465.48,0,56465.48,35262.24,21203.23
ST0003601,12/16/2025,O000264,C00206,P0064,E0014,R005,7,17769.86,0.25,124389.03,31097.26,93291.78,69442.11,23849.67
ST0003602,2/11/2026,O002195,C00545,P0074,E0004,R008,2,15303.75,0.1,30607.51,3060.75,27546.76,23607.33,3939.43
ST0003603,5/27/2026,O000343,C00224,P0035,E0028,R006,2,10985,0,21970,0,21970,16883.01,5086.99
ST0003604,6/16/2025,O002869,C00575,P0096,E0004,R008,2,36412.45,0.05,72824.89,3641.24,69183.65,48293.66,20889.99
ST0003605,7/9/2025,O001695,C00180,P0022,E0014,R005,8,6712.7,0.05,53701.57,2685.08,51016.49,44907.69,6108.8
ST0003606,5/9/2026,O001377,C00159,P0143,E0005,R005,3,36438.56,0.2,109315.67,21863.13,87452.54,68275.38,19177.16
ST0003607,4/20/2026,O001510,C00399,P0093,E0013,R004,3,16058.68,0.05,48176.05,2408.8,45767.24,35251.13,10516.11
ST0003608,1/31/2026,O002279,C00188,P0126,E0018,R003,1,44992.95,0.1,44992.95,4499.29,40493.65,29825.6,10668.05
ST0003609,8/31/2025,O000799,C00116,P0002,E0034,R001,3,6358,0.15,19074,2861.1,16212.9,12729.19,3483.71
ST0003610,7/13/2025,O002923,C00001,P0046,E0005,R005,4,54410.59,0.05,217642.35,10882.12,206760.24,120641.3,86118.94
ST0003611,3/25/2025,O000589,C00071,P0140,E0019,R002,8,32337.08,0.1,258696.66,25869.67,232826.99,144592.07,88234.92
ST0003612,10/8/2025,O000426,C00024,P0096,E0039,R005,4,35088.51,0.15,140354.02,21053.1,119300.92,96587.32,22713.6
ST0003613,7/31/2026,O002658,C00116,P0105,E0030,R003,5,2938.63,0,14693.16,0,14693.16,11606.4,3086.76
ST0003614,5/13/2026,O001682,C00447,P0135,E0038,R002,5,8681.74,0.1,43408.68,4340.87,39067.81,28818.41,10249.4
ST0003615,1/30/2025,O001090,C00030,P0106,E0002,R002,5,53544.02,0.05,267720.12,13386.01,254334.12,170788.81,83545.31
ST0003616,7/2/2026,O000139,C00266,P0117,E0007,R002,3,22465.48,0,67396.44,0,67396.44,52419.95,14976.48
ST0003617,8/31/2026,O000421,C00121,P0003,E0034,R001,2,2464.28,0.05,4928.56,246.43,4682.13,3413.54,1268.6
ST0003618,3/4/2025,O002974,C00218,P0013,E0034,R001,1,11841.47,0.1,11841.47,1184.15,10657.33,9589.83,1067.5
ST0003619,1/29/2026,O001295,C00321,P0104,E0034,R001,5,4164.49,0.05,20822.44,1041.12,19781.31,11754.21,8027.11
ST0003620,6/23/2025,O000105,C00595,P0087,E0013,R004,2,5601.49,0.05,11202.98,560.15,10642.84,7651.98,2990.86
ST0003621,1/26/2025,O002170,C00532,P0003,E0003,R001,2,2230.22,0.2,4460.43,892.09,3568.35,3413.54,154.81
ST0003622,9/24/2025,O002278,C00488,P0108,E0033,R008,8,16307.25,0.25,130457.97,32614.49,97843.48,104184.53,-6341.05
ST0003623,10/11/2025,O001065,C00196,P0065,E0005,R005,8,41194.43,0.15,329555.41,49433.31,280122.1,207161.42,72960.69
ST0003624,4/9/2026,O000869,C00404,P0115,E0025,R004,7,37516.97,0.25,262618.81,65654.7,196964.1,151955.74,45008.37
ST0003625,7/31/2025,O001574,C00455,P0076,E0014,R005,7,19813.52,0,138694.64,0,138694.64,83221.2,55473.45
ST0003626,6/20/2025,O000899,C00544,P0060,E0006,R002,5,59069.82,0.1,295349.09,29534.91,265814.18,168125.38,97688.8
ST0003627,8/13/2026,O001133,C00111,P0147,E0039,R005,7,53125.14,0,371875.97,0,371875.97,196144.53,175731.44
ST0003628,6/26/2026,O001965,C00169,P0148,E0004,R008,3,16600.08,0.25,49800.24,12450.06,37350.18,41241.02,-3890.84
ST0003629,3/16/2025,O002837,C00168,P0111,E0022,R003,3,41293.78,0.15,123881.34,18582.2,105299.14,72928.21,32370.93
ST0003630,1/26/2026,O000305,C00582,P0089,E0040,R005,1,39152.74,0.1,39152.74,3915.27,35237.47,22454.89,12782.58
ST0003631,11/10/2025,O001189,C00575,P0053,E0032,R001,8,10042.53,0.05,80340.21,4017.01,76323.2,52803.13,23520.07
ST0003632,5/3/2026,O000206,C00584,P0083,E0035,R002,3,51155.88,0.05,153467.64,7673.38,145794.26,94890.89,50903.37
ST0003633,4/23/2026,O000036,C00079,P0082,E0035,R002,1,28857,0,28857,0,28857,16407.41,12449.58
ST0003634,9/15/2025,O001707,C00586,P0007,E0023,R004,8,25580.3,0.2,204642.37,40928.47,163713.9,134650.37,29063.52
ST0003635,1/22/2026,O002309,C00185,P0110,E0003,R001,3,431.24,0.05,1293.72,64.69,1229.03,1024.42,204.61
ST0003636,5/31/2026,O001456,C00537,P0125,E0028,R006,8,13176.54,0.1,105412.36,10541.24,94871.12,94687.12,184
ST0003637,11/21/2025,O001547,C00123,P0005,E0041,R002,6,12943.28,0.15,77659.65,11648.95,66010.7,68510.78,-2500.08
ST0003638,6/9/2025,O002281,C00518,P0024,E0005,R005,8,8416.97,0.1,67335.76,6733.58,60602.19,48752.57,11849.62
ST0003639,5/12/2025,O002952,C00066,P0060,E0034,R001,7,56886.16,0,398203.13,0,398203.13,235375.53,162827.59
ST0003640,7/22/2025,O002515,C00403,P0113,E0040,R005,6,1796.59,0.25,10779.52,2694.88,8084.64,8593.37,-508.73
ST0003641,1/8/2026,O001227,C00455,P0130,E0026,R006,6,37459.96,0.25,224759.75,56189.94,168569.81,121990.86,46578.95
ST0003642,9/12/2025,O001484,C00569,P0116,E0016,R002,2,29776.31,0.25,59552.62,14888.16,44664.47,46234.66,-1570.2
ST0003643,7/30/2025,O002588,C00010,P0138,E0009,R002,5,26054.42,0.05,130272.11,6513.61,123758.51,93192.51,30566
ST0003644,3/5/2026,O002961,C00136,P0100,E0001,R002,2,47339.71,0,94679.42,0,94679.42,56543.55,38135.86
ST0003645,6/27/2025,O002313,C00182,P0082,E0011,R008,3,29112.79,0.05,87338.38,4366.92,82971.46,49222.23,33749.23
ST0003646,10/29/2025,O001956,C00122,P0123,E0013,R004,8,23276.4,0.1,186211.23,18621.12,167590.1,164224.14,3365.96
ST0003647,4/17/2026,O002623,C00453,P0041,E0007,R002,2,45748.31,0.15,91496.63,13724.49,77772.14,56734.39,21037.74
ST0003648,8/26/2025,O001123,C00537,P0132,E0007,R002,8,23607.46,0.1,188859.7,18885.97,169973.73,110991.1,58982.63
ST0003649,8/3/2025,O000298,C00408,P0021,E0016,R002,8,12996.06,0.1,103968.51,10396.85,93571.66,78156.29,15415.37
ST0003650,3/25/2025,O002428,C00445,P0138,E0036,R004,4,23980.98,0,95923.9,0,95923.9,74554,21369.9
ST0003651,5/18/2025,O002436,C00588,P0011,E0032,R001,1,41952.21,0.05,41952.21,2097.61,39854.6,29444.98,10409.62
ST0003652,3/17/2026,O002414,C00590,P0004,E0018,R003,6,30908.8,0.2,185452.78,37090.56,148362.23,145126.77,3235.45
ST0003653,2/28/2025,O000465,C00475,P0113,E0041,R002,4,1770.74,0.15,7082.98,1062.45,6020.53,5728.91,291.62
ST0003654,5/20/2026,O001493,C00154,P0073,E0036,R004,1,5207.59,0.15,5207.59,781.14,4426.45,3516.07,910.38
ST0003655,1/14/2026,O000276,C00313,P0147,E0031,R001,4,49590.83,0,198363.33,0,198363.33,112082.59,86280.75
ST0003656,7/12/2025,O001190,C00057,P0105,E0035,R002,3,3049.09,0.2,9147.28,1829.46,7317.82,6963.84,353.98
ST0003657,4/2/2025,O001923,C00023,P0027,E0041,R002,3,18325.54,0,54976.61,0,54976.61,33053.79,21922.82
ST0003658,8/15/2025,O001012,C00535,P0015,E0020,R001,7,29770.24,0,208391.71,0,208391.71,124383.66,84008.04
ST0003659,2/11/2026,O001524,C00228,P0050,E0030,R003,6,1112.11,0.1,6672.63,667.26,6005.37,4007.33,1998.04
ST0003660,11/28/2025,O001286,C00362,P0150,E0007,R002,1,51787.26,0.25,51787.26,12946.81,38840.44,33938.76,4901.68
ST0003661,1/16/2026,O000641,C00075,P0129,E0015,R008,3,16668.69,0,50006.08,0,50006.08,29572.44,20433.64
ST0003662,1/11/2025,O002435,C00590,P0104,E0017,R002,1,4046.05,0.15,4046.05,606.91,3439.14,2350.84,1088.3
ST0003663,10/10/2025,O002003,C00523,P0084,E0004,R008,8,38116.66,0.25,304933.3,76233.33,228699.98,217803.64,10896.33
ST0003664,2/18/2025,O002262,C00234,P0038,E0036,R004,8,31754.48,0.1,254035.82,25403.58,228632.23,166197.2,62435.03
ST0003665,5/5/2026,O001741,C00413,P0064,E0009,R002,1,17475.62,0.1,17475.62,1747.56,15728.06,9920.3,5807.76
ST0003666,7/22/2026,O001867,C00213,P0057,E0002,R002,4,29820.28,0.25,119281.11,29820.28,89460.83,73498.74,15962.09
ST0003667,6/21/2026,O001577,C00063,P0106,E0004,R008,1,52982.75,0.2,52982.75,10596.55,42386.2,34157.76,8228.44
ST0003668,3/4/2026,O002333,C00364,P0128,E0037,R004,6,5709.93,0,34259.61,0,34259.61,18817.35,15442.26
ST0003669,12/17/2025,O000227,C00443,P0075,E0015,R008,5,47389.69,0.2,236948.47,47389.69,189558.78,135437.54,54121.24
ST0003670,8/26/2026,O000190,C00379,P0114,E0035,R002,3,13902.86,0,41708.57,0,41708.57,36759.4,4949.18
ST0003671,7/8/2025,O002498,C00309,P0007,E0020,R001,2,23489.6,0.1,46979.21,4697.92,42281.29,33662.59,8618.69
ST0003672,10/20/2025,O002508,C00175,P0060,E0029,R006,3,58339.82,0,175019.46,0,175019.46,100875.23,74144.24
ST0003673,6/23/2026,O001658,C00093,P0092,E0007,R002,3,57058.95,0,171176.84,0,171176.84,100202.82,70974.02
ST0003674,5/3/2026,O001416,C00438,P0075,E0033,R008,7,43965.7,0.05,307759.92,15388,292371.92,189612.55,102759.37
ST0003675,3/5/2026,O002545,C00110,P0078,E0037,R004,2,20543.28,0.1,41086.57,4108.66,36977.91,31348.93,5628.98
ST0003676,9/22/2025,O002048,C00219,P0031,E0005,R005,2,20270.5,0.05,40541,2027.05,38513.95,23283.68,15230.27
ST0003677,4/1/2026,O000833,C00303,P0150,E0009,R002,8,49700.76,0.25,397606.09,99401.52,298204.56,271510.1,26694.47
ST0003678,12/4/2025,O002612,C00414,P0081,E0017,R002,2,43557.03,0.15,87114.06,13067.11,74046.95,53526.72,20520.23
ST0003679,2/15/2026,O002266,C00017,P0118,E0010,R004,1,21849.44,0.2,21849.44,4369.89,17479.56,15281.35,2198.21
ST0003680,2/9/2025,O002052,C00416,P0078,E0019,R002,1,20055.69,0.2,20055.69,4011.14,16044.56,15674.46,370.09
ST0003681,5/3/2026,O001292,C00335,P0052,E0016,R002,1,9405.92,0.2,9405.92,1881.18,7524.74,6391.33,1133.4
ST0003682,8/20/2025,O001606,C00472,P0087,E0004,R008,8,5320.84,0.15,42566.71,6385.01,36181.7,30607.92,5573.78
ST0003683,10/9/2025,O000889,C00354,P0095,E0001,R002,1,2145.57,0.2,2145.57,429.11,1716.45,1491.87,224.58
ST0003684,6/11/2025,O002860,C00156,P0007,E0027,R008,6,23649.67,0,141898.02,0,141898.02,100987.78,40910.24
ST0003685,1/5/2026,O000187,C00336,P0105,E0035,R002,7,2928.04,0,20496.28,0,20496.28,16248.96,4247.31
ST0003686,1/25/2025,O000527,C00146,P0137,E0001,R002,2,27152.77,0.15,54305.54,8145.83,46159.71,49344.21,-3184.5
ST0003687,1/28/2026,O000993,C00476,P0142,E0013,R004,8,34086.73,0.25,272693.86,68173.47,204520.4,157433.97,47086.42
ST0003688,5/11/2025,O000751,C00073,P0124,E0038,R002,6,8573.51,0.15,51441.05,7716.16,43724.89,37984.56,5740.33
ST0003689,6/9/2025,O002281,C00518,P0040,E0005,R005,2,27223.55,0.2,54447.11,10889.42,43557.69,34722.03,8835.66
ST0003690,8/12/2026,O002350,C00175,P0044,E0041,R002,5,711.09,0.1,3555.47,355.55,3199.92,2016,1183.92
ST0003691,1/12/2026,O000424,C00392,P0123,E0019,R002,4,22621.4,0.1,90485.6,9048.56,81437.04,82112.07,-675.03
ST0003692,9/10/2025,O002821,C00051,P0050,E0035,R002,1,1135.9,0.15,1135.9,170.38,965.51,667.89,297.62
ST0003693,2/11/2026,O001524,C00228,P0136,E0030,R003,4,45324.94,0.15,181299.75,27194.96,154104.79,108166.42,45938.37
ST0003694,9/23/2025,O001069,C00331,P0129,E0029,R006,4,17072.03,0.1,68288.11,6828.81,61459.3,39429.92,22029.37
ST0003695,8/15/2026,O002114,C00068,P0032,E0028,R006,7,22857.02,0,159999.17,0,159999.17,116897.64,43101.53
ST0003696,2/11/2026,O002195,C00545,P0102,E0004,R008,7,29151.89,0.1,204063.26,20406.33,183656.93,115892.99,67763.95
ST0003697,8/8/2025,O000189,C00436,P0103,E0010,R004,8,39426.18,0.05,315409.43,15770.47,299638.96,177497.85,122141.1
ST0003698,8/17/2025,O002311,C00200,P0092,E0015,R008,8,58986.16,0.2,471889.24,94377.85,377511.39,267207.51,110303.89
ST0003699,8/17/2026,O001340,C00089,P0075,E0017,R002,2,46554.1,0.05,93108.19,4655.41,88452.78,54175.01,34277.77
ST0003700,5/20/2026,O002617,C00560,P0114,E0005,R005,8,14315.24,0,114521.93,0,114521.93,98025.06,16496.87
ST0003701,2/19/2025,O001450,C00404,P0004,E0010,R004,5,30126.96,0.05,150634.8,7531.74,143103.06,120938.98,22164.08
ST0003702,9/18/2025,O002820,C00309,P0137,E0009,R002,2,26345.78,0.15,52691.56,7903.73,44787.83,49344.21,-4556.38
ST0003703,6/20/2026,O001312,C00144,P0084,E0011,R008,8,36771.72,0.05,294173.77,14708.69,279465.08,217803.64,61661.44
ST0003704,4/7/2026,O001985,C00487,P0129,E0040,R005,5,16710.79,0.25,83553.94,20888.49,62665.46,49287.4,13378.06
ST0003705,8/19/2026,O001936,C00560,P0039,E0029,R006,1,39280.25,0,39280.25,0,39280.25,33461.21,5819.04
ST0003706,6/8/2025,O001181,C00103,P0030,E0033,R008,1,48741.85,0,48741.85,0,48741.85,30155.04,18586.81
ST0003708,6/5/2025,O001241,C00311,P0149,E0007,R002,4,34831.93,0.1,139327.72,13932.77,125394.95,97736.9,27658.05
ST0003709,3/14/2026,O000057,C00280,P0134,E0005,R005,2,16504.6,0.2,33009.2,6601.84,26407.36,20874.34,5533.02
ST0003710,1/19/2026,O000470,C00232,P0023,E0032,R001,6,29357.37,0.2,176144.21,35228.84,140915.37,114260.41,26654.96
ST0003711,1/2/2025,O001567,C00431,P0112,E0018,R003,2,32790.67,0.05,65581.34,3279.07,62302.27,44874.24,17428.03
ST0003712,5/13/2026,O000069,C00564,P0071,E0013,R004,8,36860.88,0.05,294887.02,14744.35,280142.67,197852.8,82289.86
ST0003713,12/25/2025,O000185,C00596,P0011,E0038,R002,1,41765.11,0.05,41765.11,2088.26,39676.85,29444.98,10231.87
ST0003714,12/6/2025,O001376,C00167,P0142,E0003,R001,5,31608.58,0.2,158042.91,31608.58,126434.33,98396.23,28038.09
ST0003715,1/9/2026,O002269,C00126,P0036,E0029,R006,3,12161.78,0,36485.35,0,36485.35,22150.04,14335.31
ST0003716,12/9/2025,O001664,C00028,P0147,E0002,R002,1,52885.67,0.1,52885.67,5288.57,47597.1,28020.65,19576.45
ST0003717,12/20/2025,O001271,C00224,P0079,E0029,R006,4,24809.77,0.2,99239.08,19847.82,79391.27,86898.3,-7507.03
ST0003718,4/2/2026,O001427,C00316,P0130,E0029,R006,1,37521.73,0,37521.73,0,37521.73,20331.81,17189.92
ST0003719,10/12/2025,O002685,C00471,P0101,E0021,R001,4,36718.13,0.1,146872.54,14687.25,132185.28,81310.31,50874.97
ST0003720,1/22/2026,O001200,C00011,P0125,E0028,R006,3,14035.36,0.05,42106.08,2105.3,40000.78,35507.67,4493.11
ST0003721,2/28/2025,O001487,C00493,P0084,E0005,R005,2,38041.48,0.15,76082.95,11412.44,64670.51,54450.91,10219.6
ST0003722,4/27/2025,O002989,C00372,P0057,E0041,R002,4,28329.9,0.25,113319.59,28329.9,84989.69,73498.74,11490.95
ST0003723,6/15/2026,O001216,C00115,P0048,E0005,R005,5,7363.31,0.2,36816.57,7363.31,29453.26,30842.72,-1389.46
ST0003724,3/2/2025,O002510,C00220,P0105,E0031,R001,7,3002.77,0.2,21019.41,4203.88,16815.52,16248.96,566.56
ST0003725,5/22/2026,O002489,C00031,P0010,E0004,R008,1,1218.78,0.05,1218.78,60.94,1157.84,772.9,384.94
ST0003726,9/9/2025,O001463,C00134,P0055,E0028,R006,1,23046.5,0.25,23046.5,5761.63,17284.88,16976.39,308.49
ST0003727,3/1/2026,O002967,C00059,P0141,E0024,R002,7,18793.72,0,131556.05,0,131556.05,114460.56,17095.49
ST0003728,4/19/2026,O001296,C00084,P0027,E0035,R002,5,17988.48,0.15,89942.39,13491.36,76451.03,55089.65,21361.38
ST0003729,8/8/2026,O001543,C00464,P0029,E0014,R005,8,37548.64,0.15,300389.13,45058.37,255330.76,191956.73,63374.02
ST0003730,12/10/2025,O002057,C00403,P0115,E0025,R004,4,36364.48,0.25,145457.92,36364.48,109093.44,86831.85,22261.59
ST0003731,3/14/2026,O000057,C00280,P0129,E0005,R005,2,16925,0.1,33849.99,3385,30464.99,19714.96,10750.03
ST0003732,5/8/2025,O002185,C00102,P0144,E0001,R002,2,19503.22,0,39006.45,0,39006.45,22595.56,16410.89
ST0003733,7/23/2026,O000942,C00093,P0140,E0017,R002,5,31861.64,0,159308.18,0,159308.18,90370.04,68938.14
ST0003734,6/25/2026,O002783,C00228,P0047,E0009,R002,2,15484.31,0,30968.62,0,30968.62,22432.56,8536.06
ST0003735,7/9/2025,O001561,C00084,P0065,E0023,R004,6,40472.42,0.1,242834.53,24283.45,218551.08,155371.06,63180.01
ST0003736,5/25/2025,O001578,C00424,P0040,E0009,R002,6,27641.85,0,165851.1,0,165851.1,104166.09,61685.01
ST0003737,6/19/2025,O000635,C00598,P0090,E0039,R005,4,16212.29,0,64849.15,0,64849.15,46498,18351.15
ST0003738,12/25/2025,O001808,C00467,P0104,E0013,R004,8,3993.3,0.25,31946.42,7986.61,23959.82,18806.73,5153.08
ST0003739,7/26/2026,O000663,C00304,P0150,E0006,R002,6,53626.03,0.25,321756.19,80439.05,241317.14,203632.57,37684.57
ST0003740,5/20/2026,O002617,C00560,P0150,E0005,R005,5,51365.37,0.05,256826.84,12841.34,243985.5,169693.81,74291.68
ST0003741,4/5/2026,O000153,C00507,P0143,E0041,R002,1,38233.97,0.2,38233.97,7646.79,30587.18,22758.46,7828.72
ST0003742,1/29/2025,O002071,C00363,P0116,E0039,R005,2,30453.15,0,60906.31,0,60906.31,46234.66,14671.65
ST0003743,1/16/2026,O002671,C00170,P0057,E0013,R004,2,29506.2,0.25,59012.4,14753.1,44259.3,36749.37,7509.93
ST0003744,2/24/2025,O002032,C00351,P0025,E0028,R006,7,1919.74,0.05,13438.18,671.91,12766.27,7918.85,4847.42
ST0003745,4/11/2025,O000707,C00396,P0098,E0029,R006,2,43109.6,0.25,86219.2,21554.8,64664.4,55541.48,9122.92
ST0003746,3/27/2026,O001035,C00350,P0115,E0019,R002,2,39491.13,0.05,78982.25,3949.11,75033.14,43415.92,31617.21
ST0003747,3/4/2026,O000152,C00567,P0068,E0005,R005,5,25185.1,0.05,125925.49,6296.27,119629.22,77368.27,42260.95
ST0003748,5/13/2025,O000760,C00083,P0111,E0037,R004,5,40393.47,0.05,201967.33,10098.37,191868.97,121547.02,70321.95
ST0003749,9/3/2025,O002795,C00544,P0129,E0010,R004,3,16455.83,0.25,49367.5,12341.87,37025.62,29572.44,7453.18
ST0003750,7/26/2026,O001697,C00418,P0074,E0041,R002,6,15144.26,0.2,90865.58,18173.12,72692.46,70821.98,1870.48
ST0003751,9/11/2025,O002758,C00346,P0147,E0003,R001,2,52420.92,0.2,104841.84,20968.37,83873.47,56041.29,27832.18
ST0003752,4/2/2025,O001897,C00554,P0143,E0012,R004,1,36812.76,0.15,36812.76,5521.91,31290.84,22758.46,8532.39
ST0003753,7/6/2026,O001987,C00515,P0110,E0034,R001,3,406.71,0,1220.12,0,1220.12,1024.42,195.7
ST0003754,10/21/2025,O002243,C00532,P0050,E0024,R002,8,1071.85,0.1,8574.84,857.48,7717.35,5343.1,2374.25
ST0003755,9/12/2025,O001333,C00504,P0043,E0032,R001,5,46764.41,0.25,233822.04,58455.51,175366.53,139134.06,36232.47
ST0003756,3/18/2026,O001947,C00571,P0107,E0041,R002,1,7342.51,0.1,7342.51,734.25,6608.26,6169.85,438.4
ST0003757,2/27/2026,O001153,C00450,P0031,E0028,R006,5,20225.2,0.25,101126.01,25281.5,75844.51,58209.2,17635.31
ST0003758,1/27/2025,O001107,C00065,P0001,E0025,R004,3,29696.53,0,89089.58,0,89089.58,52443.63,36645.95
ST0003759,8/18/2025,O000780,C00394,P0091,E0030,R003,4,22951.54,0.05,91806.14,4590.31,87215.84,56833.91,30381.93
ST0003760,4/19/2026,O001447,C00184,P0088,E0036,R004,7,25041.27,0,175288.88,0,175288.88,140339.49,34949.39
ST0003761,6/30/2025,O000588,C00434,P0111,E0019,R002,3,42652.58,0,127957.74,0,127957.74,72928.21,55029.54
ST0003762,5/8/2025,O002185,C00102,P0066,E0001,R002,2,30071.67,0.05,60143.34,3007.17,57136.17,34067.92,23068.25
ST0003763,9/18/2025,O001412,C00551,P0019,E0023,R004,1,19068.88,0.05,19068.88,953.44,18115.44,16404.63,1710.81
ST0003764,3/6/2026,O001119,C00249,P0034,E0027,R008,6,39734.04,0.25,238404.21,59601.05,178803.16,136637.19,42165.97
ST0003765,6/7/2025,O001972,C00115,P0087,E0010,R004,1,5445.48,0.15,5445.48,816.82,4628.65,3825.99,802.66
ST0003767,7/21/2025,O000705,C00089,P0004,E0019,R002,8,30497.28,0,243978.25,0,243978.25,193502.36,50475.89
ST0003768,1/23/2026,O000620,C00305,P0101,E0014,R005,4,35415.79,0,141663.17,0,141663.17,81310.31,60352.85
ST0003769,5/18/2026,O002836,C00318,P0048,E0017,R002,4,7526.5,0,30105.99,0,30105.99,24674.18,5431.81
ST0003770,12/19/2025,O001017,C00489,P0039,E0041,R002,7,39058.77,0.1,273411.42,27341.14,246070.28,234228.5,11841.77
ST0003771,5/12/2025,O001014,C00451,P0063,E0020,R001,3,21429.67,0,64289.01,0,64289.01,51085.31,13203.7
ST0003772,5/1/2025,O001839,C00119,P0115,E0015,R008,7,37752.62,0.1,264268.35,26426.84,237841.52,151955.74,85885.78
ST0003773,5/1/2025,O002517,C00460,P0086,E0003,R001,2,21342.81,0.25,42685.62,10671.4,32014.21,34565.92,-2551.7
ST0003774,1/22/2026,O001200,C00011,P0099,E0028,R006,8,16564.89,0.1,132519.11,13251.91,119267.2,95634.12,23633.08
ST0003775,7/25/2025,O001206,C00089,P0150,E0037,R004,3,53871.59,0.05,161614.76,8080.74,153534.02,101816.29,51717.74
ST0003776,1/19/2026,O001100,C00135,P0050,E0022,R003,2,1066.88,0.1,2133.75,213.38,1920.38,1335.78,584.6
ST0003777,10/11/2025,O001420,C00011,P0127,E0009,R002,3,9964.93,0.25,29894.78,7473.69,22421.08,16766.31,5654.77
ST0003778,5/19/2026,O002981,C00210,P0104,E0024,R002,7,4037.69,0.2,28263.8,5652.76,22611.04,16455.89,6155.15
ST0003779,5/18/2025,O002473,C00365,P0002,E0030,R003,6,6024.94,0.2,36149.65,7229.93,28919.72,25458.39,3461.33
ST0003780,4/8/2026,O001732,C00292,P0113,E0004,R008,4,1839.47,0,7357.89,0,7357.89,5728.91,1628.98
ST0003781,7/2/2026,O000784,C00567,P0020,E0026,R006,7,40572,0.2,284004.02,56800.8,227203.21,186033.85,41169.36
ST0003782,9/8/2025,O002914,C00486,P0053,E0006,R002,2,10288.61,0.15,20577.22,3086.58,17490.64,13200.78,4289.85
ST0003783,6/30/2026,O000061,C00219,P0088,E0031,R001,4,25605.75,0,102422.99,0,102422.99,80193.99,22228.99
ST0003784,8/19/2026,O002272,C00081,P0137,E0013,R004,4,26798.31,0,107193.25,0,107193.25,98688.42,8504.83
ST0003785,12/22/2025,O002680,C00136,P0082,E0001,R002,2,29625.11,0,59250.22,0,59250.22,32814.82,26435.4
ST0003786,11/18/2025,O001631,C00514,P0104,E0041,R002,5,4052.18,0,20260.9,0,20260.9,11754.21,8506.7
ST0003787,7/21/2025,O000646,C00326,P0064,E0022,R003,7,16691.19,0,116838.36,0,116838.36,69442.11,47396.25
ST0003788,2/18/2025,O000489,C00429,P0057,E0017,R002,6,30071.65,0,180429.93,0,180429.93,110248.11,70181.82
ST0003789,1/15/2026,O000452,C00582,P0091,E0019,R002,5,24106.99,0.2,120534.95,24106.99,96427.96,71042.38,25385.58
ST0003790,7/2/2025,O000988,C00217,P0145,E0009,R002,8,3211.36,0,25690.84,0,25690.84,18642.54,7048.31
ST0003791,5/26/2025,O001473,C00451,P0125,E0019,R002,4,13208.82,0,52835.28,0,52835.28,47343.56,5491.72
ST0003792,7/19/2025,O001301,C00124,P0149,E0020,R001,2,34486.2,0.1,68972.4,6897.24,62075.16,48868.45,13206.72
ST0003793,8/8/2026,O001747,C00536,P0004,E0013,R004,7,32675.46,0,228728.24,0,228728.24,169314.57,59413.67
ST0003794,5/5/2026,O002932,C00408,P0098,E0027,R008,6,42202.6,0.1,253215.59,25321.56,227894.04,166624.45,61269.58
ST0003795,3/3/2026,O000156,C00135,P0037,E0020,R001,7,31577.44,0.2,221042.07,44208.41,176833.65,170319.55,6514.1
ST0003796,2/17/2026,O000716,C00055,P0037,E0027,R008,5,31425.73,0.1,157128.67,15712.87,141415.81,121656.82,19758.98
ST0003797,2/18/2025,O002262,C00234,P0034,E0036,R004,3,40354.33,0.05,121062.98,6053.15,115009.83,68318.6,46691.24
ST0003798,7/4/2025,O000430,C00213,P0141,E0009,R002,3,19495.04,0.1,58485.12,5848.51,52636.61,49054.52,3582.08
ST0003799,3/16/2025,O002627,C00191,P0026,E0030,R003,4,18448.74,0.1,73794.95,7379.5,66415.46,59980.5,6434.96
ST0003800,6/9/2025,O000514,C00276,P0017,E0015,R008,1,28954,0,28954,0,28954,23723.9,5230.1
ST0003801,4/17/2026,O000317,C00539,P0083,E0023,R004,8,55034.6,0.15,440276.81,66041.52,374235.29,253042.36,121192.93
ST0003802,10/14/2025,O002034,C00574,P0005,E0041,R002,7,12372.35,0.15,86606.46,12990.97,73615.49,79929.24,-6313.75
ST0003803,12/5/2025,O002145,C00578,P0017,E0019,R002,1,29054.94,0.15,29054.94,4358.24,24696.7,23723.9,972.8
ST0003804,11/15/2025,O001957,C00439,P0091,E0032,R001,3,24323.7,0.1,72971.09,7297.11,65673.99,42625.43,23048.55
ST0003805,12/26/2025,O002175,C00388,P0102,E0041,R002,7,30920.71,0,216444.98,0,216444.98,115892.99,100551.99
ST0003806,5/8/2025,O002185,C00102,P0055,E0001,R002,7,23704.7,0.25,165932.93,41483.23,124449.7,118834.75,5614.95
ST0003807,1/28/2025,O001603,C00464,P0143,E0037,R004,3,36282.21,0,108846.63,0,108846.63,68275.38,40571.25
ST0003808,6/29/2025,O001813,C00451,P0058,E0009,R002,8,30625.51,0,245004.12,0,245004.12,151417.59,93586.53
ST0003809,1/14/2025,O002153,C00187,P0117,E0009,R002,2,22523.09,0.25,45046.19,11261.55,33784.64,34946.64,-1162
ST0003810,1/6/2026,O000810,C00361,P0149,E0037,R004,1,35114.69,0,35114.69,0,35114.69,24434.22,10680.46
ST0003811,4/26/2025,O002469,C00239,P0040,E0001,R002,1,28960.7,0.05,28960.7,1448.03,27512.66,17361.01,10151.65
ST0003812,2/26/2025,O002724,C00410,P0101,E0009,R002,3,36117.44,0,108352.31,0,108352.31,60982.74,47369.57
ST0003813,12/29/2025,O001976,C00174,P0002,E0005,R005,3,6492.48,0.05,19477.43,973.87,18503.55,12729.19,5774.36
ST0003814,5/10/2025,O002018,C00387,P0074,E0002,R002,6,16131.22,0.1,96787.3,9678.73,87108.57,70821.98,16286.59
ST0003815,1/26/2025,O002555,C00225,P0134,E0021,R001,3,15897.8,0,47693.4,0,47693.4,31311.51,16381.89
ST0003816,5/7/2026,O001892,C00294,P0059,E0004,R008,2,25575.84,0,51151.67,0,51151.67,32948.29,18203.38
ST0003817,7/4/2025,O000626,C00322,P0054,E0030,R003,3,16462.97,0.1,49388.9,4938.89,44450.01,28534.37,15915.65
ST0003818,5/4/2026,O002747,C00017,P0045,E0003,R001,6,56220.75,0,337324.48,0,337324.48,189297.12,148027.36
ST0003819,6/15/2026,O001216,C00115,P0064,E0005,R005,5,17304.66,0.05,86523.31,4326.17,82197.14,49601.5,32595.64
ST0003820,7/31/2025,O001195,C00075,P0061,E0015,R008,2,43372.43,0.1,86744.85,8674.49,78070.37,52519.91,25550.46
ST0003821,5/16/2026,O001276,C00380,P0093,E0033,R008,5,15686.35,0,78431.74,0,78431.74,58751.89,19679.86
ST0003822,10/15/2025,O000236,C00506,P0122,E0025,R004,3,6010.92,0.05,18032.77,901.64,17131.13,10621.43,6509.7
ST0003823,4/8/2026,O001756,C00553,P0056,E0013,R004,7,46684.89,0.15,326794.22,49019.13,277775.09,179392.54,98382.54
ST0003824,1/14/2026,O002144,C00029,P0062,E0025,R004,8,32270.99,0.05,258167.92,12908.4,245259.52,162284.49,82975.03
ST0003825,11/25/2025,O002616,C00253,P0094,E0037,R004,1,39990.46,0.05,39990.46,1999.52,37990.93,29884.57,8106.36
ST0003826,1/9/2025,O002229,C00051,P0063,E0025,R004,8,20361.05,0,162888.42,0,162888.42,136227.48,26660.94
ST0003827,9/22/2025,O002048,C00219,P0119,E0005,R005,1,2982.98,0,2982.98,0,2982.98,1949.69,1033.29
ST0003828,10/29/2025,O002998,C00554,P0049,E0034,R001,2,17789.98,0,35579.96,0,35579.96,20363.73,15216.23
ST0003829,2/16/2026,O000390,C00103,P0020,E0001,R002,4,43280.51,0.15,173122.04,25968.31,147153.73,106305.06,40848.68
ST0003830,6/21/2025,O002895,C00408,P0129,E0027,R008,1,15939.58,0,15939.58,0,15939.58,9857.48,6082.1
ST0003831,4/14/2025,O000969,C00382,P0029,E0003,R001,6,39995.55,0.15,239973.31,35996,203977.31,143967.55,60009.76
ST0003832,12/20/2025,O001723,C00367,P0068,E0012,R004,1,23589.19,0,23589.19,0,23589.19,15473.65,8115.54
ST0003833,6/2/2025,O001280,C00143,P0104,E0022,R003,1,3870.6,0.15,3870.6,580.59,3290.01,2350.84,939.17
ST0003834,11/12/2025,O002774,C00469,P0052,E0001,R002,4,9369.98,0,37479.92,0,37479.92,25565.33,11914.59
ST0003835,9/1/2025,O001781,C00430,P0043,E0032,R001,3,46361.91,0.1,139085.74,13908.57,125177.17,83480.43,41696.74
ST0003836,1/25/2026,O000224,C00494,P0146,E0019,R002,4,38484.52,0.1,153938.08,15393.81,138544.27,99514.82,39029.44
ST0003837,6/16/2026,O001132,C00575,P0034,E0040,R005,7,38286.96,0,268008.7,0,268008.7,159410.06,108598.64
ST0003838,8/16/2025,O000947,C00501,P0030,E0039,R005,7,45434.23,0,318039.62,0,318039.62,211085.27,106954.35
ST0003839,2/2/2026,O002252,C00266,P0040,E0022,R003,4,26713.55,0,106854.21,0,106854.21,69444.06,37410.15
ST0003840,9/26/2025,O001948,C00052,P0022,E0022,R003,8,6500.11,0.25,52000.88,13000.22,39000.66,44907.69,-5907.03
ST0003841,1/17/2026,O002385,C00555,P0076,E0020,R001,6,19238.81,0.2,115432.85,23086.57,92346.28,71332.45,21013.83
ST0003842,7/1/2025,O001025,C00251,P0012,E0016,R002,6,27402.93,0.15,164417.57,24662.64,139754.93,127478.61,12276.32
ST0003843,7/30/2025,O002728,C00151,P0147,E0016,R002,6,48330.89,0,289985.36,0,289985.36,168123.88,121861.48
ST0003844,12/18/2025,O002450,C00388,P0003,E0028,R006,1,2427.38,0.25,2427.38,606.85,1820.54,1706.77,113.77
ST0003845,5/2/2025,O001363,C00069,P0106,E0018,R003,8,54186.16,0,433489.31,0,433489.31,273262.1,160227.21
ST0003846,12/4/2025,O002612,C00414,P0092,E0017,R002,3,59088.86,0,177266.58,0,177266.58,100202.82,77063.76
ST0003847,8/9/2026,O001495,C00299,P0095,E0025,R004,2,2083.39,0.1,4166.79,416.68,3750.11,2983.74,766.36
ST0003848,12/3/2025,O000978,C00472,P0093,E0039,R005,3,15385.7,0,46157.11,0,46157.11,35251.13,10905.98
ST0003849,7/10/2026,O002672,C00034,P0008,E0019,R002,3,39757.56,0.25,119272.67,29818.17,89454.5,65990.26,23464.24
ST0003850,5/26/2025,O002160,C00544,P0097,E0024,R002,8,11836.89,0,94695.09,0,94695.09,54840.59,39854.49
ST0003851,4/11/2025,O001626,C00085,P0107,E0014,R005,6,7369.46,0,44216.76,0,44216.76,37019.12,7197.63
ST0003852,11/5/2025,O000691,C00470,P0076,E0001,R002,3,20207.5,0.05,60622.49,3031.12,57591.37,35666.23,21925.14
ST0003853,4/11/2025,O001826,C00134,P0113,E0011,R008,8,1754.21,0.2,14033.7,2806.74,11226.96,11457.82,-230.86
ST0003854,7/4/2025,O001233,C00394,P0149,E0035,R002,1,35738.38,0,35738.38,0,35738.38,24434.22,11304.15
ST0003855,3/14/2025,O002042,C00045,P0087,E0003,R001,4,5325.93,0.2,21303.71,4260.74,17042.97,15303.96,1739.01
ST0003856,2/24/2025,O002032,C00351,P0127,E0028,R006,6,9181.11,0,55086.65,0,55086.65,33532.62,21554.03
ST0003857,7/31/2026,O001294,C00243,P0135,E0017,R002,8,8760.07,0.15,70080.53,10512.08,59568.45,46109.46,13458.99
ST0003858,5/18/2026,O002558,C00572,P0135,E0028,R006,2,8304.75,0.2,16609.5,3321.9,13287.6,11527.37,1760.23
ST0003859,1/9/2026,O002269,C00126,P0064,E0029,R006,2,17283.96,0,34567.91,0,34567.91,19840.6,14727.31
ST0003860,7/4/2026,O001300,C00328,P0030,E0033,R008,2,45302.59,0,90605.17,0,90605.17,60310.08,30295.1
ST0003861,12/2/2025,O002963,C00536,P0068,E0027,R008,2,23691.45,0.2,47382.9,9476.58,37906.32,30947.31,6959.01
ST0003862,2/9/2025,O002052,C00416,P0080,E0019,R002,6,8253.69,0.1,49522.13,4952.21,44569.92,26208.24,18361.68
ST0003863,6/12/2026,O001801,C00007,P0056,E0010,R004,2,49059.93,0,98119.86,0,98119.86,51255.01,46864.85
ST0003864,11/24/2025,O001818,C00373,P0020,E0017,R002,8,43827.81,0.2,350622.51,70124.5,280498.01,212610.12,67887.89
ST0003865,1/25/2026,O001081,C00468,P0024,E0002,R002,1,8360.33,0.1,8360.33,836.03,7524.3,6094.07,1430.23
ST0003866,12/22/2025,O002446,C00582,P0083,E0013,R004,5,55355.65,0.05,276778.24,13838.91,262939.33,158151.48,104787.86
ST0003867,12/8/2025,O002682,C00594,P0014,E0004,R008,6,22946.91,0.25,137681.46,34420.37,103261.1,110613.02,-7351.92
ST0003868,8/8/2025,O000021,C00364,P0050,E0026,R006,5,1045.56,0,5227.81,0,5227.81,3339.44,1888.37
ST0003869,8/13/2025,O002661,C00564,P0024,E0022,R003,8,8131.19,0,65049.55,0,65049.55,48752.57,16296.98
ST0003870,6/2/2025,O001891,C00421,P0008,E0026,R006,7,37418.9,0.2,261932.28,52386.46,209545.83,153977.27,55568.56
ST0003871,3/9/2026,O000151,C00238,P0030,E0004,R008,2,48169.48,0.1,96338.97,9633.9,86705.07,60310.08,26395
ST0003872,6/4/2025,O000874,C00422,P0137,E0021,R001,4,28644.92,0.2,114579.68,22915.94,91663.74,98688.42,-7024.68
ST0003873,5/18/2025,O002140,C00574,P0023,E0023,R004,8,27987.64,0,223901.12,0,223901.12,152347.21,71553.91
ST0003874,1/26/2025,O001303,C00210,P0121,E0011,R008,7,11221.34,0.25,78549.37,19637.34,58912.03,49367.14,9544.89
ST0003875,9/28/2025,O001729,C00559,P0067,E0020,R001,1,38407.25,0.15,38407.25,5761.09,32646.16,32695.89,-49.73
ST0003876,1/9/2025,O000262,C00352,P0082,E0020,R001,5,30642.09,0.25,153210.44,38302.61,114907.83,82037.05,32870.78
ST0003877,6/13/2026,O001634,C00350,P0015,E0006,R002,8,30426.17,0,243409.35,0,243409.35,142152.76,101256.59
ST0003878,7/12/2025,O001192,C00049,P0020,E0021,R001,2,41827.11,0.05,83654.21,4182.71,79471.5,53152.53,26318.97
ST0003879,5/11/2026,O000843,C00598,P0070,E0017,R002,3,17349.72,0.2,52049.17,10409.83,41639.34,31895.06,9744.28
ST0003880,7/9/2026,O002898,C00431,P0018,E0010,R004,2,35580.3,0.1,71160.61,7116.06,64044.54,60569.16,3475.38
ST0003881,7/30/2026,O001299,C00336,P0075,E0024,R002,7,47148.93,0,330042.52,0,330042.52,189612.55,140429.97
ST0003882,5/14/2026,O001126,C00437,P0136,E0039,R005,3,45769.9,0.25,137309.7,34327.42,102982.27,81124.82,21857.46
ST0003883,6/14/2026,O000256,C00348,P0109,E0002,R002,5,42188.62,0,210943.11,0,210943.11,138559.52,72383.59
ST0003884,4/18/2026,O000325,C00474,P0109,E0002,R002,5,43389.62,0,216948.11,0,216948.11,138559.52,78388.59
ST0003885,5/3/2025,O002124,C00042,P0090,E0012,R004,2,16549.24,0.05,33098.48,1654.92,31443.55,23249,8194.55
ST0003886,3/29/2025,O002513,C00503,P0039,E0020,R001,4,38311.34,0.2,153245.36,30649.07,122596.29,133844.86,-11248.57
ST0003887,4/7/2025,O001731,C00302,P0101,E0034,R001,6,35201.74,0.25,211210.44,52802.61,158407.83,121965.47,36442.36
ST0003888,6/2/2026,O002029,C00047,P0074,E0022,R003,7,15144.53,0,106011.68,0,106011.68,82625.64,23386.04
ST0003889,5/30/2026,O000957,C00119,P0026,E0040,R005,7,19226.48,0.05,134585.36,6729.27,127856.09,104965.88,22890.22
ST0003890,2/7/2026,O002378,C00135,P0081,E0040,R005,1,42335.46,0.25,42335.46,10583.87,31751.6,26763.36,4988.24
ST0003891,10/20/2025,O001326,C00267,P0074,E0027,R008,2,14894.64,0,29789.28,0,29789.28,23607.33,6181.96
ST0003892,1/8/2026,O001949,C00319,P0027,E0022,R003,4,19183.17,0.05,76732.67,3836.63,72896.04,44071.72,28824.32
ST0003893,5/8/2026,O002625,C00493,P0109,E0036,R004,4,44408.17,0.25,177632.68,44408.17,133224.51,110847.62,22376.89
ST0003894,8/17/2025,O002801,C00600,P0004,E0006,R002,8,31719.43,0.25,253755.4,63438.85,190316.55,193502.36,-3185.81
ST0003895,7/19/2026,O002802,C00255,P0012,E0001,R002,8,26797.11,0.15,214376.84,32156.53,182220.31,169971.48,12248.83
ST0003896,1/20/2026,O002804,C00136,P0083,E0020,R001,8,54520.34,0,436162.76,0,436162.76,253042.36,183120.4
ST0003897,5/7/2026,O000457,C00011,P0143,E0029,R006,4,39566.41,0.05,158265.63,7913.28,150352.35,91033.84,59318.51
ST0003898,11/3/2025,O000437,C00038,P0083,E0014,R005,5,53940.62,0.1,269703.09,26970.31,242732.78,158151.48,84581.3
ST0003899,1/11/2026,O001256,C00277,P0128,E0026,R006,4,5331.2,0.2,21324.78,4264.96,17059.83,12544.9,4514.93
ST0003900,3/8/2025,O000913,C00413,P0096,E0028,R006,8,34724.68,0.25,277797.44,69449.36,208348.08,193174.63,15173.45
ST0003901,7/10/2025,O002470,C00525,P0123,E0028,R006,1,22838.64,0.1,22838.64,2283.86,20554.78,20528.02,26.76
ST0003902,12/10/2025,O002057,C00403,P0093,E0025,R004,3,16287.64,0.05,48862.93,2443.15,46419.78,35251.13,11168.65
ST0003903,8/11/2025,O000989,C00564,P0020,E0028,R006,8,43411.77,0.05,347294.16,17364.71,329929.45,212610.12,117319.34
ST0003904,8/10/2026,O000200,C00046,P0066,E0028,R006,1,29874.56,0,29874.56,0,29874.56,17033.96,12840.6
ST0003905,3/9/2026,O001941,C00073,P0005,E0032,R001,2,13368.7,0,26737.41,0,26737.41,22836.93,3900.48
ST0003906,5/3/2025,O002124,C00042,P0084,E0012,R004,7,38317.69,0.2,268223.81,53644.76,214579.05,190578.19,24000.86
ST0003907,8/24/2026,O001834,C00153,P0069,E0038,R002,1,16433.8,0.05,16433.8,821.69,15612.11,9342.11,6270
ST0003908,2/1/2025,O000693,C00146,P0145,E0024,R002,1,3142.09,0.25,3142.09,785.52,2356.57,2330.32,26.25
ST0003909,1/28/2025,O002692,C00124,P0091,E0030,R003,1,23694.22,0.1,23694.22,2369.42,21324.8,14208.48,7116.32
ST0003910,2/22/2026,O002337,C00209,P0040,E0015,R008,2,27896.17,0.1,55792.34,5579.23,50213.1,34722.03,15491.07
ST0003911,6/20/2026,O002990,C00526,P0040,E0029,R006,7,27527.9,0,192695.32,0,192695.32,121527.1,71168.22
ST0003912,6/18/2025,O001625,C00032,P0053,E0006,R002,3,10086.99,0.1,30260.97,3026.1,27234.87,19801.17,7433.7
ST0003913,5/26/2025,O002603,C00252,P0025,E0038,R002,2,2032.47,0.25,4064.94,1016.23,3048.7,2262.53,786.17
ST0003914,9/27/2025,O001104,C00463,P0010,E0015,R008,7,1153,0.1,8071,807.1,7263.9,5410.29,1853.61
ST0003915,3/11/2025,O002101,C00173,P0007,E0007,R002,1,24418.94,0.25,24418.94,6104.73,18314.2,16831.3,1482.91
ST0003916,2/12/2025,O000825,C00327,P0023,E0013,R004,2,27952.19,0.2,55904.37,11180.87,44723.5,38086.8,6636.7
ST0003917,8/23/2025,O000483,C00194,P0118,E0039,R005,6,21058.31,0.15,126349.88,18952.48,107397.4,91688.08,15709.32
ST0003918,10/2/2025,O000609,C00384,P0042,E0016,R002,4,20611.6,0,82446.41,0,82446.41,54890.38,27556.03
ST0003919,5/13/2025,O000760,C00083,P0085,E0037,R004,7,22873.01,0,160111.09,0,160111.09,108410.75,51700.34
ST0003920,7/29/2025,O001419,C00131,P0001,E0007,R002,4,29946.92,0.05,119787.68,5989.38,113798.3,69924.84,43873.46
ST0003921,4/18/2026,O001757,C00080,P0032,E0041,R002,7,22240.53,0.1,155683.69,15568.37,140115.32,116897.64,23217.69
ST0003922,2/13/2025,O002865,C00518,P0030,E0040,R005,5,45422.1,0.05,227110.49,11355.52,215754.97,150775.19,64979.78
ST0003923,5/11/2025,O000715,C00310,P0128,E0017,R002,8,5304.1,0,42432.82,0,42432.82,25089.8,17343.03
ST0003924,5/11/2025,O001293,C00592,P0126,E0023,R004,4,44254.94,0.25,177019.78,44254.94,132764.83,119302.4,13462.44
ST0003925,3/3/2026,O001042,C00334,P0047,E0035,R002,2,15973.1,0.05,31946.19,1597.31,30348.88,22432.56,7916.32
ST0003926,3/27/2025,O002960,C00588,P0039,E0011,R008,1,39604.66,0,39604.66,0,39604.66,33461.21,6143.45
ST0003927,7/12/2025,O000143,C00196,P0113,E0009,R002,4,1863.33,0.05,7453.34,372.67,7080.67,5728.91,1351.76
ST0003928,4/5/2026,O000459,C00251,P0095,E0035,R002,8,1998.5,0.2,15987.98,3197.6,12790.39,11934.97,855.41
ST0003929,5/23/2025,O002525,C00582,P0074,E0011,R008,3,15276.86,0.25,45830.58,11457.65,34372.94,35410.99,-1038.05
ST0003930,10/22/2025,O002714,C00252,P0085,E0019,R002,3,23278.53,0.25,69835.59,17458.9,52376.69,46461.75,5914.94
ST0003931,4/23/2026,O001352,C00141,P0058,E0023,R004,1,30268.83,0.15,30268.83,4540.32,25728.5,18927.2,6801.31
ST0003932,3/26/2025,O001492,C00386,P0092,E0006,R002,8,57321.23,0.25,458569.84,114642.46,343927.38,267207.51,76719.87
ST0003933,7/16/2026,O002893,C00571,P0058,E0002,R002,7,28609.48,0.25,200266.35,50066.59,150199.76,132490.39,17709.37
ST0003934,1/6/2025,O000747,C00209,P0126,E0003,R001,4,43217.05,0.05,172868.21,8643.41,164224.8,119302.4,44922.4
ST0003935,12/17/2025,O001859,C00130,P0039,E0020,R001,4,39257.44,0.2,157029.75,31405.95,125623.8,133844.86,-8221.06
ST0003936,5/29/2025,O000408,C00552,P0109,E0031,R001,2,42194.6,0,84389.2,0,84389.2,55423.81,28965.39
ST0003937,6/5/2025,O000349,C00511,P0062,E0020,R001,6,29966.33,0.2,179797.98,35959.6,143838.38,121713.37,22125.02
ST0003938,8/14/2025,O002608,C00555,P0019,E0020,R001,4,19220.22,0,76880.87,0,76880.87,65618.53,11262.35
ST0003939,10/12/2025,O000438,C00566,P0008,E0015,R008,8,38291.26,0.05,306330.05,15316.5,291013.55,175974.02,115039.53
ST0003940,6/6/2026,O002771,C00486,P0012,E0014,R005,3,27686.09,0.1,83058.28,8305.83,74752.46,63739.31,11013.15
ST0003941,2/2/2025,O002363,C00335,P0072,E0012,R004,5,47986.3,0,239931.5,0,239931.5,162307.61,77623.89
ST0003942,5/31/2025,O000699,C00113,P0055,E0001,R002,3,24342.41,0,73027.24,0,73027.24,50929.18,22098.07
ST0003943,4/21/2025,O000743,C00031,P0059,E0013,R004,3,25616.68,0.15,76850.03,11527.5,65322.52,49422.43,15900.09
ST0003944,9/25/2025,O001983,C00261,P0064,E0018,R003,6,17992.71,0.25,107956.24,26989.06,80967.18,59521.81,21445.38
ST0003946,7/4/2025,O000430,C00213,P0064,E0009,R002,8,16477.71,0.15,131821.7,19773.26,112048.45,79362.41,32686.04
ST0003947,4/19/2026,O001447,C00184,P0144,E0036,R004,8,20979.4,0,167835.16,0,167835.16,90382.22,77452.94
ST0003948,6/26/2026,O001965,C00169,P0044,E0004,R008,2,721.53,0,1443.07,0,1443.07,806.4,636.67
ST0003949,7/7/2026,O001738,C00240,P0142,E0029,R006,3,31962.14,0.2,95886.42,19177.28,76709.14,59037.74,17671.4
ST0003950,7/23/2026,O000222,C00252,P0133,E0036,R004,1,5098.79,0.25,5098.79,1274.7,3824.09,3018.23,805.86
ST0003951,8/5/2026,O002442,C00223,P0054,E0024,R002,8,16347.5,0,130780.02,0,130780.02,76091.65,54688.37
ST0003952,5/10/2025,O002559,C00168,P0060,E0022,R003,2,59689.13,0.25,119378.25,29844.56,89533.69,67250.15,22283.54
ST0003953,10/6/2025,O002226,C00039,P0078,E0039,R005,5,20496.19,0.15,102480.97,15372.15,87108.83,78372.32,8736.5
ST0003954,7/6/2025,O002291,C00256,P0064,E0016,R002,1,16798.89,0.2,16798.89,3359.78,13439.11,9920.3,3518.81
ST0003955,5/27/2026,O001140,C00411,P0113,E0024,R002,4,1800.13,0,7200.51,0,7200.51,5728.91,1471.6
ST0003956,6/27/2025,O000915,C00204,P0054,E0034,R001,8,16336.56,0.05,130692.45,6534.62,124157.83,76091.65,48066.18
ST0003957,3/6/2025,O002355,C00434,P0069,E0039,R005,7,15520.91,0.25,108646.4,27161.6,81484.8,65394.8,16090
ST0003958,12/13/2025,O001501,C00291,P0081,E0003,R001,5,40634.5,0.25,203172.51,50793.13,152379.38,133816.79,18562.59
ST0003959,7/15/2026,O002000,C00396,P0004,E0009,R002,1,31016.87,0,31016.87,0,31016.87,24187.8,6829.08
ST0003960,1/17/2025,O001459,C00323,P0083,E0033,R008,3,55086.23,0.05,165258.69,8262.93,156995.76,94890.89,62104.87
ST0003961,11/23/2025,O002261,C00039,P0026,E0021,R001,2,19277.1,0,38554.2,0,38554.2,29990.25,8563.95
ST0003962,8/2/2026,O002736,C00021,P0143,E0006,R002,3,37984.06,0.2,113952.18,22790.44,91161.74,68275.38,22886.37
ST0003963,9/25/2025,O000952,C00397,P0133,E0032,R001,6,4816.91,0,28901.47,0,28901.47,18109.39,10792.07
ST0003964,8/21/2025,O002987,C00320,P0137,E0011,R008,5,27635.62,0.15,138178.09,20726.71,117451.38,123360.52,-5909.14
ST0003965,8/24/2025,O002267,C00221,P0043,E0015,R008,6,45039.76,0.2,270238.54,54047.71,216190.83,166960.87,49229.96
ST0003966,8/11/2026,O001451,C00136,P0057,E0017,R002,8,27526.47,0.05,220211.79,11010.59,209201.2,146997.48,62203.72
ST0003967,8/7/2026,O001746,C00108,P0076,E0018,R003,2,18960.83,0.25,37921.66,9480.42,28441.25,23777.48,4663.76
ST0003968,9/16/2025,O000962,C00052,P0056,E0040,R005,1,46850.49,0,46850.49,0,46850.49,25627.51,21222.99
ST0003969,5/10/2025,O001562,C00018,P0106,E0032,R001,7,53571.25,0.1,374998.78,37499.88,337498.9,239104.33,98394.57
ST0003970,4/8/2025,O000250,C00075,P0103,E0040,R005,4,40551.21,0,162204.84,0,162204.84,88748.93,73455.91
ST0003971,9/11/2025,O000372,C00467,P0026,E0011,R008,2,19163.79,0.2,38327.57,7665.51,30662.06,29990.25,671.81
ST0003972,3/29/2025,O000383,C00171,P0027,E0006,R002,6,18606.45,0,111638.71,0,111638.71,66107.58,45531.13
ST0003973,6/23/2025,O000105,C00595,P0063,E0013,R004,8,20040.37,0,160322.93,0,160322.93,136227.48,24095.45
ST0003974,8/18/2025,O000780,C00394,P0066,E0030,R003,1,28235.63,0.1,28235.63,2823.56,25412.07,17033.96,8378.11
ST0003975,12/26/2025,O002551,C00582,P0020,E0029,R006,8,40087.08,0,320696.63,0,320696.63,212610.12,108086.52
ST0003976,1/21/2026,O001990,C00461,P0147,E0010,R004,4,48324,0,193295.99,0,193295.99,112082.59,81213.4
ST0003977,1/19/2025,O002206,C00489,P0149,E0001,R002,3,37592.48,0,112777.45,0,112777.45,73302.67,39474.77
ST0003978,1/5/2025,O001175,C00002,P0095,E0035,R002,3,1994.23,0,5982.69,0,5982.69,4475.61,1507.08
ST0003979,11/5/2025,O000396,C00131,P0101,E0033,R008,3,37687.69,0.1,113063.08,11306.31,101756.77,60982.74,40774.04
ST0003980,1/14/2025,O002838,C00324,P0077,E0027,R008,3,476.35,0.15,1429.05,214.36,1214.7,1246.95,-32.25
ST0003981,4/9/2025,O001106,C00350,P0123,E0033,R008,4,22966.37,0.25,91865.46,22966.37,68899.1,82112.07,-13212.97
ST0003983,6/9/2025,O000551,C00014,P0148,E0020,R001,1,16907.92,0,16907.92,0,16907.92,13747.01,3160.92
ST0003984,3/20/2026,O001576,C00051,P0113,E0018,R003,2,1725.87,0.25,3451.73,862.93,2588.8,2864.46,-275.66
ST0003985,7/3/2025,O001845,C00214,P0041,E0036,R004,1,48024.89,0.1,48024.89,4802.49,43222.4,28367.2,14855.2
ST0003986,4/18/2026,O002248,C00140,P0006,E0009,R002,4,35675.1,0.2,142700.42,28540.08,114160.33,79855.93,34304.4
ST0003987,6/8/2025,O001315,C00538,P0003,E0028,R006,2,2363.27,0.25,4726.54,1181.64,3544.91,3413.54,131.37
ST0003988,3/4/2026,O001698,C00408,P0139,E0009,R002,5,46125.88,0.1,230629.42,23062.94,207566.47,139157.09,68409.38
ST0003989,9/27/2025,O001338,C00123,P0115,E0021,R001,2,39216.56,0.1,78433.13,7843.31,70589.81,43415.92,27173.89
ST0003990,5/5/2026,O001080,C00216,P0076,E0006,R002,3,18405.76,0.05,55217.27,2760.86,52456.41,35666.23,16790.18
ST0003991,1/22/2025,O001067,C00465,P0015,E0035,R002,6,31489.19,0.05,188935.16,9446.76,179488.4,106614.57,72873.83
ST0003992,2/26/2025,O002829,C00012,P0084,E0023,R004,7,38040.84,0.05,266285.85,13314.29,252971.56,190578.19,62393.37
ST0003993,5/19/2026,O000040,C00571,P0145,E0021,R001,3,3052.88,0.2,9158.63,1831.73,7326.9,6990.95,335.95
ST0003994,4/1/2026,O001613,C00460,P0128,E0029,R006,6,5530.09,0.15,33180.52,4977.08,28203.45,18817.35,9386.1
ST0003995,8/18/2026,O002784,C00106,P0063,E0026,R006,1,21525.38,0,21525.38,0,21525.38,17028.44,4496.95
ST0003996,12/8/2025,O000294,C00040,P0058,E0036,R004,5,30270.52,0,151352.61,0,151352.61,94635.99,56716.61
ST0003997,6/12/2025,O001242,C00122,P0009,E0036,R004,6,3185.86,0.15,19115.15,2867.27,16247.88,12444.34,3803.54
ST0003998,11/2/2025,O000214,C00186,P0100,E0002,R002,8,43251.7,0,346013.61,0,346013.61,226174.22,119839.39
ST0003999,4/6/2026,O001044,C00342,P0070,E0024,R002,7,17449.53,0.15,122146.72,18322.01,103824.71,74421.8,29402.91
ST0004000,3/25/2026,O001055,C00588,P0002,E0014,R005,1,5890.97,0.05,5890.97,294.55,5596.42,4243.06,1353.36
,,,,,,,,,,,,,,
