Issue,Department,Entity_ID,Entity_Name,Value,Threshold,Priority,Recommended_Action
"Negative Product Profit","Sales / Product",P0110,"HOM Product 110",-298.68,">= 0 Net Product Profit",Critical,"Review pricing, discount, product cost and return losses immediately."
"Negative Product Profit","Sales / Product",P0123,"ELE Product 123",-4574.56,">= 0 Net Product Profit",Critical,"Review pricing, discount, product cost and return losses immediately."
"Negative Product Profit","Sales / Product",P0035,"ACC Product 035",-9459.38,">= 0 Net Product Profit",Critical,"Review pricing, discount, product cost and return losses immediately."
"Negative Product Profit","Sales / Product",P0113,"ACC Product 113",-16823.30,">= 0 Net Product Profit",Critical,"Review pricing, discount, product cost and return losses immediately."
"Negative Product Profit","Sales / Product",P0125,"FUR Product 125",-18334.33,">= 0 Net Product Profit",Critical,"Review pricing, discount, product cost and return losses immediately."
"Negative Product Profit","Sales / Product",P0107,"ELE Product 107",-19052.37,">= 0 Net Product Profit",Critical,"Review pricing, discount, product cost and return losses immediately."
"Negative Product Profit","Sales / Product",P0086,"OFF Product 086",-36101.38,">= 0 Net Product Profit",Critical,"Review pricing, discount, product cost and return losses immediately."
"Negative Product Profit","Sales / Product",P0114,"IT  Product 114",-38589.85,">= 0 Net Product Profit",Critical,"Review pricing, discount, product cost and return losses immediately."
"Negative Product Profit","Sales / Product",P0141,"HOM Product 141",-45521.84,">= 0 Net Product Profit",Critical,"Review pricing, discount, product cost and return losses immediately."
"Negative Product Profit","Sales / Product",P0078,"ELE Product 078",-103631.05,">= 0 Net Product Profit",Critical,"Review pricing, discount, product cost and return losses immediately."
"Negative Product Profit","Sales / Product",P0005,"ACC Product 005",-112430.67,">= 0 Net Product Profit",Critical,"Review pricing, discount, product cost and return losses immediately."
"Negative Product Profit","Sales / Product",P0137,"IT  Product 137",-121489.88,">= 0 Net Product Profit",Critical,"Review pricing, discount, product cost and return losses immediately."
"Negative Product Profit","Sales / Product",P0079,"ELE Product 079",-125005.21,">= 0 Net Product Profit",Critical,"Review pricing, discount, product cost and return losses immediately."
"Negative Product Profit","Sales / Product",P0067,"OFF Product 067",-147637.30,">= 0 Net Product Profit",Critical,"Review pricing, discount, product cost and return losses immediately."
"Outstanding Receivable > 180 Days",Finance,C00397,"Priya Nair",1118806.55,"> 180 Days Outstanding",Critical,"Escalate collection immediately and review customer credit exposure."
"Outstanding Receivable > 180 Days",Finance,C00022,"Anitha Iyer",1048723.67,"> 180 Days Outstanding",Critical,"Escalate collection immediately and review customer credit exposure."
"Outstanding Receivable > 180 Days",Finance,C00166,"Asha Das",1008530.50,"> 180 Days Outstanding",Critical,"Escalate collection immediately and review customer credit exposure."
"Outstanding Receivable > 180 Days",Finance,C00501,"Manoj Rao",867874.44,"> 180 Days Outstanding",Critical,"Escalate collection immediately and review customer credit exposure."
"Outstanding Receivable > 180 Days",Finance,C00436,"Divya Nair",845419.25,"> 180 Days Outstanding",Critical,"Escalate collection immediately and review customer credit exposure."
"Outstanding Receivable > 180 Days",Finance,C00307,"Manoj Kumar",811826.19,"> 180 Days Outstanding",Critical,"Escalate collection immediately and review customer credit exposure."
"Outstanding Receivable > 180 Days",Finance,C00367,"Ajay Singh",808954.49,"> 180 Days Outstanding",Critical,"Escalate collection immediately and review customer credit exposure."
"Outstanding Receivable > 180 Days",Finance,C00574,"Manoj Rao",777827.98,"> 180 Days Outstanding",Critical,"Escalate collection immediately and review customer credit exposure."
"Outstanding Receivable > 180 Days",Finance,C00359,"Anitha Das",750372.77,"> 180 Days Outstanding",Critical,"Escalate collection immediately and review customer credit exposure."
"Outstanding Receivable > 180 Days",Finance,C00582,"Deepak Kumar",716241.66,"> 180 Days Outstanding",Critical,"Escalate collection immediately and review customer credit exposure."
"Outstanding Receivable > 180 Days",Finance,C00232,"Sanjay Sharma",706648.59,"> 180 Days Outstanding",Critical,"Escalate collection immediately and review customer credit exposure."
"Outstanding Receivable > 180 Days",Finance,C00394,"Manoj Singh",701151.97,"> 180 Days Outstanding",Critical,"Escalate collection immediately and review customer credit exposure."
"Outstanding Receivable > 180 Days",Finance,C00145,"Karthik Singh",672020.30,"> 180 Days Outstanding",Critical,"Escalate collection immediately and review customer credit exposure."
"Outstanding Receivable > 180 Days",Finance,C00508,"Kavya Gupta",665517.21,"> 180 Days Outstanding",Critical,"Escalate collection immediately and review customer credit exposure."
"Outstanding Receivable > 180 Days",Finance,C00327,"Sneha Sharma",655438.76,"> 180 Days Outstanding",Critical,"Escalate collection immediately and review customer credit exposure."
"Outstanding Receivable > 180 Days",Finance,C00240,"Rahul Iyer",644172.44,"> 180 Days Outstanding",Critical,"Escalate collection immediately and review customer credit exposure."
"Outstanding Receivable > 180 Days",Finance,C00392,"Sanjay Patel",620955.41,"> 180 Days Outstanding",Critical,"Escalate collection immediately and review customer credit exposure."
"Outstanding Receivable > 180 Days",Finance,C00146,"Vijay Iyer",617985.68,"> 180 Days Outstanding",Critical,"Escalate collection immediately and review customer credit exposure."
"Outstanding Receivable > 180 Days",Finance,C00367,"Ajay Singh",611917.99,"> 180 Days Outstanding",Critical,"Escalate collection immediately and review customer credit exposure."
"Outstanding Receivable > 180 Days",Finance,C00228,"Rohit Das",609275.00,"> 180 Days Outstanding",Critical,"Escalate collection immediately and review customer credit exposure."
"Outstanding Receivable > 180 Days",Finance,C00118,"Arun Sharma",603750.46,"> 180 Days Outstanding",Critical,"Escalate collection immediately and review customer credit exposure."
"Outstanding Receivable > 180 Days",Finance,C00414,"Rohit Patel",600659.56,"> 180 Days Outstanding",Critical,"Escalate collection immediately and review customer credit exposure."
"Outstanding Receivable > 180 Days",Finance,C00006,"Kavya Gupta",599161.49,"> 180 Days Outstanding",Critical,"Escalate collection immediately and review customer credit exposure."
"Outstanding Receivable > 180 Days",Finance,C00126,"Arun Sharma",594723.01,"> 180 Days Outstanding",Critical,"Escalate collection immediately and review customer credit exposure."
"Outstanding Receivable > 180 Days",Finance,C00581,"Meena Gupta",594149.67,"> 180 Days Outstanding",Critical,"Escalate collection immediately and review customer credit exposure."
"Outstanding Receivable > 180 Days",Finance,C00468,"Rohit Rao",592247.52,"> 180 Days Outstanding",Critical,"Escalate collection immediately and review customer credit exposure."
"Outstanding Receivable > 180 Days",Finance,C00543,"Vijay Nair",591810.84,"> 180 Days Outstanding",Critical,"Escalate collection immediately and review customer credit exposure."
"Outstanding Receivable > 180 Days",Finance,C00466,"Karthik Patel",591611.48,"> 180 Days Outstanding",Critical,"Escalate collection immediately and review customer credit exposure."
"Outstanding Receivable > 180 Days",Finance,C00241,"Pooja Reddy",583152.71,"> 180 Days Outstanding",Critical,"Escalate collection immediately and review customer credit exposure."
"Outstanding Receivable > 180 Days",Finance,C00208,"Meena Sharma",574557.46,"> 180 Days Outstanding",Critical,"Escalate collection immediately and review customer credit exposure."
"Outstanding Receivable > 180 Days",Finance,C00185,"Vijay Patel",566941.56,"> 180 Days Outstanding",Critical,"Escalate collection immediately and review customer credit exposure."
"Outstanding Receivable > 180 Days",Finance,C00445,"Deepak Sharma",562136.87,"> 180 Days Outstanding",Critical,"Escalate collection immediately and review customer credit exposure."
"Outstanding Receivable > 180 Days",Finance,C00186,"Rohit Patel",559866.12,"> 180 Days Outstanding",Critical,"Escalate collection immediately and review customer credit exposure."
"Outstanding Receivable > 180 Days",Finance,C00049,"Deepak Sharma",558966.17,"> 180 Days Outstanding",Critical,"Escalate collection immediately and review customer credit exposure."
"Outstanding Receivable > 180 Days",Finance,C00094,"Nisha Iyer",557809.18,"> 180 Days Outstanding",Critical,"Escalate collection immediately and review customer credit exposure."
"Outstanding Receivable > 180 Days",Finance,C00042,"Anitha Iyer",548536.54,"> 180 Days Outstanding",Critical,"Escalate collection immediately and review customer credit exposure."
"Outstanding Receivable > 180 Days",Finance,C00045,"Priya Reddy",546937.67,"> 180 Days Outstanding",Critical,"Escalate collection immediately and review customer credit exposure."
"Outstanding Receivable > 180 Days",Finance,C00566,"Kavya Sharma",541078.47,"> 180 Days Outstanding",Critical,"Escalate collection immediately and review customer credit exposure."
"Outstanding Receivable > 180 Days",Finance,C00011,"Surya Kumar",535294.64,"> 180 Days Outstanding",Critical,"Escalate collection immediately and review customer credit exposure."
"Outstanding Receivable > 180 Days",Finance,C00373,"Anitha Singh",533509.62,"> 180 Days Outstanding",Critical,"Escalate collection immediately and review customer credit exposure."
"Outstanding Receivable > 180 Days",Finance,C00173,"Vijay Sharma",531855.06,"> 180 Days Outstanding",Critical,"Escalate collection immediately and review customer credit exposure."
"Outstanding Receivable > 180 Days",Finance,C00146,"Vijay Iyer",529961.33,"> 180 Days Outstanding",Critical,"Escalate collection immediately and review customer credit exposure."
"Outstanding Receivable > 180 Days",Finance,C00318,"Sneha Das",525404.09,"> 180 Days Outstanding",Critical,"Escalate collection immediately and review customer credit exposure."
"Outstanding Receivable > 180 Days",Finance,C00600,"Anitha Nair",521332.48,"> 180 Days Outstanding",Critical,"Escalate collection immediately and review customer credit exposure."
"Outstanding Receivable > 180 Days",Finance,C00246,"Ajay Patel",516134.36,"> 180 Days Outstanding",Critical,"Escalate collection immediately and review customer credit exposure."
"Outstanding Receivable > 180 Days",Finance,C00186,"Rohit Patel",513058.46,"> 180 Days Outstanding",Critical,"Escalate collection immediately and review customer credit exposure."
"Outstanding Receivable > 180 Days",Finance,C00257,"Priya Iyer",512055.17,"> 180 Days Outstanding",Critical,"Escalate collection immediately and review customer credit exposure."
"Outstanding Receivable > 180 Days",Finance,C00319,"Arun Iyer",511392.25,"> 180 Days Outstanding",Critical,"Escalate collection immediately and review customer credit exposure."
"Outstanding Receivable > 180 Days",Finance,C00178,"Ajay Kumar",510237.58,"> 180 Days Outstanding",Critical,"Escalate collection immediately and review customer credit exposure."
"Outstanding Receivable > 180 Days",Finance,C00038,"Rahul Das",495678.10,"> 180 Days Outstanding",Critical,"Escalate collection immediately and review customer credit exposure."
"Outstanding Receivable > 180 Days",Finance,C00066,"Karthik Patel",493610.29,"> 180 Days Outstanding",Critical,"Escalate collection immediately and review customer credit exposure."
"Outstanding Receivable > 180 Days",Finance,C00454,"Kavya Das",487671.69,"> 180 Days Outstanding",Critical,"Escalate collection immediately and review customer credit exposure."
"Outstanding Receivable > 180 Days",Finance,C00212,"Rohit Kumar",487573.22,"> 180 Days Outstanding",Critical,"Escalate collection immediately and review customer credit exposure."
"Outstanding Receivable > 180 Days",Finance,C00567,"Anitha Kumar",478062.19,"> 180 Days Outstanding",Critical,"Escalate collection immediately and review customer credit exposure."
"Outstanding Receivable > 180 Days",Finance,C00568,"Vijay Iyer",471562.09,"> 180 Days Outstanding",Critical,"Escalate collection immediately and review customer credit exposure."
"Outstanding Receivable > 180 Days",Finance,C00475,"Lakshmi Gupta",468989.90,"> 180 Days Outstanding",Critical,"Escalate collection immediately and review customer credit exposure."
"Outstanding Receivable > 180 Days",Finance,C00204,"Surya Rao",468321.41,"> 180 Days Outstanding",Critical,"Escalate collection immediately and review customer credit exposure."
"Outstanding Receivable > 180 Days",Finance,C00393,"Rahul Sharma",468130.62,"> 180 Days Outstanding",Critical,"Escalate collection immediately and review customer credit exposure."
"Outstanding Receivable > 180 Days",Finance,C00362,"Vijay Singh",465074.63,"> 180 Days Outstanding",Critical,"Escalate collection immediately and review customer credit exposure."
"Outstanding Receivable > 180 Days",Finance,C00431,"Rahul Reddy",462776.85,"> 180 Days Outstanding",Critical,"Escalate collection immediately and review customer credit exposure."
"Outstanding Receivable > 180 Days",Finance,C00429,"Vijay Singh",459444.17,"> 180 Days Outstanding",Critical,"Escalate collection immediately and review customer credit exposure."
"Outstanding Receivable > 180 Days",Finance,C00271,"Arun Singh",458778.57,"> 180 Days Outstanding",Critical,"Escalate collection immediately and review customer credit exposure."
"Outstanding Receivable > 180 Days",Finance,C00132,"Rahul Patel",454769.03,"> 180 Days Outstanding",Critical,"Escalate collection immediately and review customer credit exposure."
"Outstanding Receivable > 180 Days",Finance,C00127,"Karthik Kumar",454075.40,"> 180 Days Outstanding",Critical,"Escalate collection immediately and review customer credit exposure."
"Outstanding Receivable > 180 Days",Finance,C00067,"Nisha Rao",448992.57,"> 180 Days Outstanding",Critical,"Escalate collection immediately and review customer credit exposure."
"Outstanding Receivable > 180 Days",Finance,C00526,"Meena Nair",445031.85,"> 180 Days Outstanding",Critical,"Escalate collection immediately and review customer credit exposure."
"Outstanding Receivable > 180 Days",Finance,C00211,"Divya Kumar",443848.97,"> 180 Days Outstanding",Critical,"Escalate collection immediately and review customer credit exposure."
"Outstanding Receivable > 180 Days",Finance,C00439,"Deepak Sharma",433962.50,"> 180 Days Outstanding",Critical,"Escalate collection immediately and review customer credit exposure."
"Outstanding Receivable > 180 Days",Finance,C00085,"Divya Singh",430613.80,"> 180 Days Outstanding",Critical,"Escalate collection immediately and review customer credit exposure."
"Outstanding Receivable > 180 Days",Finance,C00082,"Anitha Patel",428056.27,"> 180 Days Outstanding",Critical,"Escalate collection immediately and review customer credit exposure."
"Outstanding Receivable > 180 Days",Finance,C00511,"Kavya Iyer",426568.09,"> 180 Days Outstanding",Critical,"Escalate collection immediately and review customer credit exposure."
"Outstanding Receivable > 180 Days",Finance,C00323,"Asha Gupta",426384.43,"> 180 Days Outstanding",Critical,"Escalate collection immediately and review customer credit exposure."
"Outstanding Receivable > 180 Days",Finance,C00311,"Pooja Patel",423620.20,"> 180 Days Outstanding",Critical,"Escalate collection immediately and review customer credit exposure."
"Outstanding Receivable > 180 Days",Finance,C00417,"Surya Reddy",421721.03,"> 180 Days Outstanding",Critical,"Escalate collection immediately and review customer credit exposure."
"Outstanding Receivable > 180 Days",Finance,C00415,"Pooja Kumar",421076.20,"> 180 Days Outstanding",Critical,"Escalate collection immediately and review customer credit exposure."
"Outstanding Receivable > 180 Days",Finance,C00342,"Asha Kumar",420561.66,"> 180 Days Outstanding",Critical,"Escalate collection immediately and review customer credit exposure."
"Outstanding Receivable > 180 Days",Finance,C00156,"Pooja Iyer",418775.96,"> 180 Days Outstanding",Critical,"Escalate collection immediately and review customer credit exposure."
"Outstanding Receivable > 180 Days",Finance,C00261,"Sneha Singh",415556.66,"> 180 Days Outstanding",Critical,"Escalate collection immediately and review customer credit exposure."
"Outstanding Receivable > 180 Days",Finance,C00409,"Priya Gupta",414867.20,"> 180 Days Outstanding",Critical,"Escalate collection immediately and review customer credit exposure."
"Outstanding Receivable > 180 Days",Finance,C00599,"Karthik Patel",411826.98,"> 180 Days Outstanding",Critical,"Escalate collection immediately and review customer credit exposure."
"Outstanding Receivable > 180 Days",Finance,C00386,"Lakshmi Kumar",405834.31,"> 180 Days Outstanding",Critical,"Escalate collection immediately and review customer credit exposure."
"Outstanding Receivable > 180 Days",Finance,C00429,"Vijay Singh",404341.82,"> 180 Days Outstanding",Critical,"Escalate collection immediately and review customer credit exposure."
"Outstanding Receivable > 180 Days",Finance,C00258,"Sanjay Singh",402657.54,"> 180 Days Outstanding",Critical,"Escalate collection immediately and review customer credit exposure."
"Outstanding Receivable > 180 Days",Finance,C00575,"Deepak Reddy",400778.32,"> 180 Days Outstanding",Critical,"Escalate collection immediately and review customer credit exposure."
"Outstanding Receivable > 180 Days",Finance,C00488,"Asha Iyer",399612.63,"> 180 Days Outstanding",Critical,"Escalate collection immediately and review customer credit exposure."
"Outstanding Receivable > 180 Days",Finance,C00215,"Pooja Singh",399441.59,"> 180 Days Outstanding",Critical,"Escalate collection immediately and review customer credit exposure."
"Outstanding Receivable > 180 Days",Finance,C00421,"Sneha Iyer",397381.29,"> 180 Days Outstanding",Critical,"Escalate collection immediately and review customer credit exposure."
"Outstanding Receivable > 180 Days",Finance,C00332,"Sanjay Reddy",394969.83,"> 180 Days Outstanding",Critical,"Escalate collection immediately and review customer credit exposure."
"Outstanding Receivable > 180 Days",Finance,C00228,"Rohit Das",394900.07,"> 180 Days Outstanding",Critical,"Escalate collection immediately and review customer credit exposure."
"Outstanding Receivable > 180 Days",Finance,C00473,"Pooja Kumar",394306.29,"> 180 Days Outstanding",Critical,"Escalate collection immediately and review customer credit exposure."
"Outstanding Receivable > 180 Days",Finance,C00176,"Deepak Singh",393950.95,"> 180 Days Outstanding",Critical,"Escalate collection immediately and review customer credit exposure."
"Outstanding Receivable > 180 Days",Finance,C00586,"Kavya Iyer",393219.63,"> 180 Days Outstanding",Critical,"Escalate collection immediately and review customer credit exposure."
"Outstanding Receivable > 180 Days",Finance,C00206,"Sanjay Kumar",386699.92,"> 180 Days Outstanding",Critical,"Escalate collection immediately and review customer credit exposure."
"Outstanding Receivable > 180 Days",Finance,C00146,"Vijay Iyer",382883.50,"> 180 Days Outstanding",Critical,"Escalate collection immediately and review customer credit exposure."
"Outstanding Receivable > 180 Days",Finance,C00217,"Rohit Nair",380932.32,"> 180 Days Outstanding",Critical,"Escalate collection immediately and review customer credit exposure."
"Outstanding Receivable > 180 Days",Finance,C00373,"Anitha Singh",379637.24,"> 180 Days Outstanding",Critical,"Escalate collection immediately and review customer credit exposure."
"Outstanding Receivable > 180 Days",Finance,C00537,"Anitha Singh",378628.08,"> 180 Days Outstanding",Critical,"Escalate collection immediately and review customer credit exposure."
"Outstanding Receivable > 180 Days",Finance,C00499,"Manoj Rao",377591.60,"> 180 Days Outstanding",Critical,"Escalate collection immediately and review customer credit exposure."
"Outstanding Receivable > 180 Days",Finance,C00277,"Ajay Sharma",376933.24,"> 180 Days Outstanding",Critical,"Escalate collection immediately and review customer credit exposure."
"Outstanding Receivable > 180 Days",Finance,C00574,"Manoj Rao",375968.85,"> 180 Days Outstanding",Critical,"Escalate collection immediately and review customer credit exposure."
"Outstanding Receivable > 180 Days",Finance,C00307,"Manoj Kumar",375794.90,"> 180 Days Outstanding",Critical,"Escalate collection immediately and review customer credit exposure."
"Outstanding Receivable > 180 Days",Finance,C00017,"Priya Rao",368288.72,"> 180 Days Outstanding",Critical,"Escalate collection immediately and review customer credit exposure."
"Outstanding Receivable > 180 Days",Finance,C00328,"Priya Nair",367543.03,"> 180 Days Outstanding",Critical,"Escalate collection immediately and review customer credit exposure."
"Outstanding Receivable > 180 Days",Finance,C00205,"Karthik Sharma",367020.70,"> 180 Days Outstanding",Critical,"Escalate collection immediately and review customer credit exposure."
"Outstanding Receivable > 180 Days",Finance,C00455,"Surya Gupta",364486.13,"> 180 Days Outstanding",Critical,"Escalate collection immediately and review customer credit exposure."
"Outstanding Receivable > 180 Days",Finance,C00264,"Deepak Das",362440.50,"> 180 Days Outstanding",Critical,"Escalate collection immediately and review customer credit exposure."
"Outstanding Receivable > 180 Days",Finance,C00464,"Manoj Reddy",360364.41,"> 180 Days Outstanding",Critical,"Escalate collection immediately and review customer credit exposure."
"Outstanding Receivable > 180 Days",Finance,C00307,"Manoj Kumar",359866.04,"> 180 Days Outstanding",Critical,"Escalate collection immediately and review customer credit exposure."
"Outstanding Receivable > 180 Days",Finance,C00411,"Anitha Das",358173.51,"> 180 Days Outstanding",Critical,"Escalate collection immediately and review customer credit exposure."
"Outstanding Receivable > 180 Days",Finance,C00258,"Sanjay Singh",356928.87,"> 180 Days Outstanding",Critical,"Escalate collection immediately and review customer credit exposure."
"Outstanding Receivable > 180 Days",Finance,C00291,"Rahul Kumar",356679.08,"> 180 Days Outstanding",Critical,"Escalate collection immediately and review customer credit exposure."
"Outstanding Receivable > 180 Days",Finance,C00204,"Surya Rao",355157.81,"> 180 Days Outstanding",Critical,"Escalate collection immediately and review customer credit exposure."
"Outstanding Receivable > 180 Days",Finance,C00261,"Sneha Singh",354788.70,"> 180 Days Outstanding",Critical,"Escalate collection immediately and review customer credit exposure."
"Outstanding Receivable > 180 Days",Finance,C00509,"Lakshmi Nair",353618.54,"> 180 Days Outstanding",Critical,"Escalate collection immediately and review customer credit exposure."
"Outstanding Receivable > 180 Days",Finance,C00104,"Manoj Sharma",351742.17,"> 180 Days Outstanding",Critical,"Escalate collection immediately and review customer credit exposure."
"Outstanding Receivable > 180 Days",Finance,C00585,"Asha Rao",350298.18,"> 180 Days Outstanding",Critical,"Escalate collection immediately and review customer credit exposure."
"Outstanding Receivable > 180 Days",Finance,C00059,"Rahul Patel",347692.78,"> 180 Days Outstanding",Critical,"Escalate collection immediately and review customer credit exposure."
"Outstanding Receivable > 180 Days",Finance,C00446,"Nisha Das",344395.89,"> 180 Days Outstanding",Critical,"Escalate collection immediately and review customer credit exposure."
"Outstanding Receivable > 180 Days",Finance,C00421,"Sneha Iyer",343267.01,"> 180 Days Outstanding",Critical,"Escalate collection immediately and review customer credit exposure."
"Outstanding Receivable > 180 Days",Finance,C00170,"Anitha Sharma",341629.33,"> 180 Days Outstanding",Critical,"Escalate collection immediately and review customer credit exposure."
"Outstanding Receivable > 180 Days",Finance,C00418,"Pooja Gupta",341567.30,"> 180 Days Outstanding",Critical,"Escalate collection immediately and review customer credit exposure."
"Outstanding Receivable > 180 Days",Finance,C00015,"Sneha Singh",340656.33,"> 180 Days Outstanding",Critical,"Escalate collection immediately and review customer credit exposure."
"Outstanding Receivable > 180 Days",Finance,C00298,"Rahul Sharma",338178.77,"> 180 Days Outstanding",Critical,"Escalate collection immediately and review customer credit exposure."
"Outstanding Receivable > 180 Days",Finance,C00205,"Karthik Sharma",338174.80,"> 180 Days Outstanding",Critical,"Escalate collection immediately and review customer credit exposure."
"Outstanding Receivable > 180 Days",Finance,C00286,"Asha Rao",337706.84,"> 180 Days Outstanding",Critical,"Escalate collection immediately and review customer credit exposure."
"Outstanding Receivable > 180 Days",Finance,C00148,"Divya Rao",334994.03,"> 180 Days Outstanding",Critical,"Escalate collection immediately and review customer credit exposure."
"Outstanding Receivable > 180 Days",Finance,C00102,"Arun Reddy",332947.54,"> 180 Days Outstanding",Critical,"Escalate collection immediately and review customer credit exposure."
"Outstanding Receivable > 180 Days",Finance,C00040,"Anitha Rao",332543.59,"> 180 Days Outstanding",Critical,"Escalate collection immediately and review customer credit exposure."
"Outstanding Receivable > 180 Days",Finance,C00373,"Anitha Singh",330987.65,"> 180 Days Outstanding",Critical,"Escalate collection immediately and review customer credit exposure."
"Outstanding Receivable > 180 Days",Finance,C00559,"Priya Iyer",330046.10,"> 180 Days Outstanding",Critical,"Escalate collection immediately and review customer credit exposure."
"Outstanding Receivable > 180 Days",Finance,C00321,"Priya Nair",329816.82,"> 180 Days Outstanding",Critical,"Escalate collection immediately and review customer credit exposure."
"Outstanding Receivable > 180 Days",Finance,C00497,"Rohit Gupta",329566.90,"> 180 Days Outstanding",Critical,"Escalate collection immediately and review customer credit exposure."
"Outstanding Receivable > 180 Days",Finance,C00424,"Ajay Reddy",328800.69,"> 180 Days Outstanding",Critical,"Escalate collection immediately and review customer credit exposure."
"Outstanding Receivable > 180 Days",Finance,C00113,"Deepak Nair",328142.95,"> 180 Days Outstanding",Critical,"Escalate collection immediately and review customer credit exposure."
"Outstanding Receivable > 180 Days",Finance,C00058,"Sneha Sharma",327232.96,"> 180 Days Outstanding",Critical,"Escalate collection immediately and review customer credit exposure."
"Outstanding Receivable > 180 Days",Finance,C00471,"Vijay Reddy",326945.02,"> 180 Days Outstanding",Critical,"Escalate collection immediately and review customer credit exposure."
"Outstanding Receivable > 180 Days",Finance,C00070,"Nisha Iyer",325817.39,"> 180 Days Outstanding",Critical,"Escalate collection immediately and review customer credit exposure."
"Outstanding Receivable > 180 Days",Finance,C00231,"Manoj Das",325355.24,"> 180 Days Outstanding",Critical,"Escalate collection immediately and review customer credit exposure."
"Outstanding Receivable > 180 Days",Finance,C00289,"Priya Iyer",323328.72,"> 180 Days Outstanding",Critical,"Escalate collection immediately and review customer credit exposure."
"Outstanding Receivable > 180 Days",Finance,C00370,"Asha Das",322404.23,"> 180 Days Outstanding",Critical,"Escalate collection immediately and review customer credit exposure."
"Outstanding Receivable > 180 Days",Finance,C00547,"Rohit Sharma",322378.96,"> 180 Days Outstanding",Critical,"Escalate collection immediately and review customer credit exposure."
"Outstanding Receivable > 180 Days",Finance,C00221,"Surya Patel",322215.38,"> 180 Days Outstanding",Critical,"Escalate collection immediately and review customer credit exposure."
"Outstanding Receivable > 180 Days",Finance,C00143,"Vijay Das",321562.21,"> 180 Days Outstanding",Critical,"Escalate collection immediately and review customer credit exposure."
"Outstanding Receivable > 180 Days",Finance,C00078,"Sneha Patel",321298.97,"> 180 Days Outstanding",Critical,"Escalate collection immediately and review customer credit exposure."
"Outstanding Receivable > 180 Days",Finance,C00204,"Surya Rao",320534.94,"> 180 Days Outstanding",Critical,"Escalate collection immediately and review customer credit exposure."
"Outstanding Receivable > 180 Days",Finance,C00278,"Rohit Gupta",315371.80,"> 180 Days Outstanding",Critical,"Escalate collection immediately and review customer credit exposure."
"Outstanding Receivable > 180 Days",Finance,C00236,"Asha Reddy",314031.33,"> 180 Days Outstanding",Critical,"Escalate collection immediately and review customer credit exposure."
"Outstanding Receivable > 180 Days",Finance,C00576,"Arun Singh",313752.98,"> 180 Days Outstanding",Critical,"Escalate collection immediately and review customer credit exposure."
"Outstanding Receivable > 180 Days",Finance,C00506,"Kavya Patel",312900.18,"> 180 Days Outstanding",Critical,"Escalate collection immediately and review customer credit exposure."
"Outstanding Receivable > 180 Days",Finance,C00337,"Vijay Sharma",312181.95,"> 180 Days Outstanding",Critical,"Escalate collection immediately and review customer credit exposure."
"Outstanding Receivable > 180 Days",Finance,C00142,"Vijay Patel",309471.78,"> 180 Days Outstanding",Critical,"Escalate collection immediately and review customer credit exposure."
"Outstanding Receivable > 180 Days",Finance,C00410,"Anitha Kumar",307742.40,"> 180 Days Outstanding",Critical,"Escalate collection immediately and review customer credit exposure."
"Outstanding Receivable > 180 Days",Finance,C00066,"Karthik Patel",304945.74,"> 180 Days Outstanding",Critical,"Escalate collection immediately and review customer credit exposure."
"Outstanding Receivable > 180 Days",Finance,C00587,"Meena Sharma",302647.92,"> 180 Days Outstanding",Critical,"Escalate collection immediately and review customer credit exposure."
"Outstanding Receivable > 180 Days",Finance,C00055,"Divya Rao",302354.91,"> 180 Days Outstanding",Critical,"Escalate collection immediately and review customer credit exposure."
"Outstanding Receivable > 180 Days",Finance,C00137,"Sneha Iyer",301515.44,"> 180 Days Outstanding",Critical,"Escalate collection immediately and review customer credit exposure."
"Outstanding Receivable > 180 Days",Finance,C00221,"Surya Patel",300667.50,"> 180 Days Outstanding",Critical,"Escalate collection immediately and review customer credit exposure."
"Outstanding Receivable > 180 Days",Finance,C00272,"Karthik Patel",297364.50,"> 180 Days Outstanding",Critical,"Escalate collection immediately and review customer credit exposure."
"Outstanding Receivable > 180 Days",Finance,C00434,"Pooja Iyer",297362.48,"> 180 Days Outstanding",Critical,"Escalate collection immediately and review customer credit exposure."
"Outstanding Receivable > 180 Days",Finance,C00401,"Kavya Sharma",297127.04,"> 180 Days Outstanding",Critical,"Escalate collection immediately and review customer credit exposure."
"Outstanding Receivable > 180 Days",Finance,C00358,"Ajay Nair",295454.20,"> 180 Days Outstanding",Critical,"Escalate collection immediately and review customer credit exposure."
"Outstanding Receivable > 180 Days",Finance,C00231,"Manoj Das",295017.75,"> 180 Days Outstanding",Critical,"Escalate collection immediately and review customer credit exposure."
"Outstanding Receivable > 180 Days",Finance,C00456,"Sanjay Patel",292901.86,"> 180 Days Outstanding",Critical,"Escalate collection immediately and review customer credit exposure."
"Outstanding Receivable > 180 Days",Finance,C00307,"Manoj Kumar",292373.02,"> 180 Days Outstanding",Critical,"Escalate collection immediately and review customer credit exposure."
"Outstanding Receivable > 180 Days",Finance,C00489,"Surya Nair",290362.93,"> 180 Days Outstanding",Critical,"Escalate collection immediately and review customer credit exposure."
"Outstanding Receivable > 180 Days",Finance,C00029,"Sneha Sharma",289406.24,"> 180 Days Outstanding",Critical,"Escalate collection immediately and review customer credit exposure."
"Outstanding Receivable > 180 Days",Finance,C00475,"Lakshmi Gupta",288900.31,"> 180 Days Outstanding",Critical,"Escalate collection immediately and review customer credit exposure."
"Outstanding Receivable > 180 Days",Finance,C00330,"Asha Rao",287951.22,"> 180 Days Outstanding",Critical,"Escalate collection immediately and review customer credit exposure."
"Outstanding Receivable > 180 Days",Finance,C00048,"Manoj Rao",287307.27,"> 180 Days Outstanding",Critical,"Escalate collection immediately and review customer credit exposure."
"Outstanding Receivable > 180 Days",Finance,C00206,"Sanjay Kumar",286843.92,"> 180 Days Outstanding",Critical,"Escalate collection immediately and review customer credit exposure."
"Outstanding Receivable > 180 Days",Finance,C00038,"Rahul Das",286424.68,"> 180 Days Outstanding",Critical,"Escalate collection immediately and review customer credit exposure."
"Outstanding Receivable > 180 Days",Finance,C00056,"Anitha Sharma",285102.88,"> 180 Days Outstanding",Critical,"Escalate collection immediately and review customer credit exposure."
"Outstanding Receivable > 180 Days",Finance,C00458,"Asha Sharma",284310.15,"> 180 Days Outstanding",Critical,"Escalate collection immediately and review customer credit exposure."
"Outstanding Receivable > 180 Days",Finance,C00421,"Sneha Iyer",283161.40,"> 180 Days Outstanding",Critical,"Escalate collection immediately and review customer credit exposure."
"Outstanding Receivable > 180 Days",Finance,C00186,"Rohit Patel",282520.67,"> 180 Days Outstanding",Critical,"Escalate collection immediately and review customer credit exposure."
"Outstanding Receivable > 180 Days",Finance,C00309,"Ajay Das",282381.72,"> 180 Days Outstanding",Critical,"Escalate collection immediately and review customer credit exposure."
"Outstanding Receivable > 180 Days",Finance,C00371,"Nisha Sharma",280969.98,"> 180 Days Outstanding",Critical,"Escalate collection immediately and review customer credit exposure."
"Outstanding Receivable > 180 Days",Finance,C00479,"Arun Patel",280766.54,"> 180 Days Outstanding",Critical,"Escalate collection immediately and review customer credit exposure."
"Outstanding Receivable > 180 Days",Finance,C00393,"Rahul Sharma",280310.76,"> 180 Days Outstanding",Critical,"Escalate collection immediately and review customer credit exposure."
"Outstanding Receivable > 180 Days",Finance,C00030,"Arun Reddy",280115.52,"> 180 Days Outstanding",Critical,"Escalate collection immediately and review customer credit exposure."
"Outstanding Receivable > 180 Days",Finance,C00221,"Surya Patel",279673.26,"> 180 Days Outstanding",Critical,"Escalate collection immediately and review customer credit exposure."
"Outstanding Receivable > 180 Days",Finance,C00261,"Sneha Singh",279625.28,"> 180 Days Outstanding",Critical,"Escalate collection immediately and review customer credit exposure."
"Outstanding Receivable > 180 Days",Finance,C00370,"Asha Das",279417.25,"> 180 Days Outstanding",Critical,"Escalate collection immediately and review customer credit exposure."
"Outstanding Receivable > 180 Days",Finance,C00532,"Deepak Reddy",279269.73,"> 180 Days Outstanding",Critical,"Escalate collection immediately and review customer credit exposure."
"Outstanding Receivable > 180 Days",Finance,C00282,"Arun Nair",278048.91,"> 180 Days Outstanding",Critical,"Escalate collection immediately and review customer credit exposure."
"Outstanding Receivable > 180 Days",Finance,C00508,"Kavya Gupta",277804.77,"> 180 Days Outstanding",Critical,"Escalate collection immediately and review customer credit exposure."
"Outstanding Receivable > 180 Days",Finance,C00071,"Pooja Iyer",274735.85,"> 180 Days Outstanding",Critical,"Escalate collection immediately and review customer credit exposure."
"Outstanding Receivable > 180 Days",Finance,C00456,"Sanjay Patel",272451.48,"> 180 Days Outstanding",Critical,"Escalate collection immediately and review customer credit exposure."
"Outstanding Receivable > 180 Days",Finance,C00564,"Divya Das",271475.01,"> 180 Days Outstanding",Critical,"Escalate collection immediately and review customer credit exposure."
"Outstanding Receivable > 180 Days",Finance,C00194,"Arun Patel",271422.34,"> 180 Days Outstanding",Critical,"Escalate collection immediately and review customer credit exposure."
"Outstanding Receivable > 180 Days",Finance,C00364,"Rohit Nair",269919.97,"> 180 Days Outstanding",Critical,"Escalate collection immediately and review customer credit exposure."
"Outstanding Receivable > 180 Days",Finance,C00253,"Karthik Singh",267763.46,"> 180 Days Outstanding",Critical,"Escalate collection immediately and review customer credit exposure."
"Outstanding Receivable > 180 Days",Finance,C00538,"Arun Rao",267730.25,"> 180 Days Outstanding",Critical,"Escalate collection immediately and review customer credit exposure."
"Outstanding Receivable > 180 Days",Finance,C00496,"Arun Reddy",266830.26,"> 180 Days Outstanding",Critical,"Escalate collection immediately and review customer credit exposure."
"Outstanding Receivable > 180 Days",Finance,C00288,"Deepak Kumar",266520.62,"> 180 Days Outstanding",Critical,"Escalate collection immediately and review customer credit exposure."
"Outstanding Receivable > 180 Days",Finance,C00489,"Surya Nair",266329.84,"> 180 Days Outstanding",Critical,"Escalate collection immediately and review customer credit exposure."
"Outstanding Receivable > 180 Days",Finance,C00328,"Priya Nair",266027.64,"> 180 Days Outstanding",Critical,"Escalate collection immediately and review customer credit exposure."
"Outstanding Receivable > 180 Days",Finance,C00451,"Sneha Gupta",263525.44,"> 180 Days Outstanding",Critical,"Escalate collection immediately and review customer credit exposure."
"Outstanding Receivable > 180 Days",Finance,C00540,"Meena Singh",263329.19,"> 180 Days Outstanding",Critical,"Escalate collection immediately and review customer credit exposure."
"Outstanding Receivable > 180 Days",Finance,C00384,"Meena Patel",263268.02,"> 180 Days Outstanding",Critical,"Escalate collection immediately and review customer credit exposure."
"Outstanding Receivable > 180 Days",Finance,C00484,"Priya Singh",262516.51,"> 180 Days Outstanding",Critical,"Escalate collection immediately and review customer credit exposure."
"Outstanding Receivable > 180 Days",Finance,C00237,"Kavya Iyer",262512.24,"> 180 Days Outstanding",Critical,"Escalate collection immediately and review customer credit exposure."
"Outstanding Receivable > 180 Days",Finance,C00302,"Nisha Singh",262385.07,"> 180 Days Outstanding",Critical,"Escalate collection immediately and review customer credit exposure."
"Outstanding Receivable > 180 Days",Finance,C00051,"Invoice INV002468",262181.99,"> 180 Days Outstanding",Critical,"Escalate collection immediately and review customer credit exposure."
"Outstanding Receivable > 180 Days",Finance,C00049,"Deepak Sharma",261309.69,"> 180 Days Outstanding",Critical,"Escalate collection immediately and review customer credit exposure."
"Outstanding Receivable > 180 Days",Finance,C00011,"Surya Kumar",260990.20,"> 180 Days Outstanding",Critical,"Escalate collection immediately and review customer credit exposure."
"Outstanding Receivable > 180 Days",Finance,C00070,"Nisha Iyer",260151.00,"> 180 Days Outstanding",Critical,"Escalate collection immediately and review customer credit exposure."
"Outstanding Receivable > 180 Days",Finance,C00185,"Vijay Patel",258993.71,"> 180 Days Outstanding",Critical,"Escalate collection immediately and review customer credit exposure."
"Outstanding Receivable > 180 Days",Finance,C00450,"Deepak Reddy",258295.53,"> 180 Days Outstanding",Critical,"Escalate collection immediately and review customer credit exposure."
"Outstanding Receivable > 180 Days",Finance,C00441,"Arun Das",258101.22,"> 180 Days Outstanding",Critical,"Escalate collection immediately and review customer credit exposure."
"Outstanding Receivable > 180 Days",Finance,C00309,"Ajay Das",256759.53,"> 180 Days Outstanding",Critical,"Escalate collection immediately and review customer credit exposure."
"Outstanding Receivable > 180 Days",Finance,C00067,"Nisha Rao",254743.84,"> 180 Days Outstanding",Critical,"Escalate collection immediately and review customer credit exposure."
"Outstanding Receivable > 180 Days",Finance,C00103,"Anitha Rao",254047.01,"> 180 Days Outstanding",Critical,"Escalate collection immediately and review customer credit exposure."
"Outstanding Receivable > 180 Days",Finance,C00362,"Vijay Singh",253475.58,"> 180 Days Outstanding",Critical,"Escalate collection immediately and review customer credit exposure."
"Outstanding Receivable > 180 Days",Finance,C00340,"Manoj Das",251394.98,"> 180 Days Outstanding",Critical,"Escalate collection immediately and review customer credit exposure."
"Outstanding Receivable > 180 Days",Finance,C00053,"Deepak Iyer",250251.59,"> 180 Days Outstanding",Critical,"Escalate collection immediately and review customer credit exposure."
"Outstanding Receivable > 180 Days",Finance,C00265,"Rahul Das",249329.86,"> 180 Days Outstanding",Critical,"Escalate collection immediately and review customer credit exposure."
"Outstanding Receivable > 180 Days",Finance,C00558,"Asha Nair",247843.22,"> 180 Days Outstanding",Critical,"Escalate collection immediately and review customer credit exposure."
"Outstanding Receivable > 180 Days",Finance,C00270,"Sanjay Reddy",247819.02,"> 180 Days Outstanding",Critical,"Escalate collection immediately and review customer credit exposure."
"Outstanding Receivable > 180 Days",Finance,C00531,"Nisha Patel",247319.77,"> 180 Days Outstanding",Critical,"Escalate collection immediately and review customer credit exposure."
"Outstanding Receivable > 180 Days",Finance,C00088,"Invoice INV001128",246576.46,"> 180 Days Outstanding",Critical,"Escalate collection immediately and review customer credit exposure."
"Outstanding Receivable > 180 Days",Finance,C00405,"Sanjay Patel",246514.42,"> 180 Days Outstanding",Critical,"Escalate collection immediately and review customer credit exposure."
"Outstanding Receivable > 180 Days",Finance,C00173,"Vijay Sharma",245929.16,"> 180 Days Outstanding",Critical,"Escalate collection immediately and review customer credit exposure."
"Outstanding Receivable > 180 Days",Finance,C00366,"Nisha Sharma",245874.88,"> 180 Days Outstanding",Critical,"Escalate collection immediately and review customer credit exposure."
"Outstanding Receivable > 180 Days",Finance,INV000021,"Invoice INV000021",242510.42,"> 180 Days Outstanding",Critical,"Escalate collection immediately and review customer credit exposure."
"Outstanding Receivable > 180 Days",Finance,C00112,"Pooja Gupta",242183.86,"> 180 Days Outstanding",Critical,"Escalate collection immediately and review customer credit exposure."
"Outstanding Receivable > 180 Days",Finance,C00110,"Rahul Patel",241231.23,"> 180 Days Outstanding",Critical,"Escalate collection immediately and review customer credit exposure."
"Outstanding Receivable > 180 Days",Finance,C00222,"Manoj Singh",240920.29,"> 180 Days Outstanding",Critical,"Escalate collection immediately and review customer credit exposure."
"Outstanding Receivable > 180 Days",Finance,C00092,"Sneha Das",240186.93,"> 180 Days Outstanding",Critical,"Escalate collection immediately and review customer credit exposure."
"Outstanding Receivable > 180 Days",Finance,C00316,"Anitha Reddy",240107.68,"> 180 Days Outstanding",Critical,"Escalate collection immediately and review customer credit exposure."
"Outstanding Receivable > 180 Days",Finance,C00164,"Deepak Das",237484.15,"> 180 Days Outstanding",Critical,"Escalate collection immediately and review customer credit exposure."
"Outstanding Receivable > 180 Days",Finance,C00564,"Divya Das",237460.02,"> 180 Days Outstanding",Critical,"Escalate collection immediately and review customer credit exposure."
"Outstanding Receivable > 180 Days",Finance,C00353,"Kavya Sharma",237459.30,"> 180 Days Outstanding",Critical,"Escalate collection immediately and review customer credit exposure."
"Outstanding Receivable > 180 Days",Finance,C00122,"Anitha Rao",237307.24,"> 180 Days Outstanding",Critical,"Escalate collection immediately and review customer credit exposure."
"Outstanding Receivable > 180 Days",Finance,C00552,"Sneha Singh",234750.87,"> 180 Days Outstanding",Critical,"Escalate collection immediately and review customer credit exposure."
"Outstanding Receivable > 180 Days",Finance,C00196,"Arun Iyer",234453.95,"> 180 Days Outstanding",Critical,"Escalate collection immediately and review customer credit exposure."
"Outstanding Receivable > 180 Days",Finance,C00513,"Rohit Gupta",233937.17,"> 180 Days Outstanding",Critical,"Escalate collection immediately and review customer credit exposure."
"Outstanding Receivable > 180 Days",Finance,C00571,"Sneha Iyer",233434.04,"> 180 Days Outstanding",Critical,"Escalate collection immediately and review customer credit exposure."
"Outstanding Receivable > 180 Days",Finance,C00579,"Sneha Das",232909.82,"> 180 Days Outstanding",Critical,"Escalate collection immediately and review customer credit exposure."
"Outstanding Receivable > 180 Days",Finance,C00313,"Sneha Kumar",232848.69,"> 180 Days Outstanding",Critical,"Escalate collection immediately and review customer credit exposure."
"Outstanding Receivable > 180 Days",Finance,C00225,"Anitha Iyer",232322.52,"> 180 Days Outstanding",Critical,"Escalate collection immediately and review customer credit exposure."
"Outstanding Receivable > 180 Days",Finance,C00413,"Rahul Rao",230961.21,"> 180 Days Outstanding",Critical,"Escalate collection immediately and review customer credit exposure."
"Outstanding Receivable > 180 Days",Finance,C00256,"Kavya Nair",230464.39,"> 180 Days Outstanding",Critical,"Escalate collection immediately and review customer credit exposure."
"Outstanding Receivable > 180 Days",Finance,C00528,"Sneha Kumar",230156.90,"> 180 Days Outstanding",Critical,"Escalate collection immediately and review customer credit exposure."
"Outstanding Receivable > 180 Days",Finance,C00340,"Manoj Das",229630.50,"> 180 Days Outstanding",Critical,"Escalate collection immediately and review customer credit exposure."
"Outstanding Receivable > 180 Days",Finance,C00289,"Priya Iyer",229585.11,"> 180 Days Outstanding",Critical,"Escalate collection immediately and review customer credit exposure."
"Outstanding Receivable > 180 Days",Finance,C00396,"Arun Reddy",228433.44,"> 180 Days Outstanding",Critical,"Escalate collection immediately and review customer credit exposure."
"Outstanding Receivable > 180 Days",Finance,C00168,"Priya Das",228206.21,"> 180 Days Outstanding",Critical,"Escalate collection immediately and review customer credit exposure."
"Outstanding Receivable > 180 Days",Finance,C00089,"Priya Iyer",228017.51,"> 180 Days Outstanding",Critical,"Escalate collection immediately and review customer credit exposure."
"Outstanding Receivable > 180 Days",Finance,C00184,"Priya Patel",227473.00,"> 180 Days Outstanding",Critical,"Escalate collection immediately and review customer credit exposure."
"Outstanding Receivable > 180 Days",Finance,C00576,"Arun Singh",226236.66,"> 180 Days Outstanding",Critical,"Escalate collection immediately and review customer credit exposure."
"Outstanding Receivable > 180 Days",Finance,C00007,"Arun Das",223186.58,"> 180 Days Outstanding",Critical,"Escalate collection immediately and review customer credit exposure."
"Outstanding Receivable > 180 Days",Finance,C00563,"Deepak Sharma",219190.72,"> 180 Days Outstanding",Critical,"Escalate collection immediately and review customer credit exposure."
"Outstanding Receivable > 180 Days",Finance,C00543,"Vijay Nair",218956.79,"> 180 Days Outstanding",Critical,"Escalate collection immediately and review customer credit exposure."
"Outstanding Receivable > 180 Days",Finance,C00069,"Surya Reddy",218888.07,"> 180 Days Outstanding",Critical,"Escalate collection immediately and review customer credit exposure."
"Outstanding Receivable > 180 Days",Finance,C00324,"Nisha Reddy",218666.65,"> 180 Days Outstanding",Critical,"Escalate collection immediately and review customer credit exposure."
"Outstanding Receivable > 180 Days",Finance,C00329,"Manoj Rao",215362.52,"> 180 Days Outstanding",Critical,"Escalate collection immediately and review customer credit exposure."
"Outstanding Receivable > 180 Days",Finance,C00317,"Anitha Gupta",215005.36,"> 180 Days Outstanding",Critical,"Escalate collection immediately and review customer credit exposure."
"Outstanding Receivable > 180 Days",Finance,C00061,"Sanjay Reddy",214780.45,"> 180 Days Outstanding",Critical,"Escalate collection immediately and review customer credit exposure."
"Outstanding Receivable > 180 Days",Finance,C00350,"Surya Gupta",213883.40,"> 180 Days Outstanding",Critical,"Escalate collection immediately and review customer credit exposure."
"Outstanding Receivable > 180 Days",Finance,C00044,"Ajay Singh",213472.20,"> 180 Days Outstanding",Critical,"Escalate collection immediately and review customer credit exposure."
"Outstanding Receivable > 180 Days",Finance,C00218,"Pooja Gupta",210287.17,"> 180 Days Outstanding",Critical,"Escalate collection immediately and review customer credit exposure."
"Outstanding Receivable > 180 Days",Finance,C00045,"Priya Reddy",209562.86,"> 180 Days Outstanding",Critical,"Escalate collection immediately and review customer credit exposure."
"Outstanding Receivable > 180 Days",Finance,C00415,"Pooja Kumar",209426.63,"> 180 Days Outstanding",Critical,"Escalate collection immediately and review customer credit exposure."
"Outstanding Receivable > 180 Days",Finance,C00042,"Anitha Iyer",205257.88,"> 180 Days Outstanding",Critical,"Escalate collection immediately and review customer credit exposure."
"Outstanding Receivable > 180 Days",Finance,C00578,"Nisha Sharma",203454.07,"> 180 Days Outstanding",Critical,"Escalate collection immediately and review customer credit exposure."
"Outstanding Receivable > 180 Days",Finance,C00505,"Kavya Nair",202991.72,"> 180 Days Outstanding",Critical,"Escalate collection immediately and review customer credit exposure."
"Outstanding Receivable > 180 Days",Finance,C00455,"Surya Gupta",202626.60,"> 180 Days Outstanding",Critical,"Escalate collection immediately and review customer credit exposure."
"Outstanding Receivable > 180 Days",Finance,C00032,"Lakshmi Kumar",202198.56,"> 180 Days Outstanding",Critical,"Escalate collection immediately and review customer credit exposure."
"Outstanding Receivable > 180 Days",Finance,C00413,"Rahul Rao",200991.75,"> 180 Days Outstanding",Critical,"Escalate collection immediately and review customer credit exposure."
"Outstanding Receivable > 180 Days",Finance,C00257,"Priya Iyer",200184.28,"> 180 Days Outstanding",Critical,"Escalate collection immediately and review customer credit exposure."
"Outstanding Receivable > 180 Days",Finance,C00019,"Kavya Kumar",199949.80,"> 180 Days Outstanding",Critical,"Escalate collection immediately and review customer credit exposure."
"Outstanding Receivable > 180 Days",Finance,C00265,"Rahul Das",197975.51,"> 180 Days Outstanding",Critical,"Escalate collection immediately and review customer credit exposure."
"Outstanding Receivable > 180 Days",Finance,C00213,"Surya Iyer",196957.63,"> 180 Days Outstanding",Critical,"Escalate collection immediately and review customer credit exposure."
"Outstanding Receivable > 180 Days",Finance,C00452,"Nisha Sharma",196680.74,"> 180 Days Outstanding",Critical,"Escalate collection immediately and review customer credit exposure."
"Outstanding Receivable > 180 Days",Finance,C00361,"Rohit Kumar",195957.71,"> 180 Days Outstanding",Critical,"Escalate collection immediately and review customer credit exposure."
"Outstanding Receivable > 180 Days",Finance,C00561,"Lakshmi Patel",195142.24,"> 180 Days Outstanding",Critical,"Escalate collection immediately and review customer credit exposure."
"Outstanding Receivable > 180 Days",Finance,C00412,"Anitha Singh",194185.31,"> 180 Days Outstanding",Critical,"Escalate collection immediately and review customer credit exposure."
"Outstanding Receivable > 180 Days",Finance,C00070,"Nisha Iyer",193957.29,"> 180 Days Outstanding",Critical,"Escalate collection immediately and review customer credit exposure."
"Outstanding Receivable > 180 Days",Finance,C00589,"Lakshmi Kumar",193481.04,"> 180 Days Outstanding",Critical,"Escalate collection immediately and review customer credit exposure."
"Outstanding Receivable > 180 Days",Finance,C00102,"Arun Reddy",192068.89,"> 180 Days Outstanding",Critical,"Escalate collection immediately and review customer credit exposure."
"Outstanding Receivable > 180 Days",Finance,C00352,"Kavya Singh",191985.92,"> 180 Days Outstanding",Critical,"Escalate collection immediately and review customer credit exposure."
"Outstanding Receivable > 180 Days",Finance,C00436,"Divya Nair",190967.20,"> 180 Days Outstanding",Critical,"Escalate collection immediately and review customer credit exposure."
"Outstanding Receivable > 180 Days",Finance,C00504,"Nisha Sharma",190808.79,"> 180 Days Outstanding",Critical,"Escalate collection immediately and review customer credit exposure."
"Outstanding Receivable > 180 Days",Finance,C00518,"Kavya Kumar",190759.66,"> 180 Days Outstanding",Critical,"Escalate collection immediately and review customer credit exposure."
"Outstanding Receivable > 180 Days",Finance,C00084,"Lakshmi Kumar",189641.95,"> 180 Days Outstanding",Critical,"Escalate collection immediately and review customer credit exposure."
"Outstanding Receivable > 180 Days",Finance,C00523,"Nisha Nair",188155.91,"> 180 Days Outstanding",Critical,"Escalate collection immediately and review customer credit exposure."
"Outstanding Receivable > 180 Days",Finance,C00283,"Kavya Das",188000.64,"> 180 Days Outstanding",Critical,"Escalate collection immediately and review customer credit exposure."
"Outstanding Receivable > 180 Days",Finance,C00480,"Lakshmi Gupta",187281.38,"> 180 Days Outstanding",Critical,"Escalate collection immediately and review customer credit exposure."
"Outstanding Receivable > 180 Days",Finance,C00098,"Priya Rao",187044.70,"> 180 Days Outstanding",Critical,"Escalate collection immediately and review customer credit exposure."
"Outstanding Receivable > 180 Days",Finance,C00255,"Manoj Sharma",185772.15,"> 180 Days Outstanding",Critical,"Escalate collection immediately and review customer credit exposure."
"Outstanding Receivable > 180 Days",Finance,C00409,"Priya Gupta",185100.73,"> 180 Days Outstanding",Critical,"Escalate collection immediately and review customer credit exposure."
"Outstanding Receivable > 180 Days",Finance,C00248,"Asha Kumar",184418.13,"> 180 Days Outstanding",Critical,"Escalate collection immediately and review customer credit exposure."
"Outstanding Receivable > 180 Days",Finance,C00166,"Asha Das",184115.14,"> 180 Days Outstanding",Critical,"Escalate collection immediately and review customer credit exposure."
"Outstanding Receivable > 180 Days",Finance,C00403,"Pooja Patel",183505.60,"> 180 Days Outstanding",Critical,"Escalate collection immediately and review customer credit exposure."
"Outstanding Receivable > 180 Days",Finance,C00467,"Sanjay Sharma",181952.46,"> 180 Days Outstanding",Critical,"Escalate collection immediately and review customer credit exposure."
"Outstanding Receivable > 180 Days",Finance,C00407,"Surya Das",181393.22,"> 180 Days Outstanding",Critical,"Escalate collection immediately and review customer credit exposure."
"Outstanding Receivable > 180 Days",Finance,C00034,"Sanjay Gupta",181390.82,"> 180 Days Outstanding",Critical,"Escalate collection immediately and review customer credit exposure."
"Outstanding Receivable > 180 Days",Finance,C00340,"Manoj Das",181247.21,"> 180 Days Outstanding",Critical,"Escalate collection immediately and review customer credit exposure."
"Outstanding Receivable > 180 Days",Finance,C00089,"Priya Iyer",181170.15,"> 180 Days Outstanding",Critical,"Escalate collection immediately and review customer credit exposure."
"Outstanding Receivable > 180 Days",Finance,C00508,"Kavya Gupta",181115.14,"> 180 Days Outstanding",Critical,"Escalate collection immediately and review customer credit exposure."
"Outstanding Receivable > 180 Days",Finance,C00237,"Kavya Iyer",180002.26,"> 180 Days Outstanding",Critical,"Escalate collection immediately and review customer credit exposure."
"Outstanding Receivable > 180 Days",Finance,C00513,"Rohit Gupta",178856.82,"> 180 Days Outstanding",Critical,"Escalate collection immediately and review customer credit exposure."
"Outstanding Receivable > 180 Days",Finance,C00583,"Rahul Kumar",178627.31,"> 180 Days Outstanding",Critical,"Escalate collection immediately and review customer credit exposure."
"Outstanding Receivable > 180 Days",Finance,C00363,"Sneha Gupta",177892.21,"> 180 Days Outstanding",Critical,"Escalate collection immediately and review customer credit exposure."
"Outstanding Receivable > 180 Days",Finance,C00275,"Arun Singh",176837.57,"> 180 Days Outstanding",Critical,"Escalate collection immediately and review customer credit exposure."
"Outstanding Receivable > 180 Days",Finance,C00041,"Surya Iyer",176292.67,"> 180 Days Outstanding",Critical,"Escalate collection immediately and review customer credit exposure."
"Outstanding Receivable > 180 Days",Finance,C00410,"Anitha Kumar",175314.62,"> 180 Days Outstanding",Critical,"Escalate collection immediately and review customer credit exposure."
"Outstanding Receivable > 180 Days",Finance,C00456,"Sanjay Patel",174925.13,"> 180 Days Outstanding",Critical,"Escalate collection immediately and review customer credit exposure."
"Outstanding Receivable > 180 Days",Finance,C00539,"Vijay Rao",174050.11,"> 180 Days Outstanding",Critical,"Escalate collection immediately and review customer credit exposure."
"Outstanding Receivable > 180 Days",Finance,C00569,"Vijay Patel",173480.39,"> 180 Days Outstanding",Critical,"Escalate collection immediately and review customer credit exposure."
"Outstanding Receivable > 180 Days",Finance,C00105,"Meena Sharma",173280.50,"> 180 Days Outstanding",Critical,"Escalate collection immediately and review customer credit exposure."
"Outstanding Receivable > 180 Days",Finance,C00184,"Priya Patel",173041.67,"> 180 Days Outstanding",Critical,"Escalate collection immediately and review customer credit exposure."
"Outstanding Receivable > 180 Days",Finance,C00256,"Kavya Nair",172450.75,"> 180 Days Outstanding",Critical,"Escalate collection immediately and review customer credit exposure."
"Outstanding Receivable > 180 Days",Finance,C00187,"Nisha Singh",170338.57,"> 180 Days Outstanding",Critical,"Escalate collection immediately and review customer credit exposure."
"Outstanding Receivable > 180 Days",Finance,C00042,"Anitha Iyer",170294.50,"> 180 Days Outstanding",Critical,"Escalate collection immediately and review customer credit exposure."
"Outstanding Receivable > 180 Days",Finance,C00027,"Priya Iyer",170171.63,"> 180 Days Outstanding",Critical,"Escalate collection immediately and review customer credit exposure."
"Outstanding Receivable > 180 Days",Finance,C00486,"Divya Reddy",170025.18,"> 180 Days Outstanding",Critical,"Escalate collection immediately and review customer credit exposure."
"Outstanding Receivable > 180 Days",Finance,C00071,"Pooja Iyer",169932.53,"> 180 Days Outstanding",Critical,"Escalate collection immediately and review customer credit exposure."
"Outstanding Receivable > 180 Days",Finance,C00083,"Karthik Singh",169229.22,"> 180 Days Outstanding",Critical,"Escalate collection immediately and review customer credit exposure."
"Outstanding Receivable > 180 Days",Finance,C00278,"Rohit Gupta",168544.91,"> 180 Days Outstanding",Critical,"Escalate collection immediately and review customer credit exposure."
"Outstanding Receivable > 180 Days",Finance,C00303,"Divya Das",167506.72,"> 180 Days Outstanding",Critical,"Escalate collection immediately and review customer credit exposure."
"Outstanding Receivable > 180 Days",Finance,C00368,"Sanjay Reddy",166247.12,"> 180 Days Outstanding",Critical,"Escalate collection immediately and review customer credit exposure."
"Outstanding Receivable > 180 Days",Finance,C00323,"Asha Gupta",166044.54,"> 180 Days Outstanding",Critical,"Escalate collection immediately and review customer credit exposure."
"Outstanding Receivable > 180 Days",Finance,C00412,"Anitha Singh",164951.62,"> 180 Days Outstanding",Critical,"Escalate collection immediately and review customer credit exposure."
"Outstanding Receivable > 180 Days",Finance,C00129,"Karthik Rao",164860.74,"> 180 Days Outstanding",Critical,"Escalate collection immediately and review customer credit exposure."
"Outstanding Receivable > 180 Days",Finance,C00401,"Kavya Sharma",164051.99,"> 180 Days Outstanding",Critical,"Escalate collection immediately and review customer credit exposure."
"Outstanding Receivable > 180 Days",Finance,C00455,"Surya Gupta",163388.86,"> 180 Days Outstanding",Critical,"Escalate collection immediately and review customer credit exposure."
"Outstanding Receivable > 180 Days",Finance,C00461,"Asha Iyer",162693.05,"> 180 Days Outstanding",Critical,"Escalate collection immediately and review customer credit exposure."
"Outstanding Receivable > 180 Days",Finance,C00589,"Lakshmi Kumar",161972.65,"> 180 Days Outstanding",Critical,"Escalate collection immediately and review customer credit exposure."
"Outstanding Receivable > 180 Days",Finance,C00536,"Pooja Singh",161572.53,"> 180 Days Outstanding",Critical,"Escalate collection immediately and review customer credit exposure."
"Outstanding Receivable > 180 Days",Finance,C00047,"Karthik Reddy",161375.59,"> 180 Days Outstanding",Critical,"Escalate collection immediately and review customer credit exposure."
"Outstanding Receivable > 180 Days",Finance,C00351,"Lakshmi Gupta",160890.12,"> 180 Days Outstanding",Critical,"Escalate collection immediately and review customer credit exposure."
"Outstanding Receivable > 180 Days",Finance,C00030,"Arun Reddy",160568.44,"> 180 Days Outstanding",Critical,"Escalate collection immediately and review customer credit exposure."
"Outstanding Receivable > 180 Days",Finance,C00298,"Rahul Sharma",160399.40,"> 180 Days Outstanding",Critical,"Escalate collection immediately and review customer credit exposure."
"Outstanding Receivable > 180 Days",Finance,C00461,"Asha Iyer",159886.14,"> 180 Days Outstanding",Critical,"Escalate collection immediately and review customer credit exposure."
"Outstanding Receivable > 180 Days",Finance,C00126,"Arun Sharma",159684.47,"> 180 Days Outstanding",Critical,"Escalate collection immediately and review customer credit exposure."
"Outstanding Receivable > 180 Days",Finance,C00180,"Rahul Singh",158856.93,"> 180 Days Outstanding",Critical,"Escalate collection immediately and review customer credit exposure."
"Outstanding Receivable > 180 Days",Finance,C00089,"Priya Iyer",158660.03,"> 180 Days Outstanding",Critical,"Escalate collection immediately and review customer credit exposure."
"Outstanding Receivable > 180 Days",Finance,C00517,"Meena Iyer",157082.25,"> 180 Days Outstanding",Critical,"Escalate collection immediately and review customer credit exposure."
"Outstanding Receivable > 180 Days",Finance,C00349,"Nisha Iyer",156650.25,"> 180 Days Outstanding",Critical,"Escalate collection immediately and review customer credit exposure."
"Outstanding Receivable > 180 Days",Finance,C00033,"Rohit Rao",156119.32,"> 180 Days Outstanding",Critical,"Escalate collection immediately and review customer credit exposure."
"Outstanding Receivable > 180 Days",Finance,C00282,"Arun Nair",155828.15,"> 180 Days Outstanding",Critical,"Escalate collection immediately and review customer credit exposure."
"Outstanding Receivable > 180 Days",Finance,C00416,"Kavya Kumar",154274.06,"> 180 Days Outstanding",Critical,"Escalate collection immediately and review customer credit exposure."
"Outstanding Receivable > 180 Days",Finance,C00057,"Deepak Sharma",154216.54,"> 180 Days Outstanding",Critical,"Escalate collection immediately and review customer credit exposure."
"Outstanding Receivable > 180 Days",Finance,C00071,"Pooja Iyer",154080.46,"> 180 Days Outstanding",Critical,"Escalate collection immediately and review customer credit exposure."
"Outstanding Receivable > 180 Days",Finance,C00199,"Karthik Sharma",153522.97,"> 180 Days Outstanding",Critical,"Escalate collection immediately and review customer credit exposure."
"Outstanding Receivable > 180 Days",Finance,C00592,"Sanjay Sharma",153188.21,"> 180 Days Outstanding",Critical,"Escalate collection immediately and review customer credit exposure."
"Outstanding Receivable > 180 Days",Finance,C00577,"Rahul Singh",153063.02,"> 180 Days Outstanding",Critical,"Escalate collection immediately and review customer credit exposure."
"Outstanding Receivable > 180 Days",Finance,C00416,"Kavya Kumar",151472.23,"> 180 Days Outstanding",Critical,"Escalate collection immediately and review customer credit exposure."
"Outstanding Receivable > 180 Days",Finance,C00550,"Karthik Iyer",151159.02,"> 180 Days Outstanding",Critical,"Escalate collection immediately and review customer credit exposure."
"Outstanding Receivable > 180 Days",Finance,C00525,"Pooja Gupta",150970.20,"> 180 Days Outstanding",Critical,"Escalate collection immediately and review customer credit exposure."
"Outstanding Receivable > 180 Days",Finance,C00266,"Sanjay Nair",150920.42,"> 180 Days Outstanding",Critical,"Escalate collection immediately and review customer credit exposure."
"Outstanding Receivable > 180 Days",Finance,C00344,"Divya Das",149228.46,"> 180 Days Outstanding",Critical,"Escalate collection immediately and review customer credit exposure."
"Outstanding Receivable > 180 Days",Finance,C00042,"Anitha Iyer",148505.90,"> 180 Days Outstanding",Critical,"Escalate collection immediately and review customer credit exposure."
"Outstanding Receivable > 180 Days",Finance,C00311,"Pooja Patel",147966.04,"> 180 Days Outstanding",Critical,"Escalate collection immediately and review customer credit exposure."
"Outstanding Receivable > 180 Days",Finance,C00431,"Rahul Reddy",147884.47,"> 180 Days Outstanding",Critical,"Escalate collection immediately and review customer credit exposure."
"Outstanding Receivable > 180 Days",Finance,C00419,"Rahul Reddy",147732.49,"> 180 Days Outstanding",Critical,"Escalate collection immediately and review customer credit exposure."
"Outstanding Receivable > 180 Days",Finance,C00253,"Karthik Singh",147353.64,"> 180 Days Outstanding",Critical,"Escalate collection immediately and review customer credit exposure."
"Outstanding Receivable > 180 Days",Finance,C00171,"Meena Kumar",147206.59,"> 180 Days Outstanding",Critical,"Escalate collection immediately and review customer credit exposure."
"Outstanding Receivable > 180 Days",Finance,C00066,"Karthik Patel",146202.14,"> 180 Days Outstanding",Critical,"Escalate collection immediately and review customer credit exposure."
"Outstanding Receivable > 180 Days",Finance,C00126,"Arun Sharma",145792.14,"> 180 Days Outstanding",Critical,"Escalate collection immediately and review customer credit exposure."
"Outstanding Receivable > 180 Days",Finance,C00139,"Pooja Iyer",145785.51,"> 180 Days Outstanding",Critical,"Escalate collection immediately and review customer credit exposure."
"Outstanding Receivable > 180 Days",Finance,C00490,"Sneha Sharma",145117.18,"> 180 Days Outstanding",Critical,"Escalate collection immediately and review customer credit exposure."
"Outstanding Receivable > 180 Days",Finance,C00512,"Divya Iyer",145015.25,"> 180 Days Outstanding",Critical,"Escalate collection immediately and review customer credit exposure."
"Outstanding Receivable > 180 Days",Finance,C00250,"Meena Patel",144714.35,"> 180 Days Outstanding",Critical,"Escalate collection immediately and review customer credit exposure."
"Outstanding Receivable > 180 Days",Finance,C00598,"Lakshmi Iyer",144633.77,"> 180 Days Outstanding",Critical,"Escalate collection immediately and review customer credit exposure."
"Outstanding Receivable > 180 Days",Finance,C00040,"Anitha Rao",144450.64,"> 180 Days Outstanding",Critical,"Escalate collection immediately and review customer credit exposure."
"Outstanding Receivable > 180 Days",Finance,C00269,"Divya Reddy",144312.37,"> 180 Days Outstanding",Critical,"Escalate collection immediately and review customer credit exposure."
"Outstanding Receivable > 180 Days",Finance,C00229,"Pooja Sharma",144019.09,"> 180 Days Outstanding",Critical,"Escalate collection immediately and review customer credit exposure."
"Outstanding Receivable > 180 Days",Finance,C00380,"Sanjay Iyer",143455.74,"> 180 Days Outstanding",Critical,"Escalate collection immediately and review customer credit exposure."
"Outstanding Receivable > 180 Days",Finance,C00220,"Sanjay Rao",143309.55,"> 180 Days Outstanding",Critical,"Escalate collection immediately and review customer credit exposure."
"Outstanding Receivable > 180 Days",Finance,C00014,"Sanjay Rao",142614.79,"> 180 Days Outstanding",Critical,"Escalate collection immediately and review customer credit exposure."
"Outstanding Receivable > 180 Days",Finance,C00033,"Rohit Rao",141399.45,"> 180 Days Outstanding",Critical,"Escalate collection immediately and review customer credit exposure."
"Outstanding Receivable > 180 Days",Finance,C00205,"Karthik Sharma",141051.45,"> 180 Days Outstanding",Critical,"Escalate collection immediately and review customer credit exposure."
"Outstanding Receivable > 180 Days",Finance,C00469,"Rohit Patel",141010.60,"> 180 Days Outstanding",Critical,"Escalate collection immediately and review customer credit exposure."
"Outstanding Receivable > 180 Days",Finance,C00166,"Asha Das",140797.29,"> 180 Days Outstanding",Critical,"Escalate collection immediately and review customer credit exposure."
"Outstanding Receivable > 180 Days",Finance,C00055,"Divya Rao",140764.59,"> 180 Days Outstanding",Critical,"Escalate collection immediately and review customer credit exposure."
"Outstanding Receivable > 180 Days",Finance,C00430,"Deepak Sharma",140547.24,"> 180 Days Outstanding",Critical,"Escalate collection immediately and review customer credit exposure."
"Outstanding Receivable > 180 Days",Finance,C00051,"Invoice INV000320",140140.04,"> 180 Days Outstanding",Critical,"Escalate collection immediately and review customer credit exposure."
"Outstanding Receivable > 180 Days",Finance,C00523,"Nisha Nair",140011.38,"> 180 Days Outstanding",Critical,"Escalate collection immediately and review customer credit exposure."
"Outstanding Receivable > 180 Days",Finance,C00282,"Arun Nair",139476.27,"> 180 Days Outstanding",Critical,"Escalate collection immediately and review customer credit exposure."
"Outstanding Receivable > 180 Days",Finance,C00105,"Meena Sharma",139348.43,"> 180 Days Outstanding",Critical,"Escalate collection immediately and review customer credit exposure."
"Outstanding Receivable > 180 Days",Finance,C00569,"Vijay Patel",139335.95,"> 180 Days Outstanding",Critical,"Escalate collection immediately and review customer credit exposure."
"Outstanding Receivable > 180 Days",Finance,C00472,"Sanjay Sharma",138562.08,"> 180 Days Outstanding",Critical,"Escalate collection immediately and review customer credit exposure."
"Outstanding Receivable > 180 Days",Finance,C00206,"Sanjay Kumar",138516.94,"> 180 Days Outstanding",Critical,"Escalate collection immediately and review customer credit exposure."
"Outstanding Receivable > 180 Days",Finance,C00305,"Surya Gupta",137985.87,"> 180 Days Outstanding",Critical,"Escalate collection immediately and review customer credit exposure."
"Outstanding Receivable > 180 Days",Finance,C00582,"Deepak Kumar",136660.68,"> 180 Days Outstanding",Critical,"Escalate collection immediately and review customer credit exposure."
"Outstanding Receivable > 180 Days",Finance,C00430,"Deepak Sharma",136099.68,"> 180 Days Outstanding",Critical,"Escalate collection immediately and review customer credit exposure."
"Outstanding Receivable > 180 Days",Finance,C00102,"Arun Reddy",135846.93,"> 180 Days Outstanding",Critical,"Escalate collection immediately and review customer credit exposure."
"Outstanding Receivable > 180 Days",Finance,C00384,"Meena Patel",135191.27,"> 180 Days Outstanding",Critical,"Escalate collection immediately and review customer credit exposure."
"Outstanding Receivable > 180 Days",Finance,C00372,"Sanjay Sharma",134995.79,"> 180 Days Outstanding",Critical,"Escalate collection immediately and review customer credit exposure."
"Outstanding Receivable > 180 Days",Finance,C00387,"Pooja Das",134025.64,"> 180 Days Outstanding",Critical,"Escalate collection immediately and review customer credit exposure."
"Outstanding Receivable > 180 Days",Finance,C00200,"Sneha Sharma",133760.71,"> 180 Days Outstanding",Critical,"Escalate collection immediately and review customer credit exposure."
"Outstanding Receivable > 180 Days",Finance,C00394,"Manoj Singh",133592.98,"> 180 Days Outstanding",Critical,"Escalate collection immediately and review customer credit exposure."
"Outstanding Receivable > 180 Days",Finance,C00581,"Meena Gupta",133546.05,"> 180 Days Outstanding",Critical,"Escalate collection immediately and review customer credit exposure."
"Outstanding Receivable > 180 Days",Finance,C00048,"Manoj Rao",133437.64,"> 180 Days Outstanding",Critical,"Escalate collection immediately and review customer credit exposure."
"Outstanding Receivable > 180 Days",Finance,C00192,"Asha Das",133269.79,"> 180 Days Outstanding",Critical,"Escalate collection immediately and review customer credit exposure."
"Outstanding Receivable > 180 Days",Finance,C00059,"Rahul Patel",133227.24,"> 180 Days Outstanding",Critical,"Escalate collection immediately and review customer credit exposure."
"Outstanding Receivable > 180 Days",Finance,C00262,"Sneha Kumar",132771.70,"> 180 Days Outstanding",Critical,"Escalate collection immediately and review customer credit exposure."
"Outstanding Receivable > 180 Days",Finance,C00116,"Vijay Iyer",132655.50,"> 180 Days Outstanding",Critical,"Escalate collection immediately and review customer credit exposure."
"Outstanding Receivable > 180 Days",Finance,C00501,"Manoj Rao",132139.32,"> 180 Days Outstanding",Critical,"Escalate collection immediately and review customer credit exposure."
"Outstanding Receivable > 180 Days",Finance,C00171,"Meena Kumar",131733.67,"> 180 Days Outstanding",Critical,"Escalate collection immediately and review customer credit exposure."
"Outstanding Receivable > 180 Days",Finance,C00587,"Meena Sharma",131491.60,"> 180 Days Outstanding",Critical,"Escalate collection immediately and review customer credit exposure."
"Outstanding Receivable > 180 Days",Finance,C00342,"Asha Kumar",130783.34,"> 180 Days Outstanding",Critical,"Escalate collection immediately and review customer credit exposure."
"Outstanding Receivable > 180 Days",Finance,C00258,"Sanjay Singh",129907.64,"> 180 Days Outstanding",Critical,"Escalate collection immediately and review customer credit exposure."
"Outstanding Receivable > 180 Days",Finance,C00047,"Karthik Reddy",129525.13,"> 180 Days Outstanding",Critical,"Escalate collection immediately and review customer credit exposure."
"Outstanding Receivable > 180 Days",Finance,C00331,"Priya Kumar",129429.74,"> 180 Days Outstanding",Critical,"Escalate collection immediately and review customer credit exposure."
"Outstanding Receivable > 180 Days",Finance,C00252,"Sanjay Singh",129018.65,"> 180 Days Outstanding",Critical,"Escalate collection immediately and review customer credit exposure."
"Outstanding Receivable > 180 Days",Finance,C00362,"Vijay Singh",128787.67,"> 180 Days Outstanding",Critical,"Escalate collection immediately and review customer credit exposure."
"Outstanding Receivable > 180 Days",Finance,C00157,"Kavya Nair",128762.63,"> 180 Days Outstanding",Critical,"Escalate collection immediately and review customer credit exposure."
"Outstanding Receivable > 180 Days",Finance,C00464,"Manoj Reddy",128439.02,"> 180 Days Outstanding",Critical,"Escalate collection immediately and review customer credit exposure."
"Outstanding Receivable > 180 Days",Finance,C00014,"Sanjay Rao",128285.88,"> 180 Days Outstanding",Critical,"Escalate collection immediately and review customer credit exposure."
"Outstanding Receivable > 180 Days",Finance,C00544,"Nisha Singh",128229.73,"> 180 Days Outstanding",Critical,"Escalate collection immediately and review customer credit exposure."
"Outstanding Receivable > 180 Days",Finance,C00444,"Asha Kumar",128201.90,"> 180 Days Outstanding",Critical,"Escalate collection immediately and review customer credit exposure."
"Outstanding Receivable > 180 Days",Finance,C00285,"Meena Kumar",127828.48,"> 180 Days Outstanding",Critical,"Escalate collection immediately and review customer credit exposure."
"Outstanding Receivable > 180 Days",Finance,C00394,"Manoj Singh",127454.67,"> 180 Days Outstanding",Critical,"Escalate collection immediately and review customer credit exposure."
"Outstanding Receivable > 180 Days",Finance,C00313,"Sneha Kumar",127358.40,"> 180 Days Outstanding",Critical,"Escalate collection immediately and review customer credit exposure."
"Outstanding Receivable > 180 Days",Finance,C00194,"Arun Patel",126728.93,"> 180 Days Outstanding",Critical,"Escalate collection immediately and review customer credit exposure."
"Outstanding Receivable > 180 Days",Finance,C00443,"Rohit Das",126475.30,"> 180 Days Outstanding",Critical,"Escalate collection immediately and review customer credit exposure."
"Outstanding Receivable > 180 Days",Finance,C00360,"Anitha Reddy",126469.61,"> 180 Days Outstanding",Critical,"Escalate collection immediately and review customer credit exposure."
"Outstanding Receivable > 180 Days",Finance,C00516,"Ajay Das",125349.84,"> 180 Days Outstanding",Critical,"Escalate collection immediately and review customer credit exposure."
"Outstanding Receivable > 180 Days",Finance,C00353,"Kavya Sharma",124368.98,"> 180 Days Outstanding",Critical,"Escalate collection immediately and review customer credit exposure."
"Outstanding Receivable > 180 Days",Finance,C00177,"Meena Singh",124030.43,"> 180 Days Outstanding",Critical,"Escalate collection immediately and review customer credit exposure."
"Outstanding Receivable > 180 Days",Finance,C00349,"Nisha Iyer",123340.77,"> 180 Days Outstanding",Critical,"Escalate collection immediately and review customer credit exposure."
"Outstanding Receivable > 180 Days",Finance,C00367,"Ajay Singh",123069.59,"> 180 Days Outstanding",Critical,"Escalate collection immediately and review customer credit exposure."
"Outstanding Receivable > 180 Days",Finance,C00166,"Asha Das",122982.00,"> 180 Days Outstanding",Critical,"Escalate collection immediately and review customer credit exposure."
"Outstanding Receivable > 180 Days",Finance,C00585,"Asha Rao",122816.50,"> 180 Days Outstanding",Critical,"Escalate collection immediately and review customer credit exposure."
"Outstanding Receivable > 180 Days",Finance,C00239,"Rahul Nair",122546.54,"> 180 Days Outstanding",Critical,"Escalate collection immediately and review customer credit exposure."
"Outstanding Receivable > 180 Days",Finance,C00544,"Nisha Singh",122516.51,"> 180 Days Outstanding",Critical,"Escalate collection immediately and review customer credit exposure."
"Outstanding Receivable > 180 Days",Finance,C00346,"Lakshmi Singh",122201.91,"> 180 Days Outstanding",Critical,"Escalate collection immediately and review customer credit exposure."
"Outstanding Receivable > 180 Days",Finance,C00344,"Divya Das",122198.60,"> 180 Days Outstanding",Critical,"Escalate collection immediately and review customer credit exposure."
"Outstanding Receivable > 180 Days",Finance,C00374,"Surya Gupta",121454.95,"> 180 Days Outstanding",Critical,"Escalate collection immediately and review customer credit exposure."
"Outstanding Receivable > 180 Days",Finance,C00131,"Rahul Sharma",120072.99,"> 180 Days Outstanding",Critical,"Escalate collection immediately and review customer credit exposure."
"Outstanding Receivable > 180 Days",Finance,C00571,"Sneha Iyer",119837.03,"> 180 Days Outstanding",Critical,"Escalate collection immediately and review customer credit exposure."
"Outstanding Receivable > 180 Days",Finance,C00485,"Deepak Kumar",119628.95,"> 180 Days Outstanding",Critical,"Escalate collection immediately and review customer credit exposure."
"Outstanding Receivable > 180 Days",Finance,C00449,"Asha Iyer",119148.41,"> 180 Days Outstanding",Critical,"Escalate collection immediately and review customer credit exposure."
"Outstanding Receivable > 180 Days",Finance,C00179,"Karthik Nair",118604.61,"> 180 Days Outstanding",Critical,"Escalate collection immediately and review customer credit exposure."
"Outstanding Receivable > 180 Days",Finance,C00414,"Rohit Patel",118493.19,"> 180 Days Outstanding",Critical,"Escalate collection immediately and review customer credit exposure."
"Outstanding Receivable > 180 Days",Finance,C00445,"Deepak Sharma",118364.02,"> 180 Days Outstanding",Critical,"Escalate collection immediately and review customer credit exposure."
"Outstanding Receivable > 180 Days",Finance,C00040,"Anitha Rao",117950.37,"> 180 Days Outstanding",Critical,"Escalate collection immediately and review customer credit exposure."
"Outstanding Receivable > 180 Days",Finance,C00041,"Surya Iyer",117798.88,"> 180 Days Outstanding",Critical,"Escalate collection immediately and review customer credit exposure."
"Outstanding Receivable > 180 Days",Finance,C00582,"Deepak Kumar",117578.24,"> 180 Days Outstanding",Critical,"Escalate collection immediately and review customer credit exposure."
"Outstanding Receivable > 180 Days",Finance,C00386,"Lakshmi Kumar",117287.45,"> 180 Days Outstanding",Critical,"Escalate collection immediately and review customer credit exposure."
"Outstanding Receivable > 180 Days",Finance,C00277,"Ajay Sharma",116072.41,"> 180 Days Outstanding",Critical,"Escalate collection immediately and review customer credit exposure."
"Outstanding Receivable > 180 Days",Finance,C00269,"Divya Reddy",115924.55,"> 180 Days Outstanding",Critical,"Escalate collection immediately and review customer credit exposure."
"Outstanding Receivable > 180 Days",Finance,C00414,"Rohit Patel",115803.96,"> 180 Days Outstanding",Critical,"Escalate collection immediately and review customer credit exposure."
"Outstanding Receivable > 180 Days",Finance,C00029,"Sneha Sharma",115710.04,"> 180 Days Outstanding",Critical,"Escalate collection immediately and review customer credit exposure."
"Outstanding Receivable > 180 Days",Finance,C00380,"Sanjay Iyer",115478.87,"> 180 Days Outstanding",Critical,"Escalate collection immediately and review customer credit exposure."
"Outstanding Receivable > 180 Days",Finance,C00580,"Priya Kumar",114876.91,"> 180 Days Outstanding",Critical,"Escalate collection immediately and review customer credit exposure."
"Outstanding Receivable > 180 Days",Finance,C00144,"Surya Iyer",113952.03,"> 180 Days Outstanding",Critical,"Escalate collection immediately and review customer credit exposure."
"Outstanding Receivable > 180 Days",Finance,C00582,"Deepak Kumar",113785.00,"> 180 Days Outstanding",Critical,"Escalate collection immediately and review customer credit exposure."
"Outstanding Receivable > 180 Days",Finance,C00209,"Sanjay Nair",113053.06,"> 180 Days Outstanding",Critical,"Escalate collection immediately and review customer credit exposure."
"Outstanding Receivable > 180 Days",Finance,C00483,"Surya Gupta",112724.97,"> 180 Days Outstanding",Critical,"Escalate collection immediately and review customer credit exposure."
"Outstanding Receivable > 180 Days",Finance,C00411,"Anitha Das",112380.39,"> 180 Days Outstanding",Critical,"Escalate collection immediately and review customer credit exposure."
"Outstanding Receivable > 180 Days",Finance,C00368,"Sanjay Reddy",112132.31,"> 180 Days Outstanding",Critical,"Escalate collection immediately and review customer credit exposure."
"Outstanding Receivable > 180 Days",Finance,C00251,"Vijay Patel",111841.56,"> 180 Days Outstanding",Critical,"Escalate collection immediately and review customer credit exposure."
"Outstanding Receivable > 180 Days",Finance,C00018,"Ajay Gupta",111671.30,"> 180 Days Outstanding",Critical,"Escalate collection immediately and review customer credit exposure."
"Outstanding Receivable > 180 Days",Finance,C00395,"Nisha Nair",111572.16,"> 180 Days Outstanding",Critical,"Escalate collection immediately and review customer credit exposure."
"Outstanding Receivable > 180 Days",Finance,C00356,"Deepak Rao",111495.58,"> 180 Days Outstanding",Critical,"Escalate collection immediately and review customer credit exposure."
"Outstanding Receivable > 180 Days",Finance,C00487,"Surya Nair",110830.84,"> 180 Days Outstanding",Critical,"Escalate collection immediately and review customer credit exposure."
"Outstanding Receivable > 180 Days",Finance,C00034,"Sanjay Gupta",109767.77,"> 180 Days Outstanding",Critical,"Escalate collection immediately and review customer credit exposure."
"Outstanding Receivable > 180 Days",Finance,C00076,"Asha Patel",109333.07,"> 180 Days Outstanding",Critical,"Escalate collection immediately and review customer credit exposure."
"Outstanding Receivable > 180 Days",Finance,C00220,"Sanjay Rao",109199.01,"> 180 Days Outstanding",Critical,"Escalate collection immediately and review customer credit exposure."
"Outstanding Receivable > 180 Days",Finance,C00589,"Lakshmi Kumar",108453.17,"> 180 Days Outstanding",Critical,"Escalate collection immediately and review customer credit exposure."
"Outstanding Receivable > 180 Days",Finance,C00132,"Rahul Patel",108194.39,"> 180 Days Outstanding",Critical,"Escalate collection immediately and review customer credit exposure."
"Outstanding Receivable > 180 Days",Finance,C00456,"Sanjay Patel",107778.86,"> 180 Days Outstanding",Critical,"Escalate collection immediately and review customer credit exposure."
"Outstanding Receivable > 180 Days",Finance,C00512,"Divya Iyer",107507.23,"> 180 Days Outstanding",Critical,"Escalate collection immediately and review customer credit exposure."
"Outstanding Receivable > 180 Days",Finance,C00169,"Anitha Rao",107286.53,"> 180 Days Outstanding",Critical,"Escalate collection immediately and review customer credit exposure."
"Outstanding Receivable > 180 Days",Finance,C00014,"Sanjay Rao",106401.82,"> 180 Days Outstanding",Critical,"Escalate collection immediately and review customer credit exposure."
"Outstanding Receivable > 180 Days",Finance,C00403,"Pooja Patel",106286.06,"> 180 Days Outstanding",Critical,"Escalate collection immediately and review customer credit exposure."
"Outstanding Receivable > 180 Days",Finance,C00336,"Rahul Kumar",105672.49,"> 180 Days Outstanding",Critical,"Escalate collection immediately and review customer credit exposure."
"Outstanding Receivable > 180 Days",Finance,C00168,"Priya Das",105649.75,"> 180 Days Outstanding",Critical,"Escalate collection immediately and review customer credit exposure."
"Outstanding Receivable > 180 Days",Finance,C00047,"Karthik Reddy",105569.49,"> 180 Days Outstanding",Critical,"Escalate collection immediately and review customer credit exposure."
"Outstanding Receivable > 180 Days",Finance,C00341,"Rahul Sharma",105440.54,"> 180 Days Outstanding",Critical,"Escalate collection immediately and review customer credit exposure."
"Outstanding Receivable > 180 Days",Finance,C00245,"Priya Gupta",105339.71,"> 180 Days Outstanding",Critical,"Escalate collection immediately and review customer credit exposure."
"Outstanding Receivable > 180 Days",Finance,C00167,"Vijay Gupta",105290.41,"> 180 Days Outstanding",Critical,"Escalate collection immediately and review customer credit exposure."
"Outstanding Receivable > 180 Days",Finance,C00065,"Deepak Reddy",105125.70,"> 180 Days Outstanding",Critical,"Escalate collection immediately and review customer credit exposure."
"Outstanding Receivable > 180 Days",Finance,C00200,"Sneha Sharma",104373.87,"> 180 Days Outstanding",Critical,"Escalate collection immediately and review customer credit exposure."
"Outstanding Receivable > 180 Days",Finance,C00462,"Meena Gupta",104286.20,"> 180 Days Outstanding",Critical,"Escalate collection immediately and review customer credit exposure."
"Outstanding Receivable > 180 Days",Finance,C00283,"Kavya Das",103568.43,"> 180 Days Outstanding",Critical,"Escalate collection immediately and review customer credit exposure."
"Outstanding Receivable > 180 Days",Finance,C00113,"Deepak Nair",103462.89,"> 180 Days Outstanding",Critical,"Escalate collection immediately and review customer credit exposure."
"Outstanding Receivable > 180 Days",Finance,C00019,"Kavya Kumar",102860.55,"> 180 Days Outstanding",Critical,"Escalate collection immediately and review customer credit exposure."
"Outstanding Receivable > 180 Days",Finance,C00508,"Kavya Gupta",101445.18,"> 180 Days Outstanding",Critical,"Escalate collection immediately and review customer credit exposure."
"Outstanding Receivable > 180 Days",Finance,C00404,"Arun Reddy",101380.24,"> 180 Days Outstanding",Critical,"Escalate collection immediately and review customer credit exposure."
"Outstanding Receivable > 180 Days",Finance,C00225,"Anitha Iyer",101184.54,"> 180 Days Outstanding",Critical,"Escalate collection immediately and review customer credit exposure."
"Outstanding Receivable > 180 Days",Finance,C00464,"Manoj Reddy",101010.50,"> 180 Days Outstanding",Critical,"Escalate collection immediately and review customer credit exposure."
"Outstanding Receivable > 180 Days",Finance,C00178,"Ajay Kumar",100873.02,"> 180 Days Outstanding",Critical,"Escalate collection immediately and review customer credit exposure."
"Outstanding Receivable > 180 Days",Finance,C00185,"Vijay Patel",100570.35,"> 180 Days Outstanding",Critical,"Escalate collection immediately and review customer credit exposure."
"Outstanding Receivable > 180 Days",Finance,C00075,"Pooja Nair",100006.68,"> 180 Days Outstanding",Critical,"Escalate collection immediately and review customer credit exposure."
"Outstanding Receivable > 180 Days",Finance,C00552,"Sneha Singh",99579.25,"> 180 Days Outstanding",Critical,"Escalate collection immediately and review customer credit exposure."
"Outstanding Receivable > 180 Days",Finance,C00092,"Sneha Das",99420.80,"> 180 Days Outstanding",Critical,"Escalate collection immediately and review customer credit exposure."
"Outstanding Receivable > 180 Days",Finance,C00470,"Lakshmi Kumar",99261.65,"> 180 Days Outstanding",Critical,"Escalate collection immediately and review customer credit exposure."
"Outstanding Receivable > 180 Days",Finance,C00146,"Vijay Iyer",99254.85,"> 180 Days Outstanding",Critical,"Escalate collection immediately and review customer credit exposure."
"Outstanding Receivable > 180 Days",Finance,C00489,"Surya Nair",99253.17,"> 180 Days Outstanding",Critical,"Escalate collection immediately and review customer credit exposure."
"Outstanding Receivable > 180 Days",Finance,C00295,"Surya Gupta",98660.64,"> 180 Days Outstanding",Critical,"Escalate collection immediately and review customer credit exposure."
"Outstanding Receivable > 180 Days",Finance,C00306,"Vijay Das",98455.78,"> 180 Days Outstanding",Critical,"Escalate collection immediately and review customer credit exposure."
"Outstanding Receivable > 180 Days",Finance,C00283,"Kavya Das",98334.58,"> 180 Days Outstanding",Critical,"Escalate collection immediately and review customer credit exposure."
"Outstanding Receivable > 180 Days",Finance,C00395,"Nisha Nair",98319.47,"> 180 Days Outstanding",Critical,"Escalate collection immediately and review customer credit exposure."
"Outstanding Receivable > 180 Days",Finance,C00403,"Pooja Patel",97641.92,"> 180 Days Outstanding",Critical,"Escalate collection immediately and review customer credit exposure."
"Outstanding Receivable > 180 Days",Finance,C00214,"Nisha Singh",97499.12,"> 180 Days Outstanding",Critical,"Escalate collection immediately and review customer credit exposure."
"Outstanding Receivable > 180 Days",Finance,C00044,"Ajay Singh",96628.23,"> 180 Days Outstanding",Critical,"Escalate collection immediately and review customer credit exposure."
"Outstanding Receivable > 180 Days",Finance,C00464,"Manoj Reddy",96617.27,"> 180 Days Outstanding",Critical,"Escalate collection immediately and review customer credit exposure."
"Outstanding Receivable > 180 Days",Finance,C00270,"Sanjay Reddy",96551.99,"> 180 Days Outstanding",Critical,"Escalate collection immediately and review customer credit exposure."
"Outstanding Receivable > 180 Days",Finance,C00434,"Pooja Iyer",96152.07,"> 180 Days Outstanding",Critical,"Escalate collection immediately and review customer credit exposure."
"Outstanding Receivable > 180 Days",Finance,C00327,"Sneha Sharma",95113.56,"> 180 Days Outstanding",Critical,"Escalate collection immediately and review customer credit exposure."
"Outstanding Receivable > 180 Days",Finance,C00252,"Sanjay Singh",94467.96,"> 180 Days Outstanding",Critical,"Escalate collection immediately and review customer credit exposure."
"Outstanding Receivable > 180 Days",Finance,C00485,"Deepak Kumar",94287.30,"> 180 Days Outstanding",Critical,"Escalate collection immediately and review customer credit exposure."
"Outstanding Receivable > 180 Days",Finance,C00326,"Kavya Reddy",94174.72,"> 180 Days Outstanding",Critical,"Escalate collection immediately and review customer credit exposure."
"Outstanding Receivable > 180 Days",Finance,C00361,"Rohit Kumar",94102.87,"> 180 Days Outstanding",Critical,"Escalate collection immediately and review customer credit exposure."
"Outstanding Receivable > 180 Days",Finance,C00532,"Deepak Reddy",93980.95,"> 180 Days Outstanding",Critical,"Escalate collection immediately and review customer credit exposure."
"Outstanding Receivable > 180 Days",Finance,C00494,"Manoj Kumar",93973.49,"> 180 Days Outstanding",Critical,"Escalate collection immediately and review customer credit exposure."
"Outstanding Receivable > 180 Days",Finance,C00224,"Manoj Gupta",93681.70,"> 180 Days Outstanding",Critical,"Escalate collection immediately and review customer credit exposure."
"Outstanding Receivable > 180 Days",Finance,C00576,"Arun Singh",93657.96,"> 180 Days Outstanding",Critical,"Escalate collection immediately and review customer credit exposure."
"Outstanding Receivable > 180 Days",Finance,C00077,"Surya Das",93528.34,"> 180 Days Outstanding",Critical,"Escalate collection immediately and review customer credit exposure."
"Outstanding Receivable > 180 Days",Finance,C00422,"Surya Gupta",93113.96,"> 180 Days Outstanding",Critical,"Escalate collection immediately and review customer credit exposure."
"Outstanding Receivable > 180 Days",Finance,C00021,"Divya Sharma",92994.52,"> 180 Days Outstanding",Critical,"Escalate collection immediately and review customer credit exposure."
"Outstanding Receivable > 180 Days",Finance,C00302,"Nisha Singh",92845.48,"> 180 Days Outstanding",Critical,"Escalate collection immediately and review customer credit exposure."
"Outstanding Receivable > 180 Days",Finance,C00417,"Surya Reddy",92664.81,"> 180 Days Outstanding",Critical,"Escalate collection immediately and review customer credit exposure."
"Outstanding Receivable > 180 Days",Finance,C00227,"Arun Sharma",92552.19,"> 180 Days Outstanding",Critical,"Escalate collection immediately and review customer credit exposure."
"Outstanding Receivable > 180 Days",Finance,C00508,"Kavya Gupta",92546.12,"> 180 Days Outstanding",Critical,"Escalate collection immediately and review customer credit exposure."
"Outstanding Receivable > 180 Days",Finance,C00405,"Sanjay Patel",92527.61,"> 180 Days Outstanding",Critical,"Escalate collection immediately and review customer credit exposure."
"Outstanding Receivable > 180 Days",Finance,C00219,"Sneha Rao",92301.41,"> 180 Days Outstanding",Critical,"Escalate collection immediately and review customer credit exposure."
"Outstanding Receivable > 180 Days",Finance,C00075,"Pooja Nair",92123.04,"> 180 Days Outstanding",Critical,"Escalate collection immediately and review customer credit exposure."
"Outstanding Receivable > 180 Days",Finance,C00039,"Divya Nair",91958.02,"> 180 Days Outstanding",Critical,"Escalate collection immediately and review customer credit exposure."
"Outstanding Receivable > 180 Days",Finance,C00470,"Lakshmi Kumar",91754.60,"> 180 Days Outstanding",Critical,"Escalate collection immediately and review customer credit exposure."
"Outstanding Receivable > 180 Days",Finance,C00578,"Nisha Sharma",91555.93,"> 180 Days Outstanding",Critical,"Escalate collection immediately and review customer credit exposure."
"Outstanding Receivable > 180 Days",Finance,C00343,"Surya Patel",91289.67,"> 180 Days Outstanding",Critical,"Escalate collection immediately and review customer credit exposure."
"Outstanding Receivable > 180 Days",Finance,C00075,"Pooja Nair",91186.39,"> 180 Days Outstanding",Critical,"Escalate collection immediately and review customer credit exposure."
"Outstanding Receivable > 180 Days",Finance,C00425,"Vijay Iyer",90573.76,"> 180 Days Outstanding",Critical,"Escalate collection immediately and review customer credit exposure."
"Outstanding Receivable > 180 Days",Finance,C00069,"Surya Reddy",90519.96,"> 180 Days Outstanding",Critical,"Escalate collection immediately and review customer credit exposure."
"Outstanding Receivable > 180 Days",Finance,C00035,"Rohit Gupta",90419.12,"> 180 Days Outstanding",Critical,"Escalate collection immediately and review customer credit exposure."
"Outstanding Receivable > 180 Days",Finance,C00450,"Deepak Reddy",89812.78,"> 180 Days Outstanding",Critical,"Escalate collection immediately and review customer credit exposure."
"Outstanding Receivable > 180 Days",Finance,C00045,"Priya Reddy",89733.66,"> 180 Days Outstanding",Critical,"Escalate collection immediately and review customer credit exposure."
"Outstanding Receivable > 180 Days",Finance,C00154,"Ajay Patel",89227.02,"> 180 Days Outstanding",Critical,"Escalate collection immediately and review customer credit exposure."
"Outstanding Receivable > 180 Days",Finance,C00281,"Deepak Iyer",89079.61,"> 180 Days Outstanding",Critical,"Escalate collection immediately and review customer credit exposure."
"Outstanding Receivable > 180 Days",Finance,C00096,"Divya Nair",88852.29,"> 180 Days Outstanding",Critical,"Escalate collection immediately and review customer credit exposure."
"Outstanding Receivable > 180 Days",Finance,C00301,"Rahul Sharma",87399.97,"> 180 Days Outstanding",Critical,"Escalate collection immediately and review customer credit exposure."
"Outstanding Receivable > 180 Days",Finance,C00044,"Ajay Singh",86724.39,"> 180 Days Outstanding",Critical,"Escalate collection immediately and review customer credit exposure."
"Outstanding Receivable > 180 Days",Finance,C00326,"Kavya Reddy",86333.62,"> 180 Days Outstanding",Critical,"Escalate collection immediately and review customer credit exposure."
"Outstanding Receivable > 180 Days",Finance,C00182,"Rohit Patel",85630.95,"> 180 Days Outstanding",Critical,"Escalate collection immediately and review customer credit exposure."
"Outstanding Receivable > 180 Days",Finance,C00223,"Nisha Patel",85416.57,"> 180 Days Outstanding",Critical,"Escalate collection immediately and review customer credit exposure."
"Outstanding Receivable > 180 Days",Finance,C00598,"Lakshmi Iyer",85052.67,"> 180 Days Outstanding",Critical,"Escalate collection immediately and review customer credit exposure."
"Outstanding Receivable > 180 Days",Finance,C00124,"Nisha Rao",85030.86,"> 180 Days Outstanding",Critical,"Escalate collection immediately and review customer credit exposure."
"Outstanding Receivable > 180 Days",Finance,C00183,"Priya Iyer",84808.76,"> 180 Days Outstanding",Critical,"Escalate collection immediately and review customer credit exposure."
"Outstanding Receivable > 180 Days",Finance,C00446,"Nisha Das",84480.04,"> 180 Days Outstanding",Critical,"Escalate collection immediately and review customer credit exposure."
"Outstanding Receivable > 180 Days",Finance,C00532,"Deepak Reddy",84370.17,"> 180 Days Outstanding",Critical,"Escalate collection immediately and review customer credit exposure."
"Outstanding Receivable > 180 Days",Finance,C00390,"Nisha Sharma",84143.19,"> 180 Days Outstanding",Critical,"Escalate collection immediately and review customer credit exposure."
"Outstanding Receivable > 180 Days",Finance,C00409,"Priya Gupta",84070.36,"> 180 Days Outstanding",Critical,"Escalate collection immediately and review customer credit exposure."
"Outstanding Receivable > 180 Days",Finance,C00275,"Arun Singh",82475.65,"> 180 Days Outstanding",Critical,"Escalate collection immediately and review customer credit exposure."
"Outstanding Receivable > 180 Days",Finance,C00318,"Sneha Das",81978.51,"> 180 Days Outstanding",Critical,"Escalate collection immediately and review customer credit exposure."
"Outstanding Receivable > 180 Days",Finance,C00364,"Rohit Nair",81080.00,"> 180 Days Outstanding",Critical,"Escalate collection immediately and review customer credit exposure."
"Outstanding Receivable > 180 Days",Finance,C00460,"Deepak Kumar",81057.68,"> 180 Days Outstanding",Critical,"Escalate collection immediately and review customer credit exposure."
"Outstanding Receivable > 180 Days",Finance,C00215,"Pooja Singh",80915.85,"> 180 Days Outstanding",Critical,"Escalate collection immediately and review customer credit exposure."
"Outstanding Receivable > 180 Days",Finance,C00382,"Karthik Singh",80038.14,"> 180 Days Outstanding",Critical,"Escalate collection immediately and review customer credit exposure."
"Outstanding Receivable > 180 Days",Finance,C00130,"Priya Rao",79832.44,"> 180 Days Outstanding",Critical,"Escalate collection immediately and review customer credit exposure."
"Outstanding Receivable > 180 Days",Finance,C00532,"Deepak Reddy",79382.90,"> 180 Days Outstanding",Critical,"Escalate collection immediately and review customer credit exposure."
"Outstanding Receivable > 180 Days",Finance,C00288,"Deepak Kumar",79052.56,"> 180 Days Outstanding",Critical,"Escalate collection immediately and review customer credit exposure."
"Outstanding Receivable > 180 Days",Finance,C00250,"Meena Patel",78565.25,"> 180 Days Outstanding",Critical,"Escalate collection immediately and review customer credit exposure."
"Outstanding Receivable > 180 Days",Finance,C00329,"Manoj Rao",78494.23,"> 180 Days Outstanding",Critical,"Escalate collection immediately and review customer credit exposure."
"Outstanding Receivable > 180 Days",Finance,C00426,"Asha Rao",77746.26,"> 180 Days Outstanding",Critical,"Escalate collection immediately and review customer credit exposure."
"Outstanding Receivable > 180 Days",Finance,C00537,"Anitha Singh",77684.20,"> 180 Days Outstanding",Critical,"Escalate collection immediately and review customer credit exposure."
"Outstanding Receivable > 180 Days",Finance,C00098,"Priya Rao",77365.09,"> 180 Days Outstanding",Critical,"Escalate collection immediately and review customer credit exposure."
"Outstanding Receivable > 180 Days",Finance,C00312,"Kavya Iyer",77192.28,"> 180 Days Outstanding",Critical,"Escalate collection immediately and review customer credit exposure."
"Outstanding Receivable > 180 Days",Finance,C00042,"Anitha Iyer",76633.76,"> 180 Days Outstanding",Critical,"Escalate collection immediately and review customer credit exposure."
"Outstanding Receivable > 180 Days",Finance,C00061,"Sanjay Reddy",75288.46,"> 180 Days Outstanding",Critical,"Escalate collection immediately and review customer credit exposure."
"Outstanding Receivable > 180 Days",Finance,C00077,"Surya Das",75137.79,"> 180 Days Outstanding",Critical,"Escalate collection immediately and review customer credit exposure."
"Outstanding Receivable > 180 Days",Finance,C00331,"Priya Kumar",75011.52,"> 180 Days Outstanding",Critical,"Escalate collection immediately and review customer credit exposure."
"Outstanding Receivable > 180 Days",Finance,C00333,"Sanjay Gupta",75007.29,"> 180 Days Outstanding",Critical,"Escalate collection immediately and review customer credit exposure."
"Outstanding Receivable > 180 Days",Finance,C00536,"Pooja Singh",73389.56,"> 180 Days Outstanding",Critical,"Escalate collection immediately and review customer credit exposure."
"Outstanding Receivable > 180 Days",Finance,C00392,"Sanjay Patel",73338.56,"> 180 Days Outstanding",Critical,"Escalate collection immediately and review customer credit exposure."
"Outstanding Receivable > 180 Days",Finance,C00124,"Nisha Rao",73248.69,"> 180 Days Outstanding",Critical,"Escalate collection immediately and review customer credit exposure."
"Outstanding Receivable > 180 Days",Finance,C00461,"Asha Iyer",72376.17,"> 180 Days Outstanding",Critical,"Escalate collection immediately and review customer credit exposure."
"Outstanding Receivable > 180 Days",Finance,C00302,"Nisha Singh",72211.62,"> 180 Days Outstanding",Critical,"Escalate collection immediately and review customer credit exposure."
"Outstanding Receivable > 180 Days",Finance,C00487,"Surya Nair",72014.06,"> 180 Days Outstanding",Critical,"Escalate collection immediately and review customer credit exposure."
"Outstanding Receivable > 180 Days",Finance,C00101,"Ajay Kumar",71930.10,"> 180 Days Outstanding",Critical,"Escalate collection immediately and review customer credit exposure."
"Outstanding Receivable > 180 Days",Finance,C00039,"Divya Nair",71859.12,"> 180 Days Outstanding",Critical,"Escalate collection immediately and review customer credit exposure."
"Outstanding Receivable > 180 Days",Finance,C00120,"Meena Rao",71497.38,"> 180 Days Outstanding",Critical,"Escalate collection immediately and review customer credit exposure."
"Outstanding Receivable > 180 Days",Finance,C00462,"Meena Gupta",71484.35,"> 180 Days Outstanding",Critical,"Escalate collection immediately and review customer credit exposure."
"Outstanding Receivable > 180 Days",Finance,C00121,"Pooja Das",71425.34,"> 180 Days Outstanding",Critical,"Escalate collection immediately and review customer credit exposure."
"Outstanding Receivable > 180 Days",Finance,C00320,"Sneha Nair",70338.25,"> 180 Days Outstanding",Critical,"Escalate collection immediately and review customer credit exposure."
"Outstanding Receivable > 180 Days",Finance,C00560,"Manoj Kumar",70334.05,"> 180 Days Outstanding",Critical,"Escalate collection immediately and review customer credit exposure."
"Outstanding Receivable > 180 Days",Finance,C00086,"Lakshmi Das",70152.33,"> 180 Days Outstanding",Critical,"Escalate collection immediately and review customer credit exposure."
"Outstanding Receivable > 180 Days",Finance,C00136,"Arun Gupta",69915.26,"> 180 Days Outstanding",Critical,"Escalate collection immediately and review customer credit exposure."
"Outstanding Receivable > 180 Days",Finance,C00363,"Sneha Gupta",69826.94,"> 180 Days Outstanding",Critical,"Escalate collection immediately and review customer credit exposure."
"Outstanding Receivable > 180 Days",Finance,C00220,"Sanjay Rao",69592.75,"> 180 Days Outstanding",Critical,"Escalate collection immediately and review customer credit exposure."
"Outstanding Receivable > 180 Days",Finance,C00258,"Sanjay Singh",69535.83,"> 180 Days Outstanding",Critical,"Escalate collection immediately and review customer credit exposure."
"Outstanding Receivable > 180 Days",Finance,C00210,"Ajay Sharma",69516.19,"> 180 Days Outstanding",Critical,"Escalate collection immediately and review customer credit exposure."
"Outstanding Receivable > 180 Days",Finance,C00232,"Sanjay Sharma",69468.57,"> 180 Days Outstanding",Critical,"Escalate collection immediately and review customer credit exposure."
"Outstanding Receivable > 180 Days",Finance,C00347,"Asha Rao",69359.63,"> 180 Days Outstanding",Critical,"Escalate collection immediately and review customer credit exposure."
"Outstanding Receivable > 180 Days",Finance,C00004,"Anitha Rao",68845.01,"> 180 Days Outstanding",Critical,"Escalate collection immediately and review customer credit exposure."
"Outstanding Receivable > 180 Days",Finance,C00134,"Sneha Rao",67592.10,"> 180 Days Outstanding",Critical,"Escalate collection immediately and review customer credit exposure."
"Outstanding Receivable > 180 Days",Finance,C00126,"Arun Sharma",66949.35,"> 180 Days Outstanding",Critical,"Escalate collection immediately and review customer credit exposure."
"Outstanding Receivable > 180 Days",Finance,C00175,"Meena Kumar",66728.48,"> 180 Days Outstanding",Critical,"Escalate collection immediately and review customer credit exposure."
"Outstanding Receivable > 180 Days",Finance,C00221,"Surya Patel",66712.33,"> 180 Days Outstanding",Critical,"Escalate collection immediately and review customer credit exposure."
"Outstanding Receivable > 180 Days",Finance,C00411,"Anitha Das",66673.75,"> 180 Days Outstanding",Critical,"Escalate collection immediately and review customer credit exposure."
"Outstanding Receivable > 180 Days",Finance,C00443,"Rohit Das",66506.95,"> 180 Days Outstanding",Critical,"Escalate collection immediately and review customer credit exposure."
"Outstanding Receivable > 180 Days",Finance,C00225,"Anitha Iyer",65871.54,"> 180 Days Outstanding",Critical,"Escalate collection immediately and review customer credit exposure."
"Outstanding Receivable > 180 Days",Finance,C00278,"Rohit Gupta",65772.06,"> 180 Days Outstanding",Critical,"Escalate collection immediately and review customer credit exposure."
"Outstanding Receivable > 180 Days",Finance,C00193,"Priya Kumar",64878.80,"> 180 Days Outstanding",Critical,"Escalate collection immediately and review customer credit exposure."
"Outstanding Receivable > 180 Days",Finance,C00023,"Kavya Gupta",64872.40,"> 180 Days Outstanding",Critical,"Escalate collection immediately and review customer credit exposure."
"Outstanding Receivable > 180 Days",Finance,C00047,"Karthik Reddy",64688.47,"> 180 Days Outstanding",Critical,"Escalate collection immediately and review customer credit exposure."
"Outstanding Receivable > 180 Days",Finance,C00399,"Karthik Reddy",64608.52,"> 180 Days Outstanding",Critical,"Escalate collection immediately and review customer credit exposure."
"Outstanding Receivable > 180 Days",Finance,C00124,"Nisha Rao",64573.94,"> 180 Days Outstanding",Critical,"Escalate collection immediately and review customer credit exposure."
"Outstanding Receivable > 180 Days",Finance,C00290,"Lakshmi Patel",64251.00,"> 180 Days Outstanding",Critical,"Escalate collection immediately and review customer credit exposure."
"Outstanding Receivable > 180 Days",Finance,C00390,"Nisha Sharma",64214.30,"> 180 Days Outstanding",Critical,"Escalate collection immediately and review customer credit exposure."
"Outstanding Receivable > 180 Days",Finance,C00549,"Manoj Sharma",63885.77,"> 180 Days Outstanding",Critical,"Escalate collection immediately and review customer credit exposure."
"Outstanding Receivable > 180 Days",Finance,C00276,"Deepak Rao",63877.44,"> 180 Days Outstanding",Critical,"Escalate collection immediately and review customer credit exposure."
"Outstanding Receivable > 180 Days",Finance,C00196,"Arun Iyer",63668.09,"> 180 Days Outstanding",Critical,"Escalate collection immediately and review customer credit exposure."
"Outstanding Receivable > 180 Days",Finance,C00471,"Vijay Reddy",62974.82,"> 180 Days Outstanding",Critical,"Escalate collection immediately and review customer credit exposure."
"Outstanding Receivable > 180 Days",Finance,C00063,"Karthik Kumar",62176.59,"> 180 Days Outstanding",Critical,"Escalate collection immediately and review customer credit exposure."
"Outstanding Receivable > 180 Days",Finance,C00022,"Anitha Iyer",61912.71,"> 180 Days Outstanding",Critical,"Escalate collection immediately and review customer credit exposure."
"Outstanding Receivable > 180 Days",Finance,C00252,"Sanjay Singh",61804.50,"> 180 Days Outstanding",Critical,"Escalate collection immediately and review customer credit exposure."
"Outstanding Receivable > 180 Days",Finance,C00285,"Meena Kumar",61523.80,"> 180 Days Outstanding",Critical,"Escalate collection immediately and review customer credit exposure."
"Outstanding Receivable > 180 Days",Finance,C00228,"Rohit Das",61427.70,"> 180 Days Outstanding",Critical,"Escalate collection immediately and review customer credit exposure."
"Outstanding Receivable > 180 Days",Finance,C00408,"Kavya Kumar",61116.68,"> 180 Days Outstanding",Critical,"Escalate collection immediately and review customer credit exposure."
"Outstanding Receivable > 180 Days",Finance,C00228,"Rohit Das",61069.10,"> 180 Days Outstanding",Critical,"Escalate collection immediately and review customer credit exposure."
"Outstanding Receivable > 180 Days",Finance,C00232,"Sanjay Sharma",61062.57,"> 180 Days Outstanding",Critical,"Escalate collection immediately and review customer credit exposure."
"Outstanding Receivable > 180 Days",Finance,C00402,"Arun Iyer",60916.95,"> 180 Days Outstanding",Critical,"Escalate collection immediately and review customer credit exposure."
"Outstanding Receivable > 180 Days",Finance,C00537,"Anitha Singh",60801.77,"> 180 Days Outstanding",Critical,"Escalate collection immediately and review customer credit exposure."
"Outstanding Receivable > 180 Days",Finance,C00036,"Asha Patel",60156.35,"> 180 Days Outstanding",Critical,"Escalate collection immediately and review customer credit exposure."
"Outstanding Receivable > 180 Days",Finance,C00054,"Manoj Sharma",59682.42,"> 180 Days Outstanding",Critical,"Escalate collection immediately and review customer credit exposure."
"Outstanding Receivable > 180 Days",Finance,C00104,"Manoj Sharma",58706.36,"> 180 Days Outstanding",Critical,"Escalate collection immediately and review customer credit exposure."
"Outstanding Receivable > 180 Days",Finance,C00399,"Karthik Reddy",58602.27,"> 180 Days Outstanding",Critical,"Escalate collection immediately and review customer credit exposure."
"Outstanding Receivable > 180 Days",Finance,C00418,"Pooja Gupta",58536.88,"> 180 Days Outstanding",Critical,"Escalate collection immediately and review customer credit exposure."
"Outstanding Receivable > 180 Days",Finance,C00255,"Manoj Sharma",58497.49,"> 180 Days Outstanding",Critical,"Escalate collection immediately and review customer credit exposure."
"Outstanding Receivable > 180 Days",Finance,C00122,"Anitha Rao",58408.24,"> 180 Days Outstanding",Critical,"Escalate collection immediately and review customer credit exposure."
"Outstanding Receivable > 180 Days",Finance,C00170,"Anitha Sharma",58402.96,"> 180 Days Outstanding",Critical,"Escalate collection immediately and review customer credit exposure."
"Outstanding Receivable > 180 Days",Finance,C00475,"Lakshmi Gupta",58289.08,"> 180 Days Outstanding",Critical,"Escalate collection immediately and review customer credit exposure."
"Outstanding Receivable > 180 Days",Finance,C00120,"Meena Rao",58064.53,"> 180 Days Outstanding",Critical,"Escalate collection immediately and review customer credit exposure."
"Outstanding Receivable > 180 Days",Finance,C00317,"Anitha Gupta",57938.12,"> 180 Days Outstanding",Critical,"Escalate collection immediately and review customer credit exposure."
"Outstanding Receivable > 180 Days",Finance,C00183,"Priya Iyer",57853.82,"> 180 Days Outstanding",Critical,"Escalate collection immediately and review customer credit exposure."
"Outstanding Receivable > 180 Days",Finance,C00427,"Rohit Rao",57823.65,"> 180 Days Outstanding",Critical,"Escalate collection immediately and review customer credit exposure."
"Outstanding Receivable > 180 Days",Finance,C00600,"Anitha Nair",57790.84,"> 180 Days Outstanding",Critical,"Escalate collection immediately and review customer credit exposure."
"Outstanding Receivable > 180 Days",Finance,C00501,"Manoj Rao",57717.12,"> 180 Days Outstanding",Critical,"Escalate collection immediately and review customer credit exposure."
"Outstanding Receivable > 180 Days",Finance,C00007,"Arun Das",57316.28,"> 180 Days Outstanding",Critical,"Escalate collection immediately and review customer credit exposure."
"Outstanding Receivable > 180 Days",Finance,C00585,"Asha Rao",57137.51,"> 180 Days Outstanding",Critical,"Escalate collection immediately and review customer credit exposure."
"Outstanding Receivable > 180 Days",Finance,C00469,"Rohit Patel",56971.28,"> 180 Days Outstanding",Critical,"Escalate collection immediately and review customer credit exposure."
"Outstanding Receivable > 180 Days",Finance,C00265,"Rahul Das",56661.68,"> 180 Days Outstanding",Critical,"Escalate collection immediately and review customer credit exposure."
"Outstanding Receivable > 180 Days",Finance,C00459,"Asha Patel",56628.03,"> 180 Days Outstanding",Critical,"Escalate collection immediately and review customer credit exposure."
"Outstanding Receivable > 180 Days",Finance,C00163,"Karthik Iyer",56529.52,"> 180 Days Outstanding",Critical,"Escalate collection immediately and review customer credit exposure."
"Outstanding Receivable > 180 Days",Finance,C00097,"Sneha Das",56477.09,"> 180 Days Outstanding",Critical,"Escalate collection immediately and review customer credit exposure."
"Outstanding Receivable > 180 Days",Finance,C00037,"Rohit Rao",56468.71,"> 180 Days Outstanding",Critical,"Escalate collection immediately and review customer credit exposure."
"Outstanding Receivable > 180 Days",Finance,C00443,"Rohit Das",56355.09,"> 180 Days Outstanding",Critical,"Escalate collection immediately and review customer credit exposure."
"Outstanding Receivable > 180 Days",Finance,C00349,"Nisha Iyer",56278.70,"> 180 Days Outstanding",Critical,"Escalate collection immediately and review customer credit exposure."
"Outstanding Receivable > 180 Days",Finance,C00151,"Asha Kumar",56180.99,"> 180 Days Outstanding",Critical,"Escalate collection immediately and review customer credit exposure."
"Outstanding Receivable > 180 Days",Finance,C00028,"Lakshmi Kumar",56164.58,"> 180 Days Outstanding",Critical,"Escalate collection immediately and review customer credit exposure."
"Outstanding Receivable > 180 Days",Finance,C00264,"Deepak Das",56039.77,"> 180 Days Outstanding",Critical,"Escalate collection immediately and review customer credit exposure."
"Outstanding Receivable > 180 Days",Finance,C00272,"Karthik Patel",55904.29,"> 180 Days Outstanding",Critical,"Escalate collection immediately and review customer credit exposure."
"Outstanding Receivable > 180 Days",Finance,C00409,"Priya Gupta",55887.19,"> 180 Days Outstanding",Critical,"Escalate collection immediately and review customer credit exposure."
"Outstanding Receivable > 180 Days",Finance,C00058,"Sneha Sharma",55867.77,"> 180 Days Outstanding",Critical,"Escalate collection immediately and review customer credit exposure."
"Outstanding Receivable > 180 Days",Finance,C00026,"Lakshmi Kumar",55237.01,"> 180 Days Outstanding",Critical,"Escalate collection immediately and review customer credit exposure."
"Outstanding Receivable > 180 Days",Finance,C00432,"Rahul Nair",55046.31,"> 180 Days Outstanding",Critical,"Escalate collection immediately and review customer credit exposure."
"Outstanding Receivable > 180 Days",Finance,C00261,"Sneha Singh",54960.78,"> 180 Days Outstanding",Critical,"Escalate collection immediately and review customer credit exposure."
"Outstanding Receivable > 180 Days",Finance,C00236,"Asha Reddy",54553.98,"> 180 Days Outstanding",Critical,"Escalate collection immediately and review customer credit exposure."
"Outstanding Receivable > 180 Days",Finance,C00208,"Meena Sharma",54500.68,"> 180 Days Outstanding",Critical,"Escalate collection immediately and review customer credit exposure."
"Outstanding Receivable > 180 Days",Finance,C00495,"Lakshmi Iyer",54496.25,"> 180 Days Outstanding",Critical,"Escalate collection immediately and review customer credit exposure."
"Outstanding Receivable > 180 Days",Finance,C00286,"Asha Rao",54315.03,"> 180 Days Outstanding",Critical,"Escalate collection immediately and review customer credit exposure."
"Outstanding Receivable > 180 Days",Finance,C00591,"Divya Kumar",54271.92,"> 180 Days Outstanding",Critical,"Escalate collection immediately and review customer credit exposure."
"Outstanding Receivable > 180 Days",Finance,C00504,"Nisha Sharma",54145.35,"> 180 Days Outstanding",Critical,"Escalate collection immediately and review customer credit exposure."
"Outstanding Receivable > 180 Days",Finance,C00562,"Asha Reddy",53965.93,"> 180 Days Outstanding",Critical,"Escalate collection immediately and review customer credit exposure."
"Outstanding Receivable > 180 Days",Finance,C00451,"Sneha Gupta",53629.47,"> 180 Days Outstanding",Critical,"Escalate collection immediately and review customer credit exposure."
"Outstanding Receivable > 180 Days",Finance,C00129,"Karthik Rao",53504.96,"> 180 Days Outstanding",Critical,"Escalate collection immediately and review customer credit exposure."
"Outstanding Receivable > 180 Days",Finance,C00040,"Anitha Rao",53036.43,"> 180 Days Outstanding",Critical,"Escalate collection immediately and review customer credit exposure."
"Outstanding Receivable > 180 Days",Finance,C00309,"Ajay Das",52849.64,"> 180 Days Outstanding",Critical,"Escalate collection immediately and review customer credit exposure."
"Outstanding Receivable > 180 Days",Finance,C00493,"Rohit Rao",52781.54,"> 180 Days Outstanding",Critical,"Escalate collection immediately and review customer credit exposure."
"Outstanding Receivable > 180 Days",Finance,C00574,"Manoj Rao",52751.71,"> 180 Days Outstanding",Critical,"Escalate collection immediately and review customer credit exposure."
"Outstanding Receivable > 180 Days",Finance,C00112,"Pooja Gupta",52739.56,"> 180 Days Outstanding",Critical,"Escalate collection immediately and review customer credit exposure."
"Outstanding Receivable > 180 Days",Finance,C00569,"Vijay Patel",52704.07,"> 180 Days Outstanding",Critical,"Escalate collection immediately and review customer credit exposure."
"Outstanding Receivable > 180 Days",Finance,C00590,"Manoj Kumar",52538.51,"> 180 Days Outstanding",Critical,"Escalate collection immediately and review customer credit exposure."
"Outstanding Receivable > 180 Days",Finance,C00149,"Asha Reddy",52494.31,"> 180 Days Outstanding",Critical,"Escalate collection immediately and review customer credit exposure."
"Outstanding Receivable > 180 Days",Finance,C00322,"Rahul Reddy",52451.01,"> 180 Days Outstanding",Critical,"Escalate collection immediately and review customer credit exposure."
"Outstanding Receivable > 180 Days",Finance,C00067,"Nisha Rao",52262.40,"> 180 Days Outstanding",Critical,"Escalate collection immediately and review customer credit exposure."
"Outstanding Receivable > 180 Days",Finance,C00247,"Asha Iyer",52164.95,"> 180 Days Outstanding",Critical,"Escalate collection immediately and review customer credit exposure."
"Outstanding Receivable > 180 Days",Finance,C00016,"Manoj Sharma",52050.40,"> 180 Days Outstanding",Critical,"Escalate collection immediately and review customer credit exposure."
"Outstanding Receivable > 180 Days",Finance,C00116,"Vijay Iyer",51900.35,"> 180 Days Outstanding",Critical,"Escalate collection immediately and review customer credit exposure."
"Outstanding Receivable > 180 Days",Finance,C00057,"Deepak Sharma",51653.78,"> 180 Days Outstanding",Critical,"Escalate collection immediately and review customer credit exposure."
"Outstanding Receivable > 180 Days",Finance,C00433,"Priya Nair",51646.47,"> 180 Days Outstanding",Critical,"Escalate collection immediately and review customer credit exposure."
"Outstanding Receivable > 180 Days",Finance,C00088,"Invoice INV001199",51640.76,"> 180 Days Outstanding",Critical,"Escalate collection immediately and review customer credit exposure."
"Outstanding Receivable > 180 Days",Finance,C00442,"Ajay Iyer",51599.31,"> 180 Days Outstanding",Critical,"Escalate collection immediately and review customer credit exposure."
"Outstanding Receivable > 180 Days",Finance,C00103,"Anitha Rao",51011.39,"> 180 Days Outstanding",Critical,"Escalate collection immediately and review customer credit exposure."
"Outstanding Receivable > 180 Days",Finance,C00404,"Arun Reddy",50797.01,"> 180 Days Outstanding",Critical,"Escalate collection immediately and review customer credit exposure."
"Outstanding Receivable > 180 Days",Finance,C00024,"Manoj Das",50790.40,"> 180 Days Outstanding",Critical,"Escalate collection immediately and review customer credit exposure."
"Outstanding Receivable > 180 Days",Finance,C00425,"Vijay Iyer",50785.45,"> 180 Days Outstanding",Critical,"Escalate collection immediately and review customer credit exposure."
"Outstanding Receivable > 180 Days",Finance,C00152,"Kavya Reddy",50750.40,"> 180 Days Outstanding",Critical,"Escalate collection immediately and review customer credit exposure."
"Outstanding Receivable > 180 Days",Finance,C00461,"Asha Iyer",50688.27,"> 180 Days Outstanding",Critical,"Escalate collection immediately and review customer credit exposure."
"Outstanding Receivable > 180 Days",Finance,C00241,"Pooja Reddy",50683.06,"> 180 Days Outstanding",Critical,"Escalate collection immediately and review customer credit exposure."
"Outstanding Receivable > 180 Days",Finance,C00337,"Vijay Sharma",50653.60,"> 180 Days Outstanding",Critical,"Escalate collection immediately and review customer credit exposure."
"Outstanding Receivable > 180 Days",Finance,C00259,"Sanjay Kumar",50597.61,"> 180 Days Outstanding",Critical,"Escalate collection immediately and review customer credit exposure."
"Outstanding Receivable > 180 Days",Finance,C00346,"Lakshmi Singh",50513.27,"> 180 Days Outstanding",Critical,"Escalate collection immediately and review customer credit exposure."
"Outstanding Receivable > 180 Days",Finance,C00085,"Divya Singh",50181.10,"> 180 Days Outstanding",Critical,"Escalate collection immediately and review customer credit exposure."
"Outstanding Receivable > 180 Days",Finance,C00587,"Meena Sharma",50020.62,"> 180 Days Outstanding",Critical,"Escalate collection immediately and review customer credit exposure."
"Outstanding Receivable > 180 Days",Finance,C00050,"Deepak Singh",49993.78,"> 180 Days Outstanding",Critical,"Escalate collection immediately and review customer credit exposure."
"Outstanding Receivable > 180 Days",Finance,C00079,"Asha Sharma",49622.27,"> 180 Days Outstanding",Critical,"Escalate collection immediately and review customer credit exposure."
"Outstanding Receivable > 180 Days",Finance,C00365,"Surya Sharma",49397.12,"> 180 Days Outstanding",Critical,"Escalate collection immediately and review customer credit exposure."
"Outstanding Receivable > 180 Days",Finance,C00392,"Sanjay Patel",49190.02,"> 180 Days Outstanding",Critical,"Escalate collection immediately and review customer credit exposure."
"Outstanding Receivable > 180 Days",Finance,C00548,"Divya Patel",48995.02,"> 180 Days Outstanding",Critical,"Escalate collection immediately and review customer credit exposure."
"Outstanding Receivable > 180 Days",Finance,C00138,"Vijay Kumar",48826.08,"> 180 Days Outstanding",Critical,"Escalate collection immediately and review customer credit exposure."
"Outstanding Receivable > 180 Days",Finance,C00163,"Karthik Iyer",48823.61,"> 180 Days Outstanding",Critical,"Escalate collection immediately and review customer credit exposure."
"Outstanding Receivable > 180 Days",Finance,C00293,"Karthik Reddy",48728.80,"> 180 Days Outstanding",Critical,"Escalate collection immediately and review customer credit exposure."
"Outstanding Receivable > 180 Days",Finance,C00497,"Rohit Gupta",48631.32,"> 180 Days Outstanding",Critical,"Escalate collection immediately and review customer credit exposure."
"Outstanding Receivable > 180 Days",Finance,C00285,"Meena Kumar",48613.52,"> 180 Days Outstanding",Critical,"Escalate collection immediately and review customer credit exposure."
"Outstanding Receivable > 180 Days",Finance,C00019,"Kavya Kumar",48611.95,"> 180 Days Outstanding",Critical,"Escalate collection immediately and review customer credit exposure."
"Outstanding Receivable > 180 Days",Finance,C00192,"Asha Das",48569.76,"> 180 Days Outstanding",Critical,"Escalate collection immediately and review customer credit exposure."
"Outstanding Receivable > 180 Days",Finance,C00535,"Anitha Das",48174.17,"> 180 Days Outstanding",Critical,"Escalate collection immediately and review customer credit exposure."
"Outstanding Receivable > 180 Days",Finance,C00186,"Rohit Patel",48113.66,"> 180 Days Outstanding",Critical,"Escalate collection immediately and review customer credit exposure."
"Outstanding Receivable > 180 Days",Finance,C00149,"Asha Reddy",47934.46,"> 180 Days Outstanding",Critical,"Escalate collection immediately and review customer credit exposure."
"Outstanding Receivable > 180 Days",Finance,C00010,"Surya Singh",47932.27,"> 180 Days Outstanding",Critical,"Escalate collection immediately and review customer credit exposure."
"Outstanding Receivable > 180 Days",Finance,C00419,"Rahul Reddy",47644.07,"> 180 Days Outstanding",Critical,"Escalate collection immediately and review customer credit exposure."
"Outstanding Receivable > 180 Days",Finance,C00116,"Vijay Iyer",47564.13,"> 180 Days Outstanding",Critical,"Escalate collection immediately and review customer credit exposure."
"Outstanding Receivable > 180 Days",Finance,C00484,"Priya Singh",47521.19,"> 180 Days Outstanding",Critical,"Escalate collection immediately and review customer credit exposure."
"Outstanding Receivable > 180 Days",Finance,C00161,"Rahul Das",47119.17,"> 180 Days Outstanding",Critical,"Escalate collection immediately and review customer credit exposure."
"Outstanding Receivable > 180 Days",Finance,C00412,"Anitha Singh",47106.08,"> 180 Days Outstanding",Critical,"Escalate collection immediately and review customer credit exposure."
"Outstanding Receivable > 180 Days",Finance,C00585,"Asha Rao",46839.44,"> 180 Days Outstanding",Critical,"Escalate collection immediately and review customer credit exposure."
"Outstanding Receivable > 180 Days",Finance,C00329,"Manoj Rao",46783.89,"> 180 Days Outstanding",Critical,"Escalate collection immediately and review customer credit exposure."
"Outstanding Receivable > 180 Days",Finance,C00123,"Manoj Sharma",46471.22,"> 180 Days Outstanding",Critical,"Escalate collection immediately and review customer credit exposure."
"Outstanding Receivable > 180 Days",Finance,C00029,"Sneha Sharma",46359.85,"> 180 Days Outstanding",Critical,"Escalate collection immediately and review customer credit exposure."
"Outstanding Receivable > 180 Days",Finance,C00225,"Anitha Iyer",46303.92,"> 180 Days Outstanding",Critical,"Escalate collection immediately and review customer credit exposure."
"Outstanding Receivable > 180 Days",Finance,C00442,"Ajay Iyer",46223.93,"> 180 Days Outstanding",Critical,"Escalate collection immediately and review customer credit exposure."
"Outstanding Receivable > 180 Days",Finance,C00173,"Vijay Sharma",46208.55,"> 180 Days Outstanding",Critical,"Escalate collection immediately and review customer credit exposure."
"Outstanding Receivable > 180 Days",Finance,C00052,"Arun Das",46020.78,"> 180 Days Outstanding",Critical,"Escalate collection immediately and review customer credit exposure."
"Outstanding Receivable > 180 Days",Finance,C00207,"Asha Rao",45933.94,"> 180 Days Outstanding",Critical,"Escalate collection immediately and review customer credit exposure."
"Outstanding Receivable > 180 Days",Finance,C00151,"Asha Kumar",45919.09,"> 180 Days Outstanding",Critical,"Escalate collection immediately and review customer credit exposure."
"Outstanding Receivable > 180 Days",Finance,C00149,"Asha Reddy",45874.09,"> 180 Days Outstanding",Critical,"Escalate collection immediately and review customer credit exposure."
"Outstanding Receivable > 180 Days",Finance,C00135,"Kavya Kumar",45867.79,"> 180 Days Outstanding",Critical,"Escalate collection immediately and review customer credit exposure."
"Outstanding Receivable > 180 Days",Finance,C00088,"Invoice INV001371",45738.29,"> 180 Days Outstanding",Critical,"Escalate collection immediately and review customer credit exposure."
"Outstanding Receivable > 180 Days",Finance,C00154,"Ajay Patel",45712.46,"> 180 Days Outstanding",Critical,"Escalate collection immediately and review customer credit exposure."
"Outstanding Receivable > 180 Days",Finance,C00464,"Manoj Reddy",45651.23,"> 180 Days Outstanding",Critical,"Escalate collection immediately and review customer credit exposure."
"Outstanding Receivable > 180 Days",Finance,C00174,"Meena Patel",45587.02,"> 180 Days Outstanding",Critical,"Escalate collection immediately and review customer credit exposure."
"Outstanding Receivable > 180 Days",Finance,C00581,"Meena Gupta",45487.20,"> 180 Days Outstanding",Critical,"Escalate collection immediately and review customer credit exposure."
"Outstanding Receivable > 180 Days",Finance,C00070,"Nisha Iyer",45419.21,"> 180 Days Outstanding",Critical,"Escalate collection immediately and review customer credit exposure."
"Outstanding Receivable > 180 Days",Finance,C00378,"Kavya Sharma",45263.56,"> 180 Days Outstanding",Critical,"Escalate collection immediately and review customer credit exposure."
"Outstanding Receivable > 180 Days",Finance,C00253,"Karthik Singh",44829.30,"> 180 Days Outstanding",Critical,"Escalate collection immediately and review customer credit exposure."
"Outstanding Receivable > 180 Days",Finance,C00095,"Vijay Singh",44570.41,"> 180 Days Outstanding",Critical,"Escalate collection immediately and review customer credit exposure."
"Outstanding Receivable > 180 Days",Finance,C00081,"Pooja Kumar",44424.04,"> 180 Days Outstanding",Critical,"Escalate collection immediately and review customer credit exposure."
"Outstanding Receivable > 180 Days",Finance,C00445,"Deepak Sharma",44385.81,"> 180 Days Outstanding",Critical,"Escalate collection immediately and review customer credit exposure."
"Outstanding Receivable > 180 Days",Finance,C00219,"Sneha Rao",44265.38,"> 180 Days Outstanding",Critical,"Escalate collection immediately and review customer credit exposure."
"Outstanding Receivable > 180 Days",Finance,C00111,"Lakshmi Sharma",44186.05,"> 180 Days Outstanding",Critical,"Escalate collection immediately and review customer credit exposure."
"Outstanding Receivable > 180 Days",Finance,C00589,"Lakshmi Kumar",44086.28,"> 180 Days Outstanding",Critical,"Escalate collection immediately and review customer credit exposure."
"Outstanding Receivable > 180 Days",Finance,C00457,"Rahul Nair",44038.12,"> 180 Days Outstanding",Critical,"Escalate collection immediately and review customer credit exposure."
"Outstanding Receivable > 180 Days",Finance,C00137,"Sneha Iyer",43903.86,"> 180 Days Outstanding",Critical,"Escalate collection immediately and review customer credit exposure."
"Outstanding Receivable > 180 Days",Finance,C00546,"Anitha Das",43039.86,"> 180 Days Outstanding",Critical,"Escalate collection immediately and review customer credit exposure."
"Outstanding Receivable > 180 Days",Finance,C00124,"Nisha Rao",42815.37,"> 180 Days Outstanding",Critical,"Escalate collection immediately and review customer credit exposure."
"Outstanding Receivable > 180 Days",Finance,C00150,"Sanjay Singh",42748.20,"> 180 Days Outstanding",Critical,"Escalate collection immediately and review customer credit exposure."
"Outstanding Receivable > 180 Days",Finance,C00101,"Ajay Kumar",42692.70,"> 180 Days Outstanding",Critical,"Escalate collection immediately and review customer credit exposure."
"Outstanding Receivable > 180 Days",Finance,C00103,"Anitha Rao",42436.87,"> 180 Days Outstanding",Critical,"Escalate collection immediately and review customer credit exposure."
"Outstanding Receivable > 180 Days",Finance,C00313,"Sneha Kumar",42295.55,"> 180 Days Outstanding",Critical,"Escalate collection immediately and review customer credit exposure."
"Outstanding Receivable > 180 Days",Finance,C00253,"Karthik Singh",42155.52,"> 180 Days Outstanding",Critical,"Escalate collection immediately and review customer credit exposure."
"Outstanding Receivable > 180 Days",Finance,C00488,"Asha Iyer",42063.67,"> 180 Days Outstanding",Critical,"Escalate collection immediately and review customer credit exposure."
"Outstanding Receivable > 180 Days",Finance,C00093,"Karthik Singh",42059.06,"> 180 Days Outstanding",Critical,"Escalate collection immediately and review customer credit exposure."
"Outstanding Receivable > 180 Days",Finance,C00015,"Sneha Singh",41708.79,"> 180 Days Outstanding",Critical,"Escalate collection immediately and review customer credit exposure."
"Outstanding Receivable > 180 Days",Finance,C00049,"Deepak Sharma",41667.65,"> 180 Days Outstanding",Critical,"Escalate collection immediately and review customer credit exposure."
"Outstanding Receivable > 180 Days",Finance,C00581,"Meena Gupta",41619.88,"> 180 Days Outstanding",Critical,"Escalate collection immediately and review customer credit exposure."
"Outstanding Receivable > 180 Days",Finance,C00168,"Priya Das",41507.86,"> 180 Days Outstanding",Critical,"Escalate collection immediately and review customer credit exposure."
"Outstanding Receivable > 180 Days",Finance,C00224,"Manoj Gupta",41368.02,"> 180 Days Outstanding",Critical,"Escalate collection immediately and review customer credit exposure."
"Outstanding Receivable > 180 Days",Finance,C00432,"Rahul Nair",41239.53,"> 180 Days Outstanding",Critical,"Escalate collection immediately and review customer credit exposure."
"Outstanding Receivable > 180 Days",Finance,C00211,"Divya Kumar",41219.45,"> 180 Days Outstanding",Critical,"Escalate collection immediately and review customer credit exposure."
"Outstanding Receivable > 180 Days",Finance,C00276,"Deepak Rao",41014.96,"> 180 Days Outstanding",Critical,"Escalate collection immediately and review customer credit exposure."
"Outstanding Receivable > 180 Days",Finance,C00448,"Anitha Kumar",40868.35,"> 180 Days Outstanding",Critical,"Escalate collection immediately and review customer credit exposure."
"Outstanding Receivable > 180 Days",Finance,C00337,"Vijay Sharma",40810.72,"> 180 Days Outstanding",Critical,"Escalate collection immediately and review customer credit exposure."
"Outstanding Receivable > 180 Days",Finance,C00166,"Asha Das",40679.58,"> 180 Days Outstanding",Critical,"Escalate collection immediately and review customer credit exposure."
"Outstanding Receivable > 180 Days",Finance,C00386,"Lakshmi Kumar",40661.79,"> 180 Days Outstanding",Critical,"Escalate collection immediately and review customer credit exposure."
"Outstanding Receivable > 180 Days",Finance,C00121,"Pooja Das",40637.94,"> 180 Days Outstanding",Critical,"Escalate collection immediately and review customer credit exposure."
"Outstanding Receivable > 180 Days",Finance,C00141,"Asha Nair",40628.49,"> 180 Days Outstanding",Critical,"Escalate collection immediately and review customer credit exposure."
"Outstanding Receivable > 180 Days",Finance,C00385,"Divya Nair",40551.31,"> 180 Days Outstanding",Critical,"Escalate collection immediately and review customer credit exposure."
"Outstanding Receivable > 180 Days",Finance,C00542,"Nisha Sharma",40085.92,"> 180 Days Outstanding",Critical,"Escalate collection immediately and review customer credit exposure."
"Outstanding Receivable > 180 Days",Finance,C00399,"Karthik Reddy",40042.18,"> 180 Days Outstanding",Critical,"Escalate collection immediately and review customer credit exposure."
"Outstanding Receivable > 180 Days",Finance,C00443,"Rohit Das",39929.62,"> 180 Days Outstanding",Critical,"Escalate collection immediately and review customer credit exposure."
"Outstanding Receivable > 180 Days",Finance,C00367,"Ajay Singh",39923.77,"> 180 Days Outstanding",Critical,"Escalate collection immediately and review customer credit exposure."
"Outstanding Receivable > 180 Days",Finance,C00439,"Deepak Sharma",39903.51,"> 180 Days Outstanding",Critical,"Escalate collection immediately and review customer credit exposure."
"Outstanding Receivable > 180 Days",Finance,C00001,"Sanjay Das",39797.43,"> 180 Days Outstanding",Critical,"Escalate collection immediately and review customer credit exposure."
"Outstanding Receivable > 180 Days",Finance,C00205,"Karthik Sharma",39657.35,"> 180 Days Outstanding",Critical,"Escalate collection immediately and review customer credit exposure."
"Outstanding Receivable > 180 Days",Finance,C00182,"Rohit Patel",39607.36,"> 180 Days Outstanding",Critical,"Escalate collection immediately and review customer credit exposure."
"Outstanding Receivable > 180 Days",Finance,C00075,"Pooja Nair",39196.62,"> 180 Days Outstanding",Critical,"Escalate collection immediately and review customer credit exposure."
"Outstanding Receivable > 180 Days",Finance,C00311,"Pooja Patel",39110.11,"> 180 Days Outstanding",Critical,"Escalate collection immediately and review customer credit exposure."
"Outstanding Receivable > 180 Days",Finance,C00036,"Asha Patel",38693.34,"> 180 Days Outstanding",Critical,"Escalate collection immediately and review customer credit exposure."
"Outstanding Receivable > 180 Days",Finance,C00400,"Sneha Gupta",38602.65,"> 180 Days Outstanding",Critical,"Escalate collection immediately and review customer credit exposure."
"Outstanding Receivable > 180 Days",Finance,C00448,"Anitha Kumar",38577.77,"> 180 Days Outstanding",Critical,"Escalate collection immediately and review customer credit exposure."
"Outstanding Receivable > 180 Days",Finance,C00210,"Ajay Sharma",38563.85,"> 180 Days Outstanding",Critical,"Escalate collection immediately and review customer credit exposure."
"Outstanding Receivable > 180 Days",Finance,C00044,"Ajay Singh",38552.63,"> 180 Days Outstanding",Critical,"Escalate collection immediately and review customer credit exposure."
"Outstanding Receivable > 180 Days",Finance,C00459,"Asha Patel",38507.76,"> 180 Days Outstanding",Critical,"Escalate collection immediately and review customer credit exposure."
"Outstanding Receivable > 180 Days",Finance,C00397,"Priya Nair",38480.97,"> 180 Days Outstanding",Critical,"Escalate collection immediately and review customer credit exposure."
"Outstanding Receivable > 180 Days",Finance,C00024,"Manoj Das",38367.98,"> 180 Days Outstanding",Critical,"Escalate collection immediately and review customer credit exposure."
"Outstanding Receivable > 180 Days",Finance,C00444,"Asha Kumar",38279.04,"> 180 Days Outstanding",Critical,"Escalate collection immediately and review customer credit exposure."
"Outstanding Receivable > 180 Days",Finance,C00584,"Nisha Rao",38275.13,"> 180 Days Outstanding",Critical,"Escalate collection immediately and review customer credit exposure."
"Outstanding Receivable > 180 Days",Finance,C00257,"Priya Iyer",38106.53,"> 180 Days Outstanding",Critical,"Escalate collection immediately and review customer credit exposure."
"Outstanding Receivable > 180 Days",Finance,C00003,"Nisha Kumar",38091.03,"> 180 Days Outstanding",Critical,"Escalate collection immediately and review customer credit exposure."
"Outstanding Receivable > 180 Days",Finance,C00291,"Rahul Kumar",38048.81,"> 180 Days Outstanding",Critical,"Escalate collection immediately and review customer credit exposure."
"Outstanding Receivable > 180 Days",Finance,C00230,"Sanjay Das",37931.66,"> 180 Days Outstanding",Critical,"Escalate collection immediately and review customer credit exposure."
"Outstanding Receivable > 180 Days",Finance,C00434,"Pooja Iyer",37839.49,"> 180 Days Outstanding",Critical,"Escalate collection immediately and review customer credit exposure."
"Outstanding Receivable > 180 Days",Finance,C00421,"Sneha Iyer",37789.64,"> 180 Days Outstanding",Critical,"Escalate collection immediately and review customer credit exposure."
"Outstanding Receivable > 180 Days",Finance,C00005,"Sneha Reddy",37703.29,"> 180 Days Outstanding",Critical,"Escalate collection immediately and review customer credit exposure."
"Outstanding Receivable > 180 Days",Finance,C00437,"Rohit Sharma",37687.84,"> 180 Days Outstanding",Critical,"Escalate collection immediately and review customer credit exposure."
"Outstanding Receivable > 180 Days",Finance,C00338,"Divya Singh",37657.62,"> 180 Days Outstanding",Critical,"Escalate collection immediately and review customer credit exposure."
"Outstanding Receivable > 180 Days",Finance,C00193,"Priya Kumar",37180.45,"> 180 Days Outstanding",Critical,"Escalate collection immediately and review customer credit exposure."
"Outstanding Receivable > 180 Days",Finance,C00212,"Rohit Kumar",37105.58,"> 180 Days Outstanding",Critical,"Escalate collection immediately and review customer credit exposure."
"Outstanding Receivable > 180 Days",Finance,C00187,"Nisha Singh",36998.95,"> 180 Days Outstanding",Critical,"Escalate collection immediately and review customer credit exposure."
"Outstanding Receivable > 180 Days",Finance,C00346,"Lakshmi Singh",36840.50,"> 180 Days Outstanding",Critical,"Escalate collection immediately and review customer credit exposure."
"Outstanding Receivable > 180 Days",Finance,C00046,"Manoj Nair",36751.17,"> 180 Days Outstanding",Critical,"Escalate collection immediately and review customer credit exposure."
"Outstanding Receivable > 180 Days",Finance,C00304,"Karthik Patel",36647.50,"> 180 Days Outstanding",Critical,"Escalate collection immediately and review customer credit exposure."
"Outstanding Receivable > 180 Days",Finance,C00186,"Rohit Patel",36635.94,"> 180 Days Outstanding",Critical,"Escalate collection immediately and review customer credit exposure."
"Outstanding Receivable > 180 Days",Finance,C00424,"Ajay Reddy",36432.18,"> 180 Days Outstanding",Critical,"Escalate collection immediately and review customer credit exposure."
"Outstanding Receivable > 180 Days",Finance,C00011,"Surya Kumar",36417.97,"> 180 Days Outstanding",Critical,"Escalate collection immediately and review customer credit exposure."
"Outstanding Receivable > 180 Days",Finance,C00504,"Nisha Sharma",36174.35,"> 180 Days Outstanding",Critical,"Escalate collection immediately and review customer credit exposure."
"Outstanding Receivable > 180 Days",Finance,C00453,"Rahul Patel",35750.85,"> 180 Days Outstanding",Critical,"Escalate collection immediately and review customer credit exposure."
"Outstanding Receivable > 180 Days",Finance,C00311,"Pooja Patel",35674.58,"> 180 Days Outstanding",Critical,"Escalate collection immediately and review customer credit exposure."
"Outstanding Receivable > 180 Days",Finance,C00163,"Karthik Iyer",35642.01,"> 180 Days Outstanding",Critical,"Escalate collection immediately and review customer credit exposure."
"Outstanding Receivable > 180 Days",Finance,C00255,"Manoj Sharma",35554.72,"> 180 Days Outstanding",Critical,"Escalate collection immediately and review customer credit exposure."
"Outstanding Receivable > 180 Days",Finance,C00518,"Kavya Kumar",35408.84,"> 180 Days Outstanding",Critical,"Escalate collection immediately and review customer credit exposure."
"Outstanding Receivable > 180 Days",Finance,C00519,"Kavya Singh",35197.33,"> 180 Days Outstanding",Critical,"Escalate collection immediately and review customer credit exposure."
"Outstanding Receivable > 180 Days",Finance,C00503,"Meena Nair",35171.48,"> 180 Days Outstanding",Critical,"Escalate collection immediately and review customer credit exposure."
"Outstanding Receivable > 180 Days",Finance,C00555,"Rahul Iyer",35037.71,"> 180 Days Outstanding",Critical,"Escalate collection immediately and review customer credit exposure."
"Outstanding Receivable > 180 Days",Finance,C00298,"Rahul Sharma",34871.11,"> 180 Days Outstanding",Critical,"Escalate collection immediately and review customer credit exposure."
"Outstanding Receivable > 180 Days",Finance,C00158,"Ajay Nair",34783.78,"> 180 Days Outstanding",Critical,"Escalate collection immediately and review customer credit exposure."
"Outstanding Receivable > 180 Days",Finance,C00409,"Priya Gupta",34754.47,"> 180 Days Outstanding",Critical,"Escalate collection immediately and review customer credit exposure."
"Outstanding Receivable > 180 Days",Finance,C00159,"Meena Kumar",34675.56,"> 180 Days Outstanding",Critical,"Escalate collection immediately and review customer credit exposure."
"Outstanding Receivable > 180 Days",Finance,C00001,"Sanjay Das",34415.79,"> 180 Days Outstanding",Critical,"Escalate collection immediately and review customer credit exposure."
"Outstanding Receivable > 180 Days",Finance,C00287,"Priya Gupta",34378.15,"> 180 Days Outstanding",Critical,"Escalate collection immediately and review customer credit exposure."
"Outstanding Receivable > 180 Days",Finance,C00113,"Deepak Nair",34367.07,"> 180 Days Outstanding",Critical,"Escalate collection immediately and review customer credit exposure."
"Outstanding Receivable > 180 Days",Finance,C00093,"Karthik Singh",34010.62,"> 180 Days Outstanding",Critical,"Escalate collection immediately and review customer credit exposure."
"Outstanding Receivable > 180 Days",Finance,C00310,"Pooja Iyer",33948.14,"> 180 Days Outstanding",Critical,"Escalate collection immediately and review customer credit exposure."
"Outstanding Receivable > 180 Days",Finance,C00385,"Divya Nair",33856.81,"> 180 Days Outstanding",Critical,"Escalate collection immediately and review customer credit exposure."
"Outstanding Receivable > 180 Days",Finance,C00371,"Nisha Sharma",33582.60,"> 180 Days Outstanding",Critical,"Escalate collection immediately and review customer credit exposure."
"Outstanding Receivable > 180 Days",Finance,C00006,"Kavya Gupta",33441.21,"> 180 Days Outstanding",Critical,"Escalate collection immediately and review customer credit exposure."
"Outstanding Receivable > 180 Days",Finance,C00530,"Arun Rao",33431.66,"> 180 Days Outstanding",Critical,"Escalate collection immediately and review customer credit exposure."
"Outstanding Receivable > 180 Days",Finance,C00117,"Deepak Reddy",33366.70,"> 180 Days Outstanding",Critical,"Escalate collection immediately and review customer credit exposure."
"Outstanding Receivable > 180 Days",Finance,C00600,"Anitha Nair",33090.13,"> 180 Days Outstanding",Critical,"Escalate collection immediately and review customer credit exposure."
"Outstanding Receivable > 180 Days",Finance,C00227,"Arun Sharma",32964.69,"> 180 Days Outstanding",Critical,"Escalate collection immediately and review customer credit exposure."
"Outstanding Receivable > 180 Days",Finance,C00367,"Ajay Singh",32831.77,"> 180 Days Outstanding",Critical,"Escalate collection immediately and review customer credit exposure."
"Outstanding Receivable > 180 Days",Finance,C00474,"Surya Reddy",32821.31,"> 180 Days Outstanding",Critical,"Escalate collection immediately and review customer credit exposure."
"Outstanding Receivable > 180 Days",Finance,C00308,"Arun Rao",32519.88,"> 180 Days Outstanding",Critical,"Escalate collection immediately and review customer credit exposure."
"Outstanding Receivable > 180 Days",Finance,C00001,"Sanjay Das",32507.42,"> 180 Days Outstanding",Critical,"Escalate collection immediately and review customer credit exposure."
"Outstanding Receivable > 180 Days",Finance,C00065,"Deepak Reddy",32409.42,"> 180 Days Outstanding",Critical,"Escalate collection immediately and review customer credit exposure."
"Outstanding Receivable > 180 Days",Finance,C00094,"Nisha Iyer",32356.73,"> 180 Days Outstanding",Critical,"Escalate collection immediately and review customer credit exposure."
"Outstanding Receivable > 180 Days",Finance,C00576,"Arun Singh",32319.20,"> 180 Days Outstanding",Critical,"Escalate collection immediately and review customer credit exposure."
"Outstanding Receivable > 180 Days",Finance,C00402,"Arun Iyer",32306.85,"> 180 Days Outstanding",Critical,"Escalate collection immediately and review customer credit exposure."
"Outstanding Receivable > 180 Days",Finance,C00032,"Lakshmi Kumar",32137.15,"> 180 Days Outstanding",Critical,"Escalate collection immediately and review customer credit exposure."
"Outstanding Receivable > 180 Days",Finance,C00041,"Surya Iyer",32077.66,"> 180 Days Outstanding",Critical,"Escalate collection immediately and review customer credit exposure."
"Outstanding Receivable > 180 Days",Finance,C00415,"Pooja Kumar",32072.92,"> 180 Days Outstanding",Critical,"Escalate collection immediately and review customer credit exposure."
"Outstanding Receivable > 180 Days",Finance,C00505,"Kavya Nair",31613.86,"> 180 Days Outstanding",Critical,"Escalate collection immediately and review customer credit exposure."
"Outstanding Receivable > 180 Days",Finance,C00411,"Anitha Das",31600.04,"> 180 Days Outstanding",Critical,"Escalate collection immediately and review customer credit exposure."
"Outstanding Receivable > 180 Days",Finance,C00334,"Sneha Kumar",31595.60,"> 180 Days Outstanding",Critical,"Escalate collection immediately and review customer credit exposure."
"Outstanding Receivable > 180 Days",Finance,C00395,"Nisha Nair",31552.17,"> 180 Days Outstanding",Critical,"Escalate collection immediately and review customer credit exposure."
"Outstanding Receivable > 180 Days",Finance,C00117,"Deepak Reddy",31367.95,"> 180 Days Outstanding",Critical,"Escalate collection immediately and review customer credit exposure."
"Outstanding Receivable > 180 Days",Finance,C00166,"Asha Das",31323.92,"> 180 Days Outstanding",Critical,"Escalate collection immediately and review customer credit exposure."
"Outstanding Receivable > 180 Days",Finance,C00450,"Deepak Reddy",31229.79,"> 180 Days Outstanding",Critical,"Escalate collection immediately and review customer credit exposure."
"Outstanding Receivable > 180 Days",Finance,C00109,"Nisha Reddy",31223.59,"> 180 Days Outstanding",Critical,"Escalate collection immediately and review customer credit exposure."
"Outstanding Receivable > 180 Days",Finance,C00061,"Sanjay Reddy",31067.43,"> 180 Days Outstanding",Critical,"Escalate collection immediately and review customer credit exposure."
"Outstanding Receivable > 180 Days",Finance,C00460,"Deepak Kumar",31004.54,"> 180 Days Outstanding",Critical,"Escalate collection immediately and review customer credit exposure."
"Outstanding Receivable > 180 Days",Finance,C00444,"Asha Kumar",30961.63,"> 180 Days Outstanding",Critical,"Escalate collection immediately and review customer credit exposure."
"Outstanding Receivable > 180 Days",Finance,C00049,"Deepak Sharma",30904.82,"> 180 Days Outstanding",Critical,"Escalate collection immediately and review customer credit exposure."
"Outstanding Receivable > 180 Days",Finance,C00229,"Pooja Sharma",30858.42,"> 180 Days Outstanding",Critical,"Escalate collection immediately and review customer credit exposure."
"Outstanding Receivable > 180 Days",Finance,C00496,"Arun Reddy",30839.35,"> 180 Days Outstanding",Critical,"Escalate collection immediately and review customer credit exposure."
"Outstanding Receivable > 180 Days",Finance,C00558,"Asha Nair",30764.96,"> 180 Days Outstanding",Critical,"Escalate collection immediately and review customer credit exposure."
"Outstanding Receivable > 180 Days",Finance,C00019,"Kavya Kumar",30703.10,"> 180 Days Outstanding",Critical,"Escalate collection immediately and review customer credit exposure."
"Outstanding Receivable > 180 Days",Finance,C00092,"Sneha Das",30594.62,"> 180 Days Outstanding",Critical,"Escalate collection immediately and review customer credit exposure."
"Outstanding Receivable > 180 Days",Finance,C00164,"Deepak Das",30549.34,"> 180 Days Outstanding",Critical,"Escalate collection immediately and review customer credit exposure."
"Outstanding Receivable > 180 Days",Finance,C00468,"Rohit Rao",30316.28,"> 180 Days Outstanding",Critical,"Escalate collection immediately and review customer credit exposure."
"Outstanding Receivable > 180 Days",Finance,C00560,"Manoj Kumar",30269.41,"> 180 Days Outstanding",Critical,"Escalate collection immediately and review customer credit exposure."
"Outstanding Receivable > 180 Days",Finance,C00595,"Karthik Singh",30218.78,"> 180 Days Outstanding",Critical,"Escalate collection immediately and review customer credit exposure."
"Outstanding Receivable > 180 Days",Finance,C00041,"Surya Iyer",30124.66,"> 180 Days Outstanding",Critical,"Escalate collection immediately and review customer credit exposure."
"Outstanding Receivable > 180 Days",Finance,C00217,"Rohit Nair",30107.51,"> 180 Days Outstanding",Critical,"Escalate collection immediately and review customer credit exposure."
"Outstanding Receivable > 180 Days",Finance,C00428,"Vijay Gupta",29853.36,"> 180 Days Outstanding",Critical,"Escalate collection immediately and review customer credit exposure."
"Outstanding Receivable > 180 Days",Finance,C00426,"Asha Rao",29794.61,"> 180 Days Outstanding",Critical,"Escalate collection immediately and review customer credit exposure."
"Outstanding Receivable > 180 Days",Finance,C00290,"Lakshmi Patel",29781.93,"> 180 Days Outstanding",Critical,"Escalate collection immediately and review customer credit exposure."
"Outstanding Receivable > 180 Days",Finance,C00136,"Arun Gupta",29690.96,"> 180 Days Outstanding",Critical,"Escalate collection immediately and review customer credit exposure."
"Outstanding Receivable > 180 Days",Finance,C00554,"Kavya Sharma",29446.30,"> 180 Days Outstanding",Critical,"Escalate collection immediately and review customer credit exposure."
"Outstanding Receivable > 180 Days",Finance,C00299,"Asha Nair",29412.88,"> 180 Days Outstanding",Critical,"Escalate collection immediately and review customer credit exposure."
"Outstanding Receivable > 180 Days",Finance,C00210,"Ajay Sharma",29354.74,"> 180 Days Outstanding",Critical,"Escalate collection immediately and review customer credit exposure."
"Outstanding Receivable > 180 Days",Finance,C00598,"Lakshmi Iyer",29233.56,"> 180 Days Outstanding",Critical,"Escalate collection immediately and review customer credit exposure."
"Outstanding Receivable > 180 Days",Finance,C00325,"Sneha Gupta",29181.45,"> 180 Days Outstanding",Critical,"Escalate collection immediately and review customer credit exposure."
"Outstanding Receivable > 180 Days",Finance,C00322,"Rahul Reddy",29113.51,"> 180 Days Outstanding",Critical,"Escalate collection immediately and review customer credit exposure."
"Outstanding Receivable > 180 Days",Finance,C00438,"Deepak Iyer",29087.71,"> 180 Days Outstanding",Critical,"Escalate collection immediately and review customer credit exposure."
"Outstanding Receivable > 180 Days",Finance,C00352,"Kavya Singh",29040.32,"> 180 Days Outstanding",Critical,"Escalate collection immediately and review customer credit exposure."
"Outstanding Receivable > 180 Days",Finance,C00071,"Pooja Iyer",29016.18,"> 180 Days Outstanding",Critical,"Escalate collection immediately and review customer credit exposure."
"Outstanding Receivable > 180 Days",Finance,C00165,"Karthik Das",28998.21,"> 180 Days Outstanding",Critical,"Escalate collection immediately and review customer credit exposure."
"Outstanding Receivable > 180 Days",Finance,C00196,"Arun Iyer",28891.19,"> 180 Days Outstanding",Critical,"Escalate collection immediately and review customer credit exposure."
"Outstanding Receivable > 180 Days",Finance,C00122,"Anitha Rao",28837.51,"> 180 Days Outstanding",Critical,"Escalate collection immediately and review customer credit exposure."
"Outstanding Receivable > 180 Days",Finance,C00474,"Surya Reddy",28701.85,"> 180 Days Outstanding",Critical,"Escalate collection immediately and review customer credit exposure."
"Outstanding Receivable > 180 Days",Finance,C00378,"Kavya Sharma",28699.53,"> 180 Days Outstanding",Critical,"Escalate collection immediately and review customer credit exposure."
"Outstanding Receivable > 180 Days",Finance,C00210,"Ajay Sharma",28634.32,"> 180 Days Outstanding",Critical,"Escalate collection immediately and review customer credit exposure."
"Outstanding Receivable > 180 Days",Finance,C00243,"Anitha Kumar",28588.11,"> 180 Days Outstanding",Critical,"Escalate collection immediately and review customer credit exposure."
"Outstanding Receivable > 180 Days",Finance,C00006,"Kavya Gupta",28387.74,"> 180 Days Outstanding",Critical,"Escalate collection immediately and review customer credit exposure."
"Outstanding Receivable > 180 Days",Finance,C00049,"Deepak Sharma",28374.53,"> 180 Days Outstanding",Critical,"Escalate collection immediately and review customer credit exposure."
"Outstanding Receivable > 180 Days",Finance,C00247,"Asha Iyer",28309.88,"> 180 Days Outstanding",Critical,"Escalate collection immediately and review customer credit exposure."
"Outstanding Receivable > 180 Days",Finance,C00501,"Manoj Rao",28136.48,"> 180 Days Outstanding",Critical,"Escalate collection immediately and review customer credit exposure."
"Outstanding Receivable > 180 Days",Finance,C00132,"Rahul Patel",27873.70,"> 180 Days Outstanding",Critical,"Escalate collection immediately and review customer credit exposure."
"Outstanding Receivable > 180 Days",Finance,C00509,"Lakshmi Nair",27866.43,"> 180 Days Outstanding",Critical,"Escalate collection immediately and review customer credit exposure."
"Outstanding Receivable > 180 Days",Finance,C00188,"Sanjay Patel",27752.67,"> 180 Days Outstanding",Critical,"Escalate collection immediately and review customer credit exposure."
"Outstanding Receivable > 180 Days",Finance,C00400,"Sneha Gupta",27738.67,"> 180 Days Outstanding",Critical,"Escalate collection immediately and review customer credit exposure."
"Outstanding Receivable > 180 Days",Finance,C00529,"Sneha Rao",27651.81,"> 180 Days Outstanding",Critical,"Escalate collection immediately and review customer credit exposure."
"Outstanding Receivable > 180 Days",Finance,C00557,"Karthik Das",27457.86,"> 180 Days Outstanding",Critical,"Escalate collection immediately and review customer credit exposure."
"Outstanding Receivable > 180 Days",Finance,C00192,"Asha Das",27429.93,"> 180 Days Outstanding",Critical,"Escalate collection immediately and review customer credit exposure."
"Outstanding Receivable > 180 Days",Finance,C00547,"Rohit Sharma",27315.52,"> 180 Days Outstanding",Critical,"Escalate collection immediately and review customer credit exposure."
"Outstanding Receivable > 180 Days",Finance,C00332,"Sanjay Reddy",27275.02,"> 180 Days Outstanding",Critical,"Escalate collection immediately and review customer credit exposure."
"Outstanding Receivable > 180 Days",Finance,C00373,"Anitha Singh",27265.11,"> 180 Days Outstanding",Critical,"Escalate collection immediately and review customer credit exposure."
"Outstanding Receivable > 180 Days",Finance,C00098,"Priya Rao",27142.58,"> 180 Days Outstanding",Critical,"Escalate collection immediately and review customer credit exposure."
"Outstanding Receivable > 180 Days",Finance,C00473,"Pooja Kumar",27138.70,"> 180 Days Outstanding",Critical,"Escalate collection immediately and review customer credit exposure."
"Outstanding Receivable > 180 Days",Finance,C00585,"Asha Rao",27083.05,"> 180 Days Outstanding",Critical,"Escalate collection immediately and review customer credit exposure."
"Outstanding Receivable > 180 Days",Finance,C00241,"Pooja Reddy",27003.60,"> 180 Days Outstanding",Critical,"Escalate collection immediately and review customer credit exposure."
"Outstanding Receivable > 180 Days",Finance,C00005,"Sneha Reddy",26975.68,"> 180 Days Outstanding",Critical,"Escalate collection immediately and review customer credit exposure."
"Outstanding Receivable > 180 Days",Finance,C00340,"Manoj Das",26876.85,"> 180 Days Outstanding",Critical,"Escalate collection immediately and review customer credit exposure."
"Outstanding Receivable > 180 Days",Finance,C00353,"Kavya Sharma",26635.94,"> 180 Days Outstanding",Critical,"Escalate collection immediately and review customer credit exposure."
"Outstanding Receivable > 180 Days",Finance,C00226,"Lakshmi Kumar",26560.00,"> 180 Days Outstanding",Critical,"Escalate collection immediately and review customer credit exposure."
"Outstanding Receivable > 180 Days",Finance,C00235,"Rohit Kumar",26464.16,"> 180 Days Outstanding",Critical,"Escalate collection immediately and review customer credit exposure."
"Outstanding Receivable > 180 Days",Finance,C00544,"Nisha Singh",26372.76,"> 180 Days Outstanding",Critical,"Escalate collection immediately and review customer credit exposure."
"Outstanding Receivable > 180 Days",Finance,C00376,"Rahul Nair",26358.47,"> 180 Days Outstanding",Critical,"Escalate collection immediately and review customer credit exposure."
"Outstanding Receivable > 180 Days",Finance,C00574,"Manoj Rao",26252.38,"> 180 Days Outstanding",Critical,"Escalate collection immediately and review customer credit exposure."
"Outstanding Receivable > 180 Days",Finance,C00086,"Lakshmi Das",26017.15,"> 180 Days Outstanding",Critical,"Escalate collection immediately and review customer credit exposure."
"Outstanding Receivable > 180 Days",Finance,C00521,"Sanjay Singh",25867.82,"> 180 Days Outstanding",Critical,"Escalate collection immediately and review customer credit exposure."
"Outstanding Receivable > 180 Days",Finance,C00119,"Lakshmi Kumar",25784.86,"> 180 Days Outstanding",Critical,"Escalate collection immediately and review customer credit exposure."
"Outstanding Receivable > 180 Days",Finance,C00582,"Deepak Kumar",25777.41,"> 180 Days Outstanding",Critical,"Escalate collection immediately and review customer credit exposure."
"Outstanding Receivable > 180 Days",Finance,C00129,"Karthik Rao",25738.12,"> 180 Days Outstanding",Critical,"Escalate collection immediately and review customer credit exposure."
"Outstanding Receivable > 180 Days",Finance,C00532,"Deepak Reddy",25732.94,"> 180 Days Outstanding",Critical,"Escalate collection immediately and review customer credit exposure."
"Outstanding Receivable > 180 Days",Finance,C00135,"Kavya Kumar",25683.16,"> 180 Days Outstanding",Critical,"Escalate collection immediately and review customer credit exposure."
"Outstanding Receivable > 180 Days",Finance,C00096,"Divya Nair",25624.07,"> 180 Days Outstanding",Critical,"Escalate collection immediately and review customer credit exposure."
"Outstanding Receivable > 180 Days",Finance,C00587,"Meena Sharma",25482.07,"> 180 Days Outstanding",Critical,"Escalate collection immediately and review customer credit exposure."
"Outstanding Receivable > 180 Days",Finance,C00207,"Asha Rao",25373.12,"> 180 Days Outstanding",Critical,"Escalate collection immediately and review customer credit exposure."
"Outstanding Receivable > 180 Days",Finance,C00053,"Deepak Iyer",25345.40,"> 180 Days Outstanding",Critical,"Escalate collection immediately and review customer credit exposure."
"Outstanding Receivable > 180 Days",Finance,C00074,"Rahul Reddy",25331.28,"> 180 Days Outstanding",Critical,"Escalate collection immediately and review customer credit exposure."
"Outstanding Receivable > 180 Days",Finance,C00378,"Kavya Sharma",25310.05,"> 180 Days Outstanding",Critical,"Escalate collection immediately and review customer credit exposure."
"Outstanding Receivable > 180 Days",Finance,C00167,"Vijay Gupta",25163.29,"> 180 Days Outstanding",Critical,"Escalate collection immediately and review customer credit exposure."
"Outstanding Receivable > 180 Days",Finance,C00117,"Deepak Reddy",24713.66,"> 180 Days Outstanding",Critical,"Escalate collection immediately and review customer credit exposure."
"Outstanding Receivable > 180 Days",Finance,C00163,"Karthik Iyer",24671.12,"> 180 Days Outstanding",Critical,"Escalate collection immediately and review customer credit exposure."
"Outstanding Receivable > 180 Days",Finance,C00252,"Sanjay Singh",24509.09,"> 180 Days Outstanding",Critical,"Escalate collection immediately and review customer credit exposure."
"Outstanding Receivable > 180 Days",Finance,C00211,"Divya Kumar",24186.01,"> 180 Days Outstanding",Critical,"Escalate collection immediately and review customer credit exposure."
"Outstanding Receivable > 180 Days",Finance,C00484,"Priya Singh",24131.83,"> 180 Days Outstanding",Critical,"Escalate collection immediately and review customer credit exposure."
"Outstanding Receivable > 180 Days",Finance,C00035,"Rohit Gupta",23979.60,"> 180 Days Outstanding",Critical,"Escalate collection immediately and review customer credit exposure."
"Outstanding Receivable > 180 Days",Finance,C00431,"Rahul Reddy",23941.48,"> 180 Days Outstanding",Critical,"Escalate collection immediately and review customer credit exposure."
"Outstanding Receivable > 180 Days",Finance,C00264,"Deepak Das",23932.69,"> 180 Days Outstanding",Critical,"Escalate collection immediately and review customer credit exposure."
"Outstanding Receivable > 180 Days",Finance,C00076,"Asha Patel",23909.16,"> 180 Days Outstanding",Critical,"Escalate collection immediately and review customer credit exposure."
"Outstanding Receivable > 180 Days",Finance,C00059,"Rahul Patel",23898.89,"> 180 Days Outstanding",Critical,"Escalate collection immediately and review customer credit exposure."
"Outstanding Receivable > 180 Days",Finance,C00322,"Rahul Reddy",23875.39,"> 180 Days Outstanding",Critical,"Escalate collection immediately and review customer credit exposure."
"Outstanding Receivable > 180 Days",Finance,C00495,"Lakshmi Iyer",23742.52,"> 180 Days Outstanding",Critical,"Escalate collection immediately and review customer credit exposure."
"Outstanding Receivable > 180 Days",Finance,C00578,"Nisha Sharma",23695.30,"> 180 Days Outstanding",Critical,"Escalate collection immediately and review customer credit exposure."
"Outstanding Receivable > 180 Days",Finance,C00002,"Priya Rao",23529.26,"> 180 Days Outstanding",Critical,"Escalate collection immediately and review customer credit exposure."
"Outstanding Receivable > 180 Days",Finance,C00139,"Pooja Iyer",23511.16,"> 180 Days Outstanding",Critical,"Escalate collection immediately and review customer credit exposure."
"Outstanding Receivable > 180 Days",Finance,C00414,"Rohit Patel",23307.25,"> 180 Days Outstanding",Critical,"Escalate collection immediately and review customer credit exposure."
"Outstanding Receivable > 180 Days",Finance,C00455,"Surya Gupta",23248.04,"> 180 Days Outstanding",Critical,"Escalate collection immediately and review customer credit exposure."
"Outstanding Receivable > 180 Days",Finance,C00568,"Vijay Iyer",23148.45,"> 180 Days Outstanding",Critical,"Escalate collection immediately and review customer credit exposure."
"Outstanding Receivable > 180 Days",Finance,C00046,"Manoj Nair",23088.36,"> 180 Days Outstanding",Critical,"Escalate collection immediately and review customer credit exposure."
"Outstanding Receivable > 180 Days",Finance,C00600,"Anitha Nair",23015.75,"> 180 Days Outstanding",Critical,"Escalate collection immediately and review customer credit exposure."
"Outstanding Receivable > 180 Days",Finance,C00282,"Arun Nair",22888.14,"> 180 Days Outstanding",Critical,"Escalate collection immediately and review customer credit exposure."
"Outstanding Receivable > 180 Days",Finance,C00201,"Deepak Kumar",22787.92,"> 180 Days Outstanding",Critical,"Escalate collection immediately and review customer credit exposure."
"Outstanding Receivable > 180 Days",Finance,C00445,"Deepak Sharma",22626.59,"> 180 Days Outstanding",Critical,"Escalate collection immediately and review customer credit exposure."
"Outstanding Receivable > 180 Days",Finance,C00313,"Sneha Kumar",22582.34,"> 180 Days Outstanding",Critical,"Escalate collection immediately and review customer credit exposure."
"Outstanding Receivable > 180 Days",Finance,C00180,"Rahul Singh",22480.22,"> 180 Days Outstanding",Critical,"Escalate collection immediately and review customer credit exposure."
"Outstanding Receivable > 180 Days",Finance,C00152,"Kavya Reddy",22375.13,"> 180 Days Outstanding",Critical,"Escalate collection immediately and review customer credit exposure."
"Outstanding Receivable > 180 Days",Finance,C00452,"Nisha Sharma",22201.39,"> 180 Days Outstanding",Critical,"Escalate collection immediately and review customer credit exposure."
"Outstanding Receivable > 180 Days",Finance,C00025,"Karthik Rao",22167.61,"> 180 Days Outstanding",Critical,"Escalate collection immediately and review customer credit exposure."
"Outstanding Receivable > 180 Days",Finance,C00227,"Arun Sharma",22112.08,"> 180 Days Outstanding",Critical,"Escalate collection immediately and review customer credit exposure."
"Outstanding Receivable > 180 Days",Finance,C00548,"Divya Patel",22036.67,"> 180 Days Outstanding",Critical,"Escalate collection immediately and review customer credit exposure."
"Outstanding Receivable > 180 Days",Finance,C00007,"Arun Das",21864.19,"> 180 Days Outstanding",Critical,"Escalate collection immediately and review customer credit exposure."
"Outstanding Receivable > 180 Days",Finance,C00174,"Meena Patel",21834.19,"> 180 Days Outstanding",Critical,"Escalate collection immediately and review customer credit exposure."
"Outstanding Receivable > 180 Days",Finance,C00442,"Ajay Iyer",21766.66,"> 180 Days Outstanding",Critical,"Escalate collection immediately and review customer credit exposure."
"Outstanding Receivable > 180 Days",Finance,C00279,"Meena Sharma",21719.31,"> 180 Days Outstanding",Critical,"Escalate collection immediately and review customer credit exposure."
"Outstanding Receivable > 180 Days",Finance,C00539,"Vijay Rao",21615.65,"> 180 Days Outstanding",Critical,"Escalate collection immediately and review customer credit exposure."
"Outstanding Receivable > 180 Days",Finance,C00173,"Vijay Sharma",21610.76,"> 180 Days Outstanding",Critical,"Escalate collection immediately and review customer credit exposure."
"Outstanding Receivable > 180 Days",Finance,INV002492,"Invoice INV002492",21431.14,"> 180 Days Outstanding",Critical,"Escalate collection immediately and review customer credit exposure."
"Outstanding Receivable > 180 Days",Finance,C00534,"Surya Gupta",21327.84,"> 180 Days Outstanding",Critical,"Escalate collection immediately and review customer credit exposure."
"Outstanding Receivable > 180 Days",Finance,C00380,"Sanjay Iyer",21303.19,"> 180 Days Outstanding",Critical,"Escalate collection immediately and review customer credit exposure."
"Outstanding Receivable > 180 Days",Finance,C00109,"Nisha Reddy",21292.88,"> 180 Days Outstanding",Critical,"Escalate collection immediately and review customer credit exposure."
"Outstanding Receivable > 180 Days",Finance,C00201,"Deepak Kumar",21033.44,"> 180 Days Outstanding",Critical,"Escalate collection immediately and review customer credit exposure."
"Outstanding Receivable > 180 Days",Finance,C00031,"Priya Das",20846.83,"> 180 Days Outstanding",Critical,"Escalate collection immediately and review customer credit exposure."
"Outstanding Receivable > 180 Days",Finance,C00355,"Deepak Nair",20728.82,"> 180 Days Outstanding",Critical,"Escalate collection immediately and review customer credit exposure."
"Outstanding Receivable > 180 Days",Finance,C00486,"Divya Reddy",20638.95,"> 180 Days Outstanding",Critical,"Escalate collection immediately and review customer credit exposure."
"Outstanding Receivable > 180 Days",Finance,C00544,"Nisha Singh",20523.89,"> 180 Days Outstanding",Critical,"Escalate collection immediately and review customer credit exposure."
"Outstanding Receivable > 180 Days",Finance,C00424,"Ajay Reddy",20506.13,"> 180 Days Outstanding",Critical,"Escalate collection immediately and review customer credit exposure."
"Outstanding Receivable > 180 Days",Finance,C00481,"Rahul Gupta",20464.05,"> 180 Days Outstanding",Critical,"Escalate collection immediately and review customer credit exposure."
"Outstanding Receivable > 180 Days",Finance,C00401,"Kavya Sharma",20407.79,"> 180 Days Outstanding",Critical,"Escalate collection immediately and review customer credit exposure."
"Outstanding Receivable > 180 Days",Finance,C00080,"Deepak Reddy",20401.39,"> 180 Days Outstanding",Critical,"Escalate collection immediately and review customer credit exposure."
"Outstanding Receivable > 180 Days",Finance,C00288,"Deepak Kumar",20154.24,"> 180 Days Outstanding",Critical,"Escalate collection immediately and review customer credit exposure."
"Outstanding Receivable > 180 Days",Finance,C00205,"Karthik Sharma",20102.37,"> 180 Days Outstanding",Critical,"Escalate collection immediately and review customer credit exposure."
"Outstanding Receivable > 180 Days",Finance,C00128,"Divya Rao",20087.92,"> 180 Days Outstanding",Critical,"Escalate collection immediately and review customer credit exposure."
"Outstanding Receivable > 180 Days",Finance,C00585,"Asha Rao",20043.49,"> 180 Days Outstanding",Critical,"Escalate collection immediately and review customer credit exposure."
"Outstanding Receivable > 180 Days",Finance,C00162,"Meena Gupta",20032.36,"> 180 Days Outstanding",Critical,"Escalate collection immediately and review customer credit exposure."
"Outstanding Receivable > 180 Days",Finance,C00049,"Deepak Sharma",19866.82,"> 180 Days Outstanding",Critical,"Escalate collection immediately and review customer credit exposure."
"Outstanding Receivable > 180 Days",Finance,C00511,"Kavya Iyer",19606.88,"> 180 Days Outstanding",Critical,"Escalate collection immediately and review customer credit exposure."
"Outstanding Receivable > 180 Days",Finance,C00256,"Kavya Nair",19467.60,"> 180 Days Outstanding",Critical,"Escalate collection immediately and review customer credit exposure."
"Outstanding Receivable > 180 Days",Finance,C00446,"Nisha Das",19434.06,"> 180 Days Outstanding",Critical,"Escalate collection immediately and review customer credit exposure."
"Outstanding Receivable > 180 Days",Finance,C00352,"Kavya Singh",19404.24,"> 180 Days Outstanding",Critical,"Escalate collection immediately and review customer credit exposure."
"Outstanding Receivable > 180 Days",Finance,C00373,"Anitha Singh",19333.13,"> 180 Days Outstanding",Critical,"Escalate collection immediately and review customer credit exposure."
"Outstanding Receivable > 180 Days",Finance,C00260,"Sneha Das",19183.45,"> 180 Days Outstanding",Critical,"Escalate collection immediately and review customer credit exposure."
"Outstanding Receivable > 180 Days",Finance,C00046,"Manoj Nair",19168.30,"> 180 Days Outstanding",Critical,"Escalate collection immediately and review customer credit exposure."
"Outstanding Receivable > 180 Days",Finance,C00599,"Karthik Patel",19133.81,"> 180 Days Outstanding",Critical,"Escalate collection immediately and review customer credit exposure."
"Outstanding Receivable > 180 Days",Finance,C00408,"Kavya Kumar",18808.71,"> 180 Days Outstanding",Critical,"Escalate collection immediately and review customer credit exposure."
"Outstanding Receivable > 180 Days",Finance,C00273,"Deepak Kumar",18720.85,"> 180 Days Outstanding",Critical,"Escalate collection immediately and review customer credit exposure."
"Outstanding Receivable > 180 Days",Finance,C00018,"Ajay Gupta",18602.47,"> 180 Days Outstanding",Critical,"Escalate collection immediately and review customer credit exposure."
"Outstanding Receivable > 180 Days",Finance,C00152,"Kavya Reddy",18458.14,"> 180 Days Outstanding",Critical,"Escalate collection immediately and review customer credit exposure."
"Outstanding Receivable > 180 Days",Finance,C00407,"Surya Das",18340.25,"> 180 Days Outstanding",Critical,"Escalate collection immediately and review customer credit exposure."
"Outstanding Receivable > 180 Days",Finance,C00057,"Deepak Sharma",18172.78,"> 180 Days Outstanding",Critical,"Escalate collection immediately and review customer credit exposure."
"Outstanding Receivable > 180 Days",Finance,C00093,"Karthik Singh",18032.39,"> 180 Days Outstanding",Critical,"Escalate collection immediately and review customer credit exposure."
"Outstanding Receivable > 180 Days",Finance,C00485,"Deepak Kumar",18013.11,"> 180 Days Outstanding",Critical,"Escalate collection immediately and review customer credit exposure."
"Outstanding Receivable > 180 Days",Finance,C00582,"Deepak Kumar",17915.01,"> 180 Days Outstanding",Critical,"Escalate collection immediately and review customer credit exposure."
"Outstanding Receivable > 180 Days",Finance,C00415,"Pooja Kumar",17799.85,"> 180 Days Outstanding",Critical,"Escalate collection immediately and review customer credit exposure."
"Outstanding Receivable > 180 Days",Finance,C00456,"Sanjay Patel",17587.91,"> 180 Days Outstanding",Critical,"Escalate collection immediately and review customer credit exposure."
"Outstanding Receivable > 180 Days",Finance,C00406,"Asha Rao",17561.87,"> 180 Days Outstanding",Critical,"Escalate collection immediately and review customer credit exposure."
"Outstanding Receivable > 180 Days",Finance,C00480,"Lakshmi Gupta",17502.31,"> 180 Days Outstanding",Critical,"Escalate collection immediately and review customer credit exposure."
"Outstanding Receivable > 180 Days",Finance,C00566,"Kavya Sharma",17347.70,"> 180 Days Outstanding",Critical,"Escalate collection immediately and review customer credit exposure."
"Outstanding Receivable > 180 Days",Finance,C00184,"Priya Patel",17185.86,"> 180 Days Outstanding",Critical,"Escalate collection immediately and review customer credit exposure."
"Outstanding Receivable > 180 Days",Finance,C00321,"Priya Nair",17173.79,"> 180 Days Outstanding",Critical,"Escalate collection immediately and review customer credit exposure."
"Outstanding Receivable > 180 Days",Finance,C00081,"Pooja Kumar",17143.08,"> 180 Days Outstanding",Critical,"Escalate collection immediately and review customer credit exposure."
"Outstanding Receivable > 180 Days",Finance,C00450,"Deepak Reddy",17121.96,"> 180 Days Outstanding",Critical,"Escalate collection immediately and review customer credit exposure."
"Outstanding Receivable > 180 Days",Finance,C00385,"Divya Nair",17089.30,"> 180 Days Outstanding",Critical,"Escalate collection immediately and review customer credit exposure."
"Outstanding Receivable > 180 Days",Finance,C00079,"Asha Sharma",17036.67,"> 180 Days Outstanding",Critical,"Escalate collection immediately and review customer credit exposure."
"Outstanding Receivable > 180 Days",Finance,C00586,"Kavya Iyer",17029.60,"> 180 Days Outstanding",Critical,"Escalate collection immediately and review customer credit exposure."
"Outstanding Receivable > 180 Days",Finance,C00205,"Karthik Sharma",16984.88,"> 180 Days Outstanding",Critical,"Escalate collection immediately and review customer credit exposure."
"Outstanding Receivable > 180 Days",Finance,C00369,"Rohit Rao",16913.17,"> 180 Days Outstanding",Critical,"Escalate collection immediately and review customer credit exposure."
"Outstanding Receivable > 180 Days",Finance,C00183,"Priya Iyer",16803.06,"> 180 Days Outstanding",Critical,"Escalate collection immediately and review customer credit exposure."
"Outstanding Receivable > 180 Days",Finance,C00096,"Divya Nair",16800.82,"> 180 Days Outstanding",Critical,"Escalate collection immediately and review customer credit exposure."
"Outstanding Receivable > 180 Days",Finance,C00212,"Rohit Kumar",16776.43,"> 180 Days Outstanding",Critical,"Escalate collection immediately and review customer credit exposure."
"Outstanding Receivable > 180 Days",Finance,C00410,"Anitha Kumar",16756.98,"> 180 Days Outstanding",Critical,"Escalate collection immediately and review customer credit exposure."
"Outstanding Receivable > 180 Days",Finance,C00075,"Pooja Nair",16721.22,"> 180 Days Outstanding",Critical,"Escalate collection immediately and review customer credit exposure."
"Outstanding Receivable > 180 Days",Finance,C00510,"Deepak Singh",16557.47,"> 180 Days Outstanding",Critical,"Escalate collection immediately and review customer credit exposure."
"Outstanding Receivable > 180 Days",Finance,C00266,"Sanjay Nair",16517.95,"> 180 Days Outstanding",Critical,"Escalate collection immediately and review customer credit exposure."
"Outstanding Receivable > 180 Days",Finance,C00195,"Arun Iyer",16308.12,"> 180 Days Outstanding",Critical,"Escalate collection immediately and review customer credit exposure."
"Outstanding Receivable > 180 Days",Finance,C00189,"Rahul Kumar",16204.67,"> 180 Days Outstanding",Critical,"Escalate collection immediately and review customer credit exposure."
"Outstanding Receivable > 180 Days",Finance,C00351,"Lakshmi Gupta",16185.89,"> 180 Days Outstanding",Critical,"Escalate collection immediately and review customer credit exposure."
"Outstanding Receivable > 180 Days",Finance,C00081,"Pooja Kumar",16156.81,"> 180 Days Outstanding",Critical,"Escalate collection immediately and review customer credit exposure."
"Outstanding Receivable > 180 Days",Finance,C00385,"Divya Nair",16101.95,"> 180 Days Outstanding",Critical,"Escalate collection immediately and review customer credit exposure."
"Outstanding Receivable > 180 Days",Finance,C00406,"Asha Rao",16035.17,"> 180 Days Outstanding",Critical,"Escalate collection immediately and review customer credit exposure."
"Outstanding Receivable > 180 Days",Finance,C00591,"Divya Kumar",16018.10,"> 180 Days Outstanding",Critical,"Escalate collection immediately and review customer credit exposure."
"Outstanding Receivable > 180 Days",Finance,C00115,"Sanjay Patel",15970.71,"> 180 Days Outstanding",Critical,"Escalate collection immediately and review customer credit exposure."
"Outstanding Receivable > 180 Days",Finance,C00361,"Rohit Kumar",15956.65,"> 180 Days Outstanding",Critical,"Escalate collection immediately and review customer credit exposure."
"Outstanding Receivable > 180 Days",Finance,C00491,"Sneha Rao",15935.70,"> 180 Days Outstanding",Critical,"Escalate collection immediately and review customer credit exposure."
"Outstanding Receivable > 180 Days",Finance,C00205,"Karthik Sharma",15922.26,"> 180 Days Outstanding",Critical,"Escalate collection immediately and review customer credit exposure."
"Outstanding Receivable > 180 Days",Finance,C00558,"Asha Nair",15893.64,"> 180 Days Outstanding",Critical,"Escalate collection immediately and review customer credit exposure."
"Outstanding Receivable > 180 Days",Finance,C00263,"Divya Kumar",15887.85,"> 180 Days Outstanding",Critical,"Escalate collection immediately and review customer credit exposure."
"Outstanding Receivable > 180 Days",Finance,C00189,"Rahul Kumar",15880.83,"> 180 Days Outstanding",Critical,"Escalate collection immediately and review customer credit exposure."
"Outstanding Receivable > 180 Days",Finance,C00310,"Pooja Iyer",15811.58,"> 180 Days Outstanding",Critical,"Escalate collection immediately and review customer credit exposure."
"Outstanding Receivable > 180 Days",Finance,C00088,"Invoice INV000558",15735.09,"> 180 Days Outstanding",Critical,"Escalate collection immediately and review customer credit exposure."
"Outstanding Receivable > 180 Days",Finance,C00587,"Meena Sharma",15643.91,"> 180 Days Outstanding",Critical,"Escalate collection immediately and review customer credit exposure."
"Outstanding Receivable > 180 Days",Finance,C00186,"Rohit Patel",15584.66,"> 180 Days Outstanding",Critical,"Escalate collection immediately and review customer credit exposure."
"Outstanding Receivable > 180 Days",Finance,C00343,"Surya Patel",15568.39,"> 180 Days Outstanding",Critical,"Escalate collection immediately and review customer credit exposure."
"Outstanding Receivable > 180 Days",Finance,C00281,"Deepak Iyer",15433.42,"> 180 Days Outstanding",Critical,"Escalate collection immediately and review customer credit exposure."
"Outstanding Receivable > 180 Days",Finance,C00486,"Divya Reddy",15412.19,"> 180 Days Outstanding",Critical,"Escalate collection immediately and review customer credit exposure."
"Outstanding Receivable > 180 Days",Finance,C00479,"Arun Patel",15378.57,"> 180 Days Outstanding",Critical,"Escalate collection immediately and review customer credit exposure."
"Outstanding Receivable > 180 Days",Finance,C00252,"Sanjay Singh",15316.41,"> 180 Days Outstanding",Critical,"Escalate collection immediately and review customer credit exposure."
"Outstanding Receivable > 180 Days",Finance,C00255,"Manoj Sharma",15235.18,"> 180 Days Outstanding",Critical,"Escalate collection immediately and review customer credit exposure."
"Outstanding Receivable > 180 Days",Finance,C00210,"Ajay Sharma",15202.12,"> 180 Days Outstanding",Critical,"Escalate collection immediately and review customer credit exposure."
"Outstanding Receivable > 180 Days",Finance,C00039,"Divya Nair",15137.98,"> 180 Days Outstanding",Critical,"Escalate collection immediately and review customer credit exposure."
"Outstanding Receivable > 180 Days",Finance,C00266,"Sanjay Nair",14993.44,"> 180 Days Outstanding",Critical,"Escalate collection immediately and review customer credit exposure."
"Outstanding Receivable > 180 Days",Finance,C00233,"Asha Reddy",14954.71,"> 180 Days Outstanding",Critical,"Escalate collection immediately and review customer credit exposure."
"Outstanding Receivable > 180 Days",Finance,C00053,"Deepak Iyer",14920.81,"> 180 Days Outstanding",Critical,"Escalate collection immediately and review customer credit exposure."
"Outstanding Receivable > 180 Days",Finance,C00326,"Kavya Reddy",14758.65,"> 180 Days Outstanding",Critical,"Escalate collection immediately and review customer credit exposure."
"Outstanding Receivable > 180 Days",Finance,C00456,"Sanjay Patel",14716.22,"> 180 Days Outstanding",Critical,"Escalate collection immediately and review customer credit exposure."
"Outstanding Receivable > 180 Days",Finance,C00555,"Rahul Iyer",14550.34,"> 180 Days Outstanding",Critical,"Escalate collection immediately and review customer credit exposure."
"Outstanding Receivable > 180 Days",Finance,C00339,"Sneha Nair",14382.40,"> 180 Days Outstanding",Critical,"Escalate collection immediately and review customer credit exposure."
"Outstanding Receivable > 180 Days",Finance,C00576,"Arun Singh",14311.23,"> 180 Days Outstanding",Critical,"Escalate collection immediately and review customer credit exposure."
"Outstanding Receivable > 180 Days",Finance,C00577,"Rahul Singh",14233.03,"> 180 Days Outstanding",Critical,"Escalate collection immediately and review customer credit exposure."
"Outstanding Receivable > 180 Days",Finance,C00434,"Pooja Iyer",14199.38,"> 180 Days Outstanding",Critical,"Escalate collection immediately and review customer credit exposure."
"Outstanding Receivable > 180 Days",Finance,C00529,"Sneha Rao",14135.92,"> 180 Days Outstanding",Critical,"Escalate collection immediately and review customer credit exposure."
"Outstanding Receivable > 180 Days",Finance,C00080,"Deepak Reddy",14110.76,"> 180 Days Outstanding",Critical,"Escalate collection immediately and review customer credit exposure."
"Outstanding Receivable > 180 Days",Finance,C00316,"Anitha Reddy",14012.62,"> 180 Days Outstanding",Critical,"Escalate collection immediately and review customer credit exposure."
"Outstanding Receivable > 180 Days",Finance,C00219,"Sneha Rao",13995.13,"> 180 Days Outstanding",Critical,"Escalate collection immediately and review customer credit exposure."
"Outstanding Receivable > 180 Days",Finance,C00093,"Karthik Singh",13824.82,"> 180 Days Outstanding",Critical,"Escalate collection immediately and review customer credit exposure."
"Outstanding Receivable > 180 Days",Finance,C00592,"Sanjay Sharma",13811.94,"> 180 Days Outstanding",Critical,"Escalate collection immediately and review customer credit exposure."
"Outstanding Receivable > 180 Days",Finance,C00183,"Priya Iyer",13787.44,"> 180 Days Outstanding",Critical,"Escalate collection immediately and review customer credit exposure."
"Outstanding Receivable > 180 Days",Finance,C00155,"Arun Nair",13740.95,"> 180 Days Outstanding",Critical,"Escalate collection immediately and review customer credit exposure."
"Outstanding Receivable > 180 Days",Finance,C00054,"Manoj Sharma",13691.29,"> 180 Days Outstanding",Critical,"Escalate collection immediately and review customer credit exposure."
"Outstanding Receivable > 180 Days",Finance,C00306,"Vijay Das",13689.01,"> 180 Days Outstanding",Critical,"Escalate collection immediately and review customer credit exposure."
"Outstanding Receivable > 180 Days",Finance,C00467,"Sanjay Sharma",13659.07,"> 180 Days Outstanding",Critical,"Escalate collection immediately and review customer credit exposure."
"Outstanding Receivable > 180 Days",Finance,C00333,"Sanjay Gupta",13648.72,"> 180 Days Outstanding",Critical,"Escalate collection immediately and review customer credit exposure."
"Outstanding Receivable > 180 Days",Finance,C00590,"Manoj Kumar",13600.93,"> 180 Days Outstanding",Critical,"Escalate collection immediately and review customer credit exposure."
"Outstanding Receivable > 180 Days",Finance,C00387,"Pooja Das",13597.39,"> 180 Days Outstanding",Critical,"Escalate collection immediately and review customer credit exposure."
"Outstanding Receivable > 180 Days",Finance,C00504,"Nisha Sharma",13551.27,"> 180 Days Outstanding",Critical,"Escalate collection immediately and review customer credit exposure."
"Outstanding Receivable > 180 Days",Finance,C00386,"Lakshmi Kumar",13465.03,"> 180 Days Outstanding",Critical,"Escalate collection immediately and review customer credit exposure."
"Outstanding Receivable > 180 Days",Finance,C00209,"Sanjay Nair",13422.96,"> 180 Days Outstanding",Critical,"Escalate collection immediately and review customer credit exposure."
"Outstanding Receivable > 180 Days",Finance,C00533,"Manoj Iyer",13397.20,"> 180 Days Outstanding",Critical,"Escalate collection immediately and review customer credit exposure."
"Outstanding Receivable > 180 Days",Finance,C00583,"Rahul Kumar",13378.41,"> 180 Days Outstanding",Critical,"Escalate collection immediately and review customer credit exposure."
"Outstanding Receivable > 180 Days",Finance,C00352,"Kavya Singh",13330.49,"> 180 Days Outstanding",Critical,"Escalate collection immediately and review customer credit exposure."
"Outstanding Receivable > 180 Days",Finance,C00130,"Priya Rao",13288.04,"> 180 Days Outstanding",Critical,"Escalate collection immediately and review customer credit exposure."
"Outstanding Receivable > 180 Days",Finance,C00299,"Asha Nair",13180.01,"> 180 Days Outstanding",Critical,"Escalate collection immediately and review customer credit exposure."
"Outstanding Receivable > 180 Days",Finance,C00233,"Asha Reddy",13175.41,"> 180 Days Outstanding",Critical,"Escalate collection immediately and review customer credit exposure."
"Outstanding Receivable > 180 Days",Finance,C00546,"Anitha Das",13049.17,"> 180 Days Outstanding",Critical,"Escalate collection immediately and review customer credit exposure."
"Outstanding Receivable > 180 Days",Finance,C00288,"Deepak Kumar",13010.61,"> 180 Days Outstanding",Critical,"Escalate collection immediately and review customer credit exposure."
"Outstanding Receivable > 180 Days",Finance,C00292,"Arun Rao",12985.20,"> 180 Days Outstanding",Critical,"Escalate collection immediately and review customer credit exposure."
"Outstanding Receivable > 180 Days",Finance,C00198,"Anitha Rao",12963.89,"> 180 Days Outstanding",Critical,"Escalate collection immediately and review customer credit exposure."
"Outstanding Receivable > 180 Days",Finance,C00342,"Asha Kumar",12950.95,"> 180 Days Outstanding",Critical,"Escalate collection immediately and review customer credit exposure."
"Outstanding Receivable > 180 Days",Finance,C00238,"Anitha Nair",12930.62,"> 180 Days Outstanding",Critical,"Escalate collection immediately and review customer credit exposure."
"Outstanding Receivable > 180 Days",Finance,C00230,"Sanjay Das",12924.16,"> 180 Days Outstanding",Critical,"Escalate collection immediately and review customer credit exposure."
"Outstanding Receivable > 180 Days",Finance,C00122,"Anitha Rao",12914.46,"> 180 Days Outstanding",Critical,"Escalate collection immediately and review customer credit exposure."
"Outstanding Receivable > 180 Days",Finance,C00131,"Rahul Sharma",12881.06,"> 180 Days Outstanding",Critical,"Escalate collection immediately and review customer credit exposure."
"Outstanding Receivable > 180 Days",Finance,C00352,"Kavya Singh",12879.05,"> 180 Days Outstanding",Critical,"Escalate collection immediately and review customer credit exposure."
"Outstanding Receivable > 180 Days",Finance,C00442,"Ajay Iyer",12869.75,"> 180 Days Outstanding",Critical,"Escalate collection immediately and review customer credit exposure."
"Outstanding Receivable > 180 Days",Finance,C00295,"Surya Gupta",12835.07,"> 180 Days Outstanding",Critical,"Escalate collection immediately and review customer credit exposure."
"Outstanding Receivable > 180 Days",Finance,C00465,"Karthik Patel",12834.59,"> 180 Days Outstanding",Critical,"Escalate collection immediately and review customer credit exposure."
"Outstanding Receivable > 180 Days",Finance,C00463,"Deepak Kumar",12828.79,"> 180 Days Outstanding",Critical,"Escalate collection immediately and review customer credit exposure."
"Outstanding Receivable > 180 Days",Finance,C00551,"Karthik Patel",12794.13,"> 180 Days Outstanding",Critical,"Escalate collection immediately and review customer credit exposure."
"Outstanding Receivable > 180 Days",Finance,C00056,"Anitha Sharma",12790.56,"> 180 Days Outstanding",Critical,"Escalate collection immediately and review customer credit exposure."
"Outstanding Receivable > 180 Days",Finance,C00019,"Kavya Kumar",12637.55,"> 180 Days Outstanding",Critical,"Escalate collection immediately and review customer credit exposure."
"Outstanding Receivable > 180 Days",Finance,C00311,"Pooja Patel",12597.43,"> 180 Days Outstanding",Critical,"Escalate collection immediately and review customer credit exposure."
"Outstanding Receivable > 180 Days",Finance,C00218,"Pooja Gupta",12575.64,"> 180 Days Outstanding",Critical,"Escalate collection immediately and review customer credit exposure."
"Outstanding Receivable > 180 Days",Finance,C00509,"Lakshmi Nair",12495.98,"> 180 Days Outstanding",Critical,"Escalate collection immediately and review customer credit exposure."
"Outstanding Receivable > 180 Days",Finance,C00176,"Deepak Singh",12376.46,"> 180 Days Outstanding",Critical,"Escalate collection immediately and review customer credit exposure."
"Outstanding Receivable > 180 Days",Finance,C00142,"Vijay Patel",12216.29,"> 180 Days Outstanding",Critical,"Escalate collection immediately and review customer credit exposure."
"Outstanding Receivable > 180 Days",Finance,C00066,"Karthik Patel",12172.84,"> 180 Days Outstanding",Critical,"Escalate collection immediately and review customer credit exposure."
"Outstanding Receivable > 180 Days",Finance,C00545,"Rahul Kumar",12168.36,"> 180 Days Outstanding",Critical,"Escalate collection immediately and review customer credit exposure."
"Outstanding Receivable > 180 Days",Finance,C00571,"Sneha Iyer",12128.18,"> 180 Days Outstanding",Critical,"Escalate collection immediately and review customer credit exposure."
"Outstanding Receivable > 180 Days",Finance,C00493,"Rohit Rao",12031.30,"> 180 Days Outstanding",Critical,"Escalate collection immediately and review customer credit exposure."
"Outstanding Receivable > 180 Days",Finance,C00531,"Nisha Patel",12001.98,"> 180 Days Outstanding",Critical,"Escalate collection immediately and review customer credit exposure."
"Outstanding Receivable > 180 Days",Finance,C00221,"Surya Patel",11965.68,"> 180 Days Outstanding",Critical,"Escalate collection immediately and review customer credit exposure."
"Outstanding Receivable > 180 Days",Finance,C00233,"Asha Reddy",11867.80,"> 180 Days Outstanding",Critical,"Escalate collection immediately and review customer credit exposure."
"Outstanding Receivable > 180 Days",Finance,C00025,"Karthik Rao",11849.86,"> 180 Days Outstanding",Critical,"Escalate collection immediately and review customer credit exposure."
"Outstanding Receivable > 180 Days",Finance,C00479,"Arun Patel",11841.10,"> 180 Days Outstanding",Critical,"Escalate collection immediately and review customer credit exposure."
"Outstanding Receivable > 180 Days",Finance,C00354,"Pooja Gupta",11824.73,"> 180 Days Outstanding",Critical,"Escalate collection immediately and review customer credit exposure."
"Outstanding Receivable > 180 Days",Finance,C00043,"Pooja Iyer",11817.50,"> 180 Days Outstanding",Critical,"Escalate collection immediately and review customer credit exposure."
"Outstanding Receivable > 180 Days",Finance,C00464,"Manoj Reddy",11706.56,"> 180 Days Outstanding",Critical,"Escalate collection immediately and review customer credit exposure."
"Outstanding Receivable > 180 Days",Finance,C00238,"Anitha Nair",11583.69,"> 180 Days Outstanding",Critical,"Escalate collection immediately and review customer credit exposure."
"Outstanding Receivable > 180 Days",Finance,C00321,"Priya Nair",11519.43,"> 180 Days Outstanding",Critical,"Escalate collection immediately and review customer credit exposure."
"Outstanding Receivable > 180 Days",Finance,C00382,"Karthik Singh",11486.80,"> 180 Days Outstanding",Critical,"Escalate collection immediately and review customer credit exposure."
"Outstanding Receivable > 180 Days",Finance,C00171,"Meena Kumar",11454.85,"> 180 Days Outstanding",Critical,"Escalate collection immediately and review customer credit exposure."
"Outstanding Receivable > 180 Days",Finance,C00222,"Manoj Singh",11431.41,"> 180 Days Outstanding",Critical,"Escalate collection immediately and review customer credit exposure."
"Outstanding Receivable > 180 Days",Finance,C00492,"Priya Sharma",11392.90,"> 180 Days Outstanding",Critical,"Escalate collection immediately and review customer credit exposure."
"Outstanding Receivable > 180 Days",Finance,C00245,"Priya Gupta",11355.57,"> 180 Days Outstanding",Critical,"Escalate collection immediately and review customer credit exposure."
"Outstanding Receivable > 180 Days",Finance,C00175,"Meena Kumar",11103.10,"> 180 Days Outstanding",Critical,"Escalate collection immediately and review customer credit exposure."
"Outstanding Receivable > 180 Days",Finance,C00299,"Asha Nair",11026.33,"> 180 Days Outstanding",Critical,"Escalate collection immediately and review customer credit exposure."
"Outstanding Receivable > 180 Days",Finance,C00409,"Priya Gupta",10895.92,"> 180 Days Outstanding",Critical,"Escalate collection immediately and review customer credit exposure."
"Outstanding Receivable > 180 Days",Finance,C00583,"Rahul Kumar",10811.95,"> 180 Days Outstanding",Critical,"Escalate collection immediately and review customer credit exposure."
"Outstanding Receivable > 180 Days",Finance,C00079,"Asha Sharma",10798.04,"> 180 Days Outstanding",Critical,"Escalate collection immediately and review customer credit exposure."
"Outstanding Receivable > 180 Days",Finance,C00130,"Priya Rao",10795.26,"> 180 Days Outstanding",Critical,"Escalate collection immediately and review customer credit exposure."
"Outstanding Receivable > 180 Days",Finance,C00325,"Sneha Gupta",10714.58,"> 180 Days Outstanding",Critical,"Escalate collection immediately and review customer credit exposure."
"Outstanding Receivable > 180 Days",Finance,C00447,"Asha Patel",10705.81,"> 180 Days Outstanding",Critical,"Escalate collection immediately and review customer credit exposure."
"Outstanding Receivable > 180 Days",Finance,C00291,"Rahul Kumar",10552.80,"> 180 Days Outstanding",Critical,"Escalate collection immediately and review customer credit exposure."
"Outstanding Receivable > 180 Days",Finance,C00493,"Rohit Rao",10479.72,"> 180 Days Outstanding",Critical,"Escalate collection immediately and review customer credit exposure."
"Outstanding Receivable > 180 Days",Finance,C00311,"Pooja Patel",10387.28,"> 180 Days Outstanding",Critical,"Escalate collection immediately and review customer credit exposure."
"Outstanding Receivable > 180 Days",Finance,C00144,"Surya Iyer",10345.65,"> 180 Days Outstanding",Critical,"Escalate collection immediately and review customer credit exposure."
"Outstanding Receivable > 180 Days",Finance,C00152,"Kavya Reddy",10235.27,"> 180 Days Outstanding",Critical,"Escalate collection immediately and review customer credit exposure."
"Outstanding Receivable > 180 Days",Finance,C00004,"Anitha Rao",10166.39,"> 180 Days Outstanding",Critical,"Escalate collection immediately and review customer credit exposure."
"Outstanding Receivable > 180 Days",Finance,C00423,"Deepak Sharma",10163.08,"> 180 Days Outstanding",Critical,"Escalate collection immediately and review customer credit exposure."
"Outstanding Receivable > 180 Days",Finance,C00575,"Deepak Reddy",10143.76,"> 180 Days Outstanding",Critical,"Escalate collection immediately and review customer credit exposure."
"Outstanding Receivable > 180 Days",Finance,C00127,"Karthik Kumar",10074.84,"> 180 Days Outstanding",Critical,"Escalate collection immediately and review customer credit exposure."
"Outstanding Receivable > 180 Days",Finance,C00575,"Deepak Reddy",10013.29,"> 180 Days Outstanding",Critical,"Escalate collection immediately and review customer credit exposure."
"Outstanding Receivable > 180 Days",Finance,C00519,"Kavya Singh",9996.84,"> 180 Days Outstanding",Critical,"Escalate collection immediately and review customer credit exposure."
"Outstanding Receivable > 180 Days",Finance,C00585,"Asha Rao",9995.45,"> 180 Days Outstanding",Critical,"Escalate collection immediately and review customer credit exposure."
"Outstanding Receivable > 180 Days",Finance,C00419,"Rahul Reddy",9963.58,"> 180 Days Outstanding",Critical,"Escalate collection immediately and review customer credit exposure."
"Outstanding Receivable > 180 Days",Finance,C00146,"Vijay Iyer",9955.66,"> 180 Days Outstanding",Critical,"Escalate collection immediately and review customer credit exposure."
"Outstanding Receivable > 180 Days",Finance,C00582,"Deepak Kumar",9932.53,"> 180 Days Outstanding",Critical,"Escalate collection immediately and review customer credit exposure."
"Outstanding Receivable > 180 Days",Finance,C00319,"Arun Iyer",9910.42,"> 180 Days Outstanding",Critical,"Escalate collection immediately and review customer credit exposure."
"Outstanding Receivable > 180 Days",Finance,C00258,"Sanjay Singh",9884.03,"> 180 Days Outstanding",Critical,"Escalate collection immediately and review customer credit exposure."
"Outstanding Receivable > 180 Days",Finance,C00145,"Karthik Singh",9880.56,"> 180 Days Outstanding",Critical,"Escalate collection immediately and review customer credit exposure."
"Outstanding Receivable > 180 Days",Finance,C00007,"Arun Das",9867.00,"> 180 Days Outstanding",Critical,"Escalate collection immediately and review customer credit exposure."
"Outstanding Receivable > 180 Days",Finance,C00286,"Asha Rao",9839.85,"> 180 Days Outstanding",Critical,"Escalate collection immediately and review customer credit exposure."
"Outstanding Receivable > 180 Days",Finance,C00002,"Priya Rao",9819.01,"> 180 Days Outstanding",Critical,"Escalate collection immediately and review customer credit exposure."
"Outstanding Receivable > 180 Days",Finance,C00472,"Sanjay Sharma",9696.04,"> 180 Days Outstanding",Critical,"Escalate collection immediately and review customer credit exposure."
"Outstanding Receivable > 180 Days",Finance,C00086,"Lakshmi Das",9664.25,"> 180 Days Outstanding",Critical,"Escalate collection immediately and review customer credit exposure."
"Outstanding Receivable > 180 Days",Finance,C00328,"Priya Nair",9611.81,"> 180 Days Outstanding",Critical,"Escalate collection immediately and review customer credit exposure."
"Outstanding Receivable > 180 Days",Finance,C00448,"Anitha Kumar",9555.45,"> 180 Days Outstanding",Critical,"Escalate collection immediately and review customer credit exposure."
"Outstanding Receivable > 180 Days",Finance,C00403,"Pooja Patel",9539.88,"> 180 Days Outstanding",Critical,"Escalate collection immediately and review customer credit exposure."
"Outstanding Receivable > 180 Days",Finance,C00059,"Rahul Patel",9509.81,"> 180 Days Outstanding",Critical,"Escalate collection immediately and review customer credit exposure."
"Outstanding Receivable > 180 Days",Finance,C00468,"Rohit Rao",9453.45,"> 180 Days Outstanding",Critical,"Escalate collection immediately and review customer credit exposure."
"Outstanding Receivable > 180 Days",Finance,C00027,"Priya Iyer",9378.90,"> 180 Days Outstanding",Critical,"Escalate collection immediately and review customer credit exposure."
"Outstanding Receivable > 180 Days",Finance,C00544,"Nisha Singh",9364.06,"> 180 Days Outstanding",Critical,"Escalate collection immediately and review customer credit exposure."
"Outstanding Receivable > 180 Days",Finance,C00434,"Pooja Iyer",9357.10,"> 180 Days Outstanding",Critical,"Escalate collection immediately and review customer credit exposure."
"Outstanding Receivable > 180 Days",Finance,C00451,"Sneha Gupta",9252.61,"> 180 Days Outstanding",Critical,"Escalate collection immediately and review customer credit exposure."
"Outstanding Receivable > 180 Days",Finance,C00417,"Surya Reddy",9203.52,"> 180 Days Outstanding",Critical,"Escalate collection immediately and review customer credit exposure."
"Outstanding Receivable > 180 Days",Finance,C00295,"Surya Gupta",9113.76,"> 180 Days Outstanding",Critical,"Escalate collection immediately and review customer credit exposure."
"Outstanding Receivable > 180 Days",Finance,C00536,"Pooja Singh",9019.41,"> 180 Days Outstanding",Critical,"Escalate collection immediately and review customer credit exposure."
"Outstanding Receivable > 180 Days",Finance,C00015,"Sneha Singh",8983.98,"> 180 Days Outstanding",Critical,"Escalate collection immediately and review customer credit exposure."
"Outstanding Receivable > 180 Days",Finance,C00219,"Sneha Rao",8883.26,"> 180 Days Outstanding",Critical,"Escalate collection immediately and review customer credit exposure."
"Outstanding Receivable > 180 Days",Finance,C00404,"Arun Reddy",8784.63,"> 180 Days Outstanding",Critical,"Escalate collection immediately and review customer credit exposure."
"Outstanding Receivable > 180 Days",Finance,C00087,"Deepak Gupta",8784.33,"> 180 Days Outstanding",Critical,"Escalate collection immediately and review customer credit exposure."
"Outstanding Receivable > 180 Days",Finance,C00209,"Sanjay Nair",8780.95,"> 180 Days Outstanding",Critical,"Escalate collection immediately and review customer credit exposure."
"Outstanding Receivable > 180 Days",Finance,C00542,"Nisha Sharma",8735.54,"> 180 Days Outstanding",Critical,"Escalate collection immediately and review customer credit exposure."
"Outstanding Receivable > 180 Days",Finance,C00241,"Pooja Reddy",8695.88,"> 180 Days Outstanding",Critical,"Escalate collection immediately and review customer credit exposure."
"Outstanding Receivable > 180 Days",Finance,C00165,"Karthik Das",8587.69,"> 180 Days Outstanding",Critical,"Escalate collection immediately and review customer credit exposure."
"Outstanding Receivable > 180 Days",Finance,C00224,"Manoj Gupta",8573.13,"> 180 Days Outstanding",Critical,"Escalate collection immediately and review customer credit exposure."
"Outstanding Receivable > 180 Days",Finance,C00209,"Sanjay Nair",8569.77,"> 180 Days Outstanding",Critical,"Escalate collection immediately and review customer credit exposure."
"Outstanding Receivable > 180 Days",Finance,C00491,"Sneha Rao",8561.17,"> 180 Days Outstanding",Critical,"Escalate collection immediately and review customer credit exposure."
"Outstanding Receivable > 180 Days",Finance,C00424,"Ajay Reddy",8549.62,"> 180 Days Outstanding",Critical,"Escalate collection immediately and review customer credit exposure."
"Outstanding Receivable > 180 Days",Finance,C00481,"Rahul Gupta",8499.86,"> 180 Days Outstanding",Critical,"Escalate collection immediately and review customer credit exposure."
"Outstanding Receivable > 180 Days",Finance,C00319,"Arun Iyer",8475.49,"> 180 Days Outstanding",Critical,"Escalate collection immediately and review customer credit exposure."
"Outstanding Receivable > 180 Days",Finance,C00597,"Nisha Rao",8472.36,"> 180 Days Outstanding",Critical,"Escalate collection immediately and review customer credit exposure."
"Outstanding Receivable > 180 Days",Finance,C00069,"Surya Reddy",8447.92,"> 180 Days Outstanding",Critical,"Escalate collection immediately and review customer credit exposure."
"Outstanding Receivable > 180 Days",Finance,C00339,"Sneha Nair",8443.99,"> 180 Days Outstanding",Critical,"Escalate collection immediately and review customer credit exposure."
"Outstanding Receivable > 180 Days",Finance,C00138,"Vijay Kumar",8410.01,"> 180 Days Outstanding",Critical,"Escalate collection immediately and review customer credit exposure."
"Outstanding Receivable > 180 Days",Finance,C00114,"Deepak Kumar",8369.60,"> 180 Days Outstanding",Critical,"Escalate collection immediately and review customer credit exposure."
"Outstanding Receivable > 180 Days",Finance,C00056,"Anitha Sharma",8266.27,"> 180 Days Outstanding",Critical,"Escalate collection immediately and review customer credit exposure."
"Outstanding Receivable > 180 Days",Finance,C00269,"Divya Reddy",8197.22,"> 180 Days Outstanding",Critical,"Escalate collection immediately and review customer credit exposure."
"Outstanding Receivable > 180 Days",Finance,C00104,"Manoj Sharma",8174.14,"> 180 Days Outstanding",Critical,"Escalate collection immediately and review customer credit exposure."
"Outstanding Receivable > 180 Days",Finance,C00038,"Rahul Das",8144.68,"> 180 Days Outstanding",Critical,"Escalate collection immediately and review customer credit exposure."
"Outstanding Receivable > 180 Days",Finance,C00246,"Ajay Patel",8136.19,"> 180 Days Outstanding",Critical,"Escalate collection immediately and review customer credit exposure."
"Outstanding Receivable > 180 Days",Finance,C00028,"Lakshmi Kumar",8076.34,"> 180 Days Outstanding",Critical,"Escalate collection immediately and review customer credit exposure."
"Outstanding Receivable > 180 Days",Finance,C00305,"Surya Gupta",8018.89,"> 180 Days Outstanding",Critical,"Escalate collection immediately and review customer credit exposure."
"Outstanding Receivable > 180 Days",Finance,C00404,"Arun Reddy",8013.22,"> 180 Days Outstanding",Critical,"Escalate collection immediately and review customer credit exposure."
"Outstanding Receivable > 180 Days",Finance,C00167,"Vijay Gupta",8002.23,"> 180 Days Outstanding",Critical,"Escalate collection immediately and review customer credit exposure."
"Outstanding Receivable > 180 Days",Finance,INV002527,"Invoice INV002527",7959.84,"> 180 Days Outstanding",Critical,"Escalate collection immediately and review customer credit exposure."
"Outstanding Receivable > 180 Days",Finance,C00234,"Sneha Reddy",7943.82,"> 180 Days Outstanding",Critical,"Escalate collection immediately and review customer credit exposure."
"Outstanding Receivable > 180 Days",Finance,C00147,"Lakshmi Gupta",7883.25,"> 180 Days Outstanding",Critical,"Escalate collection immediately and review customer credit exposure."
"Outstanding Receivable > 180 Days",Finance,C00578,"Nisha Sharma",7872.67,"> 180 Days Outstanding",Critical,"Escalate collection immediately and review customer credit exposure."
"Outstanding Receivable > 180 Days",Finance,C00445,"Deepak Sharma",7861.88,"> 180 Days Outstanding",Critical,"Escalate collection immediately and review customer credit exposure."
"Outstanding Receivable > 180 Days",Finance,C00533,"Manoj Iyer",7831.89,"> 180 Days Outstanding",Critical,"Escalate collection immediately and review customer credit exposure."
"Outstanding Receivable > 180 Days",Finance,C00300,"Priya Reddy",7750.74,"> 180 Days Outstanding",Critical,"Escalate collection immediately and review customer credit exposure."
"Outstanding Receivable > 180 Days",Finance,C00405,"Sanjay Patel",7712.40,"> 180 Days Outstanding",Critical,"Escalate collection immediately and review customer credit exposure."
"Outstanding Receivable > 180 Days",Finance,C00405,"Sanjay Patel",7711.56,"> 180 Days Outstanding",Critical,"Escalate collection immediately and review customer credit exposure."
"Outstanding Receivable > 180 Days",Finance,C00027,"Priya Iyer",7685.87,"> 180 Days Outstanding",Critical,"Escalate collection immediately and review customer credit exposure."
"Outstanding Receivable > 180 Days",Finance,C00489,"Surya Nair",7667.70,"> 180 Days Outstanding",Critical,"Escalate collection immediately and review customer credit exposure."
"Outstanding Receivable > 180 Days",Finance,C00255,"Manoj Sharma",7647.26,"> 180 Days Outstanding",Critical,"Escalate collection immediately and review customer credit exposure."
"Outstanding Receivable > 180 Days",Finance,C00081,"Pooja Kumar",7597.12,"> 180 Days Outstanding",Critical,"Escalate collection immediately and review customer credit exposure."
"Outstanding Receivable > 180 Days",Finance,C00292,"Arun Rao",7523.45,"> 180 Days Outstanding",Critical,"Escalate collection immediately and review customer credit exposure."
"Outstanding Receivable > 180 Days",Finance,C00124,"Nisha Rao",7451.96,"> 180 Days Outstanding",Critical,"Escalate collection immediately and review customer credit exposure."
"Outstanding Receivable > 180 Days",Finance,C00270,"Sanjay Reddy",7411.86,"> 180 Days Outstanding",Critical,"Escalate collection immediately and review customer credit exposure."
"Outstanding Receivable > 180 Days",Finance,C00505,"Kavya Nair",7230.50,"> 180 Days Outstanding",Critical,"Escalate collection immediately and review customer credit exposure."
"Outstanding Receivable > 180 Days",Finance,C00109,"Nisha Reddy",7208.65,"> 180 Days Outstanding",Critical,"Escalate collection immediately and review customer credit exposure."
"Outstanding Receivable > 180 Days",Finance,C00170,"Anitha Sharma",7205.95,"> 180 Days Outstanding",Critical,"Escalate collection immediately and review customer credit exposure."
"Outstanding Receivable > 180 Days",Finance,C00308,"Arun Rao",7186.65,"> 180 Days Outstanding",Critical,"Escalate collection immediately and review customer credit exposure."
"Outstanding Receivable > 180 Days",Finance,C00337,"Vijay Sharma",7116.11,"> 180 Days Outstanding",Critical,"Escalate collection immediately and review customer credit exposure."
"Outstanding Receivable > 180 Days",Finance,C00475,"Lakshmi Gupta",7104.23,"> 180 Days Outstanding",Critical,"Escalate collection immediately and review customer credit exposure."
"Outstanding Receivable > 180 Days",Finance,C00585,"Asha Rao",7024.33,"> 180 Days Outstanding",Critical,"Escalate collection immediately and review customer credit exposure."
"Outstanding Receivable > 180 Days",Finance,C00590,"Manoj Kumar",6992.91,"> 180 Days Outstanding",Critical,"Escalate collection immediately and review customer credit exposure."
"Outstanding Receivable > 180 Days",Finance,C00364,"Rohit Nair",6943.75,"> 180 Days Outstanding",Critical,"Escalate collection immediately and review customer credit exposure."
"Outstanding Receivable > 180 Days",Finance,C00555,"Rahul Iyer",6920.67,"> 180 Days Outstanding",Critical,"Escalate collection immediately and review customer credit exposure."
"Outstanding Receivable > 180 Days",Finance,C00466,"Karthik Patel",6897.09,"> 180 Days Outstanding",Critical,"Escalate collection immediately and review customer credit exposure."
"Outstanding Receivable > 180 Days",Finance,C00359,"Anitha Das",6891.67,"> 180 Days Outstanding",Critical,"Escalate collection immediately and review customer credit exposure."
"Outstanding Receivable > 180 Days",Finance,C00079,"Asha Sharma",6866.16,"> 180 Days Outstanding",Critical,"Escalate collection immediately and review customer credit exposure."
"Outstanding Receivable > 180 Days",Finance,C00442,"Ajay Iyer",6864.60,"> 180 Days Outstanding",Critical,"Escalate collection immediately and review customer credit exposure."
"Outstanding Receivable > 180 Days",Finance,C00310,"Pooja Iyer",6785.80,"> 180 Days Outstanding",Critical,"Escalate collection immediately and review customer credit exposure."
"Outstanding Receivable > 180 Days",Finance,C00252,"Sanjay Singh",6601.55,"> 180 Days Outstanding",Critical,"Escalate collection immediately and review customer credit exposure."
"Outstanding Receivable > 180 Days",Finance,C00540,"Meena Singh",6538.38,"> 180 Days Outstanding",Critical,"Escalate collection immediately and review customer credit exposure."
"Outstanding Receivable > 180 Days",Finance,C00333,"Sanjay Gupta",6513.05,"> 180 Days Outstanding",Critical,"Escalate collection immediately and review customer credit exposure."
"Outstanding Receivable > 180 Days",Finance,C00418,"Pooja Gupta",6403.35,"> 180 Days Outstanding",Critical,"Escalate collection immediately and review customer credit exposure."
"Outstanding Receivable > 180 Days",Finance,C00164,"Deepak Das",6365.68,"> 180 Days Outstanding",Critical,"Escalate collection immediately and review customer credit exposure."
"Outstanding Receivable > 180 Days",Finance,C00490,"Sneha Sharma",6327.03,"> 180 Days Outstanding",Critical,"Escalate collection immediately and review customer credit exposure."
"Outstanding Receivable > 180 Days",Finance,C00037,"Rohit Rao",6300.16,"> 180 Days Outstanding",Critical,"Escalate collection immediately and review customer credit exposure."
"Outstanding Receivable > 180 Days",Finance,C00089,"Priya Iyer",6285.65,"> 180 Days Outstanding",Critical,"Escalate collection immediately and review customer credit exposure."
"Outstanding Receivable > 180 Days",Finance,C00031,"Priya Das",6242.29,"> 180 Days Outstanding",Critical,"Escalate collection immediately and review customer credit exposure."
"Outstanding Receivable > 180 Days",Finance,C00085,"Divya Singh",6198.07,"> 180 Days Outstanding",Critical,"Escalate collection immediately and review customer credit exposure."
"Outstanding Receivable > 180 Days",Finance,C00412,"Anitha Singh",6144.07,"> 180 Days Outstanding",Critical,"Escalate collection immediately and review customer credit exposure."
"Outstanding Receivable > 180 Days",Finance,C00194,"Arun Patel",6065.96,"> 180 Days Outstanding",Critical,"Escalate collection immediately and review customer credit exposure."
"Outstanding Receivable > 180 Days",Finance,C00480,"Lakshmi Gupta",6005.54,"> 180 Days Outstanding",Critical,"Escalate collection immediately and review customer credit exposure."
"Outstanding Receivable > 180 Days",Finance,C00389,"Lakshmi Gupta",5892.09,"> 180 Days Outstanding",Critical,"Escalate collection immediately and review customer credit exposure."
"Outstanding Receivable > 180 Days",Finance,C00210,"Ajay Sharma",5863.99,"> 180 Days Outstanding",Critical,"Escalate collection immediately and review customer credit exposure."
"Outstanding Receivable > 180 Days",Finance,C00328,"Priya Nair",5823.24,"> 180 Days Outstanding",Critical,"Escalate collection immediately and review customer credit exposure."
"Outstanding Receivable > 180 Days",Finance,C00354,"Pooja Gupta",5815.34,"> 180 Days Outstanding",Critical,"Escalate collection immediately and review customer credit exposure."
"Outstanding Receivable > 180 Days",Finance,C00370,"Asha Das",5815.05,"> 180 Days Outstanding",Critical,"Escalate collection immediately and review customer credit exposure."
"Outstanding Receivable > 180 Days",Finance,C00412,"Anitha Singh",5804.34,"> 180 Days Outstanding",Critical,"Escalate collection immediately and review customer credit exposure."
"Outstanding Receivable > 180 Days",Finance,C00477,"Lakshmi Reddy",5732.53,"> 180 Days Outstanding",Critical,"Escalate collection immediately and review customer credit exposure."
"Outstanding Receivable > 180 Days",Finance,C00239,"Rahul Nair",5721.47,"> 180 Days Outstanding",Critical,"Escalate collection immediately and review customer credit exposure."
"Outstanding Receivable > 180 Days",Finance,C00469,"Rohit Patel",5601.10,"> 180 Days Outstanding",Critical,"Escalate collection immediately and review customer credit exposure."
"Outstanding Receivable > 180 Days",Finance,C00395,"Nisha Nair",5594.88,"> 180 Days Outstanding",Critical,"Escalate collection immediately and review customer credit exposure."
"Outstanding Receivable > 180 Days",Finance,C00174,"Meena Patel",5594.60,"> 180 Days Outstanding",Critical,"Escalate collection immediately and review customer credit exposure."
"Outstanding Receivable > 180 Days",Finance,C00277,"Ajay Sharma",5478.88,"> 180 Days Outstanding",Critical,"Escalate collection immediately and review customer credit exposure."
"Outstanding Receivable > 180 Days",Finance,C00160,"Divya Singh",5340.69,"> 180 Days Outstanding",Critical,"Escalate collection immediately and review customer credit exposure."
"Outstanding Receivable > 180 Days",Finance,C00053,"Deepak Iyer",5328.00,"> 180 Days Outstanding",Critical,"Escalate collection immediately and review customer credit exposure."
"Outstanding Receivable > 180 Days",Finance,C00314,"Kavya Iyer",5219.82,"> 180 Days Outstanding",Critical,"Escalate collection immediately and review customer credit exposure."
"Outstanding Receivable > 180 Days",Finance,C00283,"Kavya Das",5187.81,"> 180 Days Outstanding",Critical,"Escalate collection immediately and review customer credit exposure."
"Outstanding Receivable > 180 Days",Finance,C00415,"Pooja Kumar",5099.66,"> 180 Days Outstanding",Critical,"Escalate collection immediately and review customer credit exposure."
"Outstanding Receivable > 180 Days",Finance,C00408,"Kavya Kumar",5054.91,"> 180 Days Outstanding",Critical,"Escalate collection immediately and review customer credit exposure."
"Outstanding Receivable > 180 Days",Finance,C00397,"Priya Nair",4987.60,"> 180 Days Outstanding",Critical,"Escalate collection immediately and review customer credit exposure."
"Outstanding Receivable > 180 Days",Finance,C00311,"Pooja Patel",4942.36,"> 180 Days Outstanding",Critical,"Escalate collection immediately and review customer credit exposure."
"Outstanding Receivable > 180 Days",Finance,C00164,"Deepak Das",4904.89,"> 180 Days Outstanding",Critical,"Escalate collection immediately and review customer credit exposure."
"Outstanding Receivable > 180 Days",Finance,C00571,"Sneha Iyer",4869.77,"> 180 Days Outstanding",Critical,"Escalate collection immediately and review customer credit exposure."
"Outstanding Receivable > 180 Days",Finance,C00390,"Nisha Sharma",4784.37,"> 180 Days Outstanding",Critical,"Escalate collection immediately and review customer credit exposure."
"Outstanding Receivable > 180 Days",Finance,C00352,"Kavya Singh",4750.62,"> 180 Days Outstanding",Critical,"Escalate collection immediately and review customer credit exposure."
"Outstanding Receivable > 180 Days",Finance,C00110,"Rahul Patel",4633.71,"> 180 Days Outstanding",Critical,"Escalate collection immediately and review customer credit exposure."
"Outstanding Receivable > 180 Days",Finance,C00338,"Divya Singh",4574.77,"> 180 Days Outstanding",Critical,"Escalate collection immediately and review customer credit exposure."
"Outstanding Receivable > 180 Days",Finance,C00475,"Lakshmi Gupta",4550.86,"> 180 Days Outstanding",Critical,"Escalate collection immediately and review customer credit exposure."
"Outstanding Receivable > 180 Days",Finance,C00073,"Divya Iyer",4543.55,"> 180 Days Outstanding",Critical,"Escalate collection immediately and review customer credit exposure."
"Outstanding Receivable > 180 Days",Finance,C00405,"Sanjay Patel",4504.11,"> 180 Days Outstanding",Critical,"Escalate collection immediately and review customer credit exposure."
"Outstanding Receivable > 180 Days",Finance,C00322,"Rahul Reddy",4486.79,"> 180 Days Outstanding",Critical,"Escalate collection immediately and review customer credit exposure."
"Outstanding Receivable > 180 Days",Finance,C00392,"Sanjay Patel",4482.79,"> 180 Days Outstanding",Critical,"Escalate collection immediately and review customer credit exposure."
"Outstanding Receivable > 180 Days",Finance,C00443,"Rohit Das",4373.53,"> 180 Days Outstanding",Critical,"Escalate collection immediately and review customer credit exposure."
"Outstanding Receivable > 180 Days",Finance,C00434,"Pooja Iyer",4285.30,"> 180 Days Outstanding",Critical,"Escalate collection immediately and review customer credit exposure."
"Outstanding Receivable > 180 Days",Finance,C00418,"Pooja Gupta",4271.24,"> 180 Days Outstanding",Critical,"Escalate collection immediately and review customer credit exposure."
"Outstanding Receivable > 180 Days",Finance,C00563,"Deepak Sharma",4244.66,"> 180 Days Outstanding",Critical,"Escalate collection immediately and review customer credit exposure."
"Outstanding Receivable > 180 Days",Finance,C00340,"Manoj Das",4224.70,"> 180 Days Outstanding",Critical,"Escalate collection immediately and review customer credit exposure."
"Outstanding Receivable > 180 Days",Finance,C00347,"Asha Rao",4186.11,"> 180 Days Outstanding",Critical,"Escalate collection immediately and review customer credit exposure."
"Outstanding Receivable > 180 Days",Finance,C00079,"Asha Sharma",4167.52,"> 180 Days Outstanding",Critical,"Escalate collection immediately and review customer credit exposure."
"Outstanding Receivable > 180 Days",Finance,C00192,"Asha Das",4121.19,"> 180 Days Outstanding",Critical,"Escalate collection immediately and review customer credit exposure."
"Outstanding Receivable > 180 Days",Finance,C00011,"Surya Kumar",4060.16,"> 180 Days Outstanding",Critical,"Escalate collection immediately and review customer credit exposure."
"Outstanding Receivable > 180 Days",Finance,C00193,"Priya Kumar",3950.03,"> 180 Days Outstanding",Critical,"Escalate collection immediately and review customer credit exposure."
"Outstanding Receivable > 180 Days",Finance,C00588,"Divya Rao",3918.14,"> 180 Days Outstanding",Critical,"Escalate collection immediately and review customer credit exposure."
"Outstanding Receivable > 180 Days",Finance,C00454,"Kavya Das",3844.94,"> 180 Days Outstanding",Critical,"Escalate collection immediately and review customer credit exposure."
"Outstanding Receivable > 180 Days",Finance,C00159,"Meena Kumar",3818.31,"> 180 Days Outstanding",Critical,"Escalate collection immediately and review customer credit exposure."
"Outstanding Receivable > 180 Days",Finance,C00507,"Vijay Patel",3773.91,"> 180 Days Outstanding",Critical,"Escalate collection immediately and review customer credit exposure."
"Outstanding Receivable > 180 Days",Finance,C00329,"Manoj Rao",3725.33,"> 180 Days Outstanding",Critical,"Escalate collection immediately and review customer credit exposure."
"Outstanding Receivable > 180 Days",Finance,C00431,"Rahul Reddy",3717.42,"> 180 Days Outstanding",Critical,"Escalate collection immediately and review customer credit exposure."
"Outstanding Receivable > 180 Days",Finance,C00134,"Sneha Rao",3705.76,"> 180 Days Outstanding",Critical,"Escalate collection immediately and review customer credit exposure."
"Outstanding Receivable > 180 Days",Finance,C00397,"Priya Nair",3690.05,"> 180 Days Outstanding",Critical,"Escalate collection immediately and review customer credit exposure."
"Outstanding Receivable > 180 Days",Finance,C00252,"Sanjay Singh",3686.22,"> 180 Days Outstanding",Critical,"Escalate collection immediately and review customer credit exposure."
"Outstanding Receivable > 180 Days",Finance,C00434,"Pooja Iyer",3682.52,"> 180 Days Outstanding",Critical,"Escalate collection immediately and review customer credit exposure."
"Outstanding Receivable > 180 Days",Finance,C00252,"Sanjay Singh",3597.47,"> 180 Days Outstanding",Critical,"Escalate collection immediately and review customer credit exposure."
"Outstanding Receivable > 180 Days",Finance,C00578,"Nisha Sharma",3589.53,"> 180 Days Outstanding",Critical,"Escalate collection immediately and review customer credit exposure."
"Outstanding Receivable > 180 Days",Finance,C00506,"Kavya Patel",3562.33,"> 180 Days Outstanding",Critical,"Escalate collection immediately and review customer credit exposure."
"Outstanding Receivable > 180 Days",Finance,C00200,"Sneha Sharma",3504.19,"> 180 Days Outstanding",Critical,"Escalate collection immediately and review customer credit exposure."
"Outstanding Receivable > 180 Days",Finance,C00388,"Vijay Kumar",3446.12,"> 180 Days Outstanding",Critical,"Escalate collection immediately and review customer credit exposure."
"Outstanding Receivable > 180 Days",Finance,C00522,"Pooja Sharma",3445.43,"> 180 Days Outstanding",Critical,"Escalate collection immediately and review customer credit exposure."
"Outstanding Receivable > 180 Days",Finance,C00301,"Rahul Sharma",3443.43,"> 180 Days Outstanding",Critical,"Escalate collection immediately and review customer credit exposure."
"Outstanding Receivable > 180 Days",Finance,C00460,"Deepak Kumar",3433.80,"> 180 Days Outstanding",Critical,"Escalate collection immediately and review customer credit exposure."
"Outstanding Receivable > 180 Days",Finance,C00583,"Rahul Kumar",3394.20,"> 180 Days Outstanding",Critical,"Escalate collection immediately and review customer credit exposure."
"Outstanding Receivable > 180 Days",Finance,C00151,"Asha Kumar",3378.08,"> 180 Days Outstanding",Critical,"Escalate collection immediately and review customer credit exposure."
"Outstanding Receivable > 180 Days",Finance,C00316,"Anitha Reddy",3361.22,"> 180 Days Outstanding",Critical,"Escalate collection immediately and review customer credit exposure."
"Outstanding Receivable > 180 Days",Finance,C00333,"Sanjay Gupta",3263.84,"> 180 Days Outstanding",Critical,"Escalate collection immediately and review customer credit exposure."
"Outstanding Receivable > 180 Days",Finance,C00569,"Vijay Patel",3222.00,"> 180 Days Outstanding",Critical,"Escalate collection immediately and review customer credit exposure."
"Outstanding Receivable > 180 Days",Finance,C00553,"Surya Das",3142.32,"> 180 Days Outstanding",Critical,"Escalate collection immediately and review customer credit exposure."
"Outstanding Receivable > 180 Days",Finance,C00322,"Rahul Reddy",3129.48,"> 180 Days Outstanding",Critical,"Escalate collection immediately and review customer credit exposure."
"Outstanding Receivable > 180 Days",Finance,C00096,"Divya Nair",3124.24,"> 180 Days Outstanding",Critical,"Escalate collection immediately and review customer credit exposure."
"Outstanding Receivable > 180 Days",Finance,C00241,"Pooja Reddy",3101.00,"> 180 Days Outstanding",Critical,"Escalate collection immediately and review customer credit exposure."
"Outstanding Receivable > 180 Days",Finance,C00466,"Karthik Patel",3090.13,"> 180 Days Outstanding",Critical,"Escalate collection immediately and review customer credit exposure."
"Outstanding Receivable > 180 Days",Finance,C00327,"Sneha Sharma",3070.82,"> 180 Days Outstanding",Critical,"Escalate collection immediately and review customer credit exposure."
"Outstanding Receivable > 180 Days",Finance,C00408,"Kavya Kumar",2993.26,"> 180 Days Outstanding",Critical,"Escalate collection immediately and review customer credit exposure."
"Outstanding Receivable > 180 Days",Finance,C00111,"Lakshmi Sharma",2992.39,"> 180 Days Outstanding",Critical,"Escalate collection immediately and review customer credit exposure."
"Outstanding Receivable > 180 Days",Finance,C00018,"Ajay Gupta",2969.71,"> 180 Days Outstanding",Critical,"Escalate collection immediately and review customer credit exposure."
"Outstanding Receivable > 180 Days",Finance,C00501,"Manoj Rao",2963.22,"> 180 Days Outstanding",Critical,"Escalate collection immediately and review customer credit exposure."
"Outstanding Receivable > 180 Days",Finance,C00383,"Sanjay Das",2903.08,"> 180 Days Outstanding",Critical,"Escalate collection immediately and review customer credit exposure."
"Outstanding Receivable > 180 Days",Finance,C00202,"Priya Singh",2854.87,"> 180 Days Outstanding",Critical,"Escalate collection immediately and review customer credit exposure."
"Outstanding Receivable > 180 Days",Finance,C00003,"Nisha Kumar",2841.92,"> 180 Days Outstanding",Critical,"Escalate collection immediately and review customer credit exposure."
"Outstanding Receivable > 180 Days",Finance,C00262,"Sneha Kumar",2779.04,"> 180 Days Outstanding",Critical,"Escalate collection immediately and review customer credit exposure."
"Outstanding Receivable > 180 Days",Finance,C00135,"Kavya Kumar",2730.98,"> 180 Days Outstanding",Critical,"Escalate collection immediately and review customer credit exposure."
"Outstanding Receivable > 180 Days",Finance,C00457,"Rahul Nair",2721.48,"> 180 Days Outstanding",Critical,"Escalate collection immediately and review customer credit exposure."
"Outstanding Receivable > 180 Days",Finance,C00269,"Divya Reddy",2707.86,"> 180 Days Outstanding",Critical,"Escalate collection immediately and review customer credit exposure."
"Outstanding Receivable > 180 Days",Finance,C00552,"Sneha Singh",2640.05,"> 180 Days Outstanding",Critical,"Escalate collection immediately and review customer credit exposure."
"Outstanding Receivable > 180 Days",Finance,C00315,"Meena Patel",2611.63,"> 180 Days Outstanding",Critical,"Escalate collection immediately and review customer credit exposure."
"Outstanding Receivable > 180 Days",Finance,C00014,"Sanjay Rao",2503.00,"> 180 Days Outstanding",Critical,"Escalate collection immediately and review customer credit exposure."
"Outstanding Receivable > 180 Days",Finance,C00516,"Ajay Das",2463.73,"> 180 Days Outstanding",Critical,"Escalate collection immediately and review customer credit exposure."
"Outstanding Receivable > 180 Days",Finance,C00485,"Deepak Kumar",2307.55,"> 180 Days Outstanding",Critical,"Escalate collection immediately and review customer credit exposure."
"Outstanding Receivable > 180 Days",Finance,C00532,"Deepak Reddy",2278.46,"> 180 Days Outstanding",Critical,"Escalate collection immediately and review customer credit exposure."
"Outstanding Receivable > 180 Days",Finance,C00190,"Vijay Nair",2274.78,"> 180 Days Outstanding",Critical,"Escalate collection immediately and review customer credit exposure."
"Outstanding Receivable > 180 Days",Finance,C00535,"Anitha Das",2231.98,"> 180 Days Outstanding",Critical,"Escalate collection immediately and review customer credit exposure."
"Outstanding Receivable > 180 Days",Finance,C00323,"Asha Gupta",2227.00,"> 180 Days Outstanding",Critical,"Escalate collection immediately and review customer credit exposure."
"Outstanding Receivable > 180 Days",Finance,C00545,"Rahul Kumar",2181.84,"> 180 Days Outstanding",Critical,"Escalate collection immediately and review customer credit exposure."
"Outstanding Receivable > 180 Days",Finance,C00267,"Deepak Gupta",2111.26,"> 180 Days Outstanding",Critical,"Escalate collection immediately and review customer credit exposure."
"Outstanding Receivable > 180 Days",Finance,C00161,"Rahul Das",2090.83,"> 180 Days Outstanding",Critical,"Escalate collection immediately and review customer credit exposure."
"Outstanding Receivable > 180 Days",Finance,C00460,"Deepak Kumar",2035.75,"> 180 Days Outstanding",Critical,"Escalate collection immediately and review customer credit exposure."
"Outstanding Receivable > 180 Days",Finance,C00183,"Priya Iyer",2006.52,"> 180 Days Outstanding",Critical,"Escalate collection immediately and review customer credit exposure."
"Outstanding Receivable > 180 Days",Finance,C00115,"Sanjay Patel",1982.23,"> 180 Days Outstanding",Critical,"Escalate collection immediately and review customer credit exposure."
"Outstanding Receivable > 180 Days",Finance,C00556,"Manoj Patel",1951.25,"> 180 Days Outstanding",Critical,"Escalate collection immediately and review customer credit exposure."
"Outstanding Receivable > 180 Days",Finance,C00240,"Rahul Iyer",1941.19,"> 180 Days Outstanding",Critical,"Escalate collection immediately and review customer credit exposure."
"Outstanding Receivable > 180 Days",Finance,C00080,"Deepak Reddy",1915.56,"> 180 Days Outstanding",Critical,"Escalate collection immediately and review customer credit exposure."
"Outstanding Receivable > 180 Days",Finance,C00143,"Vijay Das",1864.67,"> 180 Days Outstanding",Critical,"Escalate collection immediately and review customer credit exposure."
"Outstanding Receivable > 180 Days",Finance,C00531,"Nisha Patel",1848.28,"> 180 Days Outstanding",Critical,"Escalate collection immediately and review customer credit exposure."
"Outstanding Receivable > 180 Days",Finance,C00350,"Surya Gupta",1833.45,"> 180 Days Outstanding",Critical,"Escalate collection immediately and review customer credit exposure."
"Outstanding Receivable > 180 Days",Finance,C00254,"Sanjay Patel",1682.45,"> 180 Days Outstanding",Critical,"Escalate collection immediately and review customer credit exposure."
"Outstanding Receivable > 180 Days",Finance,C00499,"Manoj Rao",1679.59,"> 180 Days Outstanding",Critical,"Escalate collection immediately and review customer credit exposure."
"Outstanding Receivable > 180 Days",Finance,C00406,"Asha Rao",1637.83,"> 180 Days Outstanding",Critical,"Escalate collection immediately and review customer credit exposure."
"Outstanding Receivable > 180 Days",Finance,C00176,"Deepak Singh",1626.21,"> 180 Days Outstanding",Critical,"Escalate collection immediately and review customer credit exposure."
"Outstanding Receivable > 180 Days",Finance,C00038,"Rahul Das",1600.78,"> 180 Days Outstanding",Critical,"Escalate collection immediately and review customer credit exposure."
"Outstanding Receivable > 180 Days",Finance,C00547,"Rohit Sharma",1598.66,"> 180 Days Outstanding",Critical,"Escalate collection immediately and review customer credit exposure."
"Outstanding Receivable > 180 Days",Finance,C00002,"Priya Rao",1569.42,"> 180 Days Outstanding",Critical,"Escalate collection immediately and review customer credit exposure."
"Outstanding Receivable > 180 Days",Finance,C00457,"Rahul Nair",1527.21,"> 180 Days Outstanding",Critical,"Escalate collection immediately and review customer credit exposure."
"Outstanding Receivable > 180 Days",Finance,C00348,"Divya Rao",1482.24,"> 180 Days Outstanding",Critical,"Escalate collection immediately and review customer credit exposure."
"Outstanding Receivable > 180 Days",Finance,C00103,"Anitha Rao",1482.13,"> 180 Days Outstanding",Critical,"Escalate collection immediately and review customer credit exposure."
"Outstanding Receivable > 180 Days",Finance,C00249,"Nisha Kumar",1448.30,"> 180 Days Outstanding",Critical,"Escalate collection immediately and review customer credit exposure."
"Outstanding Receivable > 180 Days",Finance,C00052,"Arun Das",1430.02,"> 180 Days Outstanding",Critical,"Escalate collection immediately and review customer credit exposure."
"Outstanding Receivable > 180 Days",Finance,C00162,"Meena Gupta",1413.92,"> 180 Days Outstanding",Critical,"Escalate collection immediately and review customer credit exposure."
"Outstanding Receivable > 180 Days",Finance,C00329,"Manoj Rao",1365.07,"> 180 Days Outstanding",Critical,"Escalate collection immediately and review customer credit exposure."
"Outstanding Receivable > 180 Days",Finance,C00336,"Rahul Kumar",1291.34,"> 180 Days Outstanding",Critical,"Escalate collection immediately and review customer credit exposure."
"Outstanding Receivable > 180 Days",Finance,C00254,"Sanjay Patel",1244.15,"> 180 Days Outstanding",Critical,"Escalate collection immediately and review customer credit exposure."
"Outstanding Receivable > 180 Days",Finance,C00475,"Lakshmi Gupta",1233.27,"> 180 Days Outstanding",Critical,"Escalate collection immediately and review customer credit exposure."
"Outstanding Receivable > 180 Days",Finance,C00229,"Pooja Sharma",1148.55,"> 180 Days Outstanding",Critical,"Escalate collection immediately and review customer credit exposure."
"Outstanding Receivable > 180 Days",Finance,C00560,"Manoj Kumar",1140.45,"> 180 Days Outstanding",Critical,"Escalate collection immediately and review customer credit exposure."
"Outstanding Receivable > 180 Days",Finance,C00594,"Lakshmi Reddy",1125.26,"> 180 Days Outstanding",Critical,"Escalate collection immediately and review customer credit exposure."
"Outstanding Receivable > 180 Days",Finance,C00487,"Surya Nair",1021.90,"> 180 Days Outstanding",Critical,"Escalate collection immediately and review customer credit exposure."
"Outstanding Receivable > 180 Days",Finance,C00214,"Nisha Singh",1001.58,"> 180 Days Outstanding",Critical,"Escalate collection immediately and review customer credit exposure."
"Outstanding Receivable > 180 Days",Finance,C00080,"Deepak Reddy",919.31,"> 180 Days Outstanding",Critical,"Escalate collection immediately and review customer credit exposure."
"Outstanding Receivable > 180 Days",Finance,C00286,"Asha Rao",898.31,"> 180 Days Outstanding",Critical,"Escalate collection immediately and review customer credit exposure."
"Outstanding Receivable > 180 Days",Finance,C00443,"Rohit Das",872.15,"> 180 Days Outstanding",Critical,"Escalate collection immediately and review customer credit exposure."
"Outstanding Receivable > 180 Days",Finance,C00536,"Pooja Singh",791.30,"> 180 Days Outstanding",Critical,"Escalate collection immediately and review customer credit exposure."
"Outstanding Receivable > 180 Days",Finance,C00382,"Karthik Singh",750.16,"> 180 Days Outstanding",Critical,"Escalate collection immediately and review customer credit exposure."
"Outstanding Receivable > 180 Days",Finance,C00023,"Kavya Gupta",738.90,"> 180 Days Outstanding",Critical,"Escalate collection immediately and review customer credit exposure."
"Outstanding Receivable > 180 Days",Finance,C00115,"Sanjay Patel",728.63,"> 180 Days Outstanding",Critical,"Escalate collection immediately and review customer credit exposure."
"Outstanding Receivable > 180 Days",Finance,C00349,"Nisha Iyer",727.57,"> 180 Days Outstanding",Critical,"Escalate collection immediately and review customer credit exposure."
"Outstanding Receivable > 180 Days",Finance,C00182,"Rohit Patel",726.58,"> 180 Days Outstanding",Critical,"Escalate collection immediately and review customer credit exposure."
"Outstanding Receivable > 180 Days",Finance,C00428,"Vijay Gupta",701.47,"> 180 Days Outstanding",Critical,"Escalate collection immediately and review customer credit exposure."
"Outstanding Receivable > 180 Days",Finance,C00153,"Sanjay Singh",698.94,"> 180 Days Outstanding",Critical,"Escalate collection immediately and review customer credit exposure."
"Outstanding Receivable > 180 Days",Finance,C00383,"Sanjay Das",680.50,"> 180 Days Outstanding",Critical,"Escalate collection immediately and review customer credit exposure."
"Outstanding Receivable > 180 Days",Finance,C00051,"Invoice INV002664",635.71,"> 180 Days Outstanding",Critical,"Escalate collection immediately and review customer credit exposure."
"Outstanding Receivable > 180 Days",Finance,C00102,"Arun Reddy",609.19,"> 180 Days Outstanding",Critical,"Escalate collection immediately and review customer credit exposure."
"Outstanding Receivable > 180 Days",Finance,C00284,"Ajay Sharma",594.55,"> 180 Days Outstanding",Critical,"Escalate collection immediately and review customer credit exposure."
"Outstanding Receivable > 180 Days",Finance,C00107,"Kavya Patel",554.02,"> 180 Days Outstanding",Critical,"Escalate collection immediately and review customer credit exposure."
"Outstanding Receivable > 180 Days",Finance,C00272,"Karthik Patel",519.03,"> 180 Days Outstanding",Critical,"Escalate collection immediately and review customer credit exposure."
"Outstanding Receivable > 180 Days",Finance,C00085,"Divya Singh",499.21,"> 180 Days Outstanding",Critical,"Escalate collection immediately and review customer credit exposure."
"Outstanding Receivable > 180 Days",Finance,C00042,"Anitha Iyer",444.75,"> 180 Days Outstanding",Critical,"Escalate collection immediately and review customer credit exposure."
"Outstanding Receivable > 180 Days",Finance,C00509,"Lakshmi Nair",438.51,"> 180 Days Outstanding",Critical,"Escalate collection immediately and review customer credit exposure."
"Outstanding Receivable > 180 Days",Finance,C00120,"Meena Rao",423.33,"> 180 Days Outstanding",Critical,"Escalate collection immediately and review customer credit exposure."
"Outstanding Receivable > 180 Days",Finance,C00044,"Ajay Singh",420.78,"> 180 Days Outstanding",Critical,"Escalate collection immediately and review customer credit exposure."
"Outstanding Receivable > 180 Days",Finance,C00506,"Kavya Patel",393.11,"> 180 Days Outstanding",Critical,"Escalate collection immediately and review customer credit exposure."
"Outstanding Receivable > 180 Days",Finance,C00087,"Deepak Gupta",386.11,"> 180 Days Outstanding",Critical,"Escalate collection immediately and review customer credit exposure."
"Outstanding Receivable > 180 Days",Finance,C00432,"Rahul Nair",372.07,"> 180 Days Outstanding",Critical,"Escalate collection immediately and review customer credit exposure."
"Outstanding Receivable > 180 Days",Finance,C00323,"Asha Gupta",341.40,"> 180 Days Outstanding",Critical,"Escalate collection immediately and review customer credit exposure."
"Outstanding Receivable > 180 Days",Finance,C00559,"Priya Iyer",340.67,"> 180 Days Outstanding",Critical,"Escalate collection immediately and review customer credit exposure."
"Outstanding Receivable > 180 Days",Finance,C00427,"Rohit Rao",219.91,"> 180 Days Outstanding",Critical,"Escalate collection immediately and review customer credit exposure."
"Outstanding Receivable > 180 Days",Finance,C00208,"Meena Sharma",208.59,"> 180 Days Outstanding",Critical,"Escalate collection immediately and review customer credit exposure."
"Outstanding Receivable > 180 Days",Finance,C00173,"Vijay Sharma",121.23,"> 180 Days Outstanding",Critical,"Escalate collection immediately and review customer credit exposure."
"Outstanding Receivable > 180 Days",Finance,C00324,"Nisha Reddy",112.67,"> 180 Days Outstanding",Critical,"Escalate collection immediately and review customer credit exposure."
"Outstanding Receivable > 180 Days",Finance,C00238,"Anitha Nair",107.26,"> 180 Days Outstanding",Critical,"Escalate collection immediately and review customer credit exposure."
"Outstanding Receivable > 180 Days",Finance,C00465,"Karthik Patel",75.78,"> 180 Days Outstanding",Critical,"Escalate collection immediately and review customer credit exposure."
"Outstanding Receivable > 180 Days",Finance,C00198,"Anitha Rao",63.33,"> 180 Days Outstanding",Critical,"Escalate collection immediately and review customer credit exposure."
"Outstanding Receivable > 180 Days",Finance,C00213,"Surya Iyer",55.37,"> 180 Days Outstanding",Critical,"Escalate collection immediately and review customer credit exposure."
"Outstanding Receivable > 180 Days",Finance,C00003,"Nisha Kumar",42.90,"> 180 Days Outstanding",Critical,"Escalate collection immediately and review customer credit exposure."
"Outstanding Receivable > 180 Days",Finance,C00101,"Ajay Kumar",20.93,"> 180 Days Outstanding",Critical,"Escalate collection immediately and review customer credit exposure."
"Outstanding Receivable > 180 Days",Finance,C00360,"Anitha Reddy",2.31,"> 180 Days Outstanding",Critical,"Escalate collection immediately and review customer credit exposure."
"Stockout + High Demand",Inventory,P0129,"HOM Product 129",192.00,"High Demand + Stockout",Critical,"Replenish stock immediately and review reorder level and safety stock."
"Stockout + High Demand",Inventory,P0034,"FUR Product 034",184.00,"High Demand + Stockout",Critical,"Replenish stock immediately and review reorder level and safety stock."
"Stockout + High Demand",Inventory,P0128,"ACC Product 128",170.00,"High Demand + Stockout",Critical,"Replenish stock immediately and review reorder level and safety stock."
"Stockout + High Demand",Inventory,P0092,"ELE Product 092",166.00,"High Demand + Stockout",Critical,"Replenish stock immediately and review reorder level and safety stock."
"Stockout + High Demand",Inventory,P0103,"Unmapped Product",163.00,"High Demand + Stockout",Critical,"Replenish stock immediately and review reorder level and safety stock."
"Stockout + High Demand",Inventory,P0063,"ELE Product 063",161.00,"High Demand + Stockout",Critical,"Replenish stock immediately and review reorder level and safety stock."
"Stockout + High Demand",Inventory,P0057,"ACC Product 057",160.00,"High Demand + Stockout",Critical,"Replenish stock immediately and review reorder level and safety stock."
"Stockout + High Demand",Inventory,P0053,"FUR Product 053",156.00,"High Demand + Stockout",Critical,"Replenish stock immediately and review reorder level and safety stock."
"Stockout + High Demand",Inventory,P0080,"ACC Product 080",156.00,"High Demand + Stockout",Critical,"Replenish stock immediately and review reorder level and safety stock."
"Stockout + High Demand",Inventory,P0002,"OFF Product 002",156.00,"High Demand + Stockout",Critical,"Replenish stock immediately and review reorder level and safety stock."
"Stockout + High Demand",Inventory,P0142,"IT  Product 142",154.00,"High Demand + Stockout",Critical,"Replenish stock immediately and review reorder level and safety stock."
"Stockout + High Demand",Inventory,P0059,"ACC Product 059",153.00,"High Demand + Stockout",Critical,"Replenish stock immediately and review reorder level and safety stock."
"Stockout + High Demand",Inventory,P0070,"HOM Product 070",152.00,"High Demand + Stockout",Critical,"Replenish stock immediately and review reorder level and safety stock."
"Stockout + High Demand",Inventory,P0028,"ELE Product 028",151.00,"High Demand + Stockout",Critical,"Replenish stock immediately and review reorder level and safety stock."
"Stockout + High Demand",Inventory,P0095,"OFF Product 095",151.00,"High Demand + Stockout",Critical,"Replenish stock immediately and review reorder level and safety stock."
"Stockout + High Demand",Inventory,P0056,"OFF Product 056",149.00,"High Demand + Stockout",Critical,"Replenish stock immediately and review reorder level and safety stock."
"Stockout + High Demand",Inventory,P0074,"Unmapped Product",147.00,"High Demand + Stockout",Critical,"Replenish stock immediately and review reorder level and safety stock."
"Stockout + High Demand",Inventory,P0093,"ACC Product 093",146.00,"High Demand + Stockout",Critical,"Replenish stock immediately and review reorder level and safety stock."
"Stockout + High Demand",Inventory,P0113,"ACC Product 113",146.00,"High Demand + Stockout",Critical,"Replenish stock immediately and review reorder level and safety stock."
"Stockout + High Demand",Inventory,P0143,"ACC Product 143",145.00,"High Demand + Stockout",Critical,"Replenish stock immediately and review reorder level and safety stock."
"Stockout + High Demand",Inventory,P0148,"ELE Product 148",145.00,"High Demand + Stockout",Critical,"Replenish stock immediately and review reorder level and safety stock."
"Stockout + High Demand",Inventory,P0033,"Unmapped Product",145.00,"High Demand + Stockout",Critical,"Replenish stock immediately and review reorder level and safety stock."
"Stockout + High Demand",Inventory,P0102,"IT  Product 102",145.00,"High Demand + Stockout",Critical,"Replenish stock immediately and review reorder level and safety stock."
"Stockout + High Demand",Inventory,P0008,"HOM Product 008",144.00,"High Demand + Stockout",Critical,"Replenish stock immediately and review reorder level and safety stock."
"Stockout + High Demand",Inventory,P0135,"IT  Product 135",144.00,"High Demand + Stockout",Critical,"Replenish stock immediately and review reorder level and safety stock."
"Stockout + High Demand",Inventory,P0037,"FUR Product 037",143.00,"High Demand + Stockout",Critical,"Replenish stock immediately and review reorder level and safety stock."
"Stockout + High Demand",Inventory,P0067,"OFF Product 067",143.00,"High Demand + Stockout",Critical,"Replenish stock immediately and review reorder level and safety stock."
"Stockout + High Demand",Inventory,P0133,"HOM Product 133",142.00,"High Demand + Stockout",Critical,"Replenish stock immediately and review reorder level and safety stock."
"Stockout + High Demand",Inventory,P0071,"HOM Product 071",142.00,"High Demand + Stockout",Critical,"Replenish stock immediately and review reorder level and safety stock."
"Stockout + High Demand",Inventory,P0030,"OFF Product 030",142.00,"High Demand + Stockout",Critical,"Replenish stock immediately and review reorder level and safety stock."
"Stockout + High Demand",Inventory,P0144,"IT  Product 144",142.00,"High Demand + Stockout",Critical,"Replenish stock immediately and review reorder level and safety stock."
"Stockout + High Demand",Inventory,P0032,"ELE Product 032",141.00,"High Demand + Stockout",Critical,"Replenish stock immediately and review reorder level and safety stock."
"Stockout + High Demand",Inventory,P0051,"OFF Product 051",141.00,"High Demand + Stockout",Critical,"Replenish stock immediately and review reorder level and safety stock."
"Stockout + High Demand",Inventory,P0101,"OFF Product 101",141.00,"High Demand + Stockout",Critical,"Replenish stock immediately and review reorder level and safety stock."
"Stockout + High Demand",Inventory,P0147,"ACC Product 147",141.00,"High Demand + Stockout",Critical,"Replenish stock immediately and review reorder level and safety stock."
"Stockout + High Demand",Inventory,P0091,"HOM Product 091",140.00,"High Demand + Stockout",Critical,"Replenish stock immediately and review reorder level and safety stock."
"Stockout + High Demand",Inventory,P0020,"ELE Product 020",139.00,"High Demand + Stockout",Critical,"Replenish stock immediately and review reorder level and safety stock."
"Stockout + High Demand",Inventory,P0137,"IT  Product 137",139.00,"High Demand + Stockout",Critical,"Replenish stock immediately and review reorder level and safety stock."
"Stockout + High Demand",Inventory,P0015,"ELE Product 015",139.00,"High Demand + Stockout",Critical,"Replenish stock immediately and review reorder level and safety stock."
"Stockout + High Demand",Inventory,P0124,"ACC Product 124",138.00,"High Demand + Stockout",Critical,"Replenish stock immediately and review reorder level and safety stock."
"Stockout + High Demand",Inventory,P0126,"OFF Product 126",137.00,"High Demand + Stockout",Critical,"Replenish stock immediately and review reorder level and safety stock."
"Stockout + High Demand",Inventory,P0043,"FUR Product 043",137.00,"High Demand + Stockout",Critical,"Replenish stock immediately and review reorder level and safety stock."
"Stockout + High Demand",Inventory,P0111,"FUR Product 111",135.00,"High Demand + Stockout",Critical,"Replenish stock immediately and review reorder level and safety stock."
"Stockout + High Demand",Inventory,P0060,"HOM Product 060",134.00,"High Demand + Stockout",Critical,"Replenish stock immediately and review reorder level and safety stock."
"Stockout + High Demand",Inventory,P0096,"ELE Product 096",134.00,"High Demand + Stockout",Critical,"Replenish stock immediately and review reorder level and safety stock."
"Stockout + High Demand",Inventory,P0105,"ACC Product 105",133.00,"High Demand + Stockout",Critical,"Replenish stock immediately and review reorder level and safety stock."
"Stockout + High Demand",Inventory,P0040,"HOM Product 040",131.00,"High Demand + Stockout",Critical,"Replenish stock immediately and review reorder level and safety stock."
"Stockout + High Demand",Inventory,P0004,"IT  Product 004",131.00,"High Demand + Stockout",Critical,"Replenish stock immediately and review reorder level and safety stock."
"Stockout + High Demand",Inventory,P0054,"IT  Product 054",131.00,"High Demand + Stockout",Critical,"Replenish stock immediately and review reorder level and safety stock."
"Stockout + High Demand",Inventory,P0106,"FUR Product 106",130.00,"High Demand + Stockout",Critical,"Replenish stock immediately and review reorder level and safety stock."
"Stockout + High Demand",Inventory,P0150,"FUR Product 150",130.00,"High Demand + Stockout",Critical,"Replenish stock immediately and review reorder level and safety stock."
"Stockout + High Demand",Inventory,P0035,"ACC Product 035",130.00,"High Demand + Stockout",Critical,"Replenish stock immediately and review reorder level and safety stock."
"Stockout + High Demand",Inventory,P0104,"OFF Product 104",128.00,"High Demand + Stockout",Critical,"Replenish stock immediately and review reorder level and safety stock."
"Stockout + High Demand",Inventory,P0085,"FUR Product 085",128.00,"High Demand + Stockout",Critical,"Replenish stock immediately and review reorder level and safety stock."
"Stockout + High Demand",Inventory,P0107,"ELE Product 107",128.00,"High Demand + Stockout",Critical,"Replenish stock immediately and review reorder level and safety stock."
"Stockout + High Demand",Inventory,P0138,"IT  Product 138",126.00,"High Demand + Stockout",Critical,"Replenish stock immediately and review reorder level and safety stock."
"Stockout + High Demand",Inventory,P0145,"FUR Product 145",126.00,"High Demand + Stockout",Critical,"Replenish stock immediately and review reorder level and safety stock."
"Stockout + High Demand",Inventory,P0019,"ELE Product 019",125.00,"High Demand + Stockout",Critical,"Replenish stock immediately and review reorder level and safety stock."
"Stockout + High Demand",Inventory,P0109,"OFF Product 109",125.00,"High Demand + Stockout",Critical,"Replenish stock immediately and review reorder level and safety stock."
"Stockout + High Demand",Inventory,P0115,"ACC Product 115",125.00,"High Demand + Stockout",Critical,"Replenish stock immediately and review reorder level and safety stock."
"Stockout + High Demand",Inventory,P0108,"OFF Product 108",125.00,"High Demand + Stockout",Critical,"Replenish stock immediately and review reorder level and safety stock."
"Stockout + High Demand",Inventory,P0112,"OFF Product 112",124.00,"High Demand + Stockout",Critical,"Replenish stock immediately and review reorder level and safety stock."
"Stockout + High Demand",Inventory,P0068,"OFF Product 068",123.00,"High Demand + Stockout",Critical,"Replenish stock immediately and review reorder level and safety stock."
"Stockout + High Demand",Inventory,P0018,"HOM Product 018",123.00,"High Demand + Stockout",Critical,"Replenish stock immediately and review reorder level and safety stock."
"Stockout + High Demand",Inventory,P0045,"Unmapped Product",123.00,"High Demand + Stockout",Critical,"Replenish stock immediately and review reorder level and safety stock."
"Stockout + High Demand",Inventory,P0055,"ELE Product 055",123.00,"High Demand + Stockout",Critical,"Replenish stock immediately and review reorder level and safety stock."
"Stockout + High Demand",Inventory,P0064,"OFF Product 064",123.00,"High Demand + Stockout",Critical,"Replenish stock immediately and review reorder level and safety stock."
"Stockout + High Demand",Inventory,P0134,"OFF Product 134",122.00,"High Demand + Stockout",Critical,"Replenish stock immediately and review reorder level and safety stock."
"Stockout + High Demand",Inventory,P0086,"OFF Product 086",122.00,"High Demand + Stockout",Critical,"Replenish stock immediately and review reorder level and safety stock."
"Stockout + High Demand",Inventory,P0079,"ELE Product 079",122.00,"High Demand + Stockout",Critical,"Replenish stock immediately and review reorder level and safety stock."
"Stockout + High Demand",Inventory,P0039,"Unmapped Product",122.00,"High Demand + Stockout",Critical,"Replenish stock immediately and review reorder level and safety stock."
"Stockout + High Demand",Inventory,P0022,"FUR Product 022",122.00,"High Demand + Stockout",Critical,"Replenish stock immediately and review reorder level and safety stock."
"Stockout + High Demand",Inventory,P0122,"FUR Product 122",121.00,"High Demand + Stockout",Critical,"Replenish stock immediately and review reorder level and safety stock."
"Complaint SLA Breach","Customer Support",C00290,"Lakshmi Patel",116.00,"Resolution <= 24.00 Hours",High,"Escalate complaint CMP000684 and investigate SLA breach root cause."
"Complaint SLA Breach","Customer Support",C00047,"Karthik Reddy",116.00,"Resolution <= 24.00 Hours",High,"Escalate complaint CMP000088 and investigate SLA breach root cause."
"Complaint SLA Breach","Customer Support",C00049,"Deepak Sharma",115.00,"Resolution <= 24.00 Hours",High,"Escalate complaint CMP000275 and investigate SLA breach root cause."
"Complaint SLA Breach","Customer Support",C00477,"Lakshmi Reddy",115.00,"Resolution <= 24.00 Hours",High,"Escalate complaint CMP000683 and investigate SLA breach root cause."
"Complaint SLA Breach","Customer Support",C00008,"Anitha Gupta",115.00,"Resolution <= 24.00 Hours",High,"Escalate complaint CMP000027 and investigate SLA breach root cause."
"Complaint SLA Breach","Customer Support",C00171,"Meena Kumar",111.00,"Resolution <= 24.00 Hours",High,"Escalate complaint CMP000557 and investigate SLA breach root cause."
"Complaint SLA Breach","Customer Support",C00129,"Karthik Rao",110.00,"Resolution <= 24.00 Hours",High,"Escalate complaint CMP000305 and investigate SLA breach root cause."
"Complaint SLA Breach","Customer Support",C00558,"Asha Nair",109.00,"Resolution <= 24.00 Hours",High,"Escalate complaint CMP000363 and investigate SLA breach root cause."
"Complaint SLA Breach","Customer Support",C00466,"Karthik Patel",109.00,"Resolution <= 24.00 Hours",High,"Escalate complaint CMP000646 and investigate SLA breach root cause."
"Complaint SLA Breach","Customer Support",C00532,"Deepak Reddy",109.00,"Resolution <= 24.00 Hours",High,"Escalate complaint CMP000185 and investigate SLA breach root cause."
"Complaint SLA Breach","Customer Support",C00390,"Nisha Sharma",109.00,"Resolution <= 24.00 Hours",High,"Escalate complaint CMP000465 and investigate SLA breach root cause."
"Complaint SLA Breach","Customer Support",C00315,"Meena Patel",109.00,"Resolution <= 24.00 Hours",High,"Escalate complaint CMP000512 and investigate SLA breach root cause."
"Complaint SLA Breach","Customer Support",C00364,"Rohit Nair",108.00,"Resolution <= 24.00 Hours",High,"Escalate complaint CMP000658 and investigate SLA breach root cause."
"Complaint SLA Breach","Customer Support",C00582,"Deepak Kumar",108.00,"Resolution <= 24.00 Hours",High,"Escalate complaint CMP000015 and investigate SLA breach root cause."
"Complaint SLA Breach","Customer Support",C00302,"Nisha Singh",108.00,"Resolution <= 24.00 Hours",High,"Escalate complaint CMP000568 and investigate SLA breach root cause."
"Complaint SLA Breach","Customer Support",C00444,"Asha Kumar",107.00,"Resolution <= 24.00 Hours",High,"Escalate complaint CMP000024 and investigate SLA breach root cause."
"Complaint SLA Breach","Customer Support",C00005,"Sneha Reddy",107.00,"Resolution <= 24.00 Hours",High,"Escalate complaint CMP000691 and investigate SLA breach root cause."
"Complaint SLA Breach","Customer Support",C00327,"Sneha Sharma",106.00,"Resolution <= 24.00 Hours",High,"Escalate complaint CMP000412 and investigate SLA breach root cause."
"Complaint SLA Breach","Customer Support",C00199,"Karthik Sharma",105.00,"Resolution <= 24.00 Hours",High,"Escalate complaint CMP000025 and investigate SLA breach root cause."
"Complaint SLA Breach","Customer Support",C00122,"Anitha Rao",105.00,"Resolution <= 24.00 Hours",High,"Escalate complaint CMP000384 and investigate SLA breach root cause."
"Complaint SLA Breach","Customer Support",C00518,"Kavya Kumar",104.00,"Resolution <= 24.00 Hours",High,"Escalate complaint CMP000292 and investigate SLA breach root cause."
"Complaint SLA Breach","Customer Support",C00546,"Anitha Das",104.00,"Resolution <= 24.00 Hours",High,"Escalate complaint CMP000169 and investigate SLA breach root cause."
"Complaint SLA Breach","Customer Support",C00569,"Vijay Patel",104.00,"Resolution <= 24.00 Hours",High,"Escalate complaint CMP000144 and investigate SLA breach root cause."
"Complaint SLA Breach","Customer Support",C00324,"Nisha Reddy",104.00,"Resolution <= 24.00 Hours",High,"Escalate complaint CMP000245 and investigate SLA breach root cause."
"Complaint SLA Breach","Customer Support",C00134,"Sneha Rao",102.00,"Resolution <= 24.00 Hours",High,"Escalate complaint CMP000021 and investigate SLA breach root cause."
"Complaint SLA Breach","Customer Support",C00119,"Lakshmi Kumar",101.00,"Resolution <= 24.00 Hours",High,"Escalate complaint CMP000003 and investigate SLA breach root cause."
"Complaint SLA Breach","Customer Support",C00588,"Divya Rao",101.00,"Resolution <= 24.00 Hours",High,"Escalate complaint CMP000605 and investigate SLA breach root cause."
"Complaint SLA Breach","Customer Support",C00361,"Rohit Kumar",101.00,"Resolution <= 24.00 Hours",High,"Escalate complaint CMP000192 and investigate SLA breach root cause."
"Complaint SLA Breach","Customer Support",C00202,"Priya Singh",100.00,"Resolution <= 24.00 Hours",High,"Escalate complaint CMP000517 and investigate SLA breach root cause."
"Complaint SLA Breach","Customer Support",C00046,"Manoj Nair",99.00,"Resolution <= 24.00 Hours",High,"Escalate complaint CMP000084 and investigate SLA breach root cause."
"Complaint SLA Breach","Customer Support",C00167,"Vijay Gupta",99.00,"Resolution <= 24.00 Hours",High,"Escalate complaint CMP000210 and investigate SLA breach root cause."
"Complaint SLA Breach","Customer Support",C00251,"Vijay Patel",99.00,"Resolution <= 24.00 Hours",High,"Escalate complaint CMP000142 and investigate SLA breach root cause."
"Complaint SLA Breach","Customer Support",C00576,"Arun Singh",98.00,"Resolution <= 24.00 Hours",High,"Escalate complaint CMP000399 and investigate SLA breach root cause."
"Complaint SLA Breach","Customer Support",C00406,"Asha Rao",96.00,"Resolution <= 24.00 Hours",High,"Escalate complaint CMP000690 and investigate SLA breach root cause."
"Complaint SLA Breach","Customer Support",C00580,"Priya Kumar",95.00,"Resolution <= 24.00 Hours",High,"Escalate complaint CMP000176 and investigate SLA breach root cause."
"Complaint SLA Breach","Customer Support",C00033,"Rohit Rao",95.00,"Resolution <= 24.00 Hours",High,"Escalate complaint CMP000409 and investigate SLA breach root cause."
"Complaint SLA Breach","Customer Support",C00307,"Manoj Kumar",94.00,"Resolution <= 24.00 Hours",High,"Escalate complaint CMP000264 and investigate SLA breach root cause."
"Complaint SLA Breach","Customer Support",C00586,"Kavya Iyer",94.00,"Resolution <= 24.00 Hours",High,"Escalate complaint CMP000239 and investigate SLA breach root cause."
"Complaint SLA Breach","Customer Support",C00278,"Rohit Gupta",94.00,"Resolution <= 24.00 Hours",High,"Escalate complaint CMP000155 and investigate SLA breach root cause."
"Complaint SLA Breach","Customer Support",C00137,"Sneha Iyer",93.00,"Resolution <= 24.00 Hours",High,"Escalate complaint CMP000195 and investigate SLA breach root cause."
"Complaint SLA Breach","Customer Support",C00373,"Anitha Singh",93.00,"Resolution <= 24.00 Hours",High,"Escalate complaint CMP000607 and investigate SLA breach root cause."
"Complaint SLA Breach","Customer Support",C00173,"Vijay Sharma",91.00,"Resolution <= 48.00 Hours",High,"Escalate complaint CMP000620 and investigate SLA breach root cause."
"Complaint SLA Breach","Customer Support",C00281,"Deepak Iyer",91.00,"Resolution <= 24.00 Hours",High,"Escalate complaint CMP000159 and investigate SLA breach root cause."
"Complaint SLA Breach","Customer Support",C00355,"Deepak Nair",91.00,"Resolution <= 48.00 Hours",High,"Escalate complaint CMP000486 and investigate SLA breach root cause."
"Complaint SLA Breach","Customer Support",C00242,"Kavya Singh",90.00,"Resolution <= 48.00 Hours",High,"Escalate complaint CMP000388 and investigate SLA breach root cause."
"Complaint SLA Breach","Customer Support",C00029,"Sneha Sharma",90.00,"Resolution <= 24.00 Hours",High,"Escalate complaint CMP000633 and investigate SLA breach root cause."
"Complaint SLA Breach","Customer Support",C00545,"Rahul Kumar",90.00,"Resolution <= 24.00 Hours",High,"Escalate complaint CMP000058 and investigate SLA breach root cause."
"Complaint SLA Breach","Customer Support",C00101,"Ajay Kumar",90.00,"Resolution <= 48.00 Hours",High,"Escalate complaint CMP000651 and investigate SLA breach root cause."
"Complaint SLA Breach","Customer Support",C00410,"Anitha Kumar",89.00,"Resolution <= 24.00 Hours",High,"Escalate complaint CMP000226 and investigate SLA breach root cause."
"Complaint SLA Breach","Customer Support",C00155,"Arun Nair",89.00,"Resolution <= 24.00 Hours",High,"Escalate complaint CMP000533 and investigate SLA breach root cause."
"Complaint SLA Breach","Customer Support",C00551,"Karthik Patel",89.00,"Resolution <= 48.00 Hours",High,"Escalate complaint CMP000459 and investigate SLA breach root cause."
"Complaint SLA Breach","Customer Support",C00231,"Manoj Das",89.00,"Resolution <= 48.00 Hours",High,"Escalate complaint CMP000588 and investigate SLA breach root cause."
"Complaint SLA Breach","Customer Support",C00464,"Manoj Reddy",89.00,"Resolution <= 48.00 Hours",High,"Escalate complaint CMP000093 and investigate SLA breach root cause."
"Complaint SLA Breach","Customer Support",C00031,"Priya Das",89.00,"Resolution <= 24.00 Hours",High,"Escalate complaint CMP000285 and investigate SLA breach root cause."
"Complaint SLA Breach","Customer Support",C00513,"Rohit Gupta",88.00,"Resolution <= 24.00 Hours",High,"Escalate complaint CMP000464 and investigate SLA breach root cause."
"Complaint SLA Breach","Customer Support",C00471,"Vijay Reddy",88.00,"Resolution <= 24.00 Hours",High,"Escalate complaint CMP000379 and investigate SLA breach root cause."
"Complaint SLA Breach","Customer Support",C00471,"Vijay Reddy",88.00,"Resolution <= 48.00 Hours",High,"Escalate complaint CMP000636 and investigate SLA breach root cause."
"Complaint SLA Breach","Customer Support",C00438,"Deepak Iyer",87.00,"Resolution <= 48.00 Hours",High,"Escalate complaint CMP000287 and investigate SLA breach root cause."
"Complaint SLA Breach","Customer Support",C00071,"Pooja Iyer",87.00,"Resolution <= 24.00 Hours",High,"Escalate complaint CMP000351 and investigate SLA breach root cause."
"Complaint SLA Breach","Customer Support",C00239,"Rahul Nair",87.00,"Resolution <= 24.00 Hours",High,"Escalate complaint CMP000066 and investigate SLA breach root cause."
"Complaint SLA Breach","Customer Support",C00490,"Sneha Sharma",87.00,"Resolution <= 24.00 Hours",High,"Escalate complaint CMP000541 and investigate SLA breach root cause."
"Complaint SLA Breach","Customer Support",C00166,"Asha Das",86.00,"Resolution <= 48.00 Hours",High,"Escalate complaint CMP000448 and investigate SLA breach root cause."
"Complaint SLA Breach","Customer Support",C00188,"Sanjay Patel",86.00,"Resolution <= 24.00 Hours",High,"Escalate complaint CMP000164 and investigate SLA breach root cause."
"Complaint SLA Breach","Customer Support",C00491,"Sneha Rao",86.00,"Resolution <= 24.00 Hours",High,"Escalate complaint CMP000556 and investigate SLA breach root cause."
"Complaint SLA Breach","Customer Support",C00446,"Nisha Das",86.00,"Resolution <= 48.00 Hours",High,"Escalate complaint CMP000137 and investigate SLA breach root cause."
"Complaint SLA Breach","Customer Support",C00459,"Asha Patel",86.00,"Resolution <= 48.00 Hours",High,"Escalate complaint CMP000026 and investigate SLA breach root cause."
"Complaint SLA Breach","Customer Support",C00008,"Anitha Gupta",85.00,"Resolution <= 24.00 Hours",High,"Escalate complaint CMP000700 and investigate SLA breach root cause."
"Complaint SLA Breach","Customer Support",C00166,"Asha Das",85.00,"Resolution <= 48.00 Hours",High,"Escalate complaint CMP000197 and investigate SLA breach root cause."
"Complaint SLA Breach","Customer Support",C00027,"Priya Iyer",85.00,"Resolution <= 24.00 Hours",High,"Escalate complaint CMP000221 and investigate SLA breach root cause."
"Complaint SLA Breach","Customer Support",C00178,"Ajay Kumar",84.00,"Resolution <= 48.00 Hours",High,"Escalate complaint CMP000136 and investigate SLA breach root cause."
"Complaint SLA Breach","Customer Support",C00566,"Kavya Sharma",84.00,"Resolution <= 48.00 Hours",High,"Escalate complaint CMP000369 and investigate SLA breach root cause."
"Complaint SLA Breach","Customer Support",C00182,"Rohit Patel",84.00,"Resolution <= 48.00 Hours",High,"Escalate complaint CMP000491 and investigate SLA breach root cause."
"Complaint SLA Breach","Customer Support",C00551,"Karthik Patel",83.00,"Resolution <= 24.00 Hours",High,"Escalate complaint CMP000193 and investigate SLA breach root cause."
"Complaint SLA Breach","Customer Support",C00563,"Deepak Sharma",83.00,"Resolution <= 24.00 Hours",High,"Escalate complaint CMP000263 and investigate SLA breach root cause."
"Complaint SLA Breach","Customer Support",C00298,"Rahul Sharma",83.00,"Resolution <= 48.00 Hours",High,"Escalate complaint CMP000253 and investigate SLA breach root cause."
"Complaint SLA Breach","Customer Support",C00535,"Anitha Das",82.00,"Resolution <= 48.00 Hours",High,"Escalate complaint CMP000689 and investigate SLA breach root cause."
"Complaint SLA Breach","Customer Support",C00579,"Sneha Das",82.00,"Resolution <= 48.00 Hours",High,"Escalate complaint CMP000149 and investigate SLA breach root cause."
"Complaint SLA Breach","Customer Support",C00453,"Rahul Patel",81.00,"Resolution <= 48.00 Hours",High,"Escalate complaint CMP000318 and investigate SLA breach root cause."
"Complaint SLA Breach","Customer Support",C00027,"Priya Iyer",81.00,"Resolution <= 48.00 Hours",High,"Escalate complaint CMP000273 and investigate SLA breach root cause."
"Complaint SLA Breach","Customer Support",C00420,"Asha Patel",81.00,"Resolution <= 24.00 Hours",High,"Escalate complaint CMP000678 and investigate SLA breach root cause."
"Complaint SLA Breach","Customer Support",C00198,"Anitha Rao",81.00,"Resolution <= 24.00 Hours",High,"Escalate complaint CMP000641 and investigate SLA breach root cause."
"Complaint SLA Breach","Customer Support",C00187,"Nisha Singh",81.00,"Resolution <= 48.00 Hours",High,"Escalate complaint CMP000436 and investigate SLA breach root cause."
"Complaint SLA Breach","Customer Support",C00215,"Pooja Singh",80.00,"Resolution <= 24.00 Hours",High,"Escalate complaint CMP000052 and investigate SLA breach root cause."
"Complaint SLA Breach","Customer Support",C00297,"Ajay Patel",79.00,"Resolution <= 24.00 Hours",High,"Escalate complaint CMP000153 and investigate SLA breach root cause."
"Complaint SLA Breach","Customer Support",C00136,"Arun Gupta",79.00,"Resolution <= 48.00 Hours",High,"Escalate complaint CMP000233 and investigate SLA breach root cause."
"Complaint SLA Breach","Customer Support",C00016,"Manoj Sharma",79.00,"Resolution <= 24.00 Hours",High,"Escalate complaint CMP000029 and investigate SLA breach root cause."
"Complaint SLA Breach","Customer Support",C00539,"Vijay Rao",78.00,"Resolution <= 48.00 Hours",High,"Escalate complaint CMP000619 and investigate SLA breach root cause."
"Complaint SLA Breach","Customer Support",C00250,"Meena Patel",78.00,"Resolution <= 24.00 Hours",High,"Escalate complaint CMP000638 and investigate SLA breach root cause."
"Complaint SLA Breach","Customer Support",C00141,"Asha Nair",78.00,"Resolution <= 48.00 Hours",High,"Escalate complaint CMP000044 and investigate SLA breach root cause."
"Complaint SLA Breach","Customer Support",C00060,"Priya Reddy",78.00,"Resolution <= 24.00 Hours",High,"Escalate complaint CMP000298 and investigate SLA breach root cause."
"Complaint SLA Breach","Customer Support",C00574,"Manoj Rao",78.00,"Resolution <= 24.00 Hours",High,"Escalate complaint CMP000236 and investigate SLA breach root cause."
"Complaint SLA Breach","Customer Support",C00569,"Vijay Patel",78.00,"Resolution <= 48.00 Hours",High,"Escalate complaint CMP000276 and investigate SLA breach root cause."
"Complaint SLA Breach","Customer Support",C00055,"Divya Rao",78.00,"Resolution <= 48.00 Hours",High,"Escalate complaint CMP000440 and investigate SLA breach root cause."
"Complaint SLA Breach","Customer Support",C00090,"Anitha Singh",78.00,"Resolution <= 24.00 Hours",High,"Escalate complaint CMP000152 and investigate SLA breach root cause."
"Complaint SLA Breach","Customer Support",C00293,"Karthik Reddy",77.00,"Resolution <= 24.00 Hours",High,"Escalate complaint CMP000552 and investigate SLA breach root cause."
"Complaint SLA Breach","Customer Support",C00259,"Sanjay Kumar",77.00,"Resolution <= 24.00 Hours",High,"Escalate complaint CMP000461 and investigate SLA breach root cause."
"Complaint SLA Breach","Customer Support",C00450,"Deepak Reddy",77.00,"Resolution <= 48.00 Hours",High,"Escalate complaint CMP000165 and investigate SLA breach root cause."
"Complaint SLA Breach","Customer Support",C00412,"Anitha Singh",77.00,"Resolution <= 48.00 Hours",High,"Escalate complaint CMP000128 and investigate SLA breach root cause."
"Complaint SLA Breach","Customer Support",C00561,"Lakshmi Patel",76.00,"Resolution <= 48.00 Hours",High,"Escalate complaint CMP000148 and investigate SLA breach root cause."
"Complaint SLA Breach","Customer Support",C00202,"Priya Singh",76.00,"Resolution <= 48.00 Hours",High,"Escalate complaint CMP000297 and investigate SLA breach root cause."
"Complaint SLA Breach","Customer Support",C00132,"Rahul Patel",75.00,"Resolution <= 24.00 Hours",High,"Escalate complaint CMP000635 and investigate SLA breach root cause."
"Complaint SLA Breach","Customer Support",C00314,"Kavya Iyer",75.00,"Resolution <= 48.00 Hours",High,"Escalate complaint CMP000614 and investigate SLA breach root cause."
"Complaint SLA Breach","Customer Support",C00036,"Asha Patel",74.00,"Resolution <= 48.00 Hours",High,"Escalate complaint CMP000694 and investigate SLA breach root cause."
"Complaint SLA Breach","Customer Support",C00358,"Ajay Nair",74.00,"Resolution <= 48.00 Hours",High,"Escalate complaint CMP000333 and investigate SLA breach root cause."
"Complaint SLA Breach","Customer Support",C00100,"Anitha Das",74.00,"Resolution <= 48.00 Hours",High,"Escalate complaint CMP000447 and investigate SLA breach root cause."
"Complaint SLA Breach","Customer Support",C00110,"Rahul Patel",73.00,"Resolution <= 48.00 Hours",High,"Escalate complaint CMP000102 and investigate SLA breach root cause."
"Complaint SLA Breach","Customer Support",C00520,"Sneha Kumar",73.00,"Resolution <= 24.00 Hours",High,"Escalate complaint CMP000567 and investigate SLA breach root cause."
"Complaint SLA Breach","Customer Support",C00272,"Karthik Patel",73.00,"Resolution <= 48.00 Hours",High,"Escalate complaint CMP000576 and investigate SLA breach root cause."
"Complaint SLA Breach","Customer Support",C00398,"Ajay Rao",73.00,"Resolution <= 24.00 Hours",High,"Escalate complaint CMP000514 and investigate SLA breach root cause."
"Complaint SLA Breach","Customer Support",C00259,"Sanjay Kumar",73.00,"Resolution <= 24.00 Hours",High,"Escalate complaint CMP000594 and investigate SLA breach root cause."
"Complaint SLA Breach","Customer Support",C00291,"Rahul Kumar",73.00,"Resolution <= 48.00 Hours",High,"Escalate complaint CMP000381 and investigate SLA breach root cause."
"Complaint SLA Breach","Customer Support",C00474,"Surya Reddy",72.00,"Resolution <= 48.00 Hours",High,"Escalate complaint CMP000004 and investigate SLA breach root cause."
"Complaint SLA Breach","Customer Support",C00379,"Kavya Rao",72.00,"Resolution <= 24.00 Hours",High,"Escalate complaint CMP000208 and investigate SLA breach root cause."
"Complaint SLA Breach","Customer Support",C00490,"Sneha Sharma",72.00,"Resolution <= 48.00 Hours",High,"Escalate complaint CMP000427 and investigate SLA breach root cause."
"Complaint SLA Breach","Customer Support",C00503,"Meena Nair",71.00,"Resolution <= 48.00 Hours",High,"Escalate complaint CMP000667 and investigate SLA breach root cause."
"Complaint SLA Breach","Customer Support",C00158,"Ajay Nair",71.00,"Resolution <= 48.00 Hours",High,"Escalate complaint CMP000581 and investigate SLA breach root cause."
"Complaint SLA Breach","Customer Support",C00043,"Pooja Iyer",70.00,"Resolution <= 48.00 Hours",High,"Escalate complaint CMP000578 and investigate SLA breach root cause."
"Complaint SLA Breach","Customer Support",C00130,"Priya Rao",70.00,"Resolution <= 24.00 Hours",High,"Escalate complaint CMP000227 and investigate SLA breach root cause."
"Complaint SLA Breach","Customer Support",C00198,"Anitha Rao",70.00,"Resolution <= 48.00 Hours",High,"Escalate complaint CMP000375 and investigate SLA breach root cause."
"Complaint SLA Breach","Customer Support",C00223,"Nisha Patel",70.00,"Resolution <= 48.00 Hours",High,"Escalate complaint CMP000500 and investigate SLA breach root cause."
"Complaint SLA Breach","Customer Support",C00188,"Sanjay Patel",70.00,"Resolution <= 48.00 Hours",High,"Escalate complaint CMP000035 and investigate SLA breach root cause."
"Complaint SLA Breach","Customer Support",C00374,"Surya Gupta",69.00,"Resolution <= 48.00 Hours",High,"Escalate complaint CMP000385 and investigate SLA breach root cause."
"Complaint SLA Breach","Customer Support",C00569,"Vijay Patel",69.00,"Resolution <= 24.00 Hours",High,"Escalate complaint CMP000611 and investigate SLA breach root cause."
"Complaint SLA Breach","Customer Support",C00172,"Asha Rao",69.00,"Resolution <= 48.00 Hours",High,"Escalate complaint CMP000537 and investigate SLA breach root cause."
"Complaint SLA Breach","Customer Support",C00589,"Lakshmi Kumar",69.00,"Resolution <= 48.00 Hours",High,"Escalate complaint CMP000359 and investigate SLA breach root cause."
"Complaint SLA Breach","Customer Support",C00198,"Anitha Rao",69.00,"Resolution <= 24.00 Hours",High,"Escalate complaint CMP000311 and investigate SLA breach root cause."
"Complaint SLA Breach","Customer Support",C00360,"Anitha Reddy",68.00,"Resolution <= 24.00 Hours",High,"Escalate complaint CMP000680 and investigate SLA breach root cause."
"Complaint SLA Breach","Customer Support",C00117,"Deepak Reddy",68.00,"Resolution <= 24.00 Hours",High,"Escalate complaint CMP000151 and investigate SLA breach root cause."
"Complaint SLA Breach","Customer Support",C00114,"Deepak Kumar",68.00,"Resolution <= 72.00 Hours",High,"Escalate complaint CMP000330 and investigate SLA breach root cause."
"Complaint SLA Breach","Customer Support",C00106,"Asha Sharma",68.00,"Resolution <= 48.00 Hours",High,"Escalate complaint CMP000639 and investigate SLA breach root cause."
"Complaint SLA Breach","Customer Support",C00495,"Lakshmi Iyer",68.00,"Resolution <= 48.00 Hours",High,"Escalate complaint CMP000312 and investigate SLA breach root cause."
"Complaint SLA Breach","Customer Support",C00340,"Manoj Das",68.00,"Resolution <= 72.00 Hours",High,"Escalate complaint CMP000355 and investigate SLA breach root cause."
"Complaint SLA Breach","Customer Support",C00346,"Lakshmi Singh",68.00,"Resolution <= 72.00 Hours",High,"Escalate complaint CMP000536 and investigate SLA breach root cause."
"Complaint SLA Breach","Customer Support",C00014,"Sanjay Rao",68.00,"Resolution <= 72.00 Hours",High,"Escalate complaint CMP000692 and investigate SLA breach root cause."
"Complaint SLA Breach","Customer Support",C00297,"Ajay Patel",67.00,"Resolution <= 24.00 Hours",High,"Escalate complaint CMP000235 and investigate SLA breach root cause."
"Complaint SLA Breach","Customer Support",C00506,"Kavya Patel",67.00,"Resolution <= 48.00 Hours",High,"Escalate complaint CMP000343 and investigate SLA breach root cause."
"Complaint SLA Breach","Customer Support",C00557,"Karthik Das",67.00,"Resolution <= 24.00 Hours",High,"Escalate complaint CMP000115 and investigate SLA breach root cause."
"Complaint SLA Breach","Customer Support",C00460,"Deepak Kumar",67.00,"Resolution <= 48.00 Hours",High,"Escalate complaint CMP000414 and investigate SLA breach root cause."
"Complaint SLA Breach","Customer Support",C00449,"Asha Iyer",66.00,"Resolution <= 24.00 Hours",High,"Escalate complaint CMP000309 and investigate SLA breach root cause."
"Complaint SLA Breach","Customer Support",C00301,"Rahul Sharma",66.00,"Resolution <= 72.00 Hours",High,"Escalate complaint CMP000672 and investigate SLA breach root cause."
"Complaint SLA Breach","Customer Support",C00549,"Manoj Sharma",66.00,"Resolution <= 48.00 Hours",High,"Escalate complaint CMP000012 and investigate SLA breach root cause."
"Complaint SLA Breach","Customer Support",C00571,"Sneha Iyer",66.00,"Resolution <= 72.00 Hours",High,"Escalate complaint CMP000138 and investigate SLA breach root cause."
"Complaint SLA Breach","Customer Support",C00488,"Asha Iyer",66.00,"Resolution <= 48.00 Hours",High,"Escalate complaint CMP000353 and investigate SLA breach root cause."
"Complaint SLA Breach","Customer Support",C00547,"Rohit Sharma",66.00,"Resolution <= 24.00 Hours",High,"Escalate complaint CMP000565 and investigate SLA breach root cause."
"Complaint SLA Breach","Customer Support",C00034,"Sanjay Gupta",65.00,"Resolution <= 24.00 Hours",High,"Escalate complaint CMP000602 and investigate SLA breach root cause."
"Complaint SLA Breach","Customer Support",C00292,"Arun Rao",65.00,"Resolution <= 48.00 Hours",High,"Escalate complaint CMP000122 and investigate SLA breach root cause."
"Complaint SLA Breach","Customer Support",C00144,"Surya Iyer",65.00,"Resolution <= 72.00 Hours",High,"Escalate complaint CMP000380 and investigate SLA breach root cause."
"Complaint SLA Breach","Customer Support",C00479,"Arun Patel",65.00,"Resolution <= 72.00 Hours",High,"Escalate complaint CMP000204 and investigate SLA breach root cause."
"Complaint SLA Breach","Customer Support",C00353,"Kavya Sharma",65.00,"Resolution <= 72.00 Hours",High,"Escalate complaint CMP000186 and investigate SLA breach root cause."
"Complaint SLA Breach","Customer Support",C00468,"Rohit Rao",65.00,"Resolution <= 72.00 Hours",High,"Escalate complaint CMP000098 and investigate SLA breach root cause."
"Complaint SLA Breach","Customer Support",C00213,"Surya Iyer",64.00,"Resolution <= 24.00 Hours",High,"Escalate complaint CMP000304 and investigate SLA breach root cause."
"Complaint SLA Breach","Customer Support",C00497,"Rohit Gupta",64.00,"Resolution <= 48.00 Hours",High,"Escalate complaint CMP000364 and investigate SLA breach root cause."
"Complaint SLA Breach","Customer Support",C00285,"Meena Kumar",64.00,"Resolution <= 24.00 Hours",High,"Escalate complaint CMP000401 and investigate SLA breach root cause."
"Complaint SLA Breach","Customer Support",C00597,"Nisha Rao",64.00,"Resolution <= 48.00 Hours",High,"Escalate complaint CMP000097 and investigate SLA breach root cause."
"Complaint SLA Breach","Customer Support",C00440,"Vijay Rao",64.00,"Resolution <= 24.00 Hours",High,"Escalate complaint CMP000535 and investigate SLA breach root cause."
"Complaint SLA Breach","Customer Support",C00176,"Deepak Singh",64.00,"Resolution <= 48.00 Hours",High,"Escalate complaint CMP000531 and investigate SLA breach root cause."
"Complaint SLA Breach","Customer Support",C00191,"Ajay Das",64.00,"Resolution <= 24.00 Hours",High,"Escalate complaint CMP000224 and investigate SLA breach root cause."
"Complaint SLA Breach","Customer Support",C00028,"Lakshmi Kumar",64.00,"Resolution <= 72.00 Hours",High,"Escalate complaint CMP000433 and investigate SLA breach root cause."
"Complaint SLA Breach","Customer Support",C00090,"Anitha Singh",63.00,"Resolution <= 24.00 Hours",High,"Escalate complaint CMP000225 and investigate SLA breach root cause."
"Complaint SLA Breach","Customer Support",C00357,"Vijay Kumar",63.00,"Resolution <= 48.00 Hours",High,"Escalate complaint CMP000596 and investigate SLA breach root cause."
"Complaint SLA Breach","Customer Support",C00596,"Arun Sharma",63.00,"Resolution <= 48.00 Hours",High,"Escalate complaint CMP000571 and investigate SLA breach root cause."
"Complaint SLA Breach","Customer Support",C00283,"Kavya Das",63.00,"Resolution <= 24.00 Hours",High,"Escalate complaint CMP000657 and investigate SLA breach root cause."
"Complaint SLA Breach","Customer Support",C00583,"Rahul Kumar",63.00,"Resolution <= 24.00 Hours",High,"Escalate complaint CMP000654 and investigate SLA breach root cause."
"Complaint SLA Breach","Customer Support",C00469,"Rohit Patel",63.00,"Resolution <= 24.00 Hours",High,"Escalate complaint CMP000048 and investigate SLA breach root cause."
"Complaint SLA Breach","Customer Support",C00541,"Nisha Iyer",63.00,"Resolution <= 48.00 Hours",High,"Escalate complaint CMP000043 and investigate SLA breach root cause."
"Complaint SLA Breach","Customer Support",C00201,"Deepak Kumar",62.00,"Resolution <= 48.00 Hours",High,"Escalate complaint CMP000262 and investigate SLA breach root cause."
"Complaint SLA Breach","Customer Support",C00111,"Lakshmi Sharma",62.00,"Resolution <= 72.00 Hours",High,"Escalate complaint CMP000150 and investigate SLA breach root cause."
"Complaint SLA Breach","Customer Support",C00559,"Priya Iyer",62.00,"Resolution <= 24.00 Hours",High,"Escalate complaint CMP000660 and investigate SLA breach root cause."
"Complaint SLA Breach","Customer Support",C00210,"Ajay Sharma",62.00,"Resolution <= 48.00 Hours",High,"Escalate complaint CMP000470 and investigate SLA breach root cause."
"Complaint SLA Breach","Customer Support",C00123,"Manoj Sharma",62.00,"Resolution <= 72.00 Hours",High,"Escalate complaint CMP000040 and investigate SLA breach root cause."
"Complaint SLA Breach","Customer Support",C00582,"Deepak Kumar",61.00,"Resolution <= 72.00 Hours",High,"Escalate complaint CMP000400 and investigate SLA breach root cause."
"Complaint SLA Breach","Customer Support",C00175,"Meena Kumar",61.00,"Resolution <= 72.00 Hours",High,"Escalate complaint CMP000647 and investigate SLA breach root cause."
"Complaint SLA Breach","Customer Support",C00436,"Divya Nair",61.00,"Resolution <= 48.00 Hours",High,"Escalate complaint CMP000488 and investigate SLA breach root cause."
"Complaint SLA Breach","Customer Support",C00115,"Sanjay Patel",61.00,"Resolution <= 72.00 Hours",High,"Escalate complaint CMP000524 and investigate SLA breach root cause."
"Complaint SLA Breach","Customer Support",C00477,"Lakshmi Reddy",61.00,"Resolution <= 48.00 Hours",High,"Escalate complaint CMP000279 and investigate SLA breach root cause."
"Complaint SLA Breach","Customer Support",C00163,"Karthik Iyer",61.00,"Resolution <= 72.00 Hours",High,"Escalate complaint CMP000354 and investigate SLA breach root cause."
"Complaint SLA Breach","Customer Support",C00137,"Sneha Iyer",61.00,"Resolution <= 24.00 Hours",High,"Escalate complaint CMP000480 and investigate SLA breach root cause."
"Complaint SLA Breach","Customer Support",C00463,"Deepak Kumar",61.00,"Resolution <= 24.00 Hours",High,"Escalate complaint CMP000290 and investigate SLA breach root cause."
"Complaint SLA Breach","Customer Support",C00228,"Rohit Das",60.00,"Resolution <= 48.00 Hours",High,"Escalate complaint CMP000652 and investigate SLA breach root cause."
"Complaint SLA Breach","Customer Support",C00165,"Karthik Das",60.00,"Resolution <= 48.00 Hours",High,"Escalate complaint CMP000645 and investigate SLA breach root cause."
"Complaint SLA Breach","Customer Support",C00299,"Asha Nair",60.00,"Resolution <= 72.00 Hours",High,"Escalate complaint CMP000547 and investigate SLA breach root cause."
"Complaint SLA Breach","Customer Support",C00169,"Anitha Rao",60.00,"Resolution <= 24.00 Hours",High,"Escalate complaint CMP000250 and investigate SLA breach root cause."
"Complaint SLA Breach","Customer Support",C00111,"Lakshmi Sharma",59.00,"Resolution <= 48.00 Hours",High,"Escalate complaint CMP000329 and investigate SLA breach root cause."
"Complaint SLA Breach","Customer Support",C00353,"Kavya Sharma",59.00,"Resolution <= 72.00 Hours",High,"Escalate complaint CMP000205 and investigate SLA breach root cause."
"Complaint SLA Breach","Customer Support",C00360,"Anitha Reddy",59.00,"Resolution <= 24.00 Hours",High,"Escalate complaint CMP000606 and investigate SLA breach root cause."
"Complaint SLA Breach","Customer Support",C00356,"Deepak Rao",59.00,"Resolution <= 24.00 Hours",High,"Escalate complaint CMP000669 and investigate SLA breach root cause."
"Complaint SLA Breach","Customer Support",C00467,"Sanjay Sharma",59.00,"Resolution <= 72.00 Hours",High,"Escalate complaint CMP000071 and investigate SLA breach root cause."
"Complaint SLA Breach","Customer Support",C00543,"Vijay Nair",59.00,"Resolution <= 24.00 Hours",High,"Escalate complaint CMP000069 and investigate SLA breach root cause."
"Complaint SLA Breach","Customer Support",C00270,"Sanjay Reddy",59.00,"Resolution <= 72.00 Hours",High,"Escalate complaint CMP000505 and investigate SLA breach root cause."
"Complaint SLA Breach","Customer Support",C00581,"Meena Gupta",58.00,"Resolution <= 72.00 Hours",High,"Escalate complaint CMP000656 and investigate SLA breach root cause."
"Complaint SLA Breach","Customer Support",C00444,"Asha Kumar",58.00,"Resolution <= 72.00 Hours",High,"Escalate complaint CMP000634 and investigate SLA breach root cause."
"Complaint SLA Breach","Customer Support",C00219,"Sneha Rao",58.00,"Resolution <= 24.00 Hours",High,"Escalate complaint CMP000053 and investigate SLA breach root cause."
"Complaint SLA Breach","Customer Support",C00506,"Kavya Patel",58.00,"Resolution <= 24.00 Hours",High,"Escalate complaint CMP000467 and investigate SLA breach root cause."
"Complaint SLA Breach","Customer Support",C00352,"Kavya Singh",57.00,"Resolution <= 24.00 Hours",High,"Escalate complaint CMP000659 and investigate SLA breach root cause."
"Complaint SLA Breach","Customer Support",C00395,"Nisha Nair",57.00,"Resolution <= 48.00 Hours",High,"Escalate complaint CMP000324 and investigate SLA breach root cause."
"Complaint SLA Breach","Customer Support",C00351,"Lakshmi Gupta",57.00,"Resolution <= 48.00 Hours",High,"Escalate complaint CMP000288 and investigate SLA breach root cause."
"Complaint SLA Breach","Customer Support",C00176,"Deepak Singh",57.00,"Resolution <= 72.00 Hours",High,"Escalate complaint CMP000591 and investigate SLA breach root cause."
"Complaint SLA Breach","Customer Support",C00517,"Meena Iyer",57.00,"Resolution <= 48.00 Hours",High,"Escalate complaint CMP000344 and investigate SLA breach root cause."
"Complaint SLA Breach","Customer Support",C00125,"Vijay Reddy",57.00,"Resolution <= 48.00 Hours",High,"Escalate complaint CMP000487 and investigate SLA breach root cause."
"Complaint SLA Breach","Customer Support",C00342,"Asha Kumar",56.00,"Resolution <= 72.00 Hours",High,"Escalate complaint CMP000300 and investigate SLA breach root cause."
"Complaint SLA Breach","Customer Support",C00401,"Kavya Sharma",56.00,"Resolution <= 24.00 Hours",High,"Escalate complaint CMP000127 and investigate SLA breach root cause."
"Complaint SLA Breach","Customer Support",C00590,"Manoj Kumar",55.00,"Resolution <= 24.00 Hours",High,"Escalate complaint CMP000471 and investigate SLA breach root cause."
"Complaint SLA Breach","Customer Support",C00090,"Anitha Singh",55.00,"Resolution <= 48.00 Hours",High,"Escalate complaint CMP000007 and investigate SLA breach root cause."
"Complaint SLA Breach","Customer Support",C00195,"Arun Iyer",54.00,"Resolution <= 72.00 Hours",High,"Escalate complaint CMP000371 and investigate SLA breach root cause."
"Complaint SLA Breach","Customer Support",C00556,"Manoj Patel",54.00,"Resolution <= 24.00 Hours",High,"Escalate complaint CMP000666 and investigate SLA breach root cause."
"Complaint SLA Breach","Customer Support",C00001,"Sanjay Das",54.00,"Resolution <= 24.00 Hours",High,"Escalate complaint CMP000675 and investigate SLA breach root cause."
"Complaint SLA Breach","Customer Support",C00233,"Asha Reddy",54.00,"Resolution <= 24.00 Hours",High,"Escalate complaint CMP000396 and investigate SLA breach root cause."
"Complaint SLA Breach","Customer Support",C00542,"Nisha Sharma",54.00,"Resolution <= 48.00 Hours",High,"Escalate complaint CMP000118 and investigate SLA breach root cause."
"Complaint SLA Breach","Customer Support",C00483,"Surya Gupta",54.00,"Resolution <= 48.00 Hours",High,"Escalate complaint CMP000574 and investigate SLA breach root cause."
"Complaint SLA Breach","Customer Support",C00418,"Pooja Gupta",53.00,"Resolution <= 48.00 Hours",High,"Escalate complaint CMP000116 and investigate SLA breach root cause."
"Complaint SLA Breach","Customer Support",C00082,"Anitha Patel",53.00,"Resolution <= 48.00 Hours",High,"Escalate complaint CMP000391 and investigate SLA breach root cause."
"Complaint SLA Breach","Customer Support",C00010,"Surya Singh",53.00,"Resolution <= 24.00 Hours",High,"Escalate complaint CMP000572 and investigate SLA breach root cause."
"Complaint SLA Breach","Customer Support",C00114,"Deepak Kumar",52.00,"Resolution <= 72.00 Hours",High,"Escalate complaint CMP000653 and investigate SLA breach root cause."
"Complaint SLA Breach","Customer Support",C00212,"Rohit Kumar",52.00,"Resolution <= 72.00 Hours",High,"Escalate complaint CMP000413 and investigate SLA breach root cause."
"Complaint SLA Breach","Customer Support",C00002,"Priya Rao",52.00,"Resolution <= 24.00 Hours",High,"Escalate complaint CMP000561 and investigate SLA breach root cause."
"Complaint SLA Breach","Customer Support",C00278,"Rohit Gupta",52.00,"Resolution <= 48.00 Hours",High,"Escalate complaint CMP000247 and investigate SLA breach root cause."
"Complaint SLA Breach","Customer Support",C00508,"Kavya Gupta",52.00,"Resolution <= 48.00 Hours",High,"Escalate complaint CMP000450 and investigate SLA breach root cause."
"Complaint SLA Breach","Customer Support",C00132,"Rahul Patel",52.00,"Resolution <= 48.00 Hours",High,"Escalate complaint CMP000076 and investigate SLA breach root cause."
"Complaint SLA Breach","Customer Support",C00108,"Manoj Sharma",52.00,"Resolution <= 48.00 Hours",High,"Escalate complaint CMP000529 and investigate SLA breach root cause."
"Complaint SLA Breach","Customer Support",C00457,"Rahul Nair",52.00,"Resolution <= 24.00 Hours",High,"Escalate complaint CMP000111 and investigate SLA breach root cause."
"Complaint SLA Breach","Customer Support",C00138,"Vijay Kumar",52.00,"Resolution <= 24.00 Hours",High,"Escalate complaint CMP000378 and investigate SLA breach root cause."
"Complaint SLA Breach","Customer Support",C00260,"Sneha Das",51.00,"Resolution <= 24.00 Hours",High,"Escalate complaint CMP000534 and investigate SLA breach root cause."
"Complaint SLA Breach","Customer Support",C00211,"Divya Kumar",51.00,"Resolution <= 72.00 Hours",High,"Escalate complaint CMP000119 and investigate SLA breach root cause."
"Complaint SLA Breach","Customer Support",C00114,"Deepak Kumar",51.00,"Resolution <= 72.00 Hours",High,"Escalate complaint CMP000473 and investigate SLA breach root cause."
"Complaint SLA Breach","Customer Support",C00339,"Sneha Nair",50.00,"Resolution <= 72.00 Hours",High,"Escalate complaint CMP000681 and investigate SLA breach root cause."
"Complaint SLA Breach","Customer Support",C00319,"Arun Iyer",50.00,"Resolution <= 24.00 Hours",High,"Escalate complaint CMP000283 and investigate SLA breach root cause."
"Complaint SLA Breach","Customer Support",C00595,"Karthik Singh",50.00,"Resolution <= 48.00 Hours",High,"Escalate complaint CMP000563 and investigate SLA breach root cause."
"Complaint SLA Breach","Customer Support",C00036,"Asha Patel",50.00,"Resolution <= 72.00 Hours",High,"Escalate complaint CMP000100 and investigate SLA breach root cause."
"Complaint SLA Breach","Customer Support",C00311,"Pooja Patel",50.00,"Resolution <= 72.00 Hours",High,"Escalate complaint CMP000434 and investigate SLA breach root cause."
"Complaint SLA Breach","Customer Support",C00213,"Surya Iyer",49.00,"Resolution <= 48.00 Hours",High,"Escalate complaint CMP000428 and investigate SLA breach root cause."
"Complaint SLA Breach","Customer Support",C00150,"Sanjay Singh",49.00,"Resolution <= 72.00 Hours",High,"Escalate complaint CMP000404 and investigate SLA breach root cause."
"Complaint SLA Breach","Customer Support",C00338,"Divya Singh",49.00,"Resolution <= 48.00 Hours",High,"Escalate complaint CMP000499 and investigate SLA breach root cause."
"Complaint SLA Breach","Customer Support",C00487,"Surya Nair",49.00,"Resolution <= 72.00 Hours",High,"Escalate complaint CMP000317 and investigate SLA breach root cause."
"Complaint SLA Breach","Customer Support",C00380,"Sanjay Iyer",49.00,"Resolution <= 24.00 Hours",High,"Escalate complaint CMP000562 and investigate SLA breach root cause."
"Complaint SLA Breach","Customer Support",C00562,"Asha Reddy",49.00,"Resolution <= 48.00 Hours",High,"Escalate complaint CMP000640 and investigate SLA breach root cause."
"Complaint SLA Breach","Customer Support",C00088,"Unmapped Customer",49.00,"Resolution <= 24.00 Hours",High,"Escalate complaint CMP000419 and investigate SLA breach root cause."
"Complaint SLA Breach","Customer Support",C00547,"Rohit Sharma",49.00,"Resolution <= 24.00 Hours",High,"Escalate complaint CMP000028 and investigate SLA breach root cause."
"Complaint SLA Breach","Customer Support",C00169,"Anitha Rao",48.00,"Resolution <= 48.00 Hours",High,"Escalate complaint CMP000046 and investigate SLA breach root cause."
"Complaint SLA Breach","Customer Support",C00528,"Sneha Kumar",48.00,"Resolution <= 48.00 Hours",High,"Escalate complaint CMP000083 and investigate SLA breach root cause."
"Complaint SLA Breach","Customer Support",C00168,"Priya Das",48.00,"Resolution <= 72.00 Hours",High,"Escalate complaint CMP000199 and investigate SLA breach root cause."
"Complaint SLA Breach","Customer Support",C00244,"Pooja Das",47.00,"Resolution <= 24.00 Hours",High,"Escalate complaint CMP000625 and investigate SLA breach root cause."
"Complaint SLA Breach","Customer Support",C00404,"Arun Reddy",47.00,"Resolution <= 72.00 Hours",High,"Escalate complaint CMP000042 and investigate SLA breach root cause."
"Complaint SLA Breach","Customer Support",C00366,"Nisha Sharma",47.00,"Resolution <= 48.00 Hours",High,"Escalate complaint CMP000682 and investigate SLA breach root cause."
"Complaint SLA Breach","Customer Support",C00283,"Kavya Das",47.00,"Resolution <= 72.00 Hours",High,"Escalate complaint CMP000618 and investigate SLA breach root cause."
"Complaint SLA Breach","Customer Support",C00158,"Ajay Nair",47.00,"Resolution <= 72.00 Hours",High,"Escalate complaint CMP000374 and investigate SLA breach root cause."
"Complaint SLA Breach","Customer Support",C00377,"Sanjay Kumar",47.00,"Resolution <= 24.00 Hours",High,"Escalate complaint CMP000307 and investigate SLA breach root cause."
"Complaint SLA Breach","Customer Support",C00015,"Sneha Singh",47.00,"Resolution <= 24.00 Hours",High,"Escalate complaint CMP000109 and investigate SLA breach root cause."
"Complaint SLA Breach","Customer Support",C00449,"Asha Iyer",47.00,"Resolution <= 72.00 Hours",High,"Escalate complaint CMP000442 and investigate SLA breach root cause."
"Complaint SLA Breach","Customer Support",C00225,"Anitha Iyer",47.00,"Resolution <= 72.00 Hours",High,"Escalate complaint CMP000347 and investigate SLA breach root cause."
"Complaint SLA Breach","Customer Support",C00158,"Ajay Nair",46.00,"Resolution <= 48.00 Hours",High,"Escalate complaint CMP000190 and investigate SLA breach root cause."
"Complaint SLA Breach","Customer Support",C00301,"Rahul Sharma",46.00,"Resolution <= 48.00 Hours",High,"Escalate complaint CMP000449 and investigate SLA breach root cause."
"Complaint SLA Breach","Customer Support",C00253,"Karthik Singh",46.00,"Resolution <= 48.00 Hours",High,"Escalate complaint CMP000295 and investigate SLA breach root cause."
"Complaint SLA Breach","Customer Support",C00426,"Asha Rao",45.00,"Resolution <= 72.00 Hours",High,"Escalate complaint CMP000456 and investigate SLA breach root cause."
"Complaint SLA Breach","Customer Support",C00107,"Kavya Patel",45.00,"Resolution <= 24.00 Hours",High,"Escalate complaint CMP000187 and investigate SLA breach root cause."
"Complaint SLA Breach","Customer Support",C00521,"Sanjay Singh",45.00,"Resolution <= 72.00 Hours",High,"Escalate complaint CMP000468 and investigate SLA breach root cause."
"Complaint SLA Breach","Customer Support",C00202,"Priya Singh",45.00,"Resolution <= 24.00 Hours",High,"Escalate complaint CMP000526 and investigate SLA breach root cause."
"Complaint SLA Breach","Customer Support",C00120,"Meena Rao",45.00,"Resolution <= 24.00 Hours",High,"Escalate complaint CMP000017 and investigate SLA breach root cause."
"Complaint SLA Breach","Customer Support",C00482,"Anitha Kumar",44.00,"Resolution <= 48.00 Hours",High,"Escalate complaint CMP000094 and investigate SLA breach root cause."
"Complaint SLA Breach","Customer Support",C00199,"Karthik Sharma",44.00,"Resolution <= 48.00 Hours",High,"Escalate complaint CMP000543 and investigate SLA breach root cause."
"Complaint SLA Breach","Customer Support",C00446,"Nisha Das",44.00,"Resolution <= 72.00 Hours",High,"Escalate complaint CMP000103 and investigate SLA breach root cause."
"Complaint SLA Breach","Customer Support",C00145,"Karthik Singh",44.00,"Resolution <= 48.00 Hours",High,"Escalate complaint CMP000621 and investigate SLA breach root cause."
"Complaint SLA Breach","Customer Support",C00517,"Meena Iyer",44.00,"Resolution <= 72.00 Hours",High,"Escalate complaint CMP000260 and investigate SLA breach root cause."
"Complaint SLA Breach","Customer Support",C00505,"Kavya Nair",44.00,"Resolution <= 72.00 Hours",High,"Escalate complaint CMP000411 and investigate SLA breach root cause."
"Complaint SLA Breach","Customer Support",C00420,"Asha Patel",44.00,"Resolution <= 72.00 Hours",High,"Escalate complaint CMP000501 and investigate SLA breach root cause."
"Complaint SLA Breach","Customer Support",C00107,"Kavya Patel",44.00,"Resolution <= 72.00 Hours",High,"Escalate complaint CMP000583 and investigate SLA breach root cause."
"Complaint SLA Breach","Customer Support",C00307,"Manoj Kumar",43.00,"Resolution <= 72.00 Hours",High,"Escalate complaint CMP000590 and investigate SLA breach root cause."
"Complaint SLA Breach","Customer Support",C00430,"Deepak Sharma",43.00,"Resolution <= 24.00 Hours",High,"Escalate complaint CMP000334 and investigate SLA breach root cause."
"Complaint SLA Breach","Customer Support",C00572,"Anitha Nair",43.00,"Resolution <= 48.00 Hours",High,"Escalate complaint CMP000011 and investigate SLA breach root cause."
"Complaint SLA Breach","Customer Support",C00042,"Anitha Iyer",43.00,"Resolution <= 48.00 Hours",High,"Escalate complaint CMP000038 and investigate SLA breach root cause."
"Complaint SLA Breach","Customer Support",C00263,"Divya Kumar",43.00,"Resolution <= 48.00 Hours",High,"Escalate complaint CMP000198 and investigate SLA breach root cause."
"Complaint SLA Breach","Customer Support",C00316,"Anitha Reddy",42.00,"Resolution <= 72.00 Hours",High,"Escalate complaint CMP000286 and investigate SLA breach root cause."
"Complaint SLA Breach","Customer Support",C00012,"Meena Patel",42.00,"Resolution <= 72.00 Hours",High,"Escalate complaint CMP000105 and investigate SLA breach root cause."
"Complaint SLA Breach","Customer Support",C00436,"Divya Nair",42.00,"Resolution <= 48.00 Hours",High,"Escalate complaint CMP000397 and investigate SLA breach root cause."
"Complaint SLA Breach","Customer Support",C00556,"Manoj Patel",42.00,"Resolution <= 48.00 Hours",High,"Escalate complaint CMP000566 and investigate SLA breach root cause."
"Complaint SLA Breach","Customer Support",C00212,"Rohit Kumar",41.00,"Resolution <= 48.00 Hours",High,"Escalate complaint CMP000272 and investigate SLA breach root cause."
"Complaint SLA Breach","Customer Support",C00549,"Manoj Sharma",41.00,"Resolution <= 48.00 Hours",High,"Escalate complaint CMP000444 and investigate SLA breach root cause."
"Complaint SLA Breach","Customer Support",C00567,"Anitha Kumar",41.00,"Resolution <= 48.00 Hours",High,"Escalate complaint CMP000393 and investigate SLA breach root cause."
"Complaint SLA Breach","Customer Support",C00478,"Manoj Gupta",41.00,"Resolution <= 48.00 Hours",High,"Escalate complaint CMP000403 and investigate SLA breach root cause."
"Complaint SLA Breach","Customer Support",C00360,"Anitha Reddy",41.00,"Resolution <= 72.00 Hours",High,"Escalate complaint CMP000497 and investigate SLA breach root cause."
"Complaint SLA Breach","Customer Support",C00281,"Deepak Iyer",41.00,"Resolution <= 48.00 Hours",High,"Escalate complaint CMP000545 and investigate SLA breach root cause."
"Complaint SLA Breach","Customer Support",C00217,"Rohit Nair",41.00,"Resolution <= 72.00 Hours",High,"Escalate complaint CMP000255 and investigate SLA breach root cause."
"Complaint SLA Breach","Customer Support",C00046,"Manoj Nair",40.00,"Resolution <= 24.00 Hours",High,"Escalate complaint CMP000466 and investigate SLA breach root cause."
"Complaint SLA Breach","Customer Support",C00307,"Manoj Kumar",40.00,"Resolution <= 72.00 Hours",High,"Escalate complaint CMP000172 and investigate SLA breach root cause."
"Complaint SLA Breach","Customer Support",C00361,"Rohit Kumar",40.00,"Resolution <= 72.00 Hours",High,"Escalate complaint CMP000301 and investigate SLA breach root cause."
"Complaint SLA Breach","Customer Support",C00117,"Deepak Reddy",39.00,"Resolution <= 24.00 Hours",High,"Escalate complaint CMP000676 and investigate SLA breach root cause."
"Complaint SLA Breach","Customer Support",C00080,"Deepak Reddy",39.00,"Resolution <= 72.00 Hours",High,"Escalate complaint CMP000242 and investigate SLA breach root cause."
"Complaint SLA Breach","Customer Support",C00441,"Arun Das",39.00,"Resolution <= 72.00 Hours",High,"Escalate complaint CMP000316 and investigate SLA breach root cause."
"Complaint SLA Breach","Customer Support",C00213,"Surya Iyer",39.00,"Resolution <= 24.00 Hours",High,"Escalate complaint CMP000356 and investigate SLA breach root cause."
"Complaint SLA Breach","Customer Support",C00483,"Surya Gupta",38.00,"Resolution <= 24.00 Hours",High,"Escalate complaint CMP000451 and investigate SLA breach root cause."
"Complaint SLA Breach","Customer Support",C00223,"Nisha Patel",38.00,"Resolution <= 48.00 Hours",High,"Escalate complaint CMP000063 and investigate SLA breach root cause."
"Complaint SLA Breach","Customer Support",C00096,"Divya Nair",38.00,"Resolution <= 24.00 Hours",High,"Escalate complaint CMP000336 and investigate SLA breach root cause."
"Complaint SLA Breach","Customer Support",C00362,"Vijay Singh",38.00,"Resolution <= 72.00 Hours",High,"Escalate complaint CMP000266 and investigate SLA breach root cause."
"Complaint SLA Breach","Customer Support",C00482,"Anitha Kumar",38.00,"Resolution <= 24.00 Hours",High,"Escalate complaint CMP000065 and investigate SLA breach root cause."
"Complaint SLA Breach","Customer Support",C00174,"Meena Patel",38.00,"Resolution <= 24.00 Hours",High,"Escalate complaint CMP000516 and investigate SLA breach root cause."
"Complaint SLA Breach","Customer Support",C00475,"Lakshmi Gupta",37.00,"Resolution <= 72.00 Hours",High,"Escalate complaint CMP000246 and investigate SLA breach root cause."
"Complaint SLA Breach","Customer Support",C00174,"Meena Patel",37.00,"Resolution <= 24.00 Hours",High,"Escalate complaint CMP000361 and investigate SLA breach root cause."
"Complaint SLA Breach","Customer Support",C00476,"Manoj Gupta",37.00,"Resolution <= 24.00 Hours",High,"Escalate complaint CMP000051 and investigate SLA breach root cause."
"Complaint SLA Breach","Customer Support",C00377,"Sanjay Kumar",37.00,"Resolution <= 24.00 Hours",High,"Escalate complaint CMP000270 and investigate SLA breach root cause."
"Complaint SLA Breach","Customer Support",C00286,"Asha Rao",37.00,"Resolution <= 48.00 Hours",High,"Escalate complaint CMP000202 and investigate SLA breach root cause."
"Complaint SLA Breach","Customer Support",C00594,"Lakshmi Reddy",37.00,"Resolution <= 72.00 Hours",High,"Escalate complaint CMP000293 and investigate SLA breach root cause."
"Complaint SLA Breach","Customer Support",C00497,"Rohit Gupta",36.00,"Resolution <= 24.00 Hours",High,"Escalate complaint CMP000244 and investigate SLA breach root cause."
"Complaint SLA Breach","Customer Support",C00198,"Anitha Rao",36.00,"Resolution <= 24.00 Hours",High,"Escalate complaint CMP000126 and investigate SLA breach root cause."
"Complaint SLA Breach","Customer Support",C00367,"Ajay Singh",35.00,"Resolution <= 72.00 Hours",High,"Escalate complaint CMP000178 and investigate SLA breach root cause."
"Complaint SLA Breach","Customer Support",C00312,"Kavya Iyer",35.00,"Resolution <= 72.00 Hours",High,"Escalate complaint CMP000240 and investigate SLA breach root cause."
"Complaint SLA Breach","Customer Support",C00216,"Kavya Gupta",35.00,"Resolution <= 24.00 Hours",High,"Escalate complaint CMP000604 and investigate SLA breach root cause."
"Complaint SLA Breach","Customer Support",C00091,"Divya Gupta",35.00,"Resolution <= 72.00 Hours",High,"Escalate complaint CMP000265 and investigate SLA breach root cause."
"Complaint SLA Breach","Customer Support",C00279,"Meena Sharma",35.00,"Resolution <= 24.00 Hours",High,"Escalate complaint CMP000525 and investigate SLA breach root cause."
"Complaint SLA Breach","Customer Support",C00574,"Manoj Rao",34.00,"Resolution <= 24.00 Hours",High,"Escalate complaint CMP000201 and investigate SLA breach root cause."
"Complaint SLA Breach","Customer Support",C00338,"Divya Singh",34.00,"Resolution <= 24.00 Hours",High,"Escalate complaint CMP000518 and investigate SLA breach root cause."
"Complaint SLA Breach","Customer Support",C00135,"Kavya Kumar",34.00,"Resolution <= 72.00 Hours",High,"Escalate complaint CMP000360 and investigate SLA breach root cause."
"Complaint SLA Breach","Customer Support",C00570,"Divya Gupta",33.00,"Resolution <= 24.00 Hours",High,"Escalate complaint CMP000515 and investigate SLA breach root cause."
"Complaint SLA Breach","Customer Support",C00425,"Vijay Iyer",33.00,"Resolution <= 72.00 Hours",High,"Escalate complaint CMP000271 and investigate SLA breach root cause."
"Complaint SLA Breach","Customer Support",C00081,"Pooja Kumar",33.00,"Resolution <= 72.00 Hours",High,"Escalate complaint CMP000555 and investigate SLA breach root cause."
"Complaint SLA Breach","Customer Support",C00506,"Kavya Patel",32.00,"Resolution <= 24.00 Hours",High,"Escalate complaint CMP000241 and investigate SLA breach root cause."
"Complaint SLA Breach","Customer Support",C00498,"Asha Gupta",32.00,"Resolution <= 24.00 Hours",High,"Escalate complaint CMP000306 and investigate SLA breach root cause."
"Complaint SLA Breach","Customer Support",C00008,"Anitha Gupta",32.00,"Resolution <= 24.00 Hours",High,"Escalate complaint CMP000616 and investigate SLA breach root cause."
"Complaint SLA Breach","Customer Support",C00273,"Deepak Kumar",32.00,"Resolution <= 24.00 Hours",High,"Escalate complaint CMP000258 and investigate SLA breach root cause."
"Complaint SLA Breach","Customer Support",C00096,"Divya Nair",32.00,"Resolution <= 72.00 Hours",High,"Escalate complaint CMP000070 and investigate SLA breach root cause."
"Complaint SLA Breach","Customer Support",C00586,"Kavya Iyer",32.00,"Resolution <= 24.00 Hours",High,"Escalate complaint CMP000323 and investigate SLA breach root cause."
"Complaint SLA Breach","Customer Support",C00086,"Lakshmi Das",31.00,"Resolution <= 24.00 Hours",High,"Escalate complaint CMP000010 and investigate SLA breach root cause."
"Complaint SLA Breach","Customer Support",C00174,"Meena Patel",31.00,"Resolution <= 48.00 Hours",High,"Escalate complaint CMP000139 and investigate SLA breach root cause."
"Complaint SLA Breach","Customer Support",C00077,"Surya Das",31.00,"Resolution <= 24.00 Hours",High,"Escalate complaint CMP000544 and investigate SLA breach root cause."
"Complaint SLA Breach","Customer Support",C00444,"Asha Kumar",30.00,"Resolution <= 72.00 Hours",High,"Escalate complaint CMP000219 and investigate SLA breach root cause."
"Complaint SLA Breach","Customer Support",C00552,"Sneha Singh",30.00,"Resolution <= 24.00 Hours",High,"Escalate complaint CMP000538 and investigate SLA breach root cause."
"Complaint SLA Breach","Customer Support",C00294,"Anitha Das",30.00,"Resolution <= 48.00 Hours",High,"Escalate complaint CMP000426 and investigate SLA breach root cause."
"Complaint SLA Breach","Customer Support",C00009,"Vijay Rao",30.00,"Resolution <= 72.00 Hours",High,"Escalate complaint CMP000558 and investigate SLA breach root cause."
"Complaint SLA Breach","Customer Support",C00522,"Pooja Sharma",30.00,"Resolution <= 72.00 Hours",High,"Escalate complaint CMP000089 and investigate SLA breach root cause."
"Complaint SLA Breach","Customer Support",C00287,"Priya Gupta",29.00,"Resolution <= 24.00 Hours",High,"Escalate complaint CMP000610 and investigate SLA breach root cause."
"Complaint SLA Breach","Customer Support",C00361,"Rohit Kumar",29.00,"Resolution <= 72.00 Hours",High,"Escalate complaint CMP000392 and investigate SLA breach root cause."
"Complaint SLA Breach","Customer Support",C00006,"Kavya Gupta",29.00,"Resolution <= 72.00 Hours",High,"Escalate complaint CMP000573 and investigate SLA breach root cause."
"Complaint SLA Breach","Customer Support",C00095,"Vijay Singh",28.00,"Resolution <= 24.00 Hours",High,"Escalate complaint CMP000439 and investigate SLA breach root cause."
"Complaint SLA Breach","Customer Support",C00079,"Asha Sharma",27.00,"Resolution <= 48.00 Hours",High,"Escalate complaint CMP000310 and investigate SLA breach root cause."
"Complaint SLA Breach","Customer Support",C00213,"Surya Iyer",27.00,"Resolution <= 72.00 Hours",High,"Escalate complaint CMP000406 and investigate SLA breach root cause."
"Complaint SLA Breach","Customer Support",C00266,"Sanjay Nair",27.00,"Resolution <= 24.00 Hours",High,"Escalate complaint CMP000280 and investigate SLA breach root cause."
"Complaint SLA Breach","Customer Support",C00409,"Priya Gupta",27.00,"Resolution <= 48.00 Hours",High,"Escalate complaint CMP000498 and investigate SLA breach root cause."
"Complaint SLA Breach","Customer Support",C00207,"Asha Rao",27.00,"Resolution <= 72.00 Hours",High,"Escalate complaint CMP000335 and investigate SLA breach root cause."
"Complaint SLA Breach","Customer Support",C00546,"Anitha Das",26.00,"Resolution <= 24.00 Hours",High,"Escalate complaint CMP000341 and investigate SLA breach root cause."
"Complaint SLA Breach","Customer Support",C00583,"Rahul Kumar",26.00,"Resolution <= 72.00 Hours",High,"Escalate complaint CMP000166 and investigate SLA breach root cause."
"Complaint SLA Breach","Customer Support",C00539,"Vijay Rao",26.00,"Resolution <= 24.00 Hours",High,"Escalate complaint CMP000489 and investigate SLA breach root cause."
"Complaint SLA Breach","Customer Support",C00475,"Lakshmi Gupta",26.00,"Resolution <= 48.00 Hours",High,"Escalate complaint CMP000430 and investigate SLA breach root cause."
"Complaint SLA Breach","Customer Support",C00226,"Lakshmi Kumar",25.00,"Resolution <= 24.00 Hours",High,"Escalate complaint CMP000001 and investigate SLA breach root cause."
"Complaint SLA Breach","Customer Support",C00583,"Rahul Kumar",25.00,"Resolution <= 72.00 Hours",High,"Escalate complaint CMP000135 and investigate SLA breach root cause."
"Complaint SLA Breach","Customer Support",C00301,"Rahul Sharma",25.00,"Resolution <= 72.00 Hours",High,"Escalate complaint CMP000113 and investigate SLA breach root cause."
"Complaint SLA Breach","Customer Support",C00505,"Kavya Nair",25.00,"Resolution <= 24.00 Hours",High,"Escalate complaint CMP000099 and investigate SLA breach root cause."
"Complaint SLA Breach","Customer Support",C00083,"Karthik Singh",25.00,"Resolution <= 72.00 Hours",High,"Escalate complaint CMP000648 and investigate SLA breach root cause."
"Complaint SLA Breach","Customer Support",C00014,"Sanjay Rao",24.00,"Resolution <= 72.00 Hours",High,"Escalate complaint CMP000249 and investigate SLA breach root cause."
"Complaint SLA Breach","Customer Support",C00317,"Anitha Gupta",24.00,"Resolution <= 72.00 Hours",High,"Escalate complaint CMP000496 and investigate SLA breach root cause."
"Complaint SLA Breach","Customer Support",C00006,"Kavya Gupta",24.00,"Resolution <= 72.00 Hours",High,"Escalate complaint CMP000546 and investigate SLA breach root cause."
"Complaint SLA Breach","Customer Support",C00105,"Meena Sharma",24.00,"Resolution <= 48.00 Hours",High,"Escalate complaint CMP000477 and investigate SLA breach root cause."
"Complaint SLA Breach","Customer Support",C00157,"Kavya Nair",23.00,"Resolution <= 24.00 Hours",High,"Escalate complaint CMP000585 and investigate SLA breach root cause."
"Complaint SLA Breach","Customer Support",C00019,"Kavya Kumar",23.00,"Resolution <= 48.00 Hours",High,"Escalate complaint CMP000655 and investigate SLA breach root cause."
"Complaint SLA Breach","Customer Support",C00328,"Priya Nair",23.00,"Resolution <= 72.00 Hours",High,"Escalate complaint CMP000405 and investigate SLA breach root cause."
"Complaint SLA Breach","Customer Support",C00247,"Asha Iyer",23.00,"Resolution <= 24.00 Hours",High,"Escalate complaint CMP000686 and investigate SLA breach root cause."
"Complaint SLA Breach","Customer Support",C00047,"Karthik Reddy",23.00,"Resolution <= 72.00 Hours",High,"Escalate complaint CMP000398 and investigate SLA breach root cause."
"Complaint SLA Breach","Customer Support",C00143,"Vijay Das",23.00,"Resolution <= 48.00 Hours",High,"Escalate complaint CMP000072 and investigate SLA breach root cause."
"Complaint SLA Breach","Customer Support",C00103,"Anitha Rao",23.00,"Resolution <= 24.00 Hours",High,"Escalate complaint CMP000386 and investigate SLA breach root cause."
"Complaint SLA Breach","Customer Support",C00338,"Divya Singh",22.00,"Resolution <= 72.00 Hours",High,"Escalate complaint CMP000228 and investigate SLA breach root cause."
"Complaint SLA Breach","Customer Support",C00333,"Sanjay Gupta",22.00,"Resolution <= 24.00 Hours",High,"Escalate complaint CMP000002 and investigate SLA breach root cause."
"Complaint SLA Breach","Customer Support",C00382,"Karthik Singh",22.00,"Resolution <= 24.00 Hours",High,"Escalate complaint CMP000527 and investigate SLA breach root cause."
"Complaint SLA Breach","Customer Support",C00104,"Manoj Sharma",22.00,"Resolution <= 48.00 Hours",High,"Escalate complaint CMP000482 and investigate SLA breach root cause."
"Complaint SLA Breach","Customer Support",C00022,"Anitha Iyer",22.00,"Resolution <= 48.00 Hours",High,"Escalate complaint CMP000106 and investigate SLA breach root cause."
"Complaint SLA Breach","Customer Support",C00330,"Asha Rao",22.00,"Resolution <= 48.00 Hours",High,"Escalate complaint CMP000382 and investigate SLA breach root cause."
"Complaint SLA Breach","Customer Support",C00045,"Priya Reddy",22.00,"Resolution <= 48.00 Hours",High,"Escalate complaint CMP000469 and investigate SLA breach root cause."
"Complaint SLA Breach","Customer Support",C00534,"Surya Gupta",21.00,"Resolution <= 72.00 Hours",High,"Escalate complaint CMP000320 and investigate SLA breach root cause."
"Complaint SLA Breach","Customer Support",C00064,"Manoj Gupta",21.00,"Resolution <= 72.00 Hours",High,"Escalate complaint CMP000167 and investigate SLA breach root cause."
"Complaint SLA Breach","Customer Support",C00390,"Nisha Sharma",21.00,"Resolution <= 24.00 Hours",High,"Escalate complaint CMP000147 and investigate SLA breach root cause."
"Complaint SLA Breach","Customer Support",C00164,"Deepak Das",21.00,"Resolution <= 48.00 Hours",High,"Escalate complaint CMP000248 and investigate SLA breach root cause."
"Complaint SLA Breach","Customer Support",C00191,"Ajay Das",20.00,"Resolution <= 24.00 Hours",High,"Escalate complaint CMP000483 and investigate SLA breach root cause."
"Complaint SLA Breach","Customer Support",C00100,"Anitha Das",20.00,"Resolution <= 48.00 Hours",High,"Escalate complaint CMP000629 and investigate SLA breach root cause."
"Complaint SLA Breach","Customer Support",C00074,"Rahul Reddy",20.00,"Resolution <= 24.00 Hours",High,"Escalate complaint CMP000582 and investigate SLA breach root cause."
"Complaint SLA Breach","Customer Support",C00591,"Divya Kumar",20.00,"Resolution <= 24.00 Hours",High,"Escalate complaint CMP000503 and investigate SLA breach root cause."
"Complaint SLA Breach","Customer Support",C00219,"Sneha Rao",20.00,"Resolution <= 24.00 Hours",High,"Escalate complaint CMP000022 and investigate SLA breach root cause."
"Complaint SLA Breach","Customer Support",C00466,"Karthik Patel",20.00,"Resolution <= 24.00 Hours",High,"Escalate complaint CMP000289 and investigate SLA breach root cause."
"Complaint SLA Breach","Customer Support",C00239,"Rahul Nair",19.00,"Resolution <= 48.00 Hours",High,"Escalate complaint CMP000061 and investigate SLA breach root cause."
"Complaint SLA Breach","Customer Support",C00112,"Pooja Gupta",19.00,"Resolution <= 48.00 Hours",High,"Escalate complaint CMP000695 and investigate SLA breach root cause."
"Complaint SLA Breach","Customer Support",C00419,"Rahul Reddy",18.00,"Resolution <= 72.00 Hours",High,"Escalate complaint CMP000328 and investigate SLA breach root cause."
"Complaint SLA Breach","Customer Support",C00357,"Vijay Kumar",18.00,"Resolution <= 24.00 Hours",High,"Escalate complaint CMP000612 and investigate SLA breach root cause."
"Complaint SLA Breach","Customer Support",C00579,"Sneha Das",18.00,"Resolution <= 48.00 Hours",High,"Escalate complaint CMP000677 and investigate SLA breach root cause."
"Complaint SLA Breach","Customer Support",C00088,"Unmapped Customer",18.00,"Resolution <= 48.00 Hours",High,"Escalate complaint CMP000319 and investigate SLA breach root cause."
"Complaint SLA Breach","Customer Support",C00090,"Anitha Singh",17.00,"Resolution <= 24.00 Hours",High,"Escalate complaint CMP000243 and investigate SLA breach root cause."
"Complaint SLA Breach","Customer Support",C00585,"Asha Rao",17.00,"Resolution <= 72.00 Hours",High,"Escalate complaint CMP000358 and investigate SLA breach root cause."
"Complaint SLA Breach","Customer Support",C00529,"Sneha Rao",17.00,"Resolution <= 24.00 Hours",High,"Escalate complaint CMP000348 and investigate SLA breach root cause."
"Complaint SLA Breach","Customer Support",C00082,"Anitha Patel",17.00,"Resolution <= 24.00 Hours",High,"Escalate complaint CMP000407 and investigate SLA breach root cause."
"Complaint SLA Breach","Customer Support",C00461,"Asha Iyer",16.00,"Resolution <= 72.00 Hours",High,"Escalate complaint CMP000222 and investigate SLA breach root cause."
"Complaint SLA Breach","Customer Support",C00188,"Sanjay Patel",16.00,"Resolution <= 48.00 Hours",High,"Escalate complaint CMP000559 and investigate SLA breach root cause."
"Complaint SLA Breach","Customer Support",C00471,"Vijay Reddy",16.00,"Resolution <= 24.00 Hours",High,"Escalate complaint CMP000532 and investigate SLA breach root cause."
"Complaint SLA Breach","Customer Support",C00003,"Nisha Kumar",16.00,"Resolution <= 72.00 Hours",High,"Escalate complaint CMP000018 and investigate SLA breach root cause."
"Complaint SLA Breach","Customer Support",C00204,"Surya Rao",15.00,"Resolution <= 48.00 Hours",High,"Escalate complaint CMP000322 and investigate SLA breach root cause."
"Complaint SLA Breach","Customer Support",C00044,"Ajay Singh",15.00,"Resolution <= 24.00 Hours",High,"Escalate complaint CMP000180 and investigate SLA breach root cause."
"Complaint SLA Breach","Customer Support",C00099,"Sanjay Singh",14.00,"Resolution <= 24.00 Hours",High,"Escalate complaint CMP000685 and investigate SLA breach root cause."
"Complaint SLA Breach","Customer Support",C00091,"Divya Gupta",14.00,"Resolution <= 48.00 Hours",High,"Escalate complaint CMP000232 and investigate SLA breach root cause."
"Complaint SLA Breach","Customer Support",C00477,"Lakshmi Reddy",13.00,"Resolution <= 72.00 Hours",High,"Escalate complaint CMP000256 and investigate SLA breach root cause."
"Complaint SLA Breach","Customer Support",C00173,"Vijay Sharma",13.00,"Resolution <= 24.00 Hours",High,"Escalate complaint CMP000170 and investigate SLA breach root cause."
"Complaint SLA Breach","Customer Support",C00041,"Surya Iyer",13.00,"Resolution <= 48.00 Hours",High,"Escalate complaint CMP000073 and investigate SLA breach root cause."
"Complaint SLA Breach","Customer Support",C00360,"Anitha Reddy",13.00,"Resolution <= 48.00 Hours",High,"Escalate complaint CMP000372 and investigate SLA breach root cause."
"Complaint SLA Breach","Customer Support",C00040,"Anitha Rao",12.00,"Resolution <= 24.00 Hours",High,"Escalate complaint CMP000569 and investigate SLA breach root cause."
"Complaint SLA Breach","Customer Support",C00330,"Asha Rao",12.00,"Resolution <= 72.00 Hours",High,"Escalate complaint CMP000664 and investigate SLA breach root cause."
"Complaint SLA Breach","Customer Support",C00242,"Kavya Singh",12.00,"Resolution <= 72.00 Hours",High,"Escalate complaint CMP000173 and investigate SLA breach root cause."
"Complaint SLA Breach","Customer Support",C00338,"Divya Singh",12.00,"Resolution <= 72.00 Hours",High,"Escalate complaint CMP000110 and investigate SLA breach root cause."
"Complaint SLA Breach","Customer Support",C00309,"Ajay Das",11.00,"Resolution <= 24.00 Hours",High,"Escalate complaint CMP000175 and investigate SLA breach root cause."
"Complaint SLA Breach","Customer Support",C00415,"Pooja Kumar",11.00,"Resolution <= 48.00 Hours",High,"Escalate complaint CMP000478 and investigate SLA breach root cause."
"Complaint SLA Breach","Customer Support",C00281,"Deepak Iyer",11.00,"Resolution <= 48.00 Hours",High,"Escalate complaint CMP000476 and investigate SLA breach root cause."
"Complaint SLA Breach","Customer Support",C00402,"Arun Iyer",11.00,"Resolution <= 72.00 Hours",High,"Escalate complaint CMP000455 and investigate SLA breach root cause."
"Complaint SLA Breach","Customer Support",C00342,"Asha Kumar",10.00,"Resolution <= 48.00 Hours",High,"Escalate complaint CMP000422 and investigate SLA breach root cause."
"Complaint SLA Breach","Customer Support",C00515,"Kavya Rao",10.00,"Resolution <= 24.00 Hours",High,"Escalate complaint CMP000435 and investigate SLA breach root cause."
"Complaint SLA Breach","Customer Support",C00495,"Lakshmi Iyer",10.00,"Resolution <= 72.00 Hours",High,"Escalate complaint CMP000679 and investigate SLA breach root cause."
"Complaint SLA Breach","Customer Support",C00080,"Deepak Reddy",10.00,"Resolution <= 24.00 Hours",High,"Escalate complaint CMP000062 and investigate SLA breach root cause."
"Complaint SLA Breach","Customer Support",C00404,"Arun Reddy",10.00,"Resolution <= 24.00 Hours",High,"Escalate complaint CMP000211 and investigate SLA breach root cause."
"Complaint SLA Breach","Customer Support",C00034,"Sanjay Gupta",9.00,"Resolution <= 72.00 Hours",High,"Escalate complaint CMP000326 and investigate SLA breach root cause."
"Complaint SLA Breach","Customer Support",C00347,"Asha Rao",9.00,"Resolution <= 48.00 Hours",High,"Escalate complaint CMP000130 and investigate SLA breach root cause."
"Complaint SLA Breach","Customer Support",C00411,"Anitha Das",9.00,"Resolution <= 24.00 Hours",High,"Escalate complaint CMP000327 and investigate SLA breach root cause."
"Complaint SLA Breach","Customer Support",C00412,"Anitha Singh",8.00,"Resolution <= 72.00 Hours",High,"Escalate complaint CMP000453 and investigate SLA breach root cause."
"Complaint SLA Breach","Customer Support",C00460,"Deepak Kumar",8.00,"Resolution <= 24.00 Hours",High,"Escalate complaint CMP000207 and investigate SLA breach root cause."
"Complaint SLA Breach","Customer Support",C00157,"Kavya Nair",8.00,"Resolution <= 72.00 Hours",High,"Escalate complaint CMP000495 and investigate SLA breach root cause."
"Complaint SLA Breach","Customer Support",C00348,"Divya Rao",7.00,"Resolution <= 24.00 Hours",High,"Escalate complaint CMP000041 and investigate SLA breach root cause."
"Complaint SLA Breach","Customer Support",C00519,"Kavya Singh",7.00,"Resolution <= 72.00 Hours",High,"Escalate complaint CMP000592 and investigate SLA breach root cause."
"Complaint SLA Breach","Customer Support",C00217,"Rohit Nair",7.00,"Resolution <= 72.00 Hours",High,"Escalate complaint CMP000553 and investigate SLA breach root cause."
"Complaint SLA Breach","Customer Support",C00166,"Asha Das",7.00,"Resolution <= 48.00 Hours",High,"Escalate complaint CMP000321 and investigate SLA breach root cause."
"Complaint SLA Breach","Customer Support",C00256,"Kavya Nair",7.00,"Resolution <= 72.00 Hours",High,"Escalate complaint CMP000154 and investigate SLA breach root cause."
"Complaint SLA Breach","Customer Support",C00381,"Anitha Singh",7.00,"Resolution <= 24.00 Hours",High,"Escalate complaint CMP000417 and investigate SLA breach root cause."
"Complaint SLA Breach","Customer Support",C00023,"Kavya Gupta",7.00,"Resolution <= 24.00 Hours",High,"Escalate complaint CMP000420 and investigate SLA breach root cause."
"Complaint SLA Breach","Customer Support",C00081,"Pooja Kumar",7.00,"Resolution <= 48.00 Hours",High,"Escalate complaint CMP000267 and investigate SLA breach root cause."
"Complaint SLA Breach","Customer Support",C00205,"Karthik Sharma",6.00,"Resolution <= 24.00 Hours",High,"Escalate complaint CMP000049 and investigate SLA breach root cause."
"Complaint SLA Breach","Customer Support",C00294,"Anitha Das",6.00,"Resolution <= 72.00 Hours",High,"Escalate complaint CMP000284 and investigate SLA breach root cause."
"Complaint SLA Breach","Customer Support",C00311,"Pooja Patel",6.00,"Resolution <= 24.00 Hours",High,"Escalate complaint CMP000484 and investigate SLA breach root cause."
"Complaint SLA Breach","Customer Support",C00380,"Sanjay Iyer",6.00,"Resolution <= 24.00 Hours",High,"Escalate complaint CMP000203 and investigate SLA breach root cause."
"Complaint SLA Breach","Customer Support",C00172,"Asha Rao",6.00,"Resolution <= 48.00 Hours",High,"Escalate complaint CMP000156 and investigate SLA breach root cause."
"Complaint SLA Breach","Customer Support",C00049,"Deepak Sharma",6.00,"Resolution <= 48.00 Hours",High,"Escalate complaint CMP000108 and investigate SLA breach root cause."
"Complaint SLA Breach","Customer Support",C00342,"Asha Kumar",5.00,"Resolution <= 24.00 Hours",High,"Escalate complaint CMP000365 and investigate SLA breach root cause."
"Complaint SLA Breach","Customer Support",C00151,"Asha Kumar",5.00,"Resolution <= 24.00 Hours",High,"Escalate complaint CMP000415 and investigate SLA breach root cause."
"Complaint SLA Breach","Customer Support",C00066,"Karthik Patel",5.00,"Resolution <= 24.00 Hours",High,"Escalate complaint CMP000673 and investigate SLA breach root cause."
"Complaint SLA Breach","Customer Support",C00235,"Rohit Kumar",5.00,"Resolution <= 72.00 Hours",High,"Escalate complaint CMP000146 and investigate SLA breach root cause."
"Complaint SLA Breach","Customer Support",C00465,"Karthik Patel",5.00,"Resolution <= 24.00 Hours",High,"Escalate complaint CMP000597 and investigate SLA breach root cause."
"Complaint SLA Breach","Customer Support",C00211,"Divya Kumar",5.00,"Resolution <= 24.00 Hours",High,"Escalate complaint CMP000238 and investigate SLA breach root cause."
"Complaint SLA Breach","Customer Support",C00075,"Pooja Nair",5.00,"Resolution <= 48.00 Hours",High,"Escalate complaint CMP000023 and investigate SLA breach root cause."
"Complaint SLA Breach","Customer Support",C00370,"Asha Das",4.00,"Resolution <= 72.00 Hours",High,"Escalate complaint CMP000117 and investigate SLA breach root cause."
"Complaint SLA Breach","Customer Support",C00225,"Anitha Iyer",4.00,"Resolution <= 72.00 Hours",High,"Escalate complaint CMP000037 and investigate SLA breach root cause."
"Complaint SLA Breach","Customer Support",C00416,"Kavya Kumar",4.00,"Resolution <= 72.00 Hours",High,"Escalate complaint CMP000550 and investigate SLA breach root cause."
"Complaint SLA Breach","Customer Support",C00154,"Ajay Patel",3.00,"Resolution <= 72.00 Hours",High,"Escalate complaint CMP000090 and investigate SLA breach root cause."
"Complaint SLA Breach","Customer Support",C00427,"Rohit Rao",3.00,"Resolution <= 24.00 Hours",High,"Escalate complaint CMP000511 and investigate SLA breach root cause."
"Complaint SLA Breach","Customer Support",C00400,"Sneha Gupta",3.00,"Resolution <= 24.00 Hours",High,"Escalate complaint CMP000161 and investigate SLA breach root cause."
"Complaint SLA Breach","Customer Support",C00250,"Meena Patel",3.00,"Resolution <= 24.00 Hours",High,"Escalate complaint CMP000699 and investigate SLA breach root cause."
"Complaint SLA Breach","Customer Support",C00077,"Surya Das",2.00,"Resolution <= 24.00 Hours",High,"Escalate complaint CMP000387 and investigate SLA breach root cause."
"Complaint SLA Breach","Customer Support",C00087,"Deepak Gupta",2.00,"Resolution <= 72.00 Hours",High,"Escalate complaint CMP000668 and investigate SLA breach root cause."
"Complaint SLA Breach","Customer Support",C00431,"Rahul Reddy",2.00,"Resolution <= 24.00 Hours",High,"Escalate complaint CMP000291 and investigate SLA breach root cause."
"Complaint SLA Breach","Customer Support",C00068,"Sanjay Sharma",2.00,"Resolution <= 72.00 Hours",High,"Escalate complaint CMP000259 and investigate SLA breach root cause."
"Complaint SLA Breach","Customer Support",C00397,"Priya Nair",1.00,"Resolution <= 24.00 Hours",High,"Escalate complaint CMP000564 and investigate SLA breach root cause."
"Complaint SLA Breach","Customer Support",C00060,"Priya Reddy",1.00,"Resolution <= 72.00 Hours",High,"Escalate complaint CMP000521 and investigate SLA breach root cause."
"Complaint SLA Breach","Customer Support",C00037,"Rohit Rao",1.00,"Resolution <= 48.00 Hours",High,"Escalate complaint CMP000277 and investigate SLA breach root cause."
"Complaint SLA Breach","Customer Support",C00461,"Asha Iyer",1.00,"Resolution <= 72.00 Hours",High,"Escalate complaint CMP000418 and investigate SLA breach root cause."
"Complaint SLA Breach","Customer Support",C00112,"Pooja Gupta",1.00,"Resolution <= 24.00 Hours",High,"Escalate complaint CMP000081 and investigate SLA breach root cause."
"Complaint SLA Breach","Customer Support",C00042,"Anitha Iyer",1.00,"Resolution <= 24.00 Hours",High,"Escalate complaint CMP000009 and investigate SLA breach root cause."
"Product Return Rate Above 15%","Sales / Quality",P0078,"ELE Product 078",20.22,"<= 15% Return Rate",High,"Investigate product quality, fulfilment accuracy and return root causes."
"Product Return Rate Above 15%","Sales / Quality",P0100,"ELE Product 100",20.20,"<= 15% Return Rate",High,"Investigate product quality, fulfilment accuracy and return root causes."
"Product Return Rate Above 15%","Sales / Quality",P0083,"HOM Product 083",19.66,"<= 15% Return Rate",High,"Investigate product quality, fulfilment accuracy and return root causes."
"Product Return Rate Above 15%","Sales / Quality",P0109,"OFF Product 109",19.20,"<= 15% Return Rate",High,"Investigate product quality, fulfilment accuracy and return root causes."
"Product Return Rate Above 15%","Sales / Quality",P0005,"ACC Product 005",17.19,"<= 15% Return Rate",High,"Investigate product quality, fulfilment accuracy and return root causes."
"Product Return Rate Above 15%","Sales / Quality",P0113,"ACC Product 113",17.12,"<= 15% Return Rate",High,"Investigate product quality, fulfilment accuracy and return root causes."
"Product Return Rate Above 15%","Sales / Quality",P0075,"HOM Product 075",16.35,"<= 15% Return Rate",High,"Investigate product quality, fulfilment accuracy and return root causes."
"Product Return Rate Above 15%","Sales / Quality",P0035,"ACC Product 035",16.15,"<= 15% Return Rate",High,"Investigate product quality, fulfilment accuracy and return root causes."
"Product Return Rate Above 15%","Sales / Quality",P0135,"IT  Product 135",15.28,"<= 15% Return Rate",High,"Investigate product quality, fulfilment accuracy and return root causes."
"Sales Below 70% Target",Warehouse,E0012,"Karthik Nair",69.94,">= 70% Target Achievement",High,"Review employee sales pipeline, customer coverage and recovery plan."
"Sales Below 70% Target",Operations,E0041,"Asha Reddy",69.29,">= 70% Target Achievement",High,"Review employee sales pipeline, customer coverage and recovery plan."
"Sales Below 70% Target","Customer Support",E0038,"Arun Das",68.88,">= 70% Target Achievement",High,"Review employee sales pipeline, customer coverage and recovery plan."
"Sales Below 70% Target",Sales,E0036,"Surya Gupta",68.82,">= 70% Target Achievement",High,"Review employee sales pipeline, customer coverage and recovery plan."
"Sales Below 70% Target",Finance,E0029,"Divya Patel",68.76,">= 70% Target Achievement",High,"Review employee sales pipeline, customer coverage and recovery plan."
"Sales Below 70% Target",Sales,E0019,"Unmapped Employee",67.70,">= 70% Target Achievement",High,"Review employee sales pipeline, customer coverage and recovery plan."
"Sales Below 70% Target","Customer Support",E0010,"Ajay Sharma",66.98,">= 70% Target Achievement",High,"Review employee sales pipeline, customer coverage and recovery plan."
"Sales Below 70% Target",Warehouse,E0012,"Karthik Nair",66.63,">= 70% Target Achievement",High,"Review employee sales pipeline, customer coverage and recovery plan."
"Sales Below 70% Target",Procurement,E0027,"Meena Das",66.11,">= 70% Target Achievement",High,"Review employee sales pipeline, customer coverage and recovery plan."
"Sales Below 70% Target",Sales,E0019,"Unmapped Employee",65.16,">= 70% Target Achievement",High,"Review employee sales pipeline, customer coverage and recovery plan."
"Sales Below 70% Target",Finance,E0001,"Arun Singh",64.84,">= 70% Target Achievement",High,"Review employee sales pipeline, customer coverage and recovery plan."
"Sales Below 70% Target",Sales,E0039,"Rahul Nair",64.45,">= 70% Target Achievement",High,"Review employee sales pipeline, customer coverage and recovery plan."
"Sales Below 70% Target",Finance,E0022,"Kavya Iyer",64.32,">= 70% Target Achievement",High,"Review employee sales pipeline, customer coverage and recovery plan."
"Sales Below 70% Target",Sales,E0036,"Surya Gupta",63.50,">= 70% Target Achievement",High,"Review employee sales pipeline, customer coverage and recovery plan."
"Sales Below 70% Target",Operations,E0033,"Rahul Patel",63.02,">= 70% Target Achievement",High,"Review employee sales pipeline, customer coverage and recovery plan."
"Sales Below 70% Target",Finance,E0026,"Priya Iyer",62.57,">= 70% Target Achievement",High,"Review employee sales pipeline, customer coverage and recovery plan."
"Sales Below 70% Target",Finance,E0031,"Priya Patel",61.69,">= 70% Target Achievement",High,"Review employee sales pipeline, customer coverage and recovery plan."
"Sales Below 70% Target",Finance,E0026,"Priya Iyer",59.92,">= 70% Target Achievement",High,"Review employee sales pipeline, customer coverage and recovery plan."
"Sales Below 70% Target",Procurement,E0015,"Priya Kumar",59.58,">= 70% Target Achievement",High,"Review employee sales pipeline, customer coverage and recovery plan."
"Sales Below 70% Target",Marketing,E0018,"Manoj Kumar",59.05,">= 70% Target Achievement",High,"Review employee sales pipeline, customer coverage and recovery plan."
"Sales Below 70% Target",Operations,E0041,"Asha Reddy",58.53,">= 70% Target Achievement",High,"Review employee sales pipeline, customer coverage and recovery plan."
"Sales Below 70% Target",Warehouse,E0028,"Pooja Rao",58.10,">= 70% Target Achievement",High,"Review employee sales pipeline, customer coverage and recovery plan."
"Sales Below 70% Target",Finance,E0030,"Ajay Das",57.24,">= 70% Target Achievement",High,"Review employee sales pipeline, customer coverage and recovery plan."
"Sales Below 70% Target",Sales,E0002,"Surya Rao",55.86,">= 70% Target Achievement",High,"Review employee sales pipeline, customer coverage and recovery plan."
"Sales Below 70% Target",Sales,E0002,"Surya Rao",55.81,">= 70% Target Achievement",High,"Review employee sales pipeline, customer coverage and recovery plan."
"Sales Below 70% Target",Finance,E0031,"Priya Patel",54.80,">= 70% Target Achievement",High,"Review employee sales pipeline, customer coverage and recovery plan."
"Sales Below 70% Target",Warehouse,E0034,"Karthik Gupta",54.60,">= 70% Target Achievement",High,"Review employee sales pipeline, customer coverage and recovery plan."
"Sales Below 70% Target",Sales,E0040,"Lakshmi Iyer",54.33,">= 70% Target Achievement",High,"Review employee sales pipeline, customer coverage and recovery plan."
"Sales Below 70% Target",Finance,E0022,"Kavya Iyer",53.68,">= 70% Target Achievement",High,"Review employee sales pipeline, customer coverage and recovery plan."
"Sales Below 70% Target",Warehouse,E0009,"Rohit Singh",53.40,">= 70% Target Achievement",High,"Review employee sales pipeline, customer coverage and recovery plan."
"Sales Below 70% Target",Finance,E0022,"Kavya Iyer",53.02,">= 70% Target Achievement",High,"Review employee sales pipeline, customer coverage and recovery plan."
"Sales Below 70% Target",Sales,E0024,"Meena Patel",51.66,">= 70% Target Achievement",High,"Review employee sales pipeline, customer coverage and recovery plan."
"Sales Below 70% Target",Sales,E0002,"Surya Rao",51.10,">= 70% Target Achievement",High,"Review employee sales pipeline, customer coverage and recovery plan."
"Sales Below 70% Target",Operations,E0037,"Sanjay Patel",50.53,">= 70% Target Achievement",High,"Review employee sales pipeline, customer coverage and recovery plan."
"Sales Below 70% Target","Customer Support",E0038,"Arun Das",50.49,">= 70% Target Achievement",High,"Review employee sales pipeline, customer coverage and recovery plan."
"Sales Below 70% Target","Customer Support",E0007,"Rohit Sharma",49.51,">= 70% Target Achievement",High,"Review employee sales pipeline, customer coverage and recovery plan."
"Sales Below 70% Target",Finance,E0030,"Ajay Das",49.43,">= 70% Target Achievement",High,"Review employee sales pipeline, customer coverage and recovery plan."
"Sales Below 70% Target",Procurement,E0027,"Meena Das",48.43,">= 70% Target Achievement",High,"Review employee sales pipeline, customer coverage and recovery plan."
"Sales Below 70% Target",Sales,E0025,"Unmapped Employee",48.21,">= 70% Target Achievement",High,"Review employee sales pipeline, customer coverage and recovery plan."
"Sales Below 70% Target","Customer Support",E0006,"Anitha Nair",47.49,">= 70% Target Achievement",High,"Review employee sales pipeline, customer coverage and recovery plan."
"Sales Below 70% Target",Warehouse,E0028,"Pooja Rao",46.60,">= 70% Target Achievement",High,"Review employee sales pipeline, customer coverage and recovery plan."
"Sales Below 70% Target",Marketing,E0003,"Asha Patel",46.51,">= 70% Target Achievement",High,"Review employee sales pipeline, customer coverage and recovery plan."
"Sales Below 70% Target",Finance,E0001,"Arun Singh",46.09,">= 70% Target Achievement",High,"Review employee sales pipeline, customer coverage and recovery plan."
"Sales Below 70% Target",Warehouse,E0034,"Karthik Gupta",45.64,">= 70% Target Achievement",High,"Review employee sales pipeline, customer coverage and recovery plan."
"Sales Below 70% Target",Procurement,E0004,"Surya Singh",45.61,">= 70% Target Achievement",High,"Review employee sales pipeline, customer coverage and recovery plan."
"Sales Below 70% Target",Sales,E0032,"Sneha Rao",45.41,">= 70% Target Achievement",High,"Review employee sales pipeline, customer coverage and recovery plan."
"Sales Below 70% Target",Warehouse,E0009,"Rohit Singh",45.15,">= 70% Target Achievement",High,"Review employee sales pipeline, customer coverage and recovery plan."
"Sales Below 70% Target",Warehouse,E0012,"Karthik Nair",44.81,">= 70% Target Achievement",High,"Review employee sales pipeline, customer coverage and recovery plan."
"Sales Below 70% Target",Marketing,E0013,"Kavya Rao",44.75,">= 70% Target Achievement",High,"Review employee sales pipeline, customer coverage and recovery plan."
"Sales Below 70% Target",Finance,E0031,"Priya Patel",44.42,">= 70% Target Achievement",High,"Review employee sales pipeline, customer coverage and recovery plan."
"Sales Below 70% Target",Marketing,E0011,"Rohit Singh",44.14,">= 70% Target Achievement",High,"Review employee sales pipeline, customer coverage and recovery plan."
"Sales Below 70% Target",Warehouse,E0028,"Pooja Rao",44.13,">= 70% Target Achievement",High,"Review employee sales pipeline, customer coverage and recovery plan."
"Sales Below 70% Target",Sales,E0036,"Surya Gupta",43.73,">= 70% Target Achievement",High,"Review employee sales pipeline, customer coverage and recovery plan."
"Sales Below 70% Target",Operations,E0037,"Sanjay Patel",43.54,">= 70% Target Achievement",High,"Review employee sales pipeline, customer coverage and recovery plan."
"Sales Below 70% Target",Marketing,E0018,"Manoj Kumar",42.67,">= 70% Target Achievement",High,"Review employee sales pipeline, customer coverage and recovery plan."
"Sales Below 70% Target",Marketing,E0011,"Rohit Singh",42.08,">= 70% Target Achievement",High,"Review employee sales pipeline, customer coverage and recovery plan."
"Sales Below 70% Target","Customer Support",E0006,"Anitha Nair",42.02,">= 70% Target Achievement",High,"Review employee sales pipeline, customer coverage and recovery plan."
"Sales Below 70% Target","Customer Support",E0014,"Surya Rao",41.77,">= 70% Target Achievement",High,"Review employee sales pipeline, customer coverage and recovery plan."
"Sales Below 70% Target",Sales,E0025,"Unmapped Employee",41.20,">= 70% Target Achievement",High,"Review employee sales pipeline, customer coverage and recovery plan."
"Sales Below 70% Target",Marketing,E0013,"Kavya Rao",40.96,">= 70% Target Achievement",High,"Review employee sales pipeline, customer coverage and recovery plan."
"Sales Below 70% Target",Procurement,E0004,"Surya Singh",39.52,">= 70% Target Achievement",High,"Review employee sales pipeline, customer coverage and recovery plan."
"Sales Below 70% Target",Sales,E0019,"Unmapped Employee",39.27,">= 70% Target Achievement",High,"Review employee sales pipeline, customer coverage and recovery plan."
"Sales Below 70% Target","Customer Support",E0007,"Rohit Sharma",39.26,">= 70% Target Achievement",High,"Review employee sales pipeline, customer coverage and recovery plan."
"Sales Below 70% Target",Operations,E0033,"Rahul Patel",38.84,">= 70% Target Achievement",High,"Review employee sales pipeline, customer coverage and recovery plan."
"Sales Below 70% Target",Marketing,E0023,"Nisha Rao",38.83,">= 70% Target Achievement",High,"Review employee sales pipeline, customer coverage and recovery plan."
"Sales Below 70% Target","Customer Support",E0007,"Rohit Sharma",38.64,">= 70% Target Achievement",High,"Review employee sales pipeline, customer coverage and recovery plan."
"Sales Below 70% Target",Sales,E0024,"Meena Patel",38.05,">= 70% Target Achievement",High,"Review employee sales pipeline, customer coverage and recovery plan."
"Sales Below 70% Target",Operations,E0033,"Rahul Patel",37.68,">= 70% Target Achievement",High,"Review employee sales pipeline, customer coverage and recovery plan."
"Sales Below 70% Target",Sales,E0040,"Lakshmi Iyer",37.08,">= 70% Target Achievement",High,"Review employee sales pipeline, customer coverage and recovery plan."
"Sales Below 70% Target","Customer Support",E0038,"Arun Das",36.37,">= 70% Target Achievement",High,"Review employee sales pipeline, customer coverage and recovery plan."
"Sales Below 70% Target",Marketing,E0011,"Rohit Singh",36.10,">= 70% Target Achievement",High,"Review employee sales pipeline, customer coverage and recovery plan."
"Sales Below 70% Target",Finance,E0022,"Kavya Iyer",35.95,">= 70% Target Achievement",High,"Review employee sales pipeline, customer coverage and recovery plan."
"Sales Below 70% Target",Marketing,E0011,"Rohit Singh",35.71,">= 70% Target Achievement",High,"Review employee sales pipeline, customer coverage and recovery plan."
"Sales Below 70% Target",Procurement,E0004,"Surya Singh",35.19,">= 70% Target Achievement",High,"Review employee sales pipeline, customer coverage and recovery plan."
"Sales Below 70% Target","Customer Support",E0014,"Surya Rao",33.74,">= 70% Target Achievement",High,"Review employee sales pipeline, customer coverage and recovery plan."
"Sales Below 70% Target","Customer Support",E0035,"Sneha Sharma",33.56,">= 70% Target Achievement",High,"Review employee sales pipeline, customer coverage and recovery plan."
"Sales Below 70% Target","Customer Support",E0007,"Rohit Sharma",33.36,">= 70% Target Achievement",High,"Review employee sales pipeline, customer coverage and recovery plan."
"Sales Below 70% Target","Customer Support",E0010,"Ajay Sharma",33.17,">= 70% Target Achievement",High,"Review employee sales pipeline, customer coverage and recovery plan."
"Sales Below 70% Target",Warehouse,E0028,"Pooja Rao",32.97,">= 70% Target Achievement",High,"Review employee sales pipeline, customer coverage and recovery plan."
"Sales Below 70% Target",Sales,E0040,"Lakshmi Iyer",32.95,">= 70% Target Achievement",High,"Review employee sales pipeline, customer coverage and recovery plan."
"Sales Below 70% Target","Customer Support",E0038,"Arun Das",32.56,">= 70% Target Achievement",High,"Review employee sales pipeline, customer coverage and recovery plan."
"Sales Below 70% Target",Warehouse,E0020,"Lakshmi Nair",32.55,">= 70% Target Achievement",High,"Review employee sales pipeline, customer coverage and recovery plan."
"Sales Below 70% Target",Sales,E0032,"Sneha Rao",32.54,">= 70% Target Achievement",High,"Review employee sales pipeline, customer coverage and recovery plan."
"Sales Below 70% Target",Finance,E0030,"Ajay Das",32.12,">= 70% Target Achievement",High,"Review employee sales pipeline, customer coverage and recovery plan."
"Sales Below 70% Target",Finance,E0001,"Arun Singh",31.92,">= 70% Target Achievement",High,"Review employee sales pipeline, customer coverage and recovery plan."
"Sales Below 70% Target","Customer Support",E0016,"Rohit Rao",31.11,">= 70% Target Achievement",High,"Review employee sales pipeline, customer coverage and recovery plan."
"Sales Below 70% Target",Sales,E0021,"Meena Gupta",30.18,">= 70% Target Achievement",High,"Review employee sales pipeline, customer coverage and recovery plan."
"Sales Below 70% Target",Procurement,E0017,"Asha Singh",30.09,">= 70% Target Achievement",High,"Review employee sales pipeline, customer coverage and recovery plan."
"Sales Below 70% Target","Customer Support",E0007,"Rohit Sharma",30.06,">= 70% Target Achievement",High,"Review employee sales pipeline, customer coverage and recovery plan."
"Sales Below 70% Target",Warehouse,E0034,"Karthik Gupta",28.53,">= 70% Target Achievement",High,"Review employee sales pipeline, customer coverage and recovery plan."
"Sales Below 70% Target",Sales,E0019,"Unmapped Employee",28.47,">= 70% Target Achievement",High,"Review employee sales pipeline, customer coverage and recovery plan."
"Sales Below 70% Target",Sales,E0032,"Sneha Rao",28.46,">= 70% Target Achievement",High,"Review employee sales pipeline, customer coverage and recovery plan."
"Sales Below 70% Target",Marketing,E0003,"Asha Patel",28.01,">= 70% Target Achievement",High,"Review employee sales pipeline, customer coverage and recovery plan."
"Sales Below 70% Target",Sales,E0021,"Meena Gupta",27.83,">= 70% Target Achievement",High,"Review employee sales pipeline, customer coverage and recovery plan."
"Sales Below 70% Target",Finance,E0001,"Arun Singh",27.52,">= 70% Target Achievement",High,"Review employee sales pipeline, customer coverage and recovery plan."
"Sales Below 70% Target",Finance,E0030,"Ajay Das",26.16,">= 70% Target Achievement",High,"Review employee sales pipeline, customer coverage and recovery plan."
"Sales Below 70% Target",Marketing,E0018,"Manoj Kumar",26.16,">= 70% Target Achievement",High,"Review employee sales pipeline, customer coverage and recovery plan."
"Sales Below 70% Target",Finance,E0031,"Priya Patel",26.05,">= 70% Target Achievement",High,"Review employee sales pipeline, customer coverage and recovery plan."
"Sales Below 70% Target",Procurement,E0017,"Asha Singh",25.25,">= 70% Target Achievement",High,"Review employee sales pipeline, customer coverage and recovery plan."
"Sales Below 70% Target",Sales,E0039,"Rahul Nair",25.06,">= 70% Target Achievement",High,"Review employee sales pipeline, customer coverage and recovery plan."
"Sales Below 70% Target",Marketing,E0018,"Manoj Kumar",25.00,">= 70% Target Achievement",High,"Review employee sales pipeline, customer coverage and recovery plan."
"Sales Below 70% Target","Customer Support",E0014,"Surya Rao",24.76,">= 70% Target Achievement",High,"Review employee sales pipeline, customer coverage and recovery plan."
"Sales Below 70% Target",Warehouse,E0034,"Karthik Gupta",24.75,">= 70% Target Achievement",High,"Review employee sales pipeline, customer coverage and recovery plan."
"Sales Below 70% Target",Operations,E0041,"Asha Reddy",24.43,">= 70% Target Achievement",High,"Review employee sales pipeline, customer coverage and recovery plan."
"Sales Below 70% Target",Sales,E0021,"Meena Gupta",24.25,">= 70% Target Achievement",High,"Review employee sales pipeline, customer coverage and recovery plan."
"Sales Below 70% Target",Warehouse,E0020,"Lakshmi Nair",23.93,">= 70% Target Achievement",High,"Review employee sales pipeline, customer coverage and recovery plan."
"Sales Below 70% Target",Procurement,E0015,"Priya Kumar",23.28,">= 70% Target Achievement",High,"Review employee sales pipeline, customer coverage and recovery plan."
"Sales Below 70% Target","Customer Support",E0007,"Rohit Sharma",23.22,">= 70% Target Achievement",High,"Review employee sales pipeline, customer coverage and recovery plan."
"Sales Below 70% Target",Marketing,E0023,"Nisha Rao",22.91,">= 70% Target Achievement",High,"Review employee sales pipeline, customer coverage and recovery plan."
"Sales Below 70% Target",Marketing,E0011,"Rohit Singh",22.04,">= 70% Target Achievement",High,"Review employee sales pipeline, customer coverage and recovery plan."
"Sales Below 70% Target",Finance,E0031,"Priya Patel",22.03,">= 70% Target Achievement",High,"Review employee sales pipeline, customer coverage and recovery plan."
"Sales Below 70% Target",Finance,E0022,"Kavya Iyer",21.28,">= 70% Target Achievement",High,"Review employee sales pipeline, customer coverage and recovery plan."
"Sales Below 70% Target","Customer Support",E0035,"Sneha Sharma",21.26,">= 70% Target Achievement",High,"Review employee sales pipeline, customer coverage and recovery plan."
"Sales Below 70% Target",Finance,E0029,"Divya Patel",20.96,">= 70% Target Achievement",High,"Review employee sales pipeline, customer coverage and recovery plan."
"Sales Below 70% Target","Customer Support",E0038,"Arun Das",20.79,">= 70% Target Achievement",High,"Review employee sales pipeline, customer coverage and recovery plan."
"Sales Below 70% Target",Warehouse,E0034,"Karthik Gupta",20.39,">= 70% Target Achievement",High,"Review employee sales pipeline, customer coverage and recovery plan."
"Sales Below 70% Target","Customer Support",E0016,"Rohit Rao",20.04,">= 70% Target Achievement",High,"Review employee sales pipeline, customer coverage and recovery plan."
"Sales Below 70% Target",Operations,E0037,"Sanjay Patel",19.69,">= 70% Target Achievement",High,"Review employee sales pipeline, customer coverage and recovery plan."
"Sales Below 70% Target","Customer Support",E0016,"Rohit Rao",19.26,">= 70% Target Achievement",High,"Review employee sales pipeline, customer coverage and recovery plan."
"Sales Below 70% Target",Operations,E0041,"Asha Reddy",18.84,">= 70% Target Achievement",High,"Review employee sales pipeline, customer coverage and recovery plan."
"Sales Below 70% Target",Marketing,E0003,"Asha Patel",18.10,">= 70% Target Achievement",High,"Review employee sales pipeline, customer coverage and recovery plan."
"Sales Below 70% Target",Sales,E0019,"Unmapped Employee",17.94,">= 70% Target Achievement",High,"Review employee sales pipeline, customer coverage and recovery plan."
"Sales Below 70% Target",Sales,E0039,"Rahul Nair",17.39,">= 70% Target Achievement",High,"Review employee sales pipeline, customer coverage and recovery plan."
"Sales Below 70% Target","Customer Support",E0016,"Rohit Rao",15.67,">= 70% Target Achievement",High,"Review employee sales pipeline, customer coverage and recovery plan."
"Sales Below 70% Target",Procurement,E0015,"Priya Kumar",15.24,">= 70% Target Achievement",High,"Review employee sales pipeline, customer coverage and recovery plan."
"Sales Below 70% Target",Sales,E0040,"Lakshmi Iyer",15.10,">= 70% Target Achievement",High,"Review employee sales pipeline, customer coverage and recovery plan."
"Sales Below 70% Target",Operations,E0033,"Rahul Patel",15.01,">= 70% Target Achievement",High,"Review employee sales pipeline, customer coverage and recovery plan."
"Sales Below 70% Target",Sales,E0024,"Meena Patel",14.31,">= 70% Target Achievement",High,"Review employee sales pipeline, customer coverage and recovery plan."
"Sales Below 70% Target",Warehouse,E0012,"Karthik Nair",14.00,">= 70% Target Achievement",High,"Review employee sales pipeline, customer coverage and recovery plan."
"Sales Below 70% Target","Customer Support",E0010,"Ajay Sharma",11.98,">= 70% Target Achievement",High,"Review employee sales pipeline, customer coverage and recovery plan."
"Sales Below 70% Target",Sales,E0036,"Surya Gupta",10.45,">= 70% Target Achievement",High,"Review employee sales pipeline, customer coverage and recovery plan."
"Sales Below 70% Target",Sales,E0040,"Lakshmi Iyer",10.32,">= 70% Target Achievement",High,"Review employee sales pipeline, customer coverage and recovery plan."
"Sales Below 70% Target",Sales,E0025,"Unmapped Employee",9.18,">= 70% Target Achievement",High,"Review employee sales pipeline, customer coverage and recovery plan."
"Sales Below 70% Target",Procurement,E0005,"Rahul Patel",9.16,">= 70% Target Achievement",High,"Review employee sales pipeline, customer coverage and recovery plan."
"Sales Below 70% Target",Finance,E0030,"Ajay Das",8.82,">= 70% Target Achievement",High,"Review employee sales pipeline, customer coverage and recovery plan."
"Sales Below 70% Target",Warehouse,E0012,"Karthik Nair",8.28,">= 70% Target Achievement",High,"Review employee sales pipeline, customer coverage and recovery plan."
"Sales Below 70% Target","Customer Support",E0010,"Ajay Sharma",7.26,">= 70% Target Achievement",High,"Review employee sales pipeline, customer coverage and recovery plan."
"Sales Below 70% Target",Warehouse,E0034,"Karthik Gupta",6.26,">= 70% Target Achievement",High,"Review employee sales pipeline, customer coverage and recovery plan."
"Sales Below 70% Target",Finance,E0031,"Priya Patel",6.17,">= 70% Target Achievement",High,"Review employee sales pipeline, customer coverage and recovery plan."
"Sales Below 70% Target",Marketing,E0023,"Nisha Rao",5.88,">= 70% Target Achievement",High,"Review employee sales pipeline, customer coverage and recovery plan."
"Sales Below 70% Target","Customer Support",E0016,"Rohit Rao",5.63,">= 70% Target Achievement",High,"Review employee sales pipeline, customer coverage and recovery plan."
"Sales Below 70% Target",Warehouse,E0028,"Pooja Rao",5.46,">= 70% Target Achievement",High,"Review employee sales pipeline, customer coverage and recovery plan."
"Sales Below 70% Target",Warehouse,E0012,"Karthik Nair",5.15,">= 70% Target Achievement",High,"Review employee sales pipeline, customer coverage and recovery plan."
"Sales Below 70% Target",Sales,E0024,"Meena Patel",4.94,">= 70% Target Achievement",High,"Review employee sales pipeline, customer coverage and recovery plan."
"Sales Below 70% Target",Finance,E0022,"Kavya Iyer",3.79,">= 70% Target Achievement",High,"Review employee sales pipeline, customer coverage and recovery plan."
"Sales Below 70% Target",Marketing,E0018,"Manoj Kumar",3.78,">= 70% Target Achievement",High,"Review employee sales pipeline, customer coverage and recovery plan."
"Sales Below 70% Target",Marketing,E0003,"Asha Patel",3.30,">= 70% Target Achievement",High,"Review employee sales pipeline, customer coverage and recovery plan."
"Sales Below 70% Target","Customer Support",E0007,"Rohit Sharma",3.10,">= 70% Target Achievement",High,"Review employee sales pipeline, customer coverage and recovery plan."
"Sales Below 70% Target",Marketing,E0003,"Asha Patel",1.22,">= 70% Target Achievement",High,"Review employee sales pipeline, customer coverage and recovery plan."
"Sales Below 70% Target",Sales,E0025,"Unmapped Employee",1.20,">= 70% Target Achievement",High,"Review employee sales pipeline, customer coverage and recovery plan."
"Sales Below 70% Target",Procurement,E0005,"Rahul Patel",1.11,">= 70% Target Achievement",High,"Review employee sales pipeline, customer coverage and recovery plan."
"Sales Below 70% Target",Procurement,E0004,"Surya Singh",0.72,">= 70% Target Achievement",High,"Review employee sales pipeline, customer coverage and recovery plan."
"Sales Below 70% Target",Operations,E0041,"Asha Reddy",0.00,">= 70% Target Achievement",High,"Review employee sales pipeline, customer coverage and recovery plan."
"Sales Below 70% Target",Marketing,E0011,"Rohit Singh",0.00,">= 70% Target Achievement",High,"Review employee sales pipeline, customer coverage and recovery plan."
"Sales Below 70% Target",Sales,E0039,"Rahul Nair",0.00,">= 70% Target Achievement",High,"Review employee sales pipeline, customer coverage and recovery plan."
"Sales Below 70% Target",Warehouse,E0028,"Pooja Rao",0.00,">= 70% Target Achievement",High,"Review employee sales pipeline, customer coverage and recovery plan."
"Sales Below 70% Target",Sales,E0021,"Meena Gupta",0.00,">= 70% Target Achievement",High,"Review employee sales pipeline, customer coverage and recovery plan."
"Sales Below 70% Target",Sales,E0024,"Meena Patel",0.00,">= 70% Target Achievement",High,"Review employee sales pipeline, customer coverage and recovery plan."
"Sales Below 70% Target",Procurement,E0015,"Priya Kumar",0.00,">= 70% Target Achievement",High,"Review employee sales pipeline, customer coverage and recovery plan."
"Sales Below 70% Target",Procurement,E0015,"Priya Kumar",0.00,">= 70% Target Achievement",High,"Review employee sales pipeline, customer coverage and recovery plan."
"Sales Below 70% Target",Procurement,E0017,"Asha Singh",0.00,">= 70% Target Achievement",High,"Review employee sales pipeline, customer coverage and recovery plan."
"Sales Below 70% Target","Customer Support",E0006,"Anitha Nair",0.00,">= 70% Target Achievement",High,"Review employee sales pipeline, customer coverage and recovery plan."
"Sales Below 70% Target",Procurement,E0027,"Meena Das",0.00,">= 70% Target Achievement",High,"Review employee sales pipeline, customer coverage and recovery plan."
"Sales Below 70% Target",Warehouse,E0020,"Lakshmi Nair",0.00,">= 70% Target Achievement",High,"Review employee sales pipeline, customer coverage and recovery plan."
"Sales Below 70% Target",Operations,E0033,"Rahul Patel",0.00,">= 70% Target Achievement",High,"Review employee sales pipeline, customer coverage and recovery plan."
"Sales Below 70% Target",Finance,E0026,"Priya Iyer",0.00,">= 70% Target Achievement",High,"Review employee sales pipeline, customer coverage and recovery plan."
"Sales Below 70% Target",Operations,E0037,"Sanjay Patel",0.00,">= 70% Target Achievement",High,"Review employee sales pipeline, customer coverage and recovery plan."
"Sales Below 70% Target",Operations,E0033,"Rahul Patel",0.00,">= 70% Target Achievement",High,"Review employee sales pipeline, customer coverage and recovery plan."
"Sales Below 70% Target",Marketing,E0011,"Rohit Singh",0.00,">= 70% Target Achievement",High,"Review employee sales pipeline, customer coverage and recovery plan."
"Sales Below 70% Target","Customer Support",E0038,"Arun Das",0.00,">= 70% Target Achievement",High,"Review employee sales pipeline, customer coverage and recovery plan."
"Sales Below 70% Target",Procurement,E0005,"Rahul Patel",0.00,">= 70% Target Achievement",High,"Review employee sales pipeline, customer coverage and recovery plan."
"Sales Below 70% Target",Finance,E0026,"Priya Iyer",0.00,">= 70% Target Achievement",High,"Review employee sales pipeline, customer coverage and recovery plan."
"Sales Below 70% Target",Procurement,E0005,"Rahul Patel",0.00,">= 70% Target Achievement",High,"Review employee sales pipeline, customer coverage and recovery plan."
"Sales Below 70% Target","Customer Support",E0010,"Ajay Sharma",0.00,">= 70% Target Achievement",High,"Review employee sales pipeline, customer coverage and recovery plan."
"Sales Below 70% Target",Procurement,E0017,"Asha Singh",0.00,">= 70% Target Achievement",High,"Review employee sales pipeline, customer coverage and recovery plan."
"Sales Below 70% Target",Finance,E0030,"Ajay Das",0.00,">= 70% Target Achievement",High,"Review employee sales pipeline, customer coverage and recovery plan."
"Sales Below 70% Target",Warehouse,E0012,"Karthik Nair",0.00,">= 70% Target Achievement",High,"Review employee sales pipeline, customer coverage and recovery plan."
"Sales Below 70% Target",Procurement,E0027,"Meena Das",0.00,">= 70% Target Achievement",High,"Review employee sales pipeline, customer coverage and recovery plan."
"Sales Below 70% Target",Marketing,E0013,"Kavya Rao",0.00,">= 70% Target Achievement",High,"Review employee sales pipeline, customer coverage and recovery plan."
"Supplier SLA Below 80%",Procurement,S044,"Supplier 44",35.00,">= 80% On-Time Delivery",High,"Review supplier delivery performance and initiate SLA improvement plan."
"Supplier SLA Below 80%",Procurement,S020,"Supplier 20",30.77,">= 80% On-Time Delivery",High,"Review supplier delivery performance and initiate SLA improvement plan."
"Supplier SLA Below 80%",Procurement,S004,"Supplier 04",30.77,">= 80% On-Time Delivery",High,"Review supplier delivery performance and initiate SLA improvement plan."
"Supplier SLA Below 80%",Procurement,S030,"Supplier 30",27.87,">= 80% On-Time Delivery",High,"Review supplier delivery performance and initiate SLA improvement plan."
"Supplier SLA Below 80%",Procurement,S036,"Supplier 36",26.47,">= 80% On-Time Delivery",High,"Review supplier delivery performance and initiate SLA improvement plan."
"Supplier SLA Below 80%",Procurement,S018,"Supplier 18",26.32,">= 80% On-Time Delivery",High,"Review supplier delivery performance and initiate SLA improvement plan."
"Supplier SLA Below 80%",Procurement,S027,"Supplier 27",25.00,">= 80% On-Time Delivery",High,"Review supplier delivery performance and initiate SLA improvement plan."
"Supplier SLA Below 80%",Procurement,S050,"Supplier 50",25.00,">= 80% On-Time Delivery",High,"Review supplier delivery performance and initiate SLA improvement plan."
"Supplier SLA Below 80%",Procurement,S048,"Supplier 48",25.00,">= 80% On-Time Delivery",High,"Review supplier delivery performance and initiate SLA improvement plan."
"Supplier SLA Below 80%",Procurement,S022,"Supplier 22",24.44,">= 80% On-Time Delivery",High,"Review supplier delivery performance and initiate SLA improvement plan."
"Supplier SLA Below 80%",Procurement,S028,"Supplier 28",24.14,">= 80% On-Time Delivery",High,"Review supplier delivery performance and initiate SLA improvement plan."
"Supplier SLA Below 80%",Procurement,S019,"Supplier 19",22.73,">= 80% On-Time Delivery",High,"Review supplier delivery performance and initiate SLA improvement plan."
"Supplier SLA Below 80%",Procurement,S049,"Supplier 49",22.22,">= 80% On-Time Delivery",High,"Review supplier delivery performance and initiate SLA improvement plan."
"Supplier SLA Below 80%",Procurement,S031,"Supplier 31",22.00,">= 80% On-Time Delivery",High,"Review supplier delivery performance and initiate SLA improvement plan."
"Supplier SLA Below 80%",Procurement,S014,"Supplier 14",21.88,">= 80% On-Time Delivery",High,"Review supplier delivery performance and initiate SLA improvement plan."
"Supplier SLA Below 80%",Procurement,S009,"Supplier 09",21.62,">= 80% On-Time Delivery",High,"Review supplier delivery performance and initiate SLA improvement plan."
"Supplier SLA Below 80%",Procurement,S006,"Supplier 06",20.83,">= 80% On-Time Delivery",High,"Review supplier delivery performance and initiate SLA improvement plan."
"Supplier SLA Below 80%",Procurement,S038,"Supplier 38",20.59,">= 80% On-Time Delivery",High,"Review supplier delivery performance and initiate SLA improvement plan."
"Supplier SLA Below 80%",Procurement,S010,"Supplier 10",20.00,">= 80% On-Time Delivery",High,"Review supplier delivery performance and initiate SLA improvement plan."
"Supplier SLA Below 80%",Procurement,S034,"Supplier 34",20.00,">= 80% On-Time Delivery",High,"Review supplier delivery performance and initiate SLA improvement plan."
"Supplier SLA Below 80%",Procurement,S016,"Supplier 16",18.75,">= 80% On-Time Delivery",High,"Review supplier delivery performance and initiate SLA improvement plan."
"Supplier SLA Below 80%",Procurement,S021,"Supplier 21",18.75,">= 80% On-Time Delivery",High,"Review supplier delivery performance and initiate SLA improvement plan."
"Supplier SLA Below 80%",Procurement,S005,"Supplier 05",17.65,">= 80% On-Time Delivery",High,"Review supplier delivery performance and initiate SLA improvement plan."
"Supplier SLA Below 80%",Procurement,S035,"Supplier 35",17.65,">= 80% On-Time Delivery",High,"Review supplier delivery performance and initiate SLA improvement plan."
"Supplier SLA Below 80%",Procurement,S026,"Supplier 26",17.24,">= 80% On-Time Delivery",High,"Review supplier delivery performance and initiate SLA improvement plan."
"Supplier SLA Below 80%",Procurement,S025,"Supplier 25",16.67,">= 80% On-Time Delivery",High,"Review supplier delivery performance and initiate SLA improvement plan."
"Supplier SLA Below 80%",Procurement,S046,"Supplier 46",16.67,">= 80% On-Time Delivery",High,"Review supplier delivery performance and initiate SLA improvement plan."
"Supplier SLA Below 80%",Procurement,S017,"Supplier 17",16.67,">= 80% On-Time Delivery",High,"Review supplier delivery performance and initiate SLA improvement plan."
"Supplier SLA Below 80%",Procurement,S037,"Supplier 37",16.13,">= 80% On-Time Delivery",High,"Review supplier delivery performance and initiate SLA improvement plan."
"Supplier SLA Below 80%",Procurement,S012,"Supplier 12",16.00,">= 80% On-Time Delivery",High,"Review supplier delivery performance and initiate SLA improvement plan."
"Supplier SLA Below 80%",Procurement,S032,"Supplier 32",15.38,">= 80% On-Time Delivery",High,"Review supplier delivery performance and initiate SLA improvement plan."
"Supplier SLA Below 80%",Procurement,S040,"Supplier 40",15.00,">= 80% On-Time Delivery",High,"Review supplier delivery performance and initiate SLA improvement plan."
"Supplier SLA Below 80%",Procurement,S045,"Supplier 45",15.00,">= 80% On-Time Delivery",High,"Review supplier delivery performance and initiate SLA improvement plan."
"Supplier SLA Below 80%",Procurement,S024,"Supplier 24",14.58,">= 80% On-Time Delivery",High,"Review supplier delivery performance and initiate SLA improvement plan."
"Supplier SLA Below 80%",Procurement,S033,"Supplier 33",14.29,">= 80% On-Time Delivery",High,"Review supplier delivery performance and initiate SLA improvement plan."
"Supplier SLA Below 80%",Procurement,S029,"Supplier 29",13.64,">= 80% On-Time Delivery",High,"Review supplier delivery performance and initiate SLA improvement plan."
"Supplier SLA Below 80%",Procurement,S023,"Supplier 23",13.33,">= 80% On-Time Delivery",High,"Review supplier delivery performance and initiate SLA improvement plan."
"Supplier SLA Below 80%",Procurement,S013,"Supplier 13",13.21,">= 80% On-Time Delivery",High,"Review supplier delivery performance and initiate SLA improvement plan."
"Supplier SLA Below 80%",Procurement,S008,"Supplier 08",12.50,">= 80% On-Time Delivery",High,"Review supplier delivery performance and initiate SLA improvement plan."
"Supplier SLA Below 80%",Procurement,S047,"Supplier 47",11.76,">= 80% On-Time Delivery",High,"Review supplier delivery performance and initiate SLA improvement plan."
"Supplier SLA Below 80%",Procurement,S011,"Supplier 11",11.76,">= 80% On-Time Delivery",High,"Review supplier delivery performance and initiate SLA improvement plan."
"Supplier SLA Below 80%",Procurement,S041,"Supplier 41",8.70,">= 80% On-Time Delivery",High,"Review supplier delivery performance and initiate SLA improvement plan."
"Supplier SLA Below 80%",Procurement,S043,"Supplier 43",8.33,">= 80% On-Time Delivery",High,"Review supplier delivery performance and initiate SLA improvement plan."
"Supplier SLA Below 80%",Procurement,S003,"Supplier 03",6.67,">= 80% On-Time Delivery",High,"Review supplier delivery performance and initiate SLA improvement plan."
"Supplier SLA Below 80%",Procurement,S039,"Supplier 39",3.57,">= 80% On-Time Delivery",High,"Review supplier delivery performance and initiate SLA improvement plan."
"Supplier SLA Below 80%",Procurement,S001,"Supplier 01",0.00,">= 80% On-Time Delivery",High,"Review supplier delivery performance and initiate SLA improvement plan."
"Employee Attendance Below 85%",Warehouse,E0009,"Rohit Singh",84.85,">= 85% Attendance",Medium,"Review absenteeism, leave pattern and employee attendance improvement plan."
"Employee Attendance Below 85%",Procurement,E0015,"Priya Kumar",84.85,">= 85% Attendance",Medium,"Review absenteeism, leave pattern and employee attendance improvement plan."
"Employee Attendance Below 85%",Marketing,E0018,"Manoj Kumar",84.85,">= 85% Attendance",Medium,"Review absenteeism, leave pattern and employee attendance improvement plan."
"Employee Attendance Below 85%",Finance,E0075,"Arun Patel",84.85,">= 85% Attendance",Medium,"Review absenteeism, leave pattern and employee attendance improvement plan."
"Employee Attendance Below 85%",Sales,E0078,"Surya Patel",84.85,">= 85% Attendance",Medium,"Review absenteeism, leave pattern and employee attendance improvement plan."
"Employee Attendance Below 85%",Operations,E0082,"Pooja Gupta",84.85,">= 85% Attendance",Medium,"Review absenteeism, leave pattern and employee attendance improvement plan."
"Employee Attendance Below 85%",Warehouse,E0061,"Rohit Das",83.33,">= 85% Attendance",Medium,"Review absenteeism, leave pattern and employee attendance improvement plan."
"Employee Attendance Below 85%",Warehouse,E0034,"Karthik Gupta",83.33,">= 85% Attendance",Medium,"Review absenteeism, leave pattern and employee attendance improvement plan."
"Employee Attendance Below 85%",Finance,E0063,"Divya Das",83.33,">= 85% Attendance",Medium,"Review absenteeism, leave pattern and employee attendance improvement plan."
"Employee Attendance Below 85%",Marketing,E0065,"Deepak Das",83.33,">= 85% Attendance",Medium,"Review absenteeism, leave pattern and employee attendance improvement plan."
"Employee Attendance Below 85%","Customer Support",E0016,"Rohit Rao",83.33,">= 85% Attendance",Medium,"Review absenteeism, leave pattern and employee attendance improvement plan."
"Employee Attendance Below 85%",Finance,E0049,"Nisha Patel",83.33,">= 85% Attendance",Medium,"Review absenteeism, leave pattern and employee attendance improvement plan."
"Employee Attendance Below 85%",Operations,E0050,"Priya Singh",83.33,">= 85% Attendance",Medium,"Review absenteeism, leave pattern and employee attendance improvement plan."
"Employee Attendance Below 85%",Sales,E0039,"Rahul Nair",83.33,">= 85% Attendance",Medium,"Review absenteeism, leave pattern and employee attendance improvement plan."
"Employee Attendance Below 85%",Sales,E0067,"Rahul Patel",81.82,">= 85% Attendance",Medium,"Review absenteeism, leave pattern and employee attendance improvement plan."
"Employee Attendance Below 85%",Marketing,E0053,"Ajay Kumar",81.82,">= 85% Attendance",Medium,"Review absenteeism, leave pattern and employee attendance improvement plan."
"Employee Attendance Below 85%",Finance,E0072,"Priya Rao",81.82,">= 85% Attendance",Medium,"Review absenteeism, leave pattern and employee attendance improvement plan."
"Employee Attendance Below 85%",Finance,E0057,"Nisha Singh",81.82,">= 85% Attendance",Medium,"Review absenteeism, leave pattern and employee attendance improvement plan."
"Employee Attendance Below 85%",Finance,E0071,"Sneha Das",81.82,">= 85% Attendance",Medium,"Review absenteeism, leave pattern and employee attendance improvement plan."
"Employee Attendance Below 85%",Procurement,E0068,"Karthik Patel",81.82,">= 85% Attendance",Medium,"Review absenteeism, leave pattern and employee attendance improvement plan."
"Employee Attendance Below 85%",Sales,E0092,"Ajay Kumar",81.82,">= 85% Attendance",Medium,"Review absenteeism, leave pattern and employee attendance improvement plan."
"Employee Attendance Below 85%",Finance,E0001,"Arun Singh",81.54,">= 85% Attendance",Medium,"Review absenteeism, leave pattern and employee attendance improvement plan."
"Employee Attendance Below 85%",Sales,E0054,"Anitha Rao",80.30,">= 85% Attendance",Medium,"Review absenteeism, leave pattern and employee attendance improvement plan."
"Employee Attendance Below 85%",Operations,E0051,"Arun Sharma",80.30,">= 85% Attendance",Medium,"Review absenteeism, leave pattern and employee attendance improvement plan."
"Employee Attendance Below 85%","Customer Support",E0006,"Anitha Nair",80.30,">= 85% Attendance",Medium,"Review absenteeism, leave pattern and employee attendance improvement plan."
"Employee Attendance Below 85%",Sales,E0036,"Surya Gupta",80.30,">= 85% Attendance",Medium,"Review absenteeism, leave pattern and employee attendance improvement plan."
"Employee Attendance Below 85%",Sales,E0040,"Lakshmi Iyer",80.30,">= 85% Attendance",Medium,"Review absenteeism, leave pattern and employee attendance improvement plan."
"Employee Attendance Below 85%",Warehouse,E0048,"Sneha Sharma",80.30,">= 85% Attendance",Medium,"Review absenteeism, leave pattern and employee attendance improvement plan."
"Employee Attendance Below 85%","Customer Support",E0014,"Surya Rao",80.30,">= 85% Attendance",Medium,"Review absenteeism, leave pattern and employee attendance improvement plan."
"Employee Attendance Below 85%",Finance,E0091,"Vijay Singh",80.30,">= 85% Attendance",Medium,"Review absenteeism, leave pattern and employee attendance improvement plan."
"Employee Attendance Below 85%",Warehouse,E0087,"Nisha Patel",80.30,">= 85% Attendance",Medium,"Review absenteeism, leave pattern and employee attendance improvement plan."
"Employee Attendance Below 85%",Finance,E0099,"Nisha Kumar",78.79,">= 85% Attendance",Medium,"Review absenteeism, leave pattern and employee attendance improvement plan."
"Employee Attendance Below 85%",Procurement,E0097,"Lakshmi Sharma",78.79,">= 85% Attendance",Medium,"Review absenteeism, leave pattern and employee attendance improvement plan."
"Employee Attendance Below 85%",Finance,E0064,"Asha Das",78.79,">= 85% Attendance",Medium,"Review absenteeism, leave pattern and employee attendance improvement plan."
"Employee Attendance Below 85%",Warehouse,E0028,"Pooja Rao",78.79,">= 85% Attendance",Medium,"Review absenteeism, leave pattern and employee attendance improvement plan."
"Employee Attendance Below 85%",Warehouse,E0020,"Lakshmi Nair",78.79,">= 85% Attendance",Medium,"Review absenteeism, leave pattern and employee attendance improvement plan."
"Employee Attendance Below 85%","Customer Support",E0007,"Rohit Sharma",78.79,">= 85% Attendance",Medium,"Review absenteeism, leave pattern and employee attendance improvement plan."
"Employee Attendance Below 85%",Operations,E0042,"Deepak Das",78.79,">= 85% Attendance",Medium,"Review absenteeism, leave pattern and employee attendance improvement plan."
"Employee Attendance Below 85%",Finance,E0029,"Divya Patel",78.79,">= 85% Attendance",Medium,"Review absenteeism, leave pattern and employee attendance improvement plan."
"Employee Attendance Below 85%",Operations,E0033,"Rahul Patel",78.79,">= 85% Attendance",Medium,"Review absenteeism, leave pattern and employee attendance improvement plan."
"Employee Attendance Below 85%",Operations,E0070,"Kavya Patel",78.79,">= 85% Attendance",Medium,"Review absenteeism, leave pattern and employee attendance improvement plan."
"Employee Attendance Below 85%",Marketing,E0023,"Nisha Rao",78.79,">= 85% Attendance",Medium,"Review absenteeism, leave pattern and employee attendance improvement plan."
"Employee Attendance Below 85%",Sales,E0074,"Priya Das",78.79,">= 85% Attendance",Medium,"Review absenteeism, leave pattern and employee attendance improvement plan."
"Employee Attendance Below 85%",Warehouse,E0012,"Karthik Nair",78.79,">= 85% Attendance",Medium,"Review absenteeism, leave pattern and employee attendance improvement plan."
"Employee Attendance Below 85%",Marketing,E0013,"Kavya Rao",78.79,">= 85% Attendance",Medium,"Review absenteeism, leave pattern and employee attendance improvement plan."
"Employee Attendance Below 85%",Sales,E0080,"Pooja Das",78.79,">= 85% Attendance",Medium,"Review absenteeism, leave pattern and employee attendance improvement plan."
"Employee Attendance Below 85%",Procurement,E0004,"Surya Singh",77.27,">= 85% Attendance",Medium,"Review absenteeism, leave pattern and employee attendance improvement plan."
"Employee Attendance Below 85%",Procurement,E0062,"Meena Reddy",77.27,">= 85% Attendance",Medium,"Review absenteeism, leave pattern and employee attendance improvement plan."
"Employee Attendance Below 85%",Sales,E0032,"Sneha Rao",77.27,">= 85% Attendance",Medium,"Review absenteeism, leave pattern and employee attendance improvement plan."
"Employee Attendance Below 85%",Finance,E0031,"Priya Patel",77.27,">= 85% Attendance",Medium,"Review absenteeism, leave pattern and employee attendance improvement plan."
"Employee Attendance Below 85%",Procurement,E0027,"Meena Das",77.27,">= 85% Attendance",Medium,"Review absenteeism, leave pattern and employee attendance improvement plan."
"Employee Attendance Below 85%",Finance,E0026,"Priya Iyer",77.27,">= 85% Attendance",Medium,"Review absenteeism, leave pattern and employee attendance improvement plan."
"Employee Attendance Below 85%",Procurement,E0046,"Divya Nair",77.27,">= 85% Attendance",Medium,"Review absenteeism, leave pattern and employee attendance improvement plan."
"Employee Attendance Below 85%",HR,E0025,"Unmapped Employee",77.27,">= 85% Attendance",Medium,"Review absenteeism, leave pattern and employee attendance improvement plan."
"Employee Attendance Below 85%",Finance,E0076,"Divya Gupta",77.27,">= 85% Attendance",Medium,"Review absenteeism, leave pattern and employee attendance improvement plan."
"Employee Attendance Below 85%",Sales,E0077,"Sneha Singh",77.27,">= 85% Attendance",Medium,"Review absenteeism, leave pattern and employee attendance improvement plan."
"Employee Attendance Below 85%",Operations,E0069,"Kavya Kumar",77.27,">= 85% Attendance",Medium,"Review absenteeism, leave pattern and employee attendance improvement plan."
"Employee Attendance Below 85%",Marketing,E0090,"Vijay Patel",77.27,">= 85% Attendance",Medium,"Review absenteeism, leave pattern and employee attendance improvement plan."
"Employee Attendance Below 85%","Customer Support",E0088,"Kavya Iyer",77.27,">= 85% Attendance",Medium,"Review absenteeism, leave pattern and employee attendance improvement plan."
"Employee Attendance Below 85%",Marketing,E0086,"Asha Patel",75.76,">= 85% Attendance",Medium,"Review absenteeism, leave pattern and employee attendance improvement plan."
"Employee Attendance Below 85%",Warehouse,E0093,"Kavya Das",75.76,">= 85% Attendance",Medium,"Review absenteeism, leave pattern and employee attendance improvement plan."
"Employee Attendance Below 85%",Sales,E0095,"Priya Patel",75.76,">= 85% Attendance",Medium,"Review absenteeism, leave pattern and employee attendance improvement plan."
"Employee Attendance Below 85%",Operations,E0073,"Vijay Das",75.76,">= 85% Attendance",Medium,"Review absenteeism, leave pattern and employee attendance improvement plan."
"Employee Attendance Below 85%",Marketing,E0055,"Deepak Singh",75.76,">= 85% Attendance",Medium,"Review absenteeism, leave pattern and employee attendance improvement plan."
"Employee Attendance Below 85%",Marketing,E0056,"Vijay Rao",75.76,">= 85% Attendance",Medium,"Review absenteeism, leave pattern and employee attendance improvement plan."
"Employee Attendance Below 85%",Finance,E0047,"Pooja Kumar",75.76,">= 85% Attendance",Medium,"Review absenteeism, leave pattern and employee attendance improvement plan."
"Employee Attendance Below 85%",Marketing,E0044,"Divya Sharma",74.24,">= 85% Attendance",Medium,"Review absenteeism, leave pattern and employee attendance improvement plan."
"Employee Attendance Below 85%",Marketing,E0043,"Sanjay Reddy",74.24,">= 85% Attendance",Medium,"Review absenteeism, leave pattern and employee attendance improvement plan."
"Employee Attendance Below 85%","Customer Support",E0038,"Arun Das",74.24,">= 85% Attendance",Medium,"Review absenteeism, leave pattern and employee attendance improvement plan."
"Employee Attendance Below 85%",Sales,E0045,"Pooja Reddy",74.24,">= 85% Attendance",Medium,"Review absenteeism, leave pattern and employee attendance improvement plan."
"Employee Attendance Below 85%",Sales,E0024,"Meena Patel",74.24,">= 85% Attendance",Medium,"Review absenteeism, leave pattern and employee attendance improvement plan."
"Employee Attendance Below 85%","Customer Support",E0060,"Meena Das",74.24,">= 85% Attendance",Medium,"Review absenteeism, leave pattern and employee attendance improvement plan."
"Employee Attendance Below 85%",Sales,E0021,"Meena Gupta",74.24,">= 85% Attendance",Medium,"Review absenteeism, leave pattern and employee attendance improvement plan."
"Employee Attendance Below 85%","Customer Support",E0010,"Ajay Sharma",74.24,">= 85% Attendance",Medium,"Review absenteeism, leave pattern and employee attendance improvement plan."
"Employee Attendance Below 85%",Operations,E0066,"Ajay Nair",72.73,">= 85% Attendance",Medium,"Review absenteeism, leave pattern and employee attendance improvement plan."
"Employee Attendance Below 85%",Warehouse,E0052,"Anitha Nair",72.73,">= 85% Attendance",Medium,"Review absenteeism, leave pattern and employee attendance improvement plan."
"Employee Attendance Below 85%",Marketing,E0011,"Rohit Singh",72.73,">= 85% Attendance",Medium,"Review absenteeism, leave pattern and employee attendance improvement plan."
"Employee Attendance Below 85%",Marketing,E0059,"Priya Patel",72.73,">= 85% Attendance",Medium,"Review absenteeism, leave pattern and employee attendance improvement plan."
"Employee Attendance Below 85%","Customer Support",E0083,"Manoj Gupta",72.73,">= 85% Attendance",Medium,"Review absenteeism, leave pattern and employee attendance improvement plan."
"Employee Attendance Below 85%",Warehouse,E0100,"Surya Patel",72.73,">= 85% Attendance",Medium,"Review absenteeism, leave pattern and employee attendance improvement plan."
"Employee Attendance Below 85%",Operations,E0089,"Ajay Singh",72.73,">= 85% Attendance",Medium,"Review absenteeism, leave pattern and employee attendance improvement plan."
"Employee Attendance Below 85%",Finance,E0084,"Sneha Das",71.21,">= 85% Attendance",Medium,"Review absenteeism, leave pattern and employee attendance improvement plan."
"Employee Attendance Below 85%",Marketing,E0003,"Asha Patel",71.21,">= 85% Attendance",Medium,"Review absenteeism, leave pattern and employee attendance improvement plan."
"Employee Attendance Below 85%",Procurement,E0005,"Rahul Patel",69.70,">= 85% Attendance",Medium,"Review absenteeism, leave pattern and employee attendance improvement plan."
"Employee Attendance Below 85%","Customer Support",E0098,"Meena Reddy",69.70,">= 85% Attendance",Medium,"Review absenteeism, leave pattern and employee attendance improvement plan."
"Employee Attendance Below 85%",Finance,E0030,"Ajay Das",68.18,">= 85% Attendance",Medium,"Review absenteeism, leave pattern and employee attendance improvement plan."
"Employee Attendance Below 85%",Sales,E0101,"Rahul Sharma",63.64,">= 85% Attendance",Medium,"Review absenteeism, leave pattern and employee attendance improvement plan."
"Employee Attendance Below 85%","Customer Support",E0035,"Sneha Sharma",62.12,">= 85% Attendance",Medium,"Review absenteeism, leave pattern and employee attendance improvement plan."
